transaction_id,user_id,amount,average_amount,amount_deviation,transaction_frequency,time_since_last_transaction,time_of_day,location,location_change,device_id,device_new,account_age_days,failed_transactions,transaction_velocity,is_known_receiver,transaction_type,is_fraud
TXN100000,USR0145,4052.5,4287.0,0.945,12.7,87.5,16,Mumbai,0,DEV_IOS_18,1,1412,0,1.71,0,P2P,0
TXN100001,USR0118,1759.91,855.0,2.058,24.4,242.6,15,Kolkata,0,DEV_ANDROID_13,0,1524,0,0.72,1,ONLINE_SHOPPING,0
TXN100002,USR0128,1808.7,1765.0,1.025,28.8,319.8,11,Chennai,0,DEV_ANDROID_14,0,1748,0,1.52,1,P2P,0
TXN100003,USR0118,1080.98,855.0,1.264,24.8,175.4,7,Kolkata,0,DEV_ANDROID_13,0,1571,0,0.1,1,BILL_PAYMENT,0
TXN100004,USR0117,1619.39,891.0,1.817,6.3,84.3,7,Mumbai,0,DEV_ANDROID_13,0,802,0,0.7,1,P2M,0
TXN100005,USR0140,6754.81,3114.0,2.169,1.0,22.8,15,Delhi,0,DEV_ANDROID_13,0,182,0,1.76,1,P2P,0
TXN100006,USR0029,1535.51,1672.0,0.918,20.7,72.7,14,Kolkata,0,DEV_WEB_CHROME,1,1797,0,1.0,0,P2P,0
TXN100007,USR0070,11980.34,4705.0,2.546,9.9,65.7,9,Delhi,0,DEV_ANDROID_13,0,341,0,1.39,1,P2P,0
TXN100008,USR0143,18295.85,3747.0,4.883,26.0,10.7,13,Chennai,0,DEV_IOS_18,0,1685,0,1.31,1,BILL_PAYMENT,0
TXN100009,USR0052,2816.29,875.0,3.219,9.4,185.9,13,Mumbai,0,DEV_ANDROID_13,0,1093,0,0.73,1,BILL_PAYMENT,0
TXN100010,USR0058,4936.28,3029.0,1.63,14.6,67.2,7,Kolkata,0,DEV_ANDROID_14,0,887,0,1.0,0,ONLINE_SHOPPING,0
TXN100011,USR0063,481.12,946.0,0.509,7.5,77.5,12,Mumbai,1,DEV_ANDROID_13,0,470,0,1.02,1,P2P,0
TXN100012,USR0150,1354.26,1846.0,0.734,13.3,107.3,17,Bengaluru,0,DEV_IOS_18,0,341,2,2.04,1,P2P,0
TXN100013,USR0126,1776.01,2090.0,0.85,24.0,171.1,9,Kochi,1,DEV_IOS_18,0,718,0,0.1,1,P2P,0
TXN100014,USR0007,734.31,823.0,0.892,22.3,119.4,16,Bengaluru,0,DEV_ANDROID_14,0,1648,0,1.53,0,ONLINE_SHOPPING,0
TXN100015,USR0127,1505.11,2395.0,0.628,17.2,26.0,11,Chennai,0,DEV_ANDROID_14,0,362,0,1.23,1,P2P,0
TXN100016,USR0076,43933.58,3835.0,11.456,18.0,14.0,16,Kolkata,1,DEV_WEB_CHROME,1,499,1,7.3,0,P2M,1
TXN100017,USR0121,4474.04,3799.0,1.178,4.9,20.2,16,Ahmedabad,1,DEV_ANDROID_13,0,1521,0,0.7,1,INVESTMENT,0
TXN100018,USR0118,406.59,855.0,0.476,23.8,496.8,7,Kolkata,0,DEV_ANDROID_13,0,1511,0,1.51,0,P2P,0
TXN100019,USR0148,2726.2,1934.0,1.41,22.0,13.8,7,Chennai,0,DEV_ANDROID_13,0,1617,0,1.47,0,P2M,0
TXN100020,USR0084,2335.92,960.0,2.433,30.0,13.4,9,Ahmedabad,1,DEV_ANDROID_13,0,937,0,2.62,0,P2P,1
TXN100021,USR0114,968.56,1547.0,0.626,22.9,119.6,18,Delhi,0,DEV_ANDROID_14,0,1053,0,1.03,0,P2P,0
TXN100022,USR0102,2109.44,1540.0,1.37,6.9,36.1,23,Bengaluru,0,DEV_IOS_18,0,434,0,1.3,0,P2M,0
TXN100023,USR0052,1139.67,875.0,1.302,4.1,69.9,6,Mumbai,0,DEV_ANDROID_13,0,1060,0,1.19,1,P2P,0
TXN100024,USR0053,2209.98,1779.0,1.242,27.4,210.0,13,Chennai,0,DEV_ANDROID_14,0,1832,0,1.7,1,ONLINE_SHOPPING,0
TXN100025,USR0001,3164.16,3411.0,0.928,16.5,139.3,12,Mumbai,0,DEV_ANDROID_13,0,798,0,0.91,1,P2P,0
TXN100026,USR0102,1378.77,1540.0,0.895,9.6,19.1,7,Ahmedabad,1,DEV_IOS_18,0,462,0,0.65,1,P2P,0
TXN100027,USR0008,6745.52,4207.0,1.603,13.0,103.2,16,Mumbai,0,DEV_ANDROID_13,0,1132,0,1.62,0,P2P,0
TXN100028,USR0017,1550.75,1139.0,1.362,23.8,27.3,17,Kolkata,0,DEV_IOS_18,0,1164,0,0.65,1,P2P,0
TXN100029,USR0038,15954.0,2152.0,7.414,27.0,7.6,11,Hyderabad,1,DEV_UNKNOWN,1,617,3,10.43,0,P2P,1
TXN100030,USR0014,7359.44,2104.0,3.498,7.3,453.3,15,Delhi,0,DEV_ANDROID_13,0,841,0,1.76,1,P2P,0
TXN100031,USR0135,2906.94,3326.0,0.874,9.2,361.2,13,Kolkata,0,DEV_ANDROID_14,1,1171,0,1.47,1,P2P,0
TXN100032,USR0055,1758.45,1096.0,1.604,50.0,0.8,17,Chennai,1,DEV_ANDROID_13,1,800,1,11.52,0,ONLINE_SHOPPING,1
TXN100033,USR0124,1633.84,1625.0,1.005,5.8,21.3,9,Hyderabad,0,DEV_ANDROID_14,0,282,2,1.15,0,P2M,0
TXN100034,USR0059,4369.26,4787.0,0.913,15.4,258.2,15,Chennai,0,DEV_ANDROID_14,0,984,0,0.13,1,P2M,0
TXN100035,USR0024,713.07,1043.0,0.684,11.5,52.4,14,Hyderabad,0,DEV_ANDROID_14,0,230,0,0.45,1,P2M,0
TXN100036,USR0142,2417.59,3033.0,0.797,17.3,29.3,8,Ahmedabad,1,DEV_ANDROID_14,0,834,1,2.06,0,ONLINE_SHOPPING,0
TXN100037,USR0060,2449.88,2418.0,1.013,18.5,123.6,12,Hyderabad,0,DEV_ANDROID_13,0,67,0,0.52,0,ONLINE_SHOPPING,0
TXN100038,USR0032,6771.27,2962.0,2.286,20.5,69.2,7,Lucknow,1,DEV_ANDROID_14,0,1465,0,1.42,1,P2M,0
TXN100039,USR0058,2429.89,3029.0,0.802,22.5,39.4,10,Kolkata,0,DEV_ANDROID_14,0,880,0,0.1,0,P2P,0
TXN100040,USR0030,1080.32,1476.0,0.732,30.0,314.9,10,Kolkata,0,DEV_ANDROID_14,0,120,0,0.6,0,P2M,0
TXN100041,USR0102,1394.24,1540.0,0.905,9.2,251.0,16,Bengaluru,0,DEV_ANDROID_14,1,467,0,1.37,1,P2M,0
TXN100042,USR0148,1504.73,1934.0,0.778,24.0,47.2,9,Chennai,0,DEV_ANDROID_13,0,1634,0,1.49,1,P2P,0
TXN100043,USR0015,1911.39,2529.0,0.756,9.9,26.2,9,Lucknow,1,DEV_ANDROID_14,0,1233,0,0.83,1,ONLINE_SHOPPING,0
TXN100044,USR0087,7755.4,4199.0,1.847,14.6,367.4,10,Mumbai,0,DEV_ANDROID_14,1,846,0,1.1,1,P2M,0
TXN100045,USR0134,7364.2,4359.0,1.689,35.3,56.6,20,Chennai,0,DEV_IOS_18,0,271,0,1.72,0,P2P,0
TXN100046,USR0020,3015.54,3539.0,0.852,25.6,281.9,9,Ahmedabad,1,DEV_ANDROID_14,0,330,0,1.49,1,P2P,0
TXN100047,USR0140,3111.31,3114.0,0.999,1.2,253.8,17,Delhi,0,DEV_ANDROID_13,0,205,0,1.05,1,P2M,0
TXN100048,USR0066,632.41,572.0,1.106,4.0,157.2,19,Delhi,0,DEV_ANDROID_14,0,1055,0,1.47,0,P2P,0
TXN100049,USR0020,4703.17,3539.0,1.329,22.3,302.7,13,Bengaluru,1,DEV_ANDROID_14,0,301,0,1.72,0,P2P,0
TXN100050,USR0111,5943.48,4209.0,1.412,16.2,41.0,13,Hyderabad,1,DEV_IOS_18,0,1811,0,1.2,1,P2M,0
TXN100051,USR0063,4228.11,946.0,4.469,13.2,61.0,10,Hyderabad,0,DEV_ANDROID_13,0,451,0,1.04,1,P2P,0
TXN100052,USR0099,5099.91,3865.0,1.32,26.7,45.6,16,Jaipur,1,DEV_ANDROID_13,0,545,0,1.91,1,P2M,0
TXN100053,USR0082,1653.63,1061.0,1.559,33.4,124.8,13,Chandigarh,1,DEV_IOS_18,0,35,0,0.74,1,ONLINE_SHOPPING,0
TXN100054,USR0129,2475.76,4329.0,0.572,19.5,130.2,16,Chennai,0,DEV_ANDROID_13,0,1449,0,1.45,1,P2M,0
TXN100055,USR0139,7796.37,4684.0,1.664,32.7,415.7,9,Kolkata,0,DEV_ANDROID_13,0,198,0,1.08,1,P2P,0
TXN100056,USR0062,5337.1,2948.0,1.81,14.2,107.7,15,Kochi,1,DEV_ANDROID_13,1,238,0,1.27,1,P2P,0
TXN100057,USR0011,1585.27,2073.0,0.765,20.7,339.2,13,Chennai,0,DEV_ANDROID_14,0,947,0,1.78,1,P2M,0
TXN100058,USR0125,8341.85,1159.0,7.197,48.0,48.3,18,Chennai,1,DEV_UNKNOWN,1,1093,6,9.75,0,INVESTMENT,1
TXN100059,USR0063,563.25,946.0,0.595,14.2,19.0,19,Hyderabad,0,DEV_ANDROID_13,0,472,0,0.61,1,P2P,0
TXN100060,USR0049,4955.86,835.0,5.935,23.1,911.4,17,Mumbai,0,DEV_IOS_18,0,1128,0,0.79,1,P2P,0
TXN100061,USR0066,549.59,572.0,0.961,9.1,36.2,16,Delhi,0,DEV_ANDROID_14,0,1035,0,1.61,1,P2P,0
TXN100062,USR0111,6491.03,4209.0,1.542,19.2,120.8,9,Chennai,0,DEV_IOS_18,0,1764,0,0.1,1,P2P,0
TXN100063,USR0027,523.79,816.0,0.642,17.0,11.9,14,Hyderabad,0,DEV_IOS_18,0,1453,0,0.1,1,P2P,0
TXN100064,USR0099,4132.34,3865.0,1.069,25.2,318.3,11,Kolkata,0,DEV_ANDROID_13,0,543,0,1.19,1,ONLINE_SHOPPING,0
TXN100065,USR0114,3082.12,1547.0,1.992,19.7,21.7,13,Ahmedabad,1,DEV_ANDROID_14,0,1082,0,0.64,1,P2P,0
TXN100066,USR0063,903.4,946.0,0.955,14.0,8.5,18,Hyderabad,0,DEV_ANDROID_13,0,457,0,1.73,1,ONLINE_SHOPPING,0
TXN100067,USR0005,548.55,1239.0,0.443,33.4,192.7,15,Hyderabad,0,DEV_IOS_18,0,1467,0,1.67,1,P2P,0
TXN100068,USR0010,5816.15,4508.0,1.29,26.1,289.7,9,Hyderabad,1,DEV_IOS_18,0,1412,0,0.72,1,P2P,0
TXN100069,USR0075,1457.41,2287.0,0.637,9.7,324.5,12,Bengaluru,0,DEV_IOS_18,0,1595,0,1.1,1,P2M,0
TXN100070,USR0029,1206.34,1672.0,0.721,20.5,58.3,11,Kolkata,0,DEV_ANDROID_14,0,1844,0,1.26,1,P2M,0
TXN100071,USR0086,5520.32,4098.0,1.347,6.3,351.7,14,Delhi,0,DEV_ANDROID_13,0,1336,0,0.83,1,P2P,0
TXN100072,USR0114,9816.6,1547.0,6.346,19.4,5.0,18,Delhi,0,DEV_ANDROID_14,0,1095,0,1.19,1,P2M,0
TXN100073,USR0103,1636.85,4267.0,0.384,29.2,198.6,14,Hyderabad,1,DEV_WEB_CHROME,1,1711,0,0.1,0,P2M,0
TXN100074,USR0129,7539.4,4329.0,1.742,20.4,175.9,12,Chennai,0,DEV_ANDROID_13,0,1392,0,1.54,0,P2P,0
TXN100075,USR0085,2786.77,3924.0,0.71,23.0,7.0,15,Kolkata,0,DEV_ANDROID_13,0,823,0,0.25,1,P2P,0
TXN100076,USR0079,2358.98,2089.0,1.129,21.3,150.7,17,Chennai,0,DEV_ANDROID_14,0,1323,0,0.72,1,P2P,0
TXN100077,USR0031,5353.18,4621.0,1.158,14.2,487.8,16,Kolkata,0,DEV_IOS_18,1,820,0,2.35,1,P2M,0
TXN100078,USR0007,694.33,823.0,0.844,17.1,21.5,8,Chandigarh,1,DEV_ANDROID_14,0,1586,0,2.0,0,P2M,0
TXN100079,USR0082,515.22,1061.0,0.486,38.2,94.0,9,Hyderabad,0,DEV_IOS_18,0,100,0,1.94,1,P2M,0
TXN100080,USR0130,5021.91,2863.0,1.754,31.1,738.0,8,Delhi,0,DEV_IOS_18,0,1541,0,1.48,1,RECHARGE,0
TXN100081,USR0123,2124.69,4007.0,0.53,18.4,44.2,10,Kolkata,0,DEV_IOS_18,0,1241,0,1.35,1,P2M,0
TXN100082,USR0120,1967.9,3985.0,0.494,26.4,51.8,20,Chennai,0,DEV_IOS_18,0,1163,0,1.22,0,P2M,0
TXN100083,USR0064,2484.33,3744.0,0.664,29.7,15.5,12,Hyderabad,0,DEV_ANDROID_13,0,1384,0,0.68,1,P2M,0
TXN100084,USR0005,706.81,1239.0,0.57,31.5,527.1,13,Hyderabad,0,DEV_IOS_18,0,1433,0,1.37,0,P2M,0
TXN100085,USR0075,2876.85,2287.0,1.258,16.3,159.1,15,Bengaluru,0,DEV_IOS_18,0,1649,0,2.27,1,P2M,0
TXN100086,USR0140,4858.63,3114.0,1.56,6.4,33.1,13,Delhi,0,DEV_ANDROID_13,0,254,0,1.88,1,BILL_PAYMENT,0
TXN100087,USR0034,606.28,1168.0,0.519,16.2,119.2,9,Chennai,0,DEV_ANDROID_14,0,121,0,1.67,1,P2P,0
TXN100088,USR0119,1138.98,1503.0,0.758,35.1,46.5,9,Chennai,0,DEV_ANDROID_13,0,615,0,0.51,0,P2M,0
TXN100089,USR0066,663.66,572.0,1.16,9.5,224.3,13,Delhi,0,DEV_ANDROID_14,0,1057,0,1.24,1,P2P,0
TXN100090,USR0130,2075.44,2863.0,0.725,31.5,401.4,13,Delhi,0,DEV_IOS_18,0,1540,0,1.85,1,P2P,0
TXN100091,USR0088,5363.03,4666.0,1.149,1.1,163.3,14,Mumbai,0,DEV_IOS_18,0,751,0,0.64,0,ONLINE_SHOPPING,0
TXN100092,USR0025,6299.34,3410.0,1.847,13.5,19.8,20,Bengaluru,0,DEV_ANDROID_13,0,1548,0,0.77,0,P2P,0
TXN100093,USR0009,5125.44,3622.0,1.415,11.7,303.4,17,Mumbai,0,DEV_WEB_CHROME,1,196,0,0.82,0,P2P,0
TXN100094,USR0022,3132.15,3458.0,0.906,22.6,58.5,17,Chennai,0,DEV_ANDROID_13,0,1258,0,0.1,1,P2P,0
TXN100095,USR0065,3058.24,3227.0,0.948,27.1,166.6,16,Delhi,0,DEV_ANDROID_14,0,1807,0,0.35,1,P2M,0
TXN100096,USR0078,4701.66,4223.0,1.113,26.0,53.2,10,Mumbai,0,DEV_ANDROID_14,0,291,0,1.01,1,P2P,0
TXN100097,USR0148,2201.83,1934.0,1.138,37.2,239.2,11,Chennai,0,DEV_ANDROID_13,0,1615,0,0.13,1,P2P,0
TXN100098,USR0120,6763.33,3985.0,1.697,26.8,19.3,19,Chennai,0,DEV_IOS_18,0,1153,0,0.47,1,BILL_PAYMENT,0
TXN100099,USR0025,1540.89,3410.0,0.452,10.6,198.0,13,Bengaluru,0,DEV_ANDROID_13,0,1571,0,1.59,1,P2M,0
TXN100100,USR0020,2589.54,3539.0,0.732,18.5,267.3,19,Delhi,0,DEV_ANDROID_14,0,310,0,1.43,0,P2M,0
TXN100101,USR0076,3661.86,3835.0,0.955,17.0,10.2,13,Kochi,1,DEV_ANDROID_13,0,539,0,0.78,1,RECHARGE,0
TXN100102,USR0073,689.91,1427.0,0.483,27.4,6.4,14,Kolkata,0,DEV_ANDROID_13,0,285,0,0.88,1,P2P,0
TXN100103,USR0068,8888.6,1858.0,4.784,9.1,42.6,20,Chennai,0,DEV_ANDROID_13,0,1723,0,0.45,1,BILL_PAYMENT,0
TXN100104,USR0120,29143.58,3985.0,7.313,21.4,96.0,16,Chennai,0,DEV_IOS_18,0,1166,0,1.36,1,ONLINE_SHOPPING,0
TXN100105,USR0126,1986.23,2090.0,0.95,23.7,58.5,21,Jaipur,1,DEV_IOS_18,0,722,0,0.36,1,RECHARGE,0
TXN100106,USR0139,3691.3,4684.0,0.788,28.0,242.7,17,Kolkata,0,DEV_ANDROID_13,0,176,0,0.89,1,P2M,0
TXN100107,USR0012,931.06,1109.0,0.84,25.0,134.5,10,Mumbai,0,DEV_IOS_18,0,1223,0,1.39,1,P2P,0
TXN100108,USR0026,3037.53,3918.0,0.775,22.2,138.7,11,Hyderabad,0,DEV_ANDROID_14,0,1169,0,0.49,1,P2M,0
TXN100109,USR0104,408.34,706.0,0.578,17.4,114.7,10,Mumbai,0,DEV_ANDROID_13,0,1110,0,1.24,1,P2M,0
TXN100110,USR0012,1219.28,1109.0,1.099,23.6,91.1,14,Mumbai,0,DEV_IOS_18,0,1224,0,1.61,1,INVESTMENT,0
TXN100111,USR0093,1822.6,3844.0,0.474,15.9,115.5,6,Chennai,0,DEV_ANDROID_14,0,62,0,1.11,0,P2P,0
TXN100112,USR0068,1545.21,1858.0,0.832,14.4,116.6,16,Chennai,0,DEV_ANDROID_13,0,1728,0,0.1,1,P2P,0
TXN100113,USR0053,2398.9,1779.0,1.348,36.3,250.9,23,Chennai,0,DEV_ANDROID_14,0,1781,0,1.59,0,P2P,0
TXN100114,USR0141,1057.55,1171.0,0.903,10.3,282.9,17,Hyderabad,0,DEV_IOS_18,0,273,0,1.33,1,BILL_PAYMENT,0
TXN100115,USR0122,4106.5,2765.0,1.485,32.7,1188.7,18,Hyderabad,0,DEV_ANDROID_14,0,1553,0,1.6,1,P2M,0
TXN100116,USR0134,38633.62,4359.0,8.863,28.0,28.1,1,Mumbai,1,DEV_ANDROID_12,1,265,2,6.16,1,INVESTMENT,1
TXN100117,USR0121,8670.2,3799.0,2.282,34.0,5.9,16,Hyderabad,0,DEV_ANDROID_13,0,1522,2,5.4,0,P2P,1
TXN100118,USR0099,5367.62,3865.0,1.389,21.4,27.2,13,Kolkata,0,DEV_ANDROID_13,0,538,0,1.26,1,P2M,0
TXN100119,USR0090,6121.82,4795.0,1.277,18.0,250.5,8,Hyderabad,0,DEV_ANDROID_14,0,536,0,0.27,1,P2P,0
TXN100120,USR0092,4349.59,3316.0,1.312,31.5,411.7,6,Lucknow,1,DEV_ANDROID_13,1,208,1,0.73,1,P2P,0
TXN100121,USR0002,2733.7,3607.0,0.758,4.3,20.7,14,Kolkata,0,DEV_ANDROID_14,0,181,0,1.88,1,P2P,0
TXN100122,USR0128,2454.06,1765.0,1.39,33.6,49.1,10,Chennai,0,DEV_WEB_CHROME,1,1763,0,1.18,0,P2P,0
TXN100123,USR0089,580.08,1008.0,0.575,16.0,187.9,22,Kolkata,0,DEV_ANDROID_14,0,958,0,2.4,0,P2P,0
TXN100124,USR0077,3001.16,4759.0,0.631,11.1,317.4,13,Hyderabad,1,DEV_ANDROID_13,0,92,0,1.06,1,P2P,0
TXN100125,USR0098,4065.76,2841.0,1.431,29.7,215.6,13,Delhi,0,DEV_IOS_18,0,1125,0,0.1,1,P2P,0
TXN100126,USR0043,4085.69,4029.0,1.014,15.2,175.6,14,Delhi,0,DEV_ANDROID_13,0,1340,0,0.38,0,INVESTMENT,0
TXN100127,USR0069,3888.92,3260.0,1.193,21.5,98.7,17,Hyderabad,0,DEV_ANDROID_14,0,1637,0,1.35,1,RECHARGE,0
TXN100128,USR0029,2215.71,1672.0,1.325,17.6,19.7,13,Hyderabad,1,DEV_ANDROID_14,0,1768,0,1.18,1,P2M,0
TXN100129,USR0072,4772.01,4501.0,1.06,7.7,27.5,13,Kolkata,0,DEV_ANDROID_14,0,1335,0,0.91,0,P2P,0
TXN100130,USR0140,8941.64,3114.0,2.871,43.0,0.9,13,Bengaluru,1,DEV_ANDROID_12,1,234,4,7.74,0,ONLINE_SHOPPING,1
TXN100131,USR0061,239.24,445.0,0.538,35.1,24.3,18,Bengaluru,0,DEV_ANDROID_13,0,997,0,2.91,0,P2P,0
TXN100132,USR0045,2773.78,3638.0,0.762,10.4,116.9,16,Kolkata,1,DEV_IOS_18,0,1351,0,1.78,1,ONLINE_SHOPPING,0
TXN100133,USR0052,1644.01,875.0,1.879,37.0,0.3,18,Bengaluru,1,DEV_ANDROID_13,0,1098,2,7.14,0,P2P,1
TXN100134,USR0063,1136.28,946.0,1.201,10.8,630.0,7,Hyderabad,0,DEV_ANDROID_13,0,471,0,1.48,0,BILL_PAYMENT,0
TXN100135,USR0072,6407.12,4501.0,1.423,4.5,262.5,11,Kolkata,0,DEV_ANDROID_14,0,1406,0,1.66,0,BILL_PAYMENT,0
TXN100136,USR0121,4178.12,3799.0,1.1,8.1,19.2,12,Hyderabad,0,DEV_ANDROID_13,0,1520,0,1.24,1,ONLINE_SHOPPING,0
TXN100137,USR0138,2174.78,3130.0,0.695,19.5,223.6,10,Chennai,0,DEV_IOS_18,0,1429,0,1.84,1,INVESTMENT,0
TXN100138,USR0002,3079.26,3607.0,0.854,9.8,123.6,13,Kolkata,0,DEV_ANDROID_14,0,238,0,2.82,1,P2M,0
TXN100139,USR0040,799.54,942.0,0.849,15.8,80.7,13,Mumbai,0,DEV_IOS_18,0,1716,0,1.56,1,P2M,0
TXN100140,USR0051,827.2,1265.0,0.654,18.4,11.9,23,Delhi,0,DEV_IOS_18,0,1236,0,2.89,0,INVESTMENT,0
TXN100141,USR0052,764.62,875.0,0.874,8.7,21.0,10,Chandigarh,1,DEV_ANDROID_13,0,1075,0,2.47,1,P2P,0
TXN100142,USR0038,2037.22,2152.0,0.947,8.5,104.9,11,Bengaluru,0,DEV_ANDROID_14,0,606,0,1.22,1,P2P,0
TXN100143,USR0143,2598.49,3747.0,0.693,26.0,17.5,14,Chennai,0,DEV_IOS_18,0,1693,1,0.93,0,P2P,0
TXN100144,USR0040,1684.57,942.0,1.788,12.7,25.7,8,Mumbai,0,DEV_IOS_18,0,1768,0,0.31,1,P2M,0
TXN100145,USR0065,3585.82,3227.0,1.111,28.2,43.4,14,Delhi,0,DEV_ANDROID_14,0,1771,0,0.43,1,P2P,0
TXN100146,USR0114,1030.65,1547.0,0.666,25.7,85.4,11,Delhi,0,DEV_ANDROID_14,0,1076,0,0.83,1,P2P,0
TXN100147,USR0135,3201.87,3326.0,0.963,7.9,49.9,13,Kolkata,0,DEV_IOS_18,0,1110,0,1.85,0,RECHARGE,0
TXN100148,USR0124,2014.62,1625.0,1.24,7.5,222.2,11,Hyderabad,0,DEV_ANDROID_14,0,263,0,0.55,1,P2P,0
TXN100149,USR0044,1969.93,843.0,2.337,19.0,68.0,14,Delhi,0,DEV_ANDROID_14,0,1628,0,1.48,1,ONLINE_SHOPPING,0
TXN100150,USR0125,1417.02,1159.0,1.223,26.0,393.9,8,Bengaluru,0,DEV_IOS_18,0,1108,0,0.75,1,P2P,0
TXN100151,USR0134,3584.53,4359.0,0.822,32.9,314.8,12,Chennai,0,DEV_IOS_18,0,247,1,1.7,1,P2M,0
TXN100152,USR0015,2221.31,2529.0,0.878,12.0,79.9,12,Chennai,0,DEV_ANDROID_14,0,1295,0,1.21,1,P2P,0
TXN100153,USR0121,5957.14,3799.0,1.568,9.3,5.0,18,Hyderabad,0,DEV_ANDROID_13,0,1541,0,2.86,1,BILL_PAYMENT,0
TXN100154,USR0016,572.4,1443.0,0.397,23.6,48.8,6,Bengaluru,0,DEV_WEB_CHROME,1,1200,0,1.59,0,BILL_PAYMENT,0
TXN100155,USR0039,3416.09,3193.0,1.07,13.8,257.3,11,Chennai,0,DEV_WEB_CHROME,1,1745,1,1.49,1,P2P,0
TXN100156,USR0059,6827.19,4787.0,1.426,5.5,34.8,9,Chennai,0,DEV_ANDROID_14,0,992,0,1.5,1,P2M,0
TXN100157,USR0040,472.58,942.0,0.502,14.8,60.9,11,Mumbai,0,DEV_ANDROID_14,1,1772,0,0.1,1,P2P,0
TXN100158,USR0089,826.22,1008.0,0.82,20.0,560.3,12,Kolkata,0,DEV_ANDROID_14,0,964,0,0.78,1,P2M,0
TXN100159,USR0081,1596.76,1873.0,0.853,29.0,214.0,18,Kolkata,0,DEV_ANDROID_13,0,895,0,1.87,1,P2M,0
TXN100160,USR0091,1166.76,2696.0,0.433,12.4,43.6,13,Kolkata,0,DEV_ANDROID_13,0,1089,0,0.85,1,P2P,0
TXN100161,USR0051,1324.7,1265.0,1.047,15.0,169.6,17,Delhi,0,DEV_IOS_18,0,1254,0,1.8,0,ONLINE_SHOPPING,0
TXN100162,USR0016,2086.38,1443.0,1.446,19.1,504.0,13,Bengaluru,0,DEV_ANDROID_14,0,1246,0,0.96,0,ONLINE_SHOPPING,0
TXN100163,USR0079,1591.4,2089.0,0.762,17.8,761.2,8,Chennai,0,DEV_ANDROID_14,0,1288,0,0.78,1,P2P,0
TXN100164,USR0080,1058.88,1303.0,0.813,13.7,310.5,9,Pune,1,DEV_WEB_CHROME,1,590,0,1.66,1,INVESTMENT,0
TXN100165,USR0125,1107.85,1159.0,0.956,17.8,199.0,13,Bengaluru,0,DEV_IOS_18,0,1151,0,1.2,0,P2P,0
TXN100166,USR0088,12617.57,4666.0,2.704,7.9,65.1,15,Hyderabad,1,DEV_IOS_18,0,762,0,1.81,1,P2M,0
TXN100167,USR0093,5776.98,3844.0,1.503,17.4,330.2,12,Chennai,0,DEV_ANDROID_14,0,75,2,0.85,0,BILL_PAYMENT,0
TXN100168,USR0056,8920.27,4000.0,2.23,5.8,17.7,9,Chennai,1,DEV_IOS_18,0,199,0,0.98,1,P2P,0
TXN100169,USR0004,1055.93,989.0,1.068,32.2,1141.1,15,Chennai,0,DEV_IOS_18,0,823,0,1.58,0,P2P,0
TXN100170,USR0068,1492.27,1858.0,0.803,10.6,223.7,9,Chennai,0,DEV_ANDROID_13,0,1762,0,0.94,1,BILL_PAYMENT,0
TXN100171,USR0101,9209.04,4828.0,1.907,35.0,567.7,17,Hyderabad,1,DEV_IOS_18,0,501,0,0.64,1,P2M,0
TXN100172,USR0052,1167.0,875.0,1.334,14.4,65.0,13,Pune,1,DEV_ANDROID_13,0,1077,0,2.02,1,P2M,0
TXN100173,USR0095,3734.06,2387.0,1.564,26.6,57.8,18,Chennai,0,DEV_ANDROID_13,0,1198,0,1.48,0,BILL_PAYMENT,0
TXN100174,USR0114,653.85,1547.0,0.423,28.1,260.5,8,Delhi,0,DEV_ANDROID_14,0,1026,0,0.66,0,ONLINE_SHOPPING,0
TXN100175,USR0068,2691.71,1858.0,1.449,14.3,70.9,13,Chennai,0,DEV_ANDROID_13,0,1744,0,0.74,0,P2P,0
TXN100176,USR0011,1617.02,2073.0,0.78,19.3,107.0,11,Chennai,0,DEV_ANDROID_14,0,943,0,0.61,1,ONLINE_SHOPPING,0
TXN100177,USR0121,6540.93,3799.0,1.722,8.7,492.8,7,Hyderabad,0,DEV_ANDROID_13,0,1490,0,0.62,1,P2M,0
TXN100178,USR0149,3782.57,3318.0,1.14,10.1,27.3,21,Chennai,0,DEV_ANDROID_13,0,1457,0,1.19,0,P2P,0
TXN100179,USR0134,2769.05,4359.0,0.635,30.6,333.2,12,Chennai,0,DEV_IOS_18,0,276,0,1.04,1,P2P,0
TXN100180,USR0084,1194.25,960.0,1.244,14.6,17.1,9,Chennai,0,DEV_ANDROID_13,0,921,0,1.94,0,P2P,0
TXN100181,USR0084,435.51,960.0,0.454,12.8,372.0,7,Chennai,0,DEV_ANDROID_13,0,943,0,0.98,0,P2M,0
TXN100182,USR0118,580.11,855.0,0.678,29.4,207.2,8,Kolkata,0,DEV_ANDROID_13,0,1545,0,1.44,0,P2P,0
TXN100183,USR0102,9845.85,1540.0,6.393,16.6,16.7,12,Bengaluru,0,DEV_IOS_18,0,451,0,0.55,1,P2P,0
TXN100184,USR0120,3372.71,3985.0,0.846,18.4,74.2,20,Chennai,0,DEV_IOS_18,0,1172,0,2.24,1,P2M,0
TXN100185,USR0033,6898.21,2282.0,3.023,20.6,28.7,13,Kolkata,0,DEV_IOS_18,0,817,0,1.9,1,P2P,0
TXN100186,USR0053,2121.71,1779.0,1.193,34.2,322.0,7,Chennai,0,DEV_ANDROID_14,0,1762,0,1.4,1,P2P,0
TXN100187,USR0007,1227.9,823.0,1.492,23.7,20.9,10,Bengaluru,0,DEV_ANDROID_14,0,1651,0,1.78,1,P2M,0
TXN100188,USR0144,3419.91,2663.0,1.284,13.8,17.1,17,Chennai,0,DEV_IOS_18,0,1147,0,1.84,1,BILL_PAYMENT,0
TXN100189,USR0098,2320.75,2841.0,0.817,29.4,574.9,11,Delhi,0,DEV_IOS_18,0,1139,0,1.54,1,P2P,0
TXN100190,USR0079,3096.0,2089.0,1.482,17.2,571.9,14,Bengaluru,1,DEV_ANDROID_14,0,1292,0,0.82,1,P2P,0
TXN100191,USR0006,18368.94,4184.0,4.39,28.0,35.2,4,Delhi,1,DEV_UNKNOWN,1,820,4,7.84,0,P2P,1
TXN100192,USR0034,1172.83,1168.0,1.004,11.8,170.1,9,Mumbai,1,DEV_ANDROID_14,0,82,1,1.79,1,P2M,0
TXN100193,USR0085,4353.21,3924.0,1.109,24.6,526.8,23,Kolkata,0,DEV_ANDROID_13,0,781,0,0.8,1,P2P,0
TXN100194,USR0078,3938.25,4223.0,0.933,30.8,290.0,10,Mumbai,0,DEV_ANDROID_14,0,323,2,1.28,1,P2P,0
TXN100195,USR0026,13713.0,3918.0,3.5,24.0,361.8,16,Hyderabad,0,DEV_ANDROID_14,0,1180,0,0.1,1,P2P,0
TXN100196,USR0138,19307.77,3130.0,6.169,16.0,20.0,23,Chennai,0,DEV_WEB_CHROME,1,1414,2,8.29,0,P2P,1
TXN100197,USR0098,3028.0,2841.0,1.066,24.7,88.6,19,Delhi,0,DEV_IOS_18,0,1152,0,0.8,1,P2M,0
TXN100198,USR0017,885.1,1139.0,0.777,33.0,182.8,14,Kolkata,0,DEV_IOS_18,0,1144,0,1.21,0,P2M,0
TXN100199,USR0103,1560.72,4267.0,0.366,32.2,42.6,11,Kolkata,0,DEV_ANDROID_13,0,1763,0,0.77,1,P2M,0
TXN100200,USR0091,3865.51,2696.0,1.434,9.1,52.4,14,Kolkata,0,DEV_ANDROID_13,0,1129,1,1.83,1,P2P,0
TXN100201,USR0043,14363.18,4029.0,3.565,54.0,0.5,18,Pune,1,DEV_ANDROID_14,1,1373,4,7.99,0,P2P,1
TXN100202,USR0115,2873.76,1698.0,1.692,1.0,401.1,8,Kolkata,0,DEV_IOS_18,0,57,0,0.59,1,P2P,0
TXN100203,USR0105,1268.25,1284.0,0.988,26.6,209.3,17,Bengaluru,0,DEV_ANDROID_14,0,605,1,2.42,1,P2P,0
TXN100204,USR0041,2824.42,2677.0,1.055,22.9,57.1,13,Bengaluru,0,DEV_ANDROID_13,0,865,0,2.58,0,P2P,0
TXN100205,USR0124,1328.86,1625.0,0.818,11.7,125.3,9,Hyderabad,0,DEV_ANDROID_14,0,308,0,1.16,1,P2M,0
TXN100206,USR0138,4525.75,3130.0,1.446,16.4,713.3,6,Mumbai,1,DEV_IOS_18,0,1427,0,0.1,1,P2P,0
TXN100207,USR0123,3315.22,4007.0,0.827,17.3,54.3,16,Kolkata,0,DEV_IOS_18,0,1243,0,0.1,0,P2M,0
TXN100208,USR0034,16864.37,1168.0,14.439,48.0,10.4,14,Bengaluru,1,DEV_ANDROID_14,0,122,1,8.07,0,P2P,1
TXN100209,USR0102,1917.17,1540.0,1.245,12.6,249.5,11,Bengaluru,0,DEV_IOS_18,0,474,0,0.67,1,P2P,0
TXN100210,USR0050,3449.25,2312.0,1.492,26.4,160.5,13,Mumbai,0,DEV_ANDROID_13,0,162,0,0.52,1,ONLINE_SHOPPING,0
TXN100211,USR0041,28604.44,2677.0,10.685,26.0,35.4,12,Bengaluru,0,DEV_ANDROID_12,1,862,1,5.32,0,INVESTMENT,1
TXN100212,USR0150,910.31,1846.0,0.493,9.6,5.0,16,Bengaluru,0,DEV_IOS_18,0,293,0,1.83,1,P2P,0
TXN100213,USR0010,51256.85,4508.0,11.37,14.0,8.1,11,Kolkata,0,DEV_IOS_18,0,1390,2,7.1,0,P2M,1
TXN100214,USR0035,2370.89,3949.0,0.6,24.2,300.5,22,Mumbai,0,DEV_ANDROID_14,0,1250,0,1.67,1,P2P,0
TXN100215,USR0006,2337.75,4184.0,0.559,22.0,430.1,9,Hyderabad,0,DEV_IOS_18,0,834,0,1.65,1,P2P,0
TXN100216,USR0037,2920.94,2687.0,1.087,26.4,301.7,14,Kolkata,0,DEV_ANDROID_14,0,931,0,0.76,1,ONLINE_SHOPPING,0
TXN100217,USR0128,3323.86,1765.0,1.883,52.0,1.5,1,Kochi,1,DEV_ANDROID_14,0,1722,1,12.22,0,ONLINE_SHOPPING,1
TXN100218,USR0022,14740.24,3458.0,4.263,19.8,103.3,11,Chennai,0,DEV_ANDROID_13,0,1326,0,1.36,1,P2P,0
TXN100219,USR0113,8878.41,2668.0,3.328,11.9,90.2,13,Hyderabad,0,DEV_ANDROID_14,0,1606,0,1.61,1,ONLINE_SHOPPING,0
TXN100220,USR0098,1664.26,2841.0,0.586,20.8,40.2,14,Delhi,0,DEV_IOS_18,0,1157,0,1.72,1,P2M,0
TXN100221,USR0085,2848.2,3924.0,0.726,20.7,304.6,14,Kolkata,0,DEV_ANDROID_13,0,801,0,0.38,1,P2P,0
TXN100222,USR0006,6737.01,4184.0,1.61,25.1,167.0,14,Hyderabad,0,DEV_IOS_18,0,872,0,1.02,1,P2P,0
TXN100223,USR0115,6720.12,1698.0,3.958,11.0,28.0,1,Delhi,1,DEV_UNKNOWN,1,72,2,2.5,0,P2P,1
TXN100224,USR0064,6448.66,3744.0,1.722,26.5,155.6,13,Hyderabad,0,DEV_IOS_18,1,1380,0,1.35,0,P2P,0
TXN100225,USR0067,2407.51,1825.0,1.319,27.3,10.7,8,Hyderabad,0,DEV_IOS_18,0,844,0,1.53,1,P2P,0
TXN100226,USR0073,972.25,1427.0,0.681,26.3,345.3,11,Kolkata,0,DEV_ANDROID_13,0,220,0,1.72,1,BILL_PAYMENT,0
TXN100227,USR0134,3689.81,4359.0,0.846,32.4,42.8,7,Chennai,0,DEV_IOS_18,0,283,0,0.54,1,P2P,0
TXN100228,USR0112,4348.16,4425.0,0.983,26.7,659.6,15,Hyderabad,0,DEV_ANDROID_13,0,1581,0,0.1,1,P2P,0
TXN100229,USR0031,10127.36,4621.0,2.192,8.2,40.7,15,Kolkata,0,DEV_ANDROID_14,0,817,0,1.84,1,P2M,0
TXN100230,USR0050,2966.53,2312.0,1.283,28.5,203.0,7,Mumbai,0,DEV_ANDROID_13,0,134,0,1.53,1,INVESTMENT,0
TXN100231,USR0005,1540.94,1239.0,1.244,31.4,650.4,10,Hyderabad,0,DEV_IOS_18,0,1415,0,1.28,1,RECHARGE,0
TXN100232,USR0098,4024.53,2841.0,1.417,28.0,13.5,8,Delhi,0,DEV_IOS_18,0,1084,0,1.55,0,BILL_PAYMENT,0
TXN100233,USR0062,1261.9,2948.0,0.428,10.2,35.7,15,Mumbai,0,DEV_ANDROID_14,0,243,0,0.22,0,P2P,0
TXN100234,USR0010,4060.43,4508.0,0.901,26.5,65.3,12,Kolkata,0,DEV_IOS_18,0,1455,0,1.7,1,P2M,0
TXN100235,USR0136,622.36,788.0,0.79,16.8,284.0,11,Chennai,0,DEV_IOS_18,0,1744,0,1.49,1,ONLINE_SHOPPING,0
TXN100236,USR0023,2634.45,2955.0,0.892,20.2,5.0,17,Delhi,0,DEV_ANDROID_13,0,930,0,1.03,0,ONLINE_SHOPPING,0
TXN100237,USR0005,916.95,1239.0,0.74,30.2,207.6,6,Hyderabad,0,DEV_IOS_18,0,1394,0,0.56,0,P2M,0
TXN100238,USR0076,2553.39,3835.0,0.666,19.7,192.3,12,Mumbai,0,DEV_ANDROID_14,1,509,0,0.29,1,P2M,0
TXN100239,USR0140,3888.22,3114.0,1.249,6.5,404.5,13,Delhi,0,DEV_ANDROID_13,0,193,0,0.99,1,BILL_PAYMENT,0
TXN100240,USR0113,4637.18,2668.0,1.738,11.3,156.8,6,Hyderabad,0,DEV_ANDROID_14,0,1610,0,1.43,1,INVESTMENT,0
TXN100241,USR0059,4106.21,4787.0,0.858,13.0,241.4,16,Chennai,0,DEV_ANDROID_14,0,1022,0,2.36,1,P2P,0
TXN100242,USR0107,962.46,1116.0,0.862,15.5,10.7,17,Hyderabad,0,DEV_ANDROID_14,0,1095,0,2.36,0,P2P,0
TXN100243,USR0076,3461.41,3835.0,0.903,17.7,51.3,14,Ahmedabad,1,DEV_ANDROID_13,0,530,0,2.44,1,ONLINE_SHOPPING,0
TXN100244,USR0069,2844.21,3260.0,0.872,19.2,61.9,11,Hyderabad,0,DEV_ANDROID_14,0,1681,0,1.88,1,ONLINE_SHOPPING,0
TXN100245,USR0134,6460.44,4359.0,1.482,27.8,26.1,13,Chennai,0,DEV_IOS_18,0,257,0,0.63,1,P2P,0
TXN100246,USR0022,5620.29,3458.0,1.625,14.8,407.7,16,Chennai,0,DEV_ANDROID_13,0,1323,0,1.3,1,BILL_PAYMENT,0
TXN100247,USR0059,6023.83,4787.0,1.258,12.9,137.3,8,Chennai,0,DEV_ANDROID_13,1,997,0,1.47,1,P2M,0
TXN100248,USR0131,4847.03,1330.0,3.644,23.6,222.0,10,Bengaluru,0,DEV_IOS_18,0,1066,0,1.13,1,P2M,0
TXN100249,USR0034,640.32,1168.0,0.548,16.2,105.2,15,Chennai,0,DEV_ANDROID_14,0,85,0,1.11,1,P2M,0
TXN100250,USR0055,778.24,1096.0,0.71,36.2,286.4,12,Delhi,0,DEV_ANDROID_14,0,761,0,1.05,1,P2P,0
TXN100251,USR0029,10703.22,1672.0,6.401,12.8,303.7,12,Kolkata,0,DEV_ANDROID_14,0,1776,0,1.49,1,P2P,0
TXN100252,USR0123,3926.66,4007.0,0.98,11.3,301.1,7,Kolkata,0,DEV_ANDROID_14,1,1293,0,1.59,1,P2P,0
TXN100253,USR0146,506.6,803.0,0.631,25.3,780.8,11,Mumbai,0,DEV_ANDROID_13,0,1204,0,1.47,1,P2M,0
TXN100254,USR0001,6393.28,3411.0,1.874,12.2,22.3,8,Mumbai,0,DEV_ANDROID_13,0,789,0,2.08,1,BILL_PAYMENT,0
TXN100255,USR0093,11960.61,3844.0,3.112,14.5,191.4,12,Kolkata,1,DEV_ANDROID_14,0,100,0,1.41,1,P2M,0
TXN100256,USR0123,3893.47,4007.0,0.972,18.5,176.1,23,Kolkata,0,DEV_IOS_18,0,1259,0,1.91,1,P2M,0
TXN100257,USR0085,7159.8,3924.0,1.825,21.0,107.4,17,Ahmedabad,1,DEV_ANDROID_13,0,789,0,0.31,1,P2P,0
TXN100258,USR0038,2415.51,2152.0,1.122,18.7,414.6,13,Bengaluru,0,DEV_ANDROID_14,0,601,0,0.66,1,ONLINE_SHOPPING,0
TXN100259,USR0147,4299.59,4639.0,0.927,29.7,160.0,13,Chennai,0,DEV_IOS_18,0,439,0,1.52,1,RECHARGE,0
TXN100260,USR0047,1159.13,489.0,2.37,31.0,2.1,19,Mumbai,1,DEV_ANDROID_13,0,920,4,11.13,0,P2P,1
TXN100261,USR0099,2239.47,3865.0,0.579,16.2,25.0,17,Kolkata,0,DEV_ANDROID_13,0,598,0,0.41,0,ONLINE_SHOPPING,0
TXN100262,USR0063,544.68,946.0,0.576,12.2,26.5,9,Hyderabad,0,DEV_ANDROID_13,0,459,0,1.09,1,P2M,0
TXN100263,USR0082,993.05,1061.0,0.936,34.6,14.2,6,Hyderabad,0,DEV_IOS_18,0,85,0,1.37,1,ONLINE_SHOPPING,0
TXN100264,USR0039,5960.22,3193.0,1.867,17.5,74.0,8,Chennai,0,DEV_IOS_18,0,1771,0,2.91,0,P2M,0
TXN100265,USR0017,7400.55,1139.0,6.497,47.0,23.0,17,Hyderabad,1,DEV_UNKNOWN,1,1167,4,8.37,0,INVESTMENT,1
TXN100266,USR0093,1815.7,3844.0,0.472,16.4,5.0,11,Chennai,0,DEV_ANDROID_14,0,59,0,1.65,1,P2M,0
TXN100267,USR0011,1169.6,2073.0,0.564,21.1,35.9,16,Chennai,0,DEV_ANDROID_14,0,939,0,1.16,1,P2P,0
TXN100268,USR0057,2861.32,3487.0,0.821,15.8,22.0,13,Delhi,0,DEV_IOS_18,0,854,0,1.48,1,P2M,0
TXN100269,USR0101,8870.13,4828.0,1.837,29.3,357.0,8,Ahmedabad,1,DEV_IOS_18,0,532,0,2.13,0,P2M,0
TXN100270,USR0062,21936.11,2948.0,7.441,13.2,41.2,18,Kolkata,1,DEV_ANDROID_14,0,272,0,1.38,0,P2M,0
TXN100271,USR0112,5305.74,4425.0,1.199,26.5,130.1,9,Hyderabad,0,DEV_ANDROID_13,0,1540,0,0.76,0,P2M,0
TXN100272,USR0104,1229.06,706.0,1.741,19.8,75.6,12,Mumbai,0,DEV_ANDROID_13,0,1127,0,1.34,1,ONLINE_SHOPPING,0
TXN100273,USR0027,1553.72,816.0,1.904,16.2,226.9,14,Hyderabad,0,DEV_IOS_18,0,1443,0,1.15,1,P2M,0
TXN100274,USR0011,7111.93,2073.0,3.431,17.8,146.6,8,Chennai,0,DEV_ANDROID_14,0,912,0,1.25,1,P2P,0
TXN100275,USR0131,769.96,1330.0,0.579,30.5,276.1,20,Bengaluru,0,DEV_IOS_18,0,1058,1,2.2,1,P2P,0
TXN100276,USR0080,755.26,1303.0,0.58,8.4,126.1,8,Kolkata,0,DEV_ANDROID_14,0,569,0,1.38,1,P2P,0
TXN100277,USR0087,15230.98,4199.0,3.627,3.1,184.5,13,Mumbai,0,DEV_ANDROID_13,0,783,0,0.1,1,P2P,0
TXN100278,USR0021,3080.38,4102.0,0.751,1.0,64.2,12,Chennai,0,DEV_ANDROID_14,0,1457,0,2.67,1,P2P,0
TXN100279,USR0097,4616.54,1552.0,2.975,25.7,18.9,14,Delhi,0,DEV_ANDROID_13,0,886,0,1.33,1,ONLINE_SHOPPING,0
TXN100280,USR0083,1693.51,1684.0,1.006,4.3,197.1,13,Delhi,0,DEV_ANDROID_14,0,44,0,1.65,0,INVESTMENT,0
TXN100281,USR0066,706.64,572.0,1.235,9.7,213.8,13,Delhi,0,DEV_ANDROID_14,0,1044,0,1.62,0,P2P,0
TXN100282,USR0007,808.28,823.0,0.982,24.5,156.9,19,Bengaluru,0,DEV_ANDROID_14,0,1646,0,0.1,0,P2M,0
TXN100283,USR0027,1491.49,816.0,1.828,18.8,127.6,11,Delhi,1,DEV_IOS_18,0,1459,0,0.58,1,BILL_PAYMENT,0
TXN100284,USR0060,2762.64,2418.0,1.143,12.1,37.3,12,Hyderabad,0,DEV_ANDROID_13,0,100,0,0.99,1,P2P,0
TXN100285,USR0043,6903.31,4029.0,1.713,20.1,132.3,11,Delhi,0,DEV_IOS_18,1,1388,0,0.79,1,BILL_PAYMENT,0
TXN100286,USR0087,6282.04,4199.0,1.496,9.6,373.0,14,Mumbai,0,DEV_ANDROID_13,0,843,0,0.7,1,ONLINE_SHOPPING,0
TXN100287,USR0102,1663.15,1540.0,1.08,13.7,701.3,13,Bengaluru,0,DEV_IOS_18,0,435,0,1.42,1,ONLINE_SHOPPING,0
TXN100288,USR0145,5704.22,4287.0,1.331,5.5,812.1,18,Mumbai,0,DEV_ANDROID_13,0,1426,0,1.3,1,P2M,0
TXN100289,USR0023,2760.67,2955.0,0.934,16.0,85.3,13,Delhi,0,DEV_ANDROID_13,0,908,0,1.09,1,P2M,0
TXN100290,USR0065,12638.31,3227.0,3.916,43.0,1.1,18,Kolkata,1,DEV_ANDROID_14,0,1770,3,9.22,0,ONLINE_SHOPPING,1
TXN100291,USR0108,3622.5,931.0,3.891,41.0,16.4,21,Jaipur,1,DEV_UNKNOWN,1,93,5,5.96,0,INVESTMENT,1
TXN100292,USR0079,770.9,2089.0,0.369,19.1,164.8,6,Chennai,0,DEV_ANDROID_14,0,1352,1,0.1,1,BILL_PAYMENT,0
TXN100293,USR0020,3665.19,3539.0,1.036,22.5,93.7,19,Delhi,0,DEV_ANDROID_14,0,301,0,1.65,1,P2P,0
TXN100294,USR0026,1770.93,3918.0,0.452,22.6,70.6,14,Hyderabad,0,DEV_ANDROID_14,0,1138,0,0.73,1,P2P,0
TXN100295,USR0011,4014.61,2073.0,1.937,16.2,54.7,16,Chennai,0,DEV_ANDROID_14,0,955,0,0.83,1,P2P,0
TXN100296,USR0084,1334.91,960.0,1.391,11.9,9.5,21,Chennai,0,DEV_ANDROID_13,0,951,0,1.07,0,P2M,0
TXN100297,USR0134,2714.18,4359.0,0.623,31.5,10.1,7,Chennai,0,DEV_IOS_18,0,257,0,3.27,1,BILL_PAYMENT,0
TXN100298,USR0148,4744.96,1934.0,2.453,24.1,123.1,10,Chennai,0,DEV_ANDROID_13,0,1666,0,0.79,1,P2M,0
TXN100299,USR0003,11563.73,3784.0,3.056,23.0,22.3,8,Kochi,1,DEV_UNKNOWN,1,1346,0,5.77,0,P2P,1
TXN100300,USR0043,6496.1,4029.0,1.612,14.3,191.5,17,Delhi,0,DEV_ANDROID_13,0,1388,0,0.89,1,P2P,0
TXN100301,USR0141,1213.5,1171.0,1.036,8.7,198.4,12,Hyderabad,0,DEV_IOS_18,0,306,0,0.76,0,P2M,0
TXN100302,USR0030,23370.18,1476.0,15.833,49.0,27.3,1,Kolkata,0,DEV_UNKNOWN,1,119,3,7.63,0,INVESTMENT,1
TXN100303,USR0038,1916.7,2152.0,0.891,13.1,223.0,9,Bengaluru,0,DEV_ANDROID_14,0,600,0,1.53,1,BILL_PAYMENT,0
TXN100304,USR0043,4994.58,4029.0,1.24,13.8,106.9,18,Delhi,0,DEV_ANDROID_13,0,1314,0,0.79,1,P2P,0
TXN100305,USR0003,6384.61,3784.0,1.687,27.7,174.5,20,Hyderabad,0,DEV_ANDROID_13,0,1338,0,1.34,1,BILL_PAYMENT,0
TXN100306,USR0135,2270.35,3326.0,0.683,4.8,31.9,16,Kochi,1,DEV_IOS_18,0,1120,0,2.08,1,P2P,0
TXN100307,USR0115,2640.41,1698.0,1.555,9.9,135.1,13,Kolkata,0,DEV_IOS_18,0,61,0,0.92,1,P2M,0
TXN100308,USR0134,7339.93,4359.0,1.684,33.4,54.1,13,Chennai,0,DEV_IOS_18,0,278,0,0.97,1,P2M,0
TXN100309,USR0022,1103.01,3458.0,0.319,16.6,159.4,19,Chennai,0,DEV_ANDROID_13,0,1320,0,1.12,1,P2M,0
TXN100310,USR0049,863.58,835.0,1.034,22.4,258.2,9,Mumbai,0,DEV_IOS_18,0,1125,0,1.86,1,ONLINE_SHOPPING,0
TXN100311,USR0054,5113.56,1995.0,2.563,24.3,126.4,7,Hyderabad,0,DEV_IOS_18,0,1093,0,1.35,1,P2M,0
TXN100312,USR0057,12204.5,3487.0,3.5,17.5,6.3,14,Delhi,0,DEV_IOS_18,0,813,0,1.83,0,BILL_PAYMENT,0
TXN100313,USR0046,6095.64,3064.0,1.989,21.1,12.3,10,Delhi,0,DEV_ANDROID_13,0,330,0,1.05,1,P2M,0
TXN100314,USR0056,4700.18,4000.0,1.175,2.0,139.7,18,Chennai,1,DEV_IOS_18,0,210,0,1.25,1,P2P,0
TXN100315,USR0106,867.34,1061.0,0.817,24.3,118.4,21,Delhi,0,DEV_ANDROID_13,0,1705,0,1.78,0,P2P,0
TXN100316,USR0003,13498.81,3784.0,3.567,39.0,20.9,14,Hyderabad,0,DEV_ANDROID_13,0,1330,1,4.34,0,P2P,1
TXN100317,USR0133,1345.96,561.0,2.399,10.0,27.7,11,Delhi,0,DEV_ANDROID_13,0,1117,0,1.57,0,P2P,0
TXN100318,USR0001,2251.47,3411.0,0.66,13.6,302.3,18,Mumbai,0,DEV_ANDROID_13,0,797,0,1.17,1,P2P,0
TXN100319,USR0130,2252.2,2863.0,0.787,35.6,38.7,13,Delhi,0,DEV_IOS_18,0,1526,0,0.75,0,P2P,0
TXN100320,USR0111,7755.54,4209.0,1.843,16.5,549.5,16,Chennai,0,DEV_IOS_18,0,1758,0,1.3,1,P2M,0
TXN100321,USR0129,5492.09,4329.0,1.269,21.9,29.4,18,Chennai,0,DEV_ANDROID_13,0,1411,0,0.36,1,P2P,0
TXN100322,USR0106,1110.49,1061.0,1.047,29.3,156.2,8,Delhi,0,DEV_ANDROID_13,0,1718,0,1.05,1,P2P,0
TXN100323,USR0056,3545.88,4000.0,0.886,3.8,194.5,17,Bengaluru,0,DEV_IOS_18,0,212,0,1.79,1,ONLINE_SHOPPING,0
TXN100324,USR0124,1858.14,1625.0,1.143,6.9,30.4,17,Hyderabad,0,DEV_ANDROID_14,0,270,0,0.89,0,P2M,0
TXN100325,USR0082,1176.37,1061.0,1.109,31.9,185.0,18,Hyderabad,0,DEV_IOS_18,0,95,0,2.26,1,P2P,0
TXN100326,USR0138,2523.62,3130.0,0.806,13.4,152.1,22,Chennai,0,DEV_IOS_18,0,1421,0,1.68,0,ONLINE_SHOPPING,0
TXN100327,USR0065,4237.78,3227.0,1.313,35.3,184.0,11,Delhi,0,DEV_ANDROID_14,0,1760,0,1.69,1,ONLINE_SHOPPING,0
TXN100328,USR0076,2384.19,3835.0,0.622,15.2,35.7,10,Mumbai,0,DEV_ANDROID_13,0,482,0,1.31,1,P2P,0
TXN100329,USR0010,2296.42,4508.0,0.509,27.4,55.6,6,Kolkata,0,DEV_IOS_18,0,1442,2,1.83,1,P2M,0
TXN100330,USR0031,1374.8,4621.0,0.298,14.3,26.0,18,Delhi,1,DEV_ANDROID_14,0,845,0,2.27,1,P2M,0
TXN100331,USR0017,1521.99,1139.0,1.336,18.2,230.0,11,Kolkata,0,DEV_IOS_18,0,1132,0,1.31,1,ONLINE_SHOPPING,0
TXN100332,USR0062,11356.27,2948.0,3.852,23.0,7.9,12,Jaipur,1,DEV_ANDROID_14,0,259,0,5.93,0,P2P,1
TXN100333,USR0117,718.84,891.0,0.807,5.0,70.7,18,Mumbai,0,DEV_ANDROID_13,0,783,0,1.48,0,P2M,0
TXN100334,USR0115,2487.51,1698.0,1.465,8.6,225.0,8,Kolkata,0,DEV_IOS_18,0,49,0,1.72,0,P2M,0
TXN100335,USR0010,4598.44,4508.0,1.02,29.5,87.8,9,Kolkata,0,DEV_IOS_18,0,1402,0,0.52,0,P2P,0
TXN100336,USR0009,2826.84,3622.0,0.78,14.9,37.8,11,Mumbai,0,DEV_IOS_18,1,178,0,1.24,1,P2P,0
TXN100337,USR0112,3231.86,4425.0,0.73,29.1,27.2,13,Hyderabad,0,DEV_ANDROID_13,0,1552,0,0.48,1,ONLINE_SHOPPING,0
TXN100338,USR0117,676.04,891.0,0.759,3.3,940.4,20,Mumbai,0,DEV_ANDROID_13,0,741,0,1.3,1,P2M,0
TXN100339,USR0082,1132.79,1061.0,1.068,27.3,30.0,6,Hyderabad,0,DEV_IOS_18,0,93,0,0.98,1,P2P,0
TXN100340,USR0033,3263.86,2282.0,1.43,19.0,96.6,18,Kolkata,0,DEV_IOS_18,0,801,0,1.29,1,INVESTMENT,0
TXN100341,USR0150,1127.6,1846.0,0.611,11.5,82.3,18,Bengaluru,0,DEV_IOS_18,0,328,0,0.43,1,P2P,0
TXN100342,USR0048,2689.7,2387.0,1.127,17.8,241.5,15,Chennai,0,DEV_ANDROID_13,1,1178,0,1.2,1,P2M,0
TXN100343,USR0054,2584.55,1995.0,1.296,21.0,86.8,12,Hyderabad,0,DEV_IOS_18,0,1112,0,1.87,1,P2M,0
TXN100344,USR0092,3773.79,3316.0,1.138,30.9,721.4,6,Hyderabad,0,DEV_ANDROID_14,0,256,0,1.88,1,P2P,0
TXN100345,USR0089,883.97,1008.0,0.877,22.1,16.8,10,Kolkata,0,DEV_ANDROID_14,0,920,0,1.69,1,P2P,0
TXN100346,USR0083,1547.39,1684.0,0.919,11.0,406.5,17,Delhi,0,DEV_ANDROID_14,0,63,0,1.35,1,P2P,0
TXN100347,USR0079,3068.41,2089.0,1.469,27.6,137.2,10,Chennai,0,DEV_ANDROID_14,0,1339,0,1.92,1,ONLINE_SHOPPING,0
TXN100348,USR0020,3872.29,3539.0,1.094,26.5,143.2,23,Delhi,0,DEV_ANDROID_14,0,324,0,0.69,1,P2M,0
TXN100349,USR0094,2142.45,3141.0,0.682,16.9,266.2,9,Kolkata,0,DEV_ANDROID_14,0,1732,0,1.55,1,P2P,0
TXN100350,USR0033,1535.31,2282.0,0.673,17.1,376.5,17,Kolkata,0,DEV_IOS_18,0,786,0,1.53,0,P2M,0
TXN100351,USR0029,1273.71,1672.0,0.762,16.9,102.3,11,Kolkata,0,DEV_ANDROID_14,0,1794,0,1.3,1,P2M,0
TXN100352,USR0148,1564.62,1934.0,0.809,26.1,233.0,14,Kochi,1,DEV_ANDROID_13,0,1650,0,1.97,1,BILL_PAYMENT,0
TXN100353,USR0080,630.12,1303.0,0.484,13.7,53.4,18,Kolkata,0,DEV_ANDROID_14,0,608,0,0.6,1,P2P,0
TXN100354,USR0036,1515.4,1141.0,1.328,25.8,34.0,15,Bengaluru,0,DEV_ANDROID_13,0,923,0,1.06,1,P2P,0
TXN100355,USR0002,1758.91,3607.0,0.488,7.9,248.1,11,Kolkata,0,DEV_ANDROID_14,0,237,0,1.0,1,P2P,0
TXN100356,USR0122,1612.02,2765.0,0.583,30.2,6.7,10,Hyderabad,0,DEV_ANDROID_14,0,1554,0,0.88,0,P2P,0
TXN100357,USR0129,4792.55,4329.0,1.107,15.1,324.1,16,Chennai,0,DEV_ANDROID_13,0,1448,0,0.7,1,P2M,0
TXN100358,USR0007,673.44,823.0,0.818,25.3,141.8,17,Bengaluru,0,DEV_ANDROID_14,0,1643,0,1.67,1,P2P,0
TXN100359,USR0074,9935.0,1853.0,5.362,6.0,32.1,15,Hyderabad,0,DEV_IOS_18,0,1384,0,1.78,1,P2P,0
TXN100360,USR0002,5977.65,3607.0,1.657,7.8,119.6,17,Kolkata,0,DEV_IOS_18,1,220,0,2.24,0,P2P,0
TXN100361,USR0009,4962.35,3622.0,1.37,14.4,39.1,9,Mumbai,0,DEV_ANDROID_13,0,173,0,2.33,1,P2P,0
TXN100362,USR0037,1849.67,2687.0,0.688,27.1,25.6,13,Ahmedabad,1,DEV_ANDROID_14,0,927,0,0.66,1,P2P,0
TXN100363,USR0034,1236.05,1168.0,1.058,10.1,18.8,12,Mumbai,1,DEV_ANDROID_14,0,78,0,1.79,0,P2M,0
TXN100364,USR0003,6282.86,3784.0,1.66,22.0,546.2,14,Hyderabad,0,DEV_ANDROID_13,0,1334,0,1.45,1,P2M,0
TXN100365,USR0103,4142.45,4267.0,0.971,29.2,126.7,20,Kolkata,0,DEV_ANDROID_14,1,1773,0,0.66,1,P2M,0
TXN100366,USR0091,13419.79,2696.0,4.978,1.0,102.6,10,Pune,1,DEV_ANDROID_14,1,1086,0,2.2,1,P2P,0
TXN100367,USR0045,5413.9,3638.0,1.488,1.8,222.0,11,Bengaluru,1,DEV_IOS_18,0,1355,0,1.13,1,P2M,0
TXN100368,USR0022,6074.56,3458.0,1.757,13.2,235.3,6,Chennai,0,DEV_ANDROID_13,0,1265,0,0.53,1,P2P,0
TXN100369,USR0092,6149.27,3316.0,1.854,31.5,411.0,9,Hyderabad,0,DEV_ANDROID_14,0,248,0,1.29,1,P2P,0
TXN100370,USR0091,2262.24,2696.0,0.839,4.2,11.5,12,Kolkata,0,DEV_ANDROID_13,0,1066,0,1.02,0,P2M,0
TXN100371,USR0112,3568.32,4425.0,0.806,28.2,410.0,18,Jaipur,1,DEV_ANDROID_13,0,1564,0,1.71,1,P2M,0
TXN100372,USR0067,9607.83,1825.0,5.265,17.0,12.5,8,Kochi,1,DEV_ANDROID_12,1,853,3,8.97,0,P2M,1
TXN100373,USR0087,18130.49,4199.0,4.318,13.6,25.2,9,Mumbai,0,DEV_ANDROID_13,0,812,0,1.83,1,P2P,0
TXN100374,USR0054,1774.66,1995.0,0.89,28.8,191.3,12,Hyderabad,0,DEV_IOS_18,0,1070,0,1.55,1,P2P,0
TXN100375,USR0146,423.34,803.0,0.527,23.8,8.2,15,Mumbai,0,DEV_ANDROID_13,0,1197,0,1.36,1,BILL_PAYMENT,0
TXN100376,USR0067,1431.6,1825.0,0.784,28.4,67.6,12,Hyderabad,0,DEV_IOS_18,0,884,0,0.1,1,P2P,0
TXN100377,USR0134,3095.55,4359.0,0.71,36.7,52.7,18,Chennai,0,DEV_IOS_18,0,312,0,1.6,1,P2M,0
TXN100378,USR0115,1657.8,1698.0,0.976,1.0,157.0,10,Kolkata,0,DEV_IOS_18,0,98,0,0.54,1,ONLINE_SHOPPING,0
TXN100379,USR0060,1572.27,2418.0,0.65,10.7,58.2,10,Hyderabad,0,DEV_ANDROID_13,0,101,0,0.8,1,P2M,0
TXN100380,USR0006,4638.1,4184.0,1.109,21.4,117.7,12,Hyderabad,0,DEV_IOS_18,0,873,0,1.51,0,P2P,0
TXN100381,USR0115,10914.85,1698.0,6.428,24.0,60.0,4,Hyderabad,1,DEV_UNKNOWN,1,48,3,7.07,0,P2P,1
TXN100382,USR0116,1449.88,2809.0,0.516,29.1,63.8,10,Bengaluru,0,DEV_ANDROID_13,0,224,0,0.94,1,P2P,0
TXN100383,USR0105,1683.17,1284.0,1.311,30.4,347.2,8,Bengaluru,0,DEV_ANDROID_14,0,577,0,1.23,1,P2M,0
TXN100384,USR0117,698.29,891.0,0.784,3.4,32.6,12,Mumbai,0,DEV_ANDROID_13,0,797,0,1.09,0,P2M,0
TXN100385,USR0059,5099.52,4787.0,1.065,13.7,47.0,23,Chennai,0,DEV_ANDROID_14,0,1036,0,2.06,1,BILL_PAYMENT,0
TXN100386,USR0031,2643.17,4621.0,0.572,14.9,39.6,10,Kolkata,0,DEV_ANDROID_14,0,795,0,0.61,1,RECHARGE,0
TXN100387,USR0001,5051.22,3411.0,1.481,18.4,178.4,11,Mumbai,0,DEV_ANDROID_13,0,813,0,0.92,1,P2M,0
TXN100388,USR0076,5771.24,3835.0,1.505,22.2,49.8,10,Mumbai,0,DEV_ANDROID_13,0,502,0,1.49,0,P2P,0
TXN100389,USR0007,589.81,823.0,0.717,25.2,648.2,6,Delhi,1,DEV_ANDROID_13,1,1609,0,2.11,1,P2M,0
TXN100390,USR0048,1534.08,2387.0,0.643,18.7,293.3,10,Lucknow,1,DEV_IOS_18,0,1154,0,0.1,1,BILL_PAYMENT,0
TXN100391,USR0024,1053.23,1043.0,1.01,13.4,485.6,14,Hyderabad,0,DEV_ANDROID_14,0,244,0,1.44,1,P2P,0
TXN100392,USR0053,2658.12,1779.0,1.494,24.9,77.6,7,Chennai,0,DEV_ANDROID_14,0,1812,0,1.15,1,INVESTMENT,0
TXN100393,USR0103,3309.34,4267.0,0.776,32.0,5.0,13,Kolkata,0,DEV_ANDROID_14,1,1769,0,0.1,0,ONLINE_SHOPPING,0
TXN100394,USR0117,2117.47,891.0,2.377,6.0,222.7,11,Mumbai,0,DEV_ANDROID_13,0,795,0,2.27,1,P2P,0
TXN100395,USR0083,2521.83,1684.0,1.498,11.5,41.0,15,Delhi,0,DEV_ANDROID_14,0,61,0,1.94,1,P2M,0
TXN100396,USR0014,1197.82,2104.0,0.569,1.3,130.7,9,Delhi,0,DEV_ANDROID_13,0,878,0,0.7,1,ONLINE_SHOPPING,0
TXN100397,USR0140,5285.5,3114.0,1.697,6.0,62.6,11,Delhi,0,DEV_ANDROID_13,0,202,0,1.34,1,P2P,0
TXN100398,USR0112,6277.79,4425.0,1.419,31.4,77.5,14,Hyderabad,0,DEV_ANDROID_13,0,1516,0,1.04,1,P2P,0
TXN100399,USR0093,5304.24,3844.0,1.38,11.7,207.5,11,Chennai,0,DEV_ANDROID_14,0,35,0,1.39,0,P2P,0
TXN100400,USR0093,3714.43,3844.0,0.966,16.8,225.8,9,Chennai,0,DEV_ANDROID_14,0,73,0,1.9,1,ONLINE_SHOPPING,0
TXN100401,USR0109,1184.63,1296.0,0.914,14.5,21.3,16,Chennai,0,DEV_ANDROID_14,0,1540,0,1.57,0,P2M,0
TXN100402,USR0086,2642.28,4098.0,0.645,4.0,105.2,12,Delhi,0,DEV_ANDROID_13,0,1321,0,0.91,1,P2M,0
TXN100403,USR0002,4800.93,3607.0,1.331,16.0,190.1,7,Kolkata,0,DEV_ANDROID_14,0,181,0,1.68,0,P2M,0
TXN100404,USR0009,3230.06,3622.0,0.892,12.9,131.3,15,Mumbai,0,DEV_ANDROID_13,0,208,0,1.55,1,P2P,0
TXN100405,USR0011,8546.35,2073.0,4.123,43.0,19.4,10,Jaipur,1,DEV_UNKNOWN,1,968,3,4.34,0,P2P,1
TXN100406,USR0085,3945.89,3924.0,1.006,20.6,56.0,15,Kolkata,0,DEV_ANDROID_13,0,761,0,1.24,1,P2M,0
TXN100407,USR0059,3330.67,4787.0,0.696,13.2,136.5,17,Chennai,0,DEV_ANDROID_14,0,989,0,1.18,1,P2M,0
TXN100408,USR0055,651.88,1096.0,0.595,34.3,760.8,15,Delhi,0,DEV_ANDROID_14,0,825,0,1.56,1,BILL_PAYMENT,0
TXN100409,USR0039,3716.69,3193.0,1.164,14.4,12.7,14,Chennai,0,DEV_IOS_18,0,1738,0,1.3,1,P2P,0
TXN100410,USR0056,4814.49,4000.0,1.204,10.7,14.7,9,Pune,1,DEV_IOS_18,0,175,0,0.47,0,P2M,0
TXN100411,USR0014,2782.58,2104.0,1.323,10.6,645.7,15,Delhi,0,DEV_ANDROID_13,0,874,0,1.43,0,RECHARGE,0
TXN100412,USR0020,2745.34,3539.0,0.776,25.4,116.2,8,Kochi,1,DEV_ANDROID_14,0,264,0,1.48,1,ONLINE_SHOPPING,0
TXN100413,USR0121,8126.73,3799.0,2.139,8.2,170.4,15,Hyderabad,0,DEV_ANDROID_13,0,1482,0,1.26,0,P2M,0
TXN100414,USR0077,9142.4,4759.0,1.921,13.7,315.4,21,Mumbai,0,DEV_ANDROID_13,0,71,0,2.72,1,P2M,0
TXN100415,USR0065,21381.3,3227.0,6.626,19.0,151.0,1,Delhi,0,DEV_ANDROID_12,1,1755,2,3.97,0,P2P,1
TXN100416,USR0126,3187.59,2090.0,1.525,22.0,121.6,18,Delhi,0,DEV_IOS_18,0,707,0,0.95,1,P2P,0
TXN100417,USR0058,1531.93,3029.0,0.506,19.1,86.3,10,Kolkata,0,DEV_ANDROID_14,0,927,0,1.1,1,BILL_PAYMENT,0
TXN100418,USR0016,1610.64,1443.0,1.116,20.3,308.7,12,Bengaluru,0,DEV_ANDROID_14,0,1245,0,0.81,1,BILL_PAYMENT,0
TXN100419,USR0056,3450.88,4000.0,0.863,4.1,138.8,15,Bengaluru,0,DEV_IOS_18,0,161,0,2.34,1,P2M,0
TXN100420,USR0046,5678.58,3064.0,1.853,26.0,143.0,9,Delhi,0,DEV_ANDROID_13,0,389,0,1.6,1,P2M,0
TXN100421,USR0094,2770.9,3141.0,0.882,13.5,87.8,13,Kolkata,0,DEV_ANDROID_14,0,1704,0,1.46,0,INVESTMENT,0
TXN100422,USR0132,10526.49,3311.0,3.179,8.7,18.0,18,Hyderabad,0,DEV_ANDROID_13,0,537,0,1.29,1,P2P,0
TXN100423,USR0071,7221.1,1774.0,4.071,57.0,1.5,15,Kochi,1,DEV_ANDROID_12,1,1773,2,11.58,1,P2P,1
TXN100424,USR0030,1809.14,1476.0,1.226,31.0,14.5,9,Kolkata,0,DEV_ANDROID_14,0,161,0,1.59,1,BILL_PAYMENT,0
TXN100425,USR0096,2011.17,482.0,4.173,24.8,327.0,9,Chennai,0,DEV_ANDROID_13,0,259,0,0.69,1,BILL_PAYMENT,0
TXN100426,USR0144,2036.81,2663.0,0.765,11.6,328.8,17,Chennai,0,DEV_IOS_18,0,1094,0,1.29,1,P2P,0
TXN100427,USR0018,2117.9,1836.0,1.154,22.6,111.6,11,Chennai,0,DEV_ANDROID_14,0,1544,0,0.49,1,P2P,0
TXN100428,USR0021,2956.14,4102.0,0.721,1.5,5.8,17,Chennai,0,DEV_ANDROID_14,0,1431,2,1.44,1,P2P,0
TXN100429,USR0113,2159.39,2668.0,0.809,6.6,21.5,17,Hyderabad,0,DEV_ANDROID_14,0,1601,0,1.11,1,P2M,0
TXN100430,USR0083,2506.03,1684.0,1.488,9.2,99.7,13,Delhi,0,DEV_ANDROID_14,0,83,0,0.97,1,P2P,0
TXN100431,USR0056,6176.17,4000.0,1.544,6.7,154.8,10,Bengaluru,0,DEV_IOS_18,0,162,0,0.71,1,RECHARGE,0
TXN100432,USR0024,548.86,1043.0,0.526,14.6,181.1,9,Hyderabad,0,DEV_ANDROID_14,0,226,0,1.78,1,P2P,0
TXN100433,USR0146,1075.14,803.0,1.339,23.6,58.5,15,Chennai,1,DEV_WEB_CHROME,1,1206,0,1.92,0,P2M,0
TXN100434,USR0086,3117.75,4098.0,0.761,5.6,270.7,13,Delhi,0,DEV_ANDROID_13,0,1281,0,2.67,1,P2M,0
TXN100435,USR0018,12444.15,1836.0,6.778,45.0,44.1,10,Chandigarh,1,DEV_ANDROID_14,0,1526,3,4.3,0,P2P,1
TXN100436,USR0126,3129.59,2090.0,1.497,24.2,73.6,9,Delhi,0,DEV_IOS_18,0,666,0,1.22,0,P2P,0
TXN100437,USR0131,1361.12,1330.0,1.023,35.0,53.5,17,Bengaluru,0,DEV_IOS_18,0,1047,0,1.06,1,P2M,0
TXN100438,USR0023,3238.18,2955.0,1.096,17.0,131.9,7,Delhi,0,DEV_ANDROID_13,0,947,0,1.05,1,ONLINE_SHOPPING,0
TXN100439,USR0047,466.79,489.0,0.955,26.1,34.1,19,Bengaluru,0,DEV_ANDROID_13,0,920,0,1.19,1,P2P,0
TXN100440,USR0017,6352.4,1139.0,5.577,22.6,681.1,8,Kolkata,0,DEV_IOS_18,0,1192,0,1.71,1,P2P,0
TXN100441,USR0008,1864.66,4207.0,0.443,7.9,157.7,14,Mumbai,0,DEV_ANDROID_13,0,1177,0,1.94,1,INVESTMENT,0
TXN100442,USR0036,1976.87,1141.0,1.733,32.6,214.5,8,Bengaluru,0,DEV_ANDROID_13,0,974,0,1.08,1,ONLINE_SHOPPING,0
TXN100443,USR0070,34242.71,4705.0,7.278,24.0,8.6,8,Bengaluru,1,DEV_UNKNOWN,1,301,4,5.71,0,P2P,1
TXN100444,USR0146,1037.01,803.0,1.291,22.2,221.3,15,Mumbai,0,DEV_ANDROID_13,0,1174,0,1.35,1,P2M,0
TXN100445,USR0104,773.59,706.0,1.096,8.5,176.1,15,Mumbai,0,DEV_ANDROID_13,0,1077,0,1.53,1,P2P,0
TXN100446,USR0141,1607.88,1171.0,1.373,13.7,201.5,7,Hyderabad,0,DEV_ANDROID_14,1,260,0,1.1,1,P2M,0
TXN100447,USR0104,386.92,706.0,0.548,20.2,39.0,12,Mumbai,0,DEV_ANDROID_13,0,1120,2,2.17,1,P2M,0
TXN100448,USR0070,6009.48,4705.0,1.277,5.3,28.7,10,Delhi,0,DEV_ANDROID_13,0,302,0,1.67,1,P2P,0
TXN100449,USR0006,24207.65,4184.0,5.786,33.0,13.2,11,Lucknow,1,DEV_UNKNOWN,1,836,7,10.93,0,P2P,1
TXN100450,USR0076,3011.92,3835.0,0.785,16.5,5.0,15,Mumbai,0,DEV_ANDROID_13,0,507,0,1.5,1,P2P,0
TXN100451,USR0075,1482.52,2287.0,0.648,6.9,11.3,13,Bengaluru,0,DEV_IOS_18,0,1631,0,2.43,1,P2M,0
TXN100452,USR0081,2204.49,1873.0,1.177,40.3,92.3,10,Kolkata,0,DEV_ANDROID_13,0,930,0,0.79,1,P2P,0
TXN100453,USR0066,903.97,572.0,1.58,6.5,160.8,20,Mumbai,1,DEV_ANDROID_14,0,1026,0,0.86,1,ONLINE_SHOPPING,0
TXN100454,USR0088,8394.33,4666.0,1.799,12.1,283.9,10,Kolkata,1,DEV_IOS_18,0,786,0,0.41,0,P2P,0
TXN100455,USR0021,6274.04,4102.0,1.53,9.5,9.6,7,Chennai,0,DEV_ANDROID_14,0,1433,0,1.07,1,P2P,0
TXN100456,USR0005,1227.63,1239.0,0.991,33.2,153.6,21,Hyderabad,0,DEV_IOS_18,0,1429,0,2.38,1,BILL_PAYMENT,0
TXN100457,USR0013,825.32,2086.0,0.396,29.9,159.7,10,Kolkata,0,DEV_ANDROID_13,0,762,0,1.08,0,P2P,0
TXN100458,USR0121,5926.83,3799.0,1.56,10.9,80.6,9,Hyderabad,0,DEV_ANDROID_13,0,1474,0,1.6,1,P2P,0
TXN100459,USR0107,969.19,1116.0,0.868,10.3,41.8,18,Hyderabad,0,DEV_ANDROID_14,0,1090,0,1.22,1,BILL_PAYMENT,0
TXN100460,USR0130,2411.74,2863.0,0.842,32.2,54.0,16,Delhi,0,DEV_IOS_18,0,1580,0,1.1,0,P2M,0
TXN100461,USR0076,3123.93,3835.0,0.815,13.4,265.1,16,Mumbai,0,DEV_ANDROID_13,0,513,0,1.28,1,P2P,0
TXN100462,USR0021,1969.3,4102.0,0.48,4.6,431.8,12,Chennai,0,DEV_ANDROID_14,0,1471,0,0.82,0,P2M,0
TXN100463,USR0127,2386.0,2395.0,0.996,16.1,478.9,11,Chennai,0,DEV_ANDROID_14,0,355,0,1.66,0,P2P,0
TXN100464,USR0022,3267.04,3458.0,0.945,18.2,218.7,15,Chennai,0,DEV_ANDROID_13,0,1268,0,1.1,1,BILL_PAYMENT,0
TXN100465,USR0132,17749.79,3311.0,5.361,7.8,756.9,10,Hyderabad,0,DEV_ANDROID_14,1,532,0,1.04,1,INVESTMENT,0
TXN100466,USR0032,1757.22,2962.0,0.593,18.9,249.5,18,Hyderabad,0,DEV_ANDROID_14,0,1438,0,0.81,1,P2P,0
TXN100467,USR0081,1709.75,1873.0,0.913,33.6,938.0,13,Kolkata,0,DEV_IOS_18,1,911,0,1.65,0,P2M,0
TXN100468,USR0113,3530.46,2668.0,1.323,10.3,264.4,10,Hyderabad,0,DEV_ANDROID_14,0,1622,0,0.69,1,P2M,0
TXN100469,USR0066,246.38,572.0,0.431,6.5,25.1,16,Delhi,0,DEV_ANDROID_14,0,1013,0,1.06,1,ONLINE_SHOPPING,0
TXN100470,USR0054,902.87,1995.0,0.453,24.0,61.5,12,Hyderabad,0,DEV_ANDROID_13,1,1074,0,1.53,1,P2P,0
TXN100471,USR0086,6360.66,4098.0,1.552,14.0,292.8,21,Lucknow,1,DEV_ANDROID_13,0,1331,0,1.13,1,BILL_PAYMENT,0
TXN100472,USR0088,23278.19,4666.0,4.989,11.4,172.3,13,Mumbai,0,DEV_IOS_18,0,725,0,1.22,0,P2P,0
TXN100473,USR0135,17350.03,3326.0,5.216,13.0,238.0,3,Kolkata,0,DEV_UNKNOWN,1,1185,0,2.82,0,P2P,1
TXN100474,USR0113,5373.81,2668.0,2.014,13.8,5.0,11,Kolkata,1,DEV_ANDROID_14,0,1584,0,2.31,1,P2M,0
TXN100475,USR0035,2513.2,3949.0,0.636,26.4,11.3,7,Mumbai,0,DEV_ANDROID_14,0,1249,0,0.8,0,P2P,0
TXN100476,USR0024,874.97,1043.0,0.839,17.2,25.7,7,Hyderabad,0,DEV_ANDROID_14,0,285,0,0.3,1,P2P,0
TXN100477,USR0021,4083.55,4102.0,0.996,7.5,15.6,10,Chennai,0,DEV_ANDROID_14,0,1450,0,1.85,1,P2M,0
TXN100478,USR0094,2582.63,3141.0,0.822,10.3,359.2,15,Kolkata,0,DEV_ANDROID_14,0,1710,0,0.6,0,BILL_PAYMENT,0
TXN100479,USR0143,8773.92,3747.0,2.342,32.2,42.2,10,Chennai,0,DEV_WEB_CHROME,1,1686,0,1.78,0,RECHARGE,0
TXN100480,USR0130,1905.73,2863.0,0.666,36.2,160.7,12,Delhi,0,DEV_IOS_18,0,1572,0,1.86,0,P2P,0
TXN100481,USR0053,27312.1,1779.0,15.353,23.0,7.4,9,Bengaluru,1,DEV_UNKNOWN,1,1804,5,8.61,0,INVESTMENT,1
TXN100482,USR0003,3747.21,3784.0,0.99,30.4,311.8,12,Hyderabad,0,DEV_WEB_CHROME,1,1300,0,1.03,1,ONLINE_SHOPPING,0
TXN100483,USR0097,4986.04,1552.0,3.213,21.9,5.0,16,Delhi,0,DEV_ANDROID_13,0,880,0,0.68,1,P2P,0
TXN100484,USR0087,47762.78,4199.0,11.375,31.0,30.8,4,Chennai,1,DEV_ANDROID_13,0,778,3,6.63,0,P2P,1
TXN100485,USR0090,2929.88,4795.0,0.611,21.6,30.5,18,Hyderabad,0,DEV_ANDROID_14,0,579,0,2.54,1,BILL_PAYMENT,0
TXN100486,USR0144,4127.35,2663.0,1.55,9.6,572.8,15,Chennai,0,DEV_IOS_18,0,1071,0,1.45,0,P2M,0
TXN100487,USR0056,4820.05,4000.0,1.205,6.7,157.1,18,Bengaluru,0,DEV_IOS_18,0,159,0,1.86,1,P2P,0
TXN100488,USR0124,1416.09,1625.0,0.871,2.0,24.2,10,Hyderabad,0,DEV_IOS_18,1,315,0,1.06,1,P2M,0
TXN100489,USR0065,2655.14,3227.0,0.823,32.0,355.3,15,Delhi,0,DEV_ANDROID_14,0,1748,0,0.55,1,P2P,0
TXN100490,USR0059,4304.17,4787.0,0.899,12.4,275.3,7,Chennai,0,DEV_ANDROID_14,0,1007,0,1.96,0,P2P,0
TXN100491,USR0092,13064.31,3316.0,3.94,11.0,9.7,16,Hyderabad,0,DEV_UNKNOWN,1,275,0,2.53,0,P2P,1
TXN100492,USR0144,3319.4,2663.0,1.246,10.7,26.7,13,Chennai,0,DEV_IOS_18,0,1078,0,1.71,1,BILL_PAYMENT,0
TXN100493,USR0044,1200.88,843.0,1.425,22.4,77.0,14,Kochi,1,DEV_ANDROID_14,0,1677,0,1.73,1,P2P,0
TXN100494,USR0102,1442.29,1540.0,0.937,12.8,170.4,12,Bengaluru,0,DEV_IOS_18,0,435,0,1.24,1,P2P,0
TXN100495,USR0088,3577.82,4666.0,0.767,4.5,158.3,16,Mumbai,0,DEV_IOS_18,0,759,0,1.13,1,BILL_PAYMENT,0
TXN100496,USR0099,3289.83,3865.0,0.851,23.7,902.6,15,Kolkata,0,DEV_ANDROID_13,0,601,0,1.65,1,BILL_PAYMENT,0
TXN100497,USR0029,1280.31,1672.0,0.766,19.9,84.4,13,Kolkata,0,DEV_ANDROID_14,0,1827,0,0.92,0,P2M,0
TXN100498,USR0026,3555.79,3918.0,0.908,21.7,112.2,18,Hyderabad,0,DEV_ANDROID_14,0,1170,0,0.77,1,P2P,0
TXN100499,USR0006,3872.05,4184.0,0.925,20.5,77.8,16,Mumbai,1,DEV_IOS_18,0,814,0,0.96,1,INVESTMENT,0
TXN100500,USR0053,1486.64,1779.0,0.836,38.4,279.6,9,Chennai,0,DEV_ANDROID_14,0,1840,0,1.05,0,P2P,0
TXN100501,USR0014,1847.14,2104.0,0.878,2.4,99.3,7,Delhi,0,DEV_ANDROID_13,0,866,0,2.17,1,P2M,0
TXN100502,USR0142,5956.45,3033.0,1.964,15.0,358.9,8,Hyderabad,0,DEV_ANDROID_14,0,836,0,0.94,1,P2M,0
TXN100503,USR0067,1402.49,1825.0,0.768,35.4,212.3,10,Hyderabad,0,DEV_IOS_18,0,874,0,0.16,1,P2M,0
TXN100504,USR0108,1262.09,931.0,1.356,18.3,194.0,16,Mumbai,0,DEV_ANDROID_13,1,102,0,2.09,0,ONLINE_SHOPPING,0
TXN100505,USR0056,5384.89,4000.0,1.346,8.1,144.0,16,Bengaluru,0,DEV_IOS_18,0,229,0,1.16,0,P2P,0
TXN100506,USR0053,2647.87,1779.0,1.488,38.6,381.6,16,Chennai,0,DEV_ANDROID_14,0,1764,0,1.17,1,P2M,0
TXN100507,USR0147,4119.36,4639.0,0.888,33.4,101.1,16,Chennai,0,DEV_IOS_18,0,418,0,1.89,1,P2M,0
TXN100508,USR0083,762.02,1684.0,0.453,9.2,303.0,19,Delhi,0,DEV_ANDROID_14,0,43,0,0.77,1,P2P,0
TXN100509,USR0072,2225.12,4501.0,0.494,9.3,6.4,10,Ahmedabad,1,DEV_ANDROID_14,0,1376,0,0.93,1,INVESTMENT,0
TXN100510,USR0007,668.52,823.0,0.812,20.8,5.0,15,Bengaluru,0,DEV_ANDROID_14,0,1658,0,1.28,0,P2M,0
TXN100511,USR0117,1007.51,891.0,1.131,5.2,801.5,18,Mumbai,0,DEV_ANDROID_13,0,788,0,1.32,1,BILL_PAYMENT,0
TXN100512,USR0018,7169.33,1836.0,3.905,30.0,5.3,12,Kochi,1,DEV_UNKNOWN,1,1487,7,5.7,0,INVESTMENT,1
TXN100513,USR0124,5071.97,1625.0,3.121,4.9,161.0,14,Pune,1,DEV_ANDROID_14,0,334,0,2.33,1,P2M,0
TXN100514,USR0147,11217.66,4639.0,2.418,15.0,16.0,11,Chennai,0,DEV_IOS_18,0,456,0,5.45,0,P2P,1
TXN100515,USR0016,1108.66,1443.0,0.768,20.3,67.0,8,Bengaluru,0,DEV_WEB_CHROME,1,1215,0,1.12,0,P2P,0
TXN100516,USR0080,1376.05,1303.0,1.056,13.6,172.6,18,Kolkata,0,DEV_ANDROID_14,0,588,0,1.12,1,P2P,0
TXN100517,USR0019,2293.58,4271.0,0.537,11.8,475.3,16,Bengaluru,0,DEV_ANDROID_13,0,1663,0,0.58,1,RECHARGE,0
TXN100518,USR0060,1659.65,2418.0,0.686,15.2,29.0,17,Hyderabad,0,DEV_ANDROID_13,0,57,0,0.84,1,P2M,0
TXN100519,USR0107,925.02,1116.0,0.829,16.7,63.0,10,Hyderabad,0,DEV_ANDROID_14,0,1077,0,1.18,1,P2P,0
TXN100520,USR0120,13286.44,3985.0,3.334,27.0,24.0,16,Chennai,0,DEV_IOS_18,0,1168,1,5.22,0,P2P,1
TXN100521,USR0010,4327.19,4508.0,0.96,29.2,140.1,16,Kolkata,0,DEV_IOS_18,0,1429,0,2.37,1,RECHARGE,0
TXN100522,USR0132,5079.81,3311.0,1.534,4.5,101.9,13,Hyderabad,0,DEV_ANDROID_13,0,545,0,1.09,1,P2M,0
TXN100523,USR0121,4348.67,3799.0,1.145,14.0,22.7,8,Hyderabad,0,DEV_ANDROID_13,0,1484,0,0.5,1,P2M,0
TXN100524,USR0005,3005.54,1239.0,2.426,33.4,258.5,18,Kolkata,1,DEV_IOS_18,0,1472,0,0.53,0,P2P,0
TXN100525,USR0029,1475.82,1672.0,0.883,17.3,523.8,13,Kolkata,0,DEV_ANDROID_14,0,1794,0,1.48,0,ONLINE_SHOPPING,0
TXN100526,USR0108,1279.76,931.0,1.375,18.9,73.7,12,Mumbai,0,DEV_IOS_18,0,93,0,0.96,1,P2P,0
TXN100527,USR0049,580.7,835.0,0.695,18.7,85.8,9,Pune,1,DEV_IOS_18,0,1177,0,1.23,0,P2M,0
TXN100528,USR0150,6980.52,1846.0,3.781,15.9,561.5,15,Bengaluru,0,DEV_IOS_18,0,320,0,0.71,1,P2M,0
TXN100529,USR0140,7722.42,3114.0,2.48,9.5,18.8,13,Delhi,0,DEV_ANDROID_13,0,200,0,1.51,0,P2P,0
TXN100530,USR0015,8189.23,2529.0,3.238,10.2,25.2,17,Chennai,0,DEV_ANDROID_14,0,1242,0,1.05,1,BILL_PAYMENT,0
TXN100531,USR0005,1490.41,1239.0,1.203,24.0,804.6,17,Hyderabad,0,DEV_IOS_18,0,1430,0,1.55,1,P2M,0
TXN100532,USR0060,16872.72,2418.0,6.978,15.9,235.2,17,Hyderabad,0,DEV_ANDROID_13,0,120,0,1.17,0,P2P,0
TXN100533,USR0040,3840.93,942.0,4.077,10.3,360.7,16,Mumbai,0,DEV_IOS_18,0,1780,0,1.54,1,P2P,0
TXN100534,USR0116,3650.58,2809.0,1.3,25.8,119.3,8,Bengaluru,0,DEV_ANDROID_13,0,199,0,1.13,1,RECHARGE,0
TXN100535,USR0097,8537.45,1552.0,5.501,17.0,279.0,5,Lucknow,1,DEV_WEB_CHROME,1,883,1,4.49,0,P2P,1
TXN100536,USR0080,1392.71,1303.0,1.069,11.0,229.8,12,Kolkata,0,DEV_ANDROID_14,0,561,0,3.18,0,P2M,0
TXN100537,USR0011,3376.88,2073.0,1.629,45.0,3.0,11,Chennai,0,DEV_UNKNOWN,1,944,5,13.73,0,P2P,1
TXN100538,USR0022,3674.15,3458.0,1.063,14.6,169.8,12,Chennai,0,DEV_ANDROID_13,0,1280,0,1.15,0,P2M,0
TXN100539,USR0075,10093.32,2287.0,4.413,14.8,194.3,14,Bengaluru,0,DEV_IOS_18,0,1600,0,0.91,0,P2M,0
TXN100540,USR0018,1897.99,1836.0,1.034,30.1,426.7,11,Chennai,0,DEV_ANDROID_14,0,1522,0,0.83,1,P2P,0
TXN100541,USR0126,3300.96,2090.0,1.579,16.5,143.5,18,Delhi,0,DEV_IOS_18,0,720,0,1.7,1,P2P,0
TXN100542,USR0082,735.26,1061.0,0.693,29.1,25.2,8,Hyderabad,0,DEV_IOS_18,0,62,0,1.31,1,P2P,0
TXN100543,USR0035,3800.64,3949.0,0.962,25.4,69.4,11,Bengaluru,1,DEV_ANDROID_14,0,1302,0,0.73,1,INVESTMENT,0
TXN100544,USR0116,2412.16,2809.0,0.859,36.8,358.3,16,Bengaluru,0,DEV_ANDROID_13,0,248,0,1.22,1,P2P,0
TXN100545,USR0087,1463.87,4199.0,0.349,6.2,32.0,16,Mumbai,0,DEV_ANDROID_14,1,789,0,0.62,1,P2M,0
TXN100546,USR0096,1924.31,482.0,3.992,31.0,17.3,10,Pune,1,DEV_UNKNOWN,1,213,4,10.16,0,INVESTMENT,1
TXN100547,USR0111,5403.28,4209.0,1.284,20.5,113.1,15,Chennai,0,DEV_IOS_18,0,1817,0,1.48,1,P2M,0
TXN100548,USR0111,3227.72,4209.0,0.767,12.4,123.3,8,Chennai,0,DEV_IOS_18,0,1828,0,1.95,1,P2P,0
TXN100549,USR0002,2745.85,3607.0,0.761,8.0,108.8,17,Kolkata,0,DEV_ANDROID_14,0,190,0,1.36,1,ONLINE_SHOPPING,0
TXN100550,USR0080,1402.72,1303.0,1.077,14.1,12.7,11,Kolkata,0,DEV_ANDROID_14,0,599,0,0.11,0,BILL_PAYMENT,0
TXN100551,USR0014,4379.7,2104.0,2.082,6.4,206.7,13,Delhi,0,DEV_ANDROID_13,0,849,0,0.64,1,P2M,0
TXN100552,USR0055,1984.24,1096.0,1.81,33.2,307.8,14,Delhi,0,DEV_ANDROID_14,0,827,0,2.7,1,P2P,0
TXN100553,USR0094,18976.6,3141.0,6.042,19.0,15.4,8,Kochi,1,DEV_UNKNOWN,1,1662,3,9.46,0,P2P,1
TXN100554,USR0104,306.06,706.0,0.434,18.6,168.2,8,Mumbai,0,DEV_ANDROID_13,0,1123,1,0.1,1,P2P,0
TXN100555,USR0070,2571.24,4705.0,0.546,9.9,38.6,14,Delhi,0,DEV_ANDROID_13,0,376,0,1.25,1,P2P,0
TXN100556,USR0095,3135.66,2387.0,1.314,12.4,425.3,11,Chennai,0,DEV_ANDROID_13,0,1149,0,0.39,1,ONLINE_SHOPPING,0
TXN100557,USR0141,1912.89,1171.0,1.634,9.6,5.0,15,Ahmedabad,1,DEV_IOS_18,0,240,1,0.75,1,P2P,0
TXN100558,USR0012,1668.42,1109.0,1.504,26.0,382.2,14,Mumbai,0,DEV_IOS_18,0,1229,0,0.1,0,P2M,0
TXN100559,USR0039,2583.47,3193.0,0.809,10.6,74.6,14,Chandigarh,1,DEV_ANDROID_14,1,1783,0,1.33,1,P2P,0
TXN100560,USR0077,5939.97,4759.0,1.248,17.1,45.7,12,Mumbai,0,DEV_ANDROID_13,0,128,0,1.65,1,BILL_PAYMENT,0
TXN100561,USR0135,5639.94,3326.0,1.696,10.8,358.6,20,Delhi,1,DEV_IOS_18,0,1146,0,1.33,1,P2P,0
TXN100562,USR0107,1573.42,1116.0,1.41,12.8,485.3,12,Hyderabad,0,DEV_ANDROID_14,0,1032,0,1.41,1,P2P,0
TXN100563,USR0050,2824.86,2312.0,1.222,29.3,483.6,7,Mumbai,0,DEV_ANDROID_13,0,160,0,0.82,1,RECHARGE,0
TXN100564,USR0106,364.59,1061.0,0.344,30.6,26.8,17,Delhi,0,DEV_ANDROID_13,0,1712,2,1.4,1,P2M,0
TXN100565,USR0099,3525.16,3865.0,0.912,23.8,281.0,21,Pune,1,DEV_ANDROID_13,0,527,0,0.89,1,P2M,0
TXN100566,USR0100,10407.86,2121.0,4.907,29.3,73.5,12,Bengaluru,0,DEV_ANDROID_14,0,792,0,1.78,1,P2P,0
TXN100567,USR0007,1174.93,823.0,1.428,22.5,61.6,13,Bengaluru,0,DEV_ANDROID_14,0,1623,0,1.49,1,P2P,0
TXN100568,USR0032,31787.02,2962.0,10.732,21.0,39.1,12,Hyderabad,0,DEV_WEB_CHROME,1,1418,1,5.9,0,P2P,1
TXN100569,USR0143,2416.46,3747.0,0.645,28.0,94.6,9,Chennai,0,DEV_IOS_18,0,1669,0,1.06,1,P2M,0
TXN100570,USR0039,4317.0,3193.0,1.352,16.4,73.6,17,Bengaluru,1,DEV_IOS_18,0,1715,0,0.83,0,P2P,0
TXN100571,USR0119,1694.29,1503.0,1.127,35.6,29.6,9,Chennai,0,DEV_ANDROID_13,0,592,0,1.19,1,P2M,0
TXN100572,USR0136,1284.33,788.0,1.63,22.5,29.8,16,Chennai,0,DEV_IOS_18,0,1689,0,0.62,1,ONLINE_SHOPPING,0
TXN100573,USR0001,2823.43,3411.0,0.828,21.2,133.1,13,Mumbai,0,DEV_ANDROID_13,0,829,0,1.35,1,P2M,0
TXN100574,USR0031,4286.06,4621.0,0.928,17.1,387.1,16,Kolkata,0,DEV_ANDROID_14,0,779,0,0.89,1,P2M,0
TXN100575,USR0076,7114.49,3835.0,1.855,16.0,285.0,20,Mumbai,0,DEV_ANDROID_13,0,482,0,1.39,1,P2M,0
TXN100576,USR0034,983.75,1168.0,0.842,13.6,351.7,14,Chennai,0,DEV_ANDROID_14,0,77,0,1.34,0,P2P,0
TXN100577,USR0099,6709.69,3865.0,1.736,17.6,794.9,14,Kolkata,0,DEV_ANDROID_13,0,535,0,1.19,1,P2P,0
TXN100578,USR0146,815.24,803.0,1.015,17.1,147.8,11,Mumbai,0,DEV_ANDROID_13,0,1210,0,1.84,1,BILL_PAYMENT,0
TXN100579,USR0090,8354.52,4795.0,1.742,15.5,692.7,15,Hyderabad,0,DEV_ANDROID_14,0,542,0,1.08,1,P2M,0
TXN100580,USR0030,4401.42,1476.0,2.982,8.0,287.0,5,Bengaluru,1,DEV_UNKNOWN,1,167,0,6.27,0,P2P,1
TXN100581,USR0098,2299.3,2841.0,0.809,31.1,113.9,11,Delhi,0,DEV_IOS_18,0,1085,0,0.9,1,P2M,0
TXN100582,USR0146,836.6,803.0,1.042,17.0,652.0,15,Mumbai,0,DEV_ANDROID_13,0,1210,0,1.82,0,P2M,0
TXN100583,USR0137,7974.01,4815.0,1.656,25.8,75.4,13,Chennai,0,DEV_WEB_CHROME,1,349,0,1.01,0,ONLINE_SHOPPING,0
TXN100584,USR0082,930.07,1061.0,0.877,36.8,182.1,12,Hyderabad,0,DEV_IOS_18,0,38,0,0.94,1,P2M,0
TXN100585,USR0120,4856.93,3985.0,1.219,18.9,113.5,15,Chennai,0,DEV_IOS_18,0,1170,0,0.79,1,P2M,0
TXN100586,USR0032,3407.6,2962.0,1.15,16.7,605.9,12,Hyderabad,0,DEV_WEB_CHROME,1,1438,0,0.85,1,P2P,0
TXN100587,USR0099,4316.51,3865.0,1.117,22.7,109.4,10,Kolkata,0,DEV_ANDROID_13,0,557,0,0.53,1,P2P,0
TXN100588,USR0039,2931.68,3193.0,0.918,17.1,615.6,17,Ahmedabad,1,DEV_IOS_18,0,1738,0,1.0,0,ONLINE_SHOPPING,0
TXN100589,USR0060,4096.47,2418.0,1.694,18.0,31.1,20,Hyderabad,0,DEV_ANDROID_13,0,125,0,0.68,1,P2P,0
TXN100590,USR0052,1288.35,875.0,1.472,6.6,173.2,14,Kochi,1,DEV_ANDROID_13,0,1060,0,1.63,0,P2M,0
TXN100591,USR0042,9092.02,4858.0,1.872,12.0,68.3,6,Delhi,0,DEV_ANDROID_13,0,1412,0,1.6,1,INVESTMENT,0
TXN100592,USR0145,4867.2,4287.0,1.135,9.0,514.3,16,Chennai,1,DEV_ANDROID_13,0,1409,0,1.06,1,ONLINE_SHOPPING,0
TXN100593,USR0117,1394.24,891.0,1.565,10.4,13.6,9,Mumbai,0,DEV_ANDROID_13,0,759,0,2.47,0,P2M,0
TXN100594,USR0075,2058.35,2287.0,0.9,15.8,73.5,16,Mumbai,1,DEV_IOS_18,0,1633,0,1.1,1,P2M,0
TXN100595,USR0089,997.08,1008.0,0.989,16.2,104.9,12,Kolkata,0,DEV_WEB_CHROME,1,959,0,1.66,0,P2M,0
TXN100596,USR0113,1373.07,2668.0,0.515,8.3,293.5,10,Hyderabad,0,DEV_ANDROID_14,0,1583,0,0.97,1,P2M,0
TXN100597,USR0036,1035.43,1141.0,0.907,29.4,16.1,23,Bengaluru,0,DEV_ANDROID_13,0,904,0,1.64,1,P2P,0
TXN100598,USR0068,1651.49,1858.0,0.889,11.4,230.6,10,Chennai,0,DEV_ANDROID_13,0,1755,0,1.55,1,P2P,0
TXN100599,USR0111,3591.93,4209.0,0.853,12.1,887.7,16,Chennai,0,DEV_IOS_18,0,1827,0,0.22,1,P2M,0
TXN100600,USR0032,3459.21,2962.0,1.168,20.7,83.8,17,Hyderabad,0,DEV_ANDROID_14,0,1445,0,1.11,1,P2P,0
TXN100601,USR0045,1913.45,3638.0,0.526,10.5,92.1,14,Mumbai,0,DEV_IOS_18,0,1307,0,1.4,1,ONLINE_SHOPPING,0
TXN100602,USR0034,714.37,1168.0,0.612,20.6,35.5,10,Chennai,0,DEV_ANDROID_14,0,99,0,1.25,1,P2M,0
TXN100603,USR0083,3667.62,1684.0,2.178,8.0,11.2,16,Delhi,0,DEV_ANDROID_14,0,119,0,0.69,1,P2P,0
TXN100604,USR0127,2029.76,2395.0,0.847,14.2,83.6,12,Kochi,1,DEV_ANDROID_14,0,353,0,2.42,1,ONLINE_SHOPPING,0
TXN100605,USR0057,3135.87,3487.0,0.899,16.2,452.8,13,Delhi,0,DEV_IOS_18,0,857,0,1.09,1,P2P,0
TXN100606,USR0136,537.62,788.0,0.682,25.2,18.3,21,Chennai,0,DEV_IOS_18,0,1719,0,0.32,1,BILL_PAYMENT,0
TXN100607,USR0051,1909.69,1265.0,1.51,14.7,29.7,10,Delhi,0,DEV_IOS_18,0,1254,0,1.71,1,ONLINE_SHOPPING,0
TXN100608,USR0047,395.05,489.0,0.808,16.9,42.3,13,Bengaluru,0,DEV_ANDROID_13,0,906,0,0.61,0,P2P,0
TXN100609,USR0092,24652.87,3316.0,7.435,14.0,37.8,0,Mumbai,1,DEV_ANDROID_12,1,235,4,4.7,0,P2M,1
TXN100610,USR0091,4789.41,2696.0,1.776,9.8,409.5,8,Kolkata,0,DEV_WEB_CHROME,1,1085,0,2.18,1,P2M,0
TXN100611,USR0100,2065.26,2121.0,0.974,36.3,136.8,12,Bengaluru,0,DEV_ANDROID_14,0,793,0,0.48,1,P2M,0
TXN100612,USR0024,870.23,1043.0,0.834,12.3,302.8,11,Hyderabad,0,DEV_ANDROID_14,0,258,0,0.42,1,P2M,0
TXN100613,USR0016,3904.38,1443.0,2.706,46.0,1.0,23,Jaipur,1,DEV_ANDROID_14,0,1198,2,11.89,1,P2P,1
TXN100614,USR0069,2249.43,3260.0,0.69,18.4,45.6,19,Hyderabad,0,DEV_ANDROID_14,0,1667,0,1.53,0,P2P,0
TXN100615,USR0116,14057.38,2809.0,5.004,38.0,11.2,13,Bengaluru,0,DEV_ANDROID_13,0,223,5,6.91,0,P2M,1
TXN100616,USR0072,2919.86,4501.0,0.649,12.3,54.3,10,Kolkata,0,DEV_ANDROID_14,0,1358,0,1.54,1,P2M,0
TXN100617,USR0029,1642.93,1672.0,0.983,14.4,310.3,9,Kolkata,0,DEV_ANDROID_14,0,1840,0,1.86,1,BILL_PAYMENT,0
TXN100618,USR0054,2506.39,1995.0,1.256,30.7,270.4,9,Jaipur,1,DEV_IOS_18,0,1064,0,1.85,0,P2P,0
TXN100619,USR0047,353.74,489.0,0.723,26.4,583.2,12,Bengaluru,0,DEV_ANDROID_13,0,891,0,1.08,1,P2M,0
TXN100620,USR0041,2530.43,2677.0,0.945,27.1,107.7,21,Bengaluru,0,DEV_ANDROID_13,0,827,0,2.22,1,P2P,0
TXN100621,USR0001,1906.21,3411.0,0.559,15.1,275.8,17,Mumbai,0,DEV_ANDROID_13,0,819,0,1.97,1,P2M,0
TXN100622,USR0130,2863.68,2863.0,1.0,29.2,376.2,15,Delhi,0,DEV_IOS_18,0,1581,0,0.54,1,P2P,0
TXN100623,USR0003,8415.92,3784.0,2.224,27.4,431.6,14,Hyderabad,0,DEV_ANDROID_13,0,1346,0,1.47,0,P2M,0
TXN100624,USR0129,3573.4,4329.0,0.825,20.4,145.5,20,Chennai,0,DEV_ANDROID_13,0,1434,0,2.08,1,P2M,0
TXN100625,USR0094,1883.2,3141.0,0.6,9.3,19.0,8,Kolkata,0,DEV_ANDROID_13,1,1715,0,1.29,1,ONLINE_SHOPPING,0
TXN100626,USR0030,1653.76,1476.0,1.12,24.9,174.2,13,Kolkata,0,DEV_ANDROID_14,0,151,0,0.99,1,P2P,0
TXN100627,USR0099,6429.42,3865.0,1.663,24.4,36.5,11,Kolkata,0,DEV_ANDROID_13,0,535,0,1.07,0,INVESTMENT,0
TXN100628,USR0043,5677.85,4029.0,1.409,18.6,49.8,20,Delhi,0,DEV_ANDROID_13,0,1375,0,1.56,1,P2P,0
TXN100629,USR0010,7435.46,4508.0,1.649,20.1,63.4,15,Kolkata,0,DEV_IOS_18,0,1460,0,1.58,1,P2M,0
TXN100630,USR0003,2631.75,3784.0,0.695,28.8,181.5,9,Hyderabad,0,DEV_ANDROID_13,0,1302,0,1.62,1,BILL_PAYMENT,0
TXN100631,USR0145,3854.55,4287.0,0.899,15.9,546.2,15,Mumbai,0,DEV_ANDROID_13,0,1403,0,2.54,0,P2P,0
TXN100632,USR0124,7172.11,1625.0,4.414,1.0,96.9,21,Hyderabad,0,DEV_ANDROID_14,0,268,0,1.77,1,P2M,0
TXN100633,USR0039,2747.66,3193.0,0.861,7.4,967.2,15,Chennai,0,DEV_IOS_18,0,1728,0,2.28,1,P2P,0
TXN100634,USR0120,3161.55,3985.0,0.793,19.6,102.6,17,Chennai,0,DEV_IOS_18,0,1183,0,1.47,1,P2P,0
TXN100635,USR0043,1798.77,4029.0,0.446,23.1,57.7,14,Delhi,0,DEV_ANDROID_13,0,1363,0,0.73,1,P2M,0
TXN100636,USR0088,8480.76,4666.0,1.818,5.6,126.4,17,Mumbai,0,DEV_IOS_18,0,716,0,0.8,1,RECHARGE,0
TXN100637,USR0070,3942.81,4705.0,0.838,13.5,197.6,9,Delhi,0,DEV_ANDROID_13,0,353,0,1.15,1,P2M,0
TXN100638,USR0126,1823.4,2090.0,0.872,18.7,15.6,10,Delhi,0,DEV_IOS_18,0,672,0,1.34,0,P2M,0
TXN100639,USR0050,4834.62,2312.0,2.091,26.0,10.4,16,Mumbai,0,DEV_ANDROID_13,0,124,0,2.56,0,P2P,1
TXN100640,USR0020,15703.5,3539.0,4.437,24.9,48.1,11,Delhi,0,DEV_ANDROID_14,0,279,0,1.63,0,RECHARGE,0
TXN100641,USR0063,1528.11,946.0,1.615,15.6,72.5,13,Hyderabad,0,DEV_ANDROID_13,0,450,0,0.86,1,P2M,0
TXN100642,USR0064,3342.34,3744.0,0.893,34.4,63.7,8,Hyderabad,0,DEV_IOS_18,1,1406,0,0.89,0,P2M,0
TXN100643,USR0028,1357.23,541.0,2.509,19.0,54.3,10,Delhi,0,DEV_IOS_18,0,797,0,1.25,1,P2P,0
TXN100644,USR0021,4644.0,4102.0,1.132,8.4,124.6,12,Chennai,0,DEV_ANDROID_14,0,1473,0,2.41,1,P2M,0
TXN100645,USR0006,19940.69,4184.0,4.766,26.0,32.8,4,Chennai,1,DEV_WEB_CHROME,1,840,4,3.66,0,P2P,1
TXN100646,USR0088,30851.15,4666.0,6.612,5.1,40.4,13,Mumbai,0,DEV_IOS_18,0,717,0,0.65,1,P2P,0
TXN100647,USR0017,3469.77,1139.0,3.046,29.7,106.2,16,Kolkata,0,DEV_IOS_18,0,1141,0,1.26,1,P2P,0
TXN100648,USR0110,4584.29,3119.0,1.47,18.3,61.2,18,Mumbai,0,DEV_IOS_18,0,1271,0,2.51,1,P2P,0
TXN100649,USR0031,7062.23,4621.0,1.528,11.3,152.5,14,Kolkata,0,DEV_ANDROID_14,0,799,0,1.81,0,P2M,0
TXN100650,USR0094,3321.5,3141.0,1.057,3.1,390.0,16,Kolkata,0,DEV_ANDROID_14,0,1667,0,0.59,1,P2P,0
TXN100651,USR0086,8701.93,4098.0,2.123,9.3,375.1,15,Delhi,0,DEV_ANDROID_13,0,1352,0,1.56,0,P2M,0
TXN100652,USR0057,3612.09,3487.0,1.036,19.5,40.2,12,Delhi,0,DEV_IOS_18,0,837,0,1.03,1,BILL_PAYMENT,0
TXN100653,USR0040,573.5,942.0,0.609,13.2,85.0,14,Ahmedabad,1,DEV_IOS_18,0,1784,0,0.98,1,P2P,0
TXN100654,USR0143,3777.15,3747.0,1.008,29.7,184.4,16,Ahmedabad,1,DEV_IOS_18,0,1698,0,0.86,1,P2P,0
TXN100655,USR0053,1270.13,1779.0,0.714,32.9,77.5,16,Chennai,0,DEV_ANDROID_14,0,1767,0,0.76,0,P2M,0
TXN100656,USR0116,2420.07,2809.0,0.862,36.1,121.0,9,Bengaluru,0,DEV_ANDROID_13,0,252,0,1.22,1,P2P,0
TXN100657,USR0119,2000.61,1503.0,1.331,36.1,12.0,13,Chennai,0,DEV_ANDROID_13,0,607,0,0.1,0,P2P,0
TXN100658,USR0122,2867.55,2765.0,1.037,32.9,83.5,16,Lucknow,1,DEV_ANDROID_14,0,1551,0,0.39,0,P2P,0
TXN100659,USR0096,1344.98,482.0,2.79,20.7,73.0,12,Chennai,0,DEV_ANDROID_13,0,226,0,1.02,0,BILL_PAYMENT,0
TXN100660,USR0118,736.67,855.0,0.862,34.2,94.2,17,Kolkata,0,DEV_ANDROID_13,0,1558,0,0.84,1,P2P,0
TXN100661,USR0052,477.61,875.0,0.546,8.0,84.5,12,Mumbai,0,DEV_ANDROID_13,0,1106,0,2.05,0,P2P,0
TXN100662,USR0081,1618.97,1873.0,0.864,29.8,52.5,21,Kolkata,0,DEV_IOS_18,1,949,0,1.6,1,P2P,0
TXN100663,USR0046,2073.04,3064.0,0.677,21.0,14.5,7,Delhi,0,DEV_ANDROID_13,0,327,0,0.28,0,P2M,0
TXN100664,USR0109,1278.64,1296.0,0.987,13.0,266.6,15,Chennai,0,DEV_ANDROID_14,0,1509,0,0.91,1,P2P,0
TXN100665,USR0109,1322.84,1296.0,1.021,10.5,13.4,17,Chennai,0,DEV_ANDROID_14,0,1553,0,0.9,1,P2M,0
TXN100666,USR0129,2033.17,4329.0,0.47,20.5,128.9,16,Chennai,0,DEV_ANDROID_14,1,1418,0,1.29,1,P2M,0
TXN100667,USR0005,670.91,1239.0,0.541,32.6,252.7,15,Hyderabad,0,DEV_IOS_18,0,1458,0,2.03,1,P2M,0
TXN100668,USR0141,5485.8,1171.0,4.685,34.0,211.0,5,Hyderabad,0,DEV_UNKNOWN,1,307,0,6.64,0,P2P,1
TXN100669,USR0034,1453.92,1168.0,1.245,14.7,160.0,11,Ahmedabad,1,DEV_ANDROID_14,0,102,0,0.45,1,P2P,0
TXN100670,USR0137,4602.25,4815.0,0.956,35.4,186.9,13,Chennai,0,DEV_IOS_18,1,337,0,0.2,1,P2P,0
TXN100671,USR0106,1126.62,1061.0,1.062,34.8,250.4,12,Ahmedabad,1,DEV_ANDROID_13,0,1688,0,1.98,0,P2M,0
TXN100672,USR0059,19406.82,4787.0,4.054,15.0,19.9,20,Chandigarh,1,DEV_ANDROID_14,0,990,0,4.91,0,P2P,1
TXN100673,USR0041,1572.88,2677.0,0.588,24.9,113.1,10,Bengaluru,0,DEV_ANDROID_13,0,847,0,2.04,1,P2P,0
TXN100674,USR0140,1338.16,3114.0,0.43,4.4,57.4,10,Delhi,0,DEV_ANDROID_13,0,204,0,0.72,1,P2M,0
TXN100675,USR0058,3781.84,3029.0,1.249,20.4,216.6,13,Kolkata,0,DEV_ANDROID_14,0,858,0,1.63,1,P2M,0
TXN100676,USR0142,5444.15,3033.0,1.795,24.7,412.8,12,Mumbai,1,DEV_ANDROID_14,0,892,0,1.31,1,P2M,0
TXN100677,USR0055,546.3,1096.0,0.498,34.9,43.0,11,Delhi,0,DEV_WEB_CHROME,1,815,0,1.07,1,P2M,0
TXN100678,USR0005,7594.43,1239.0,6.129,35.1,40.0,13,Hyderabad,0,DEV_IOS_18,0,1426,0,0.35,1,P2P,0
TXN100679,USR0148,3552.66,1934.0,1.837,32.6,121.8,8,Chennai,0,DEV_ANDROID_13,0,1657,1,0.68,1,P2P,0
TXN100680,USR0044,1512.02,843.0,1.794,10.8,40.9,15,Delhi,0,DEV_ANDROID_14,0,1625,0,1.82,1,P2M,0
TXN100681,USR0063,470.52,946.0,0.497,9.0,25.2,13,Hyderabad,0,DEV_ANDROID_13,0,442,0,1.39,0,BILL_PAYMENT,0
TXN100682,USR0020,3634.59,3539.0,1.027,16.5,53.5,15,Delhi,0,DEV_ANDROID_14,0,335,0,1.32,1,P2P,0
TXN100683,USR0041,1633.98,2677.0,0.61,28.1,494.1,13,Bengaluru,0,DEV_ANDROID_13,0,842,0,0.21,0,INVESTMENT,0
TXN100684,USR0117,932.34,891.0,1.046,1.0,46.2,16,Kochi,1,DEV_ANDROID_13,0,755,1,2.13,1,P2P,0
TXN100685,USR0149,2765.61,3318.0,0.834,20.5,180.9,12,Chennai,0,DEV_ANDROID_13,0,1495,0,1.46,1,P2M,0
TXN100686,USR0124,2215.19,1625.0,1.363,8.7,347.9,7,Hyderabad,0,DEV_ANDROID_14,0,265,0,2.26,0,P2P,0
TXN100687,USR0119,2618.0,1503.0,1.742,45.0,163.9,10,Chennai,0,DEV_IOS_18,1,577,0,1.45,1,ONLINE_SHOPPING,0
TXN100688,USR0059,5866.83,4787.0,1.226,17.1,346.7,19,Chennai,0,DEV_ANDROID_14,0,986,0,1.97,1,ONLINE_SHOPPING,0
TXN100689,USR0027,1611.97,816.0,1.975,24.7,609.6,23,Hyderabad,0,DEV_IOS_18,0,1419,0,0.85,1,P2P,0
TXN100690,USR0141,840.22,1171.0,0.718,8.0,108.0,9,Hyderabad,0,DEV_IOS_18,0,270,0,0.85,1,P2P,0
TXN100691,USR0127,15193.83,2395.0,6.344,28.0,278.0,3,Chennai,0,DEV_UNKNOWN,1,378,2,5.08,0,P2P,1
TXN100692,USR0035,2805.05,3949.0,0.71,26.6,16.7,18,Mumbai,0,DEV_ANDROID_14,0,1251,0,1.13,1,P2M,0
TXN100693,USR0039,10317.26,3193.0,3.231,16.4,178.9,14,Chennai,0,DEV_IOS_18,0,1767,0,0.1,1,P2M,0
TXN100694,USR0080,3933.78,1303.0,3.019,15.2,436.6,17,Kolkata,0,DEV_ANDROID_14,0,559,0,0.59,1,BILL_PAYMENT,0
TXN100695,USR0087,5307.82,4199.0,1.264,6.5,197.6,11,Pune,1,DEV_ANDROID_13,0,811,0,0.63,1,P2M,0
TXN100696,USR0005,1498.57,1239.0,1.21,36.5,31.1,16,Hyderabad,0,DEV_IOS_18,0,1454,0,0.76,1,RECHARGE,0
TXN100697,USR0004,666.42,989.0,0.674,28.2,64.8,12,Chennai,0,DEV_ANDROID_14,1,820,0,2.61,1,P2M,0
TXN100698,USR0072,2125.1,4501.0,0.472,9.0,131.1,15,Kolkata,0,DEV_ANDROID_14,0,1368,0,0.83,1,P2M,0
TXN100699,USR0127,2405.75,2395.0,1.004,12.3,125.9,16,Chennai,0,DEV_ANDROID_14,0,394,0,1.35,1,P2M,0
TXN100700,USR0107,2112.11,1116.0,1.893,26.0,19.8,12,Hyderabad,0,DEV_UNKNOWN,1,1066,1,4.26,0,P2P,1
TXN100701,USR0021,10522.79,4102.0,2.565,4.9,138.5,14,Chennai,0,DEV_ANDROID_14,0,1439,0,1.33,1,P2M,0
TXN100702,USR0104,420.79,706.0,0.596,20.6,88.1,11,Mumbai,0,DEV_ANDROID_13,0,1076,0,1.2,0,P2M,0
TXN100703,USR0143,4938.75,3747.0,1.318,26.4,5.0,14,Pune,1,DEV_IOS_18,0,1645,0,1.98,1,P2P,0
TXN100704,USR0125,764.32,1159.0,0.659,19.0,159.6,8,Bengaluru,0,DEV_IOS_18,0,1128,1,1.23,1,P2M,0
TXN100705,USR0142,2953.65,3033.0,0.974,20.5,235.9,16,Hyderabad,0,DEV_ANDROID_14,0,911,0,1.01,0,ONLINE_SHOPPING,0
TXN100706,USR0064,19006.63,3744.0,5.077,36.0,31.7,3,Lucknow,1,DEV_ANDROID_12,1,1417,4,7.29,0,P2M,1
TXN100707,USR0087,1969.13,4199.0,0.469,4.8,33.5,8,Mumbai,0,DEV_ANDROID_13,0,845,0,1.54,0,P2P,0
TXN100708,USR0094,3200.93,3141.0,1.019,7.2,164.9,7,Kolkata,0,DEV_ANDROID_14,0,1686,0,0.59,1,P2M,0
TXN100709,USR0046,4078.94,3064.0,1.331,28.6,324.1,12,Delhi,0,DEV_ANDROID_13,0,322,0,2.21,1,P2M,0
TXN100710,USR0096,333.77,482.0,0.692,20.9,52.7,13,Chennai,0,DEV_ANDROID_13,0,205,0,0.95,1,P2P,0
TXN100711,USR0043,3260.11,4029.0,0.809,23.6,267.2,9,Delhi,0,DEV_ANDROID_13,0,1365,0,1.45,1,P2M,0
TXN100712,USR0100,1210.25,2121.0,0.571,29.7,501.6,7,Bengaluru,0,DEV_ANDROID_14,0,772,0,0.1,1,P2P,0
TXN100713,USR0078,5895.92,4223.0,1.396,28.6,33.1,13,Mumbai,0,DEV_ANDROID_14,0,346,0,1.1,1,P2M,0
TXN100714,USR0035,4465.91,3949.0,1.131,27.3,83.7,13,Mumbai,0,DEV_ANDROID_14,0,1257,0,1.16,1,RECHARGE,0
TXN100715,USR0031,4902.03,4621.0,1.061,10.0,5.0,10,Kolkata,0,DEV_ANDROID_14,0,807,0,1.73,1,P2M,0
TXN100716,USR0059,2363.34,4787.0,0.494,21.1,701.4,10,Chennai,0,DEV_IOS_18,1,1049,1,0.6,1,P2P,0
TXN100717,USR0100,2611.56,2121.0,1.231,39.1,18.2,16,Bengaluru,0,DEV_ANDROID_14,0,842,0,0.74,1,P2P,0
TXN100718,USR0086,3401.05,4098.0,0.83,1.9,242.4,15,Delhi,0,DEV_ANDROID_13,0,1280,0,0.96,1,BILL_PAYMENT,0
TXN100719,USR0069,1833.9,3260.0,0.563,16.9,45.5,21,Hyderabad,0,DEV_WEB_CHROME,1,1659,1,1.48,1,P2P,0
TXN100720,USR0131,1099.64,1330.0,0.827,29.4,16.1,14,Bengaluru,0,DEV_ANDROID_13,1,1000,0,2.24,0,P2P,0
TXN100721,USR0002,1716.03,3607.0,0.476,10.1,93.8,7,Kolkata,0,DEV_ANDROID_14,0,188,0,0.42,1,P2P,0
TXN100722,USR0033,2238.64,2282.0,0.981,12.9,739.9,16,Jaipur,1,DEV_IOS_18,0,827,0,1.64,1,P2M,0
TXN100723,USR0119,6705.91,1503.0,4.462,23.0,4.0,2,Mumbai,1,DEV_ANDROID_14,1,596,4,8.66,0,P2P,1
TXN100724,USR0137,7328.53,4815.0,1.522,38.7,517.8,20,Chennai,0,DEV_ANDROID_14,0,373,0,1.02,1,P2M,0
TXN100725,USR0042,4052.59,4858.0,0.834,15.3,236.7,15,Delhi,0,DEV_ANDROID_13,0,1440,0,1.15,0,ONLINE_SHOPPING,0
TXN100726,USR0058,9037.71,3029.0,2.984,25.0,6.9,16,Mumbai,1,DEV_ANDROID_14,0,873,1,2.65,0,P2P,1
TXN100727,USR0133,422.98,561.0,0.754,5.2,16.8,10,Delhi,0,DEV_ANDROID_13,0,1068,0,0.71,1,BILL_PAYMENT,0
TXN100728,USR0111,3490.86,4209.0,0.829,14.4,173.0,17,Chennai,0,DEV_IOS_18,0,1767,0,1.09,1,P2P,0
TXN100729,USR0017,660.5,1139.0,0.58,27.3,620.3,7,Kolkata,0,DEV_IOS_18,0,1155,0,1.77,1,P2P,0
TXN100730,USR0033,1426.41,2282.0,0.625,20.8,18.5,18,Kolkata,0,DEV_IOS_18,0,792,0,1.16,1,P2P,0
TXN100731,USR0092,10027.43,3316.0,3.024,24.0,723.2,12,Kochi,1,DEV_ANDROID_14,0,224,0,1.17,1,ONLINE_SHOPPING,0
TXN100732,USR0063,1454.43,946.0,1.537,8.4,73.9,10,Hyderabad,0,DEV_ANDROID_13,0,480,0,1.6,0,INVESTMENT,0
TXN100733,USR0070,5215.27,4705.0,1.108,11.7,135.8,10,Delhi,0,DEV_ANDROID_13,0,348,0,1.14,1,P2P,0
TXN100734,USR0113,3708.81,2668.0,1.39,7.3,94.3,15,Hyderabad,0,DEV_ANDROID_14,0,1595,0,0.89,1,P2M,0
TXN100735,USR0087,3264.39,4199.0,0.777,3.5,30.9,7,Mumbai,0,DEV_ANDROID_13,0,777,0,1.77,0,P2P,0
TXN100736,USR0042,5429.86,4858.0,1.118,15.0,120.7,11,Delhi,0,DEV_ANDROID_13,0,1416,0,1.0,1,P2M,0
TXN100737,USR0001,2666.6,3411.0,0.782,14.0,320.8,15,Mumbai,0,DEV_ANDROID_13,0,776,0,0.18,1,P2M,0
TXN100738,USR0001,4732.34,3411.0,1.387,22.0,598.4,18,Mumbai,0,DEV_ANDROID_13,0,832,0,0.75,1,P2P,0
TXN100739,USR0053,2308.61,1779.0,1.298,30.5,377.5,14,Chennai,0,DEV_ANDROID_14,0,1769,0,1.77,1,P2P,0
TXN100740,USR0120,3927.21,3985.0,0.985,21.8,608.6,11,Chennai,0,DEV_IOS_18,0,1201,0,0.19,0,P2M,0
TXN100741,USR0061,1696.56,445.0,3.812,34.0,173.0,5,Hyderabad,1,DEV_UNKNOWN,1,994,2,6.48,0,P2P,1
TXN100742,USR0125,525.3,1159.0,0.453,17.3,173.5,9,Bengaluru,0,DEV_IOS_18,0,1117,0,0.47,1,P2P,0
TXN100743,USR0012,887.76,1109.0,0.801,30.2,44.7,16,Mumbai,0,DEV_ANDROID_13,1,1247,0,0.22,1,P2P,0
TXN100744,USR0051,6263.24,1265.0,4.951,48.0,3.8,8,Ahmedabad,1,DEV_UNKNOWN,1,1212,4,12.42,0,ONLINE_SHOPPING,1
TXN100745,USR0084,239.76,960.0,0.25,4.1,90.9,9,Chennai,0,DEV_ANDROID_13,0,932,0,1.45,1,P2M,0
TXN100746,USR0085,13576.93,3924.0,3.46,16.0,294.0,2,Bengaluru,1,DEV_UNKNOWN,1,764,2,5.99,0,P2P,1
TXN100747,USR0012,33056.87,1109.0,29.808,39.0,13.4,3,Kochi,1,DEV_WEB_CHROME,1,1258,3,4.52,0,P2M,1
TXN100748,USR0047,447.38,489.0,0.915,22.3,262.2,9,Bengaluru,0,DEV_ANDROID_13,0,887,0,1.43,0,INVESTMENT,0
TXN100749,USR0150,2761.4,1846.0,1.496,8.1,728.5,6,Bengaluru,0,DEV_IOS_18,0,315,0,1.27,1,INVESTMENT,0
TXN100750,USR0135,9638.0,3326.0,2.898,8.0,68.0,2,Jaipur,1,DEV_ANDROID_13,1,1112,2,4.13,0,P2P,1
TXN100751,USR0115,894.73,1698.0,0.527,4.5,114.5,17,Kolkata,0,DEV_IOS_18,0,80,0,0.36,1,P2M,0
TXN100752,USR0084,857.01,960.0,0.893,12.3,225.8,16,Chennai,0,DEV_ANDROID_13,0,978,0,0.59,1,INVESTMENT,0
TXN100753,USR0020,4427.14,3539.0,1.251,24.5,71.2,9,Delhi,0,DEV_ANDROID_14,0,309,0,0.1,1,P2P,0
TXN100754,USR0130,5086.33,2863.0,1.777,35.9,64.1,17,Kochi,1,DEV_IOS_18,0,1588,0,0.12,1,P2P,0
TXN100755,USR0121,4221.98,3799.0,1.111,14.0,132.4,12,Hyderabad,0,DEV_ANDROID_13,0,1507,0,0.57,1,P2P,0
TXN100756,USR0057,25370.18,3487.0,7.276,14.4,37.1,9,Delhi,0,DEV_IOS_18,0,803,0,1.35,1,P2M,0
TXN100757,USR0066,1736.24,572.0,3.035,9.9,152.4,17,Delhi,0,DEV_ANDROID_14,0,1046,0,1.47,1,P2M,0
TXN100758,USR0003,17143.92,3784.0,4.531,29.7,450.3,12,Hyderabad,0,DEV_ANDROID_13,0,1317,0,0.99,1,P2P,0
TXN100759,USR0077,4232.75,4759.0,0.889,6.9,62.9,17,Delhi,1,DEV_ANDROID_13,0,109,0,1.54,1,P2P,0
TXN100760,USR0023,1131.78,2955.0,0.383,20.8,29.0,14,Delhi,0,DEV_ANDROID_13,0,945,0,1.81,1,P2P,0
TXN100761,USR0110,1410.52,3119.0,0.452,19.2,152.4,6,Kochi,1,DEV_IOS_18,0,1223,0,1.51,0,P2M,0
TXN100762,USR0077,4412.03,4759.0,0.927,11.9,5.0,10,Mumbai,0,DEV_ANDROID_13,0,105,0,0.58,1,P2M,0
TXN100763,USR0006,16504.28,4184.0,3.945,50.0,2.9,1,Kolkata,1,DEV_ANDROID_12,1,849,4,11.51,0,P2P,1
TXN100764,USR0109,3973.2,1296.0,3.066,15.0,113.0,1,Hyderabad,1,DEV_ANDROID_13,1,1547,2,6.3,0,P2P,1
TXN100765,USR0103,2199.85,4267.0,0.516,23.1,80.9,12,Kolkata,0,DEV_ANDROID_13,0,1726,0,1.66,1,P2P,0
TXN100766,USR0122,2011.66,2765.0,0.728,35.5,116.5,19,Hyderabad,0,DEV_ANDROID_14,0,1530,0,1.19,0,BILL_PAYMENT,0
TXN100767,USR0017,14113.47,1139.0,12.391,20.0,36.0,5,Delhi,1,DEV_WEB_CHROME,1,1201,3,7.68,0,P2M,1
TXN100768,USR0091,4737.28,2696.0,1.757,8.7,163.3,13,Kolkata,0,DEV_IOS_18,1,1089,0,0.1,1,P2P,0
TXN100769,USR0050,2300.79,2312.0,0.995,29.4,149.8,11,Mumbai,0,DEV_ANDROID_13,0,154,0,1.41,1,RECHARGE,0
TXN100770,USR0123,5463.67,4007.0,1.364,16.5,76.5,18,Kolkata,0,DEV_IOS_18,0,1243,0,1.42,1,P2M,0
TXN100771,USR0081,2235.15,1873.0,1.193,27.8,9.9,13,Bengaluru,1,DEV_ANDROID_13,0,972,0,2.03,1,P2P,0
TXN100772,USR0063,1038.51,946.0,1.098,23.7,41.0,18,Hyderabad,0,DEV_ANDROID_13,0,472,0,0.86,1,P2M,0
TXN100773,USR0029,12180.63,1672.0,7.285,13.2,106.3,12,Kolkata,0,DEV_ANDROID_14,0,1802,0,1.11,1,P2M,0
TXN100774,USR0116,7729.31,2809.0,2.752,28.2,284.7,15,Bengaluru,0,DEV_ANDROID_13,0,257,0,1.68,1,P2P,0
TXN100775,USR0112,8236.0,4425.0,1.861,29.5,61.5,10,Hyderabad,0,DEV_ANDROID_13,0,1587,0,0.6,1,P2M,0
TXN100776,USR0119,1640.85,1503.0,1.092,34.6,184.0,17,Chennai,0,DEV_ANDROID_13,0,622,0,1.47,1,ONLINE_SHOPPING,0
TXN100777,USR0003,6026.5,3784.0,1.593,24.5,480.9,7,Hyderabad,0,DEV_ANDROID_13,0,1326,0,1.17,1,P2P,0
TXN100778,USR0020,2862.44,3539.0,0.809,22.4,35.4,10,Delhi,0,DEV_ANDROID_14,0,273,0,0.74,1,P2P,0
TXN100779,USR0142,1576.36,3033.0,0.52,17.3,235.1,12,Hyderabad,0,DEV_ANDROID_14,0,835,0,1.73,1,P2P,0
TXN100780,USR0124,1349.56,1625.0,0.83,5.8,40.5,23,Hyderabad,0,DEV_ANDROID_13,1,307,0,0.66,1,P2M,0
TXN100781,USR0138,2181.67,3130.0,0.697,12.3,519.0,11,Chennai,0,DEV_IOS_18,0,1450,0,1.1,1,P2P,0
TXN100782,USR0006,5146.63,4184.0,1.23,19.9,345.0,6,Hyderabad,0,DEV_IOS_18,0,867,0,1.46,1,P2P,0
TXN100783,USR0060,2505.9,2418.0,1.036,17.2,51.1,8,Hyderabad,0,DEV_ANDROID_13,0,77,0,1.52,0,P2M,0
TXN100784,USR0086,6931.53,4098.0,1.691,2.5,130.3,23,Delhi,0,DEV_ANDROID_13,0,1340,0,0.99,0,P2P,0
TXN100785,USR0040,2316.3,942.0,2.459,10.0,492.5,7,Mumbai,0,DEV_IOS_18,0,1730,0,1.46,1,BILL_PAYMENT,0
TXN100786,USR0105,1026.26,1284.0,0.799,35.2,165.6,19,Bengaluru,0,DEV_ANDROID_14,0,577,0,0.76,0,P2P,0
TXN100787,USR0083,1292.07,1684.0,0.767,6.9,65.3,15,Delhi,0,DEV_ANDROID_14,0,99,0,0.97,1,P2P,0
TXN100788,USR0073,1855.94,1427.0,1.301,35.4,197.5,19,Kolkata,0,DEV_ANDROID_13,0,228,0,0.39,1,P2M,0
TXN100789,USR0104,373.99,706.0,0.53,15.5,172.4,7,Mumbai,0,DEV_ANDROID_13,0,1105,0,0.7,1,P2M,0
TXN100790,USR0035,3376.12,3949.0,0.855,24.7,1033.4,9,Mumbai,0,DEV_ANDROID_14,0,1307,0,0.75,1,BILL_PAYMENT,0
TXN100791,USR0084,1022.36,960.0,1.065,16.0,364.3,8,Chennai,0,DEV_ANDROID_13,0,960,0,0.91,1,RECHARGE,0
TXN100792,USR0097,1246.69,1552.0,0.803,26.1,568.5,15,Delhi,0,DEV_ANDROID_13,0,840,0,0.82,0,P2M,0
TXN100793,USR0064,5945.49,3744.0,1.588,38.9,241.4,8,Hyderabad,0,DEV_WEB_CHROME,1,1430,0,1.23,1,P2M,0
TXN100794,USR0143,2022.29,3747.0,0.54,30.2,38.2,17,Chennai,0,DEV_IOS_18,0,1641,0,0.39,1,P2P,0
TXN100795,USR0057,2574.49,3487.0,0.738,18.3,23.7,22,Delhi,0,DEV_IOS_18,0,815,1,1.53,1,P2M,0
TXN100796,USR0129,4465.13,4329.0,1.031,17.6,76.2,11,Chennai,0,DEV_ANDROID_13,0,1419,0,0.98,0,P2P,0
TXN100797,USR0126,2219.62,2090.0,1.062,18.9,115.9,13,Delhi,0,DEV_IOS_18,0,706,2,0.1,1,P2P,0
TXN100798,USR0051,766.39,1265.0,0.606,17.7,175.0,17,Delhi,0,DEV_IOS_18,0,1249,0,1.2,1,P2M,0
TXN100799,USR0005,932.31,1239.0,0.752,27.5,67.5,16,Hyderabad,0,DEV_IOS_18,0,1446,0,0.73,1,BILL_PAYMENT,0
TXN100800,USR0075,2267.77,2287.0,0.992,19.2,62.2,18,Bengaluru,0,DEV_IOS_18,0,1627,0,1.35,0,P2M,0
TXN100801,USR0017,1404.53,1139.0,1.233,28.1,90.9,13,Kolkata,0,DEV_IOS_18,0,1171,0,1.38,1,P2P,0
TXN100802,USR0097,3248.52,1552.0,2.093,25.0,2.9,10,Kochi,1,DEV_WEB_CHROME,1,862,5,12.1,0,ONLINE_SHOPPING,1
TXN100803,USR0073,7058.1,1427.0,4.946,37.0,2.0,17,Pune,1,DEV_IOS_18,1,256,2,8.82,0,ONLINE_SHOPPING,1
TXN100804,USR0057,23305.26,3487.0,6.683,18.1,394.9,17,Delhi,0,DEV_IOS_18,0,840,0,0.82,1,P2M,0
TXN100805,USR0142,5368.38,3033.0,1.77,11.9,185.4,13,Bengaluru,1,DEV_ANDROID_13,1,878,0,1.24,1,P2P,0
TXN100806,USR0028,639.16,541.0,1.181,15.4,186.8,11,Delhi,0,DEV_IOS_18,0,822,0,0.6,0,P2M,0
TXN100807,USR0065,6139.72,3227.0,1.903,27.5,25.2,16,Delhi,0,DEV_ANDROID_14,0,1803,0,1.13,0,P2P,0
TXN100808,USR0070,2944.95,4705.0,0.626,11.0,161.9,18,Delhi,0,DEV_ANDROID_13,0,330,0,1.67,1,P2P,0
TXN100809,USR0084,477.93,960.0,0.498,11.0,5.0,11,Chennai,0,DEV_ANDROID_13,0,950,0,1.1,1,INVESTMENT,0
TXN100810,USR0035,3338.02,3949.0,0.845,25.5,203.8,15,Mumbai,0,DEV_ANDROID_14,0,1321,0,1.27,1,P2M,0
TXN100811,USR0016,3906.99,1443.0,2.708,32.0,3.0,2,Jaipur,1,DEV_UNKNOWN,1,1243,1,10.9,0,ONLINE_SHOPPING,1
TXN100812,USR0117,657.29,891.0,0.738,9.8,138.1,7,Mumbai,0,DEV_ANDROID_13,0,789,0,0.52,0,P2P,0
TXN100813,USR0037,5041.61,2687.0,1.876,23.9,242.6,12,Kolkata,0,DEV_ANDROID_14,0,937,0,1.5,1,P2M,0
TXN100814,USR0117,686.14,891.0,0.77,5.5,170.3,10,Bengaluru,1,DEV_ANDROID_13,0,802,0,0.48,0,BILL_PAYMENT,0
TXN100815,USR0085,3534.87,3924.0,0.901,25.0,140.0,18,Kolkata,0,DEV_ANDROID_13,0,805,0,2.04,1,INVESTMENT,0
TXN100816,USR0130,9930.38,2863.0,3.469,35.9,457.1,9,Delhi,0,DEV_IOS_18,0,1539,0,0.98,1,BILL_PAYMENT,0
TXN100817,USR0045,4561.47,3638.0,1.254,11.1,291.6,15,Kochi,1,DEV_WEB_CHROME,1,1362,0,0.73,1,P2M,0
TXN100818,USR0065,1816.48,3227.0,0.563,35.4,87.9,19,Chennai,1,DEV_ANDROID_14,0,1773,0,1.16,1,P2P,0
TXN100819,USR0147,6412.84,4639.0,1.382,32.4,1036.5,15,Kochi,1,DEV_IOS_18,0,440,0,0.83,1,P2P,0
TXN100820,USR0072,4743.13,4501.0,1.054,11.0,59.9,19,Chennai,1,DEV_ANDROID_13,1,1338,1,0.88,0,P2M,0
TXN100821,USR0084,758.56,960.0,0.79,14.6,509.4,14,Chennai,0,DEV_ANDROID_13,0,969,0,0.64,1,P2M,0
TXN100822,USR0081,1300.11,1873.0,0.694,26.7,190.7,11,Kolkata,0,DEV_ANDROID_13,0,968,0,0.1,0,P2M,0
TXN100823,USR0033,1180.56,2282.0,0.517,19.3,127.7,17,Kolkata,0,DEV_IOS_18,0,811,0,1.0,0,INVESTMENT,0
TXN100824,USR0108,799.67,931.0,0.859,23.4,303.7,11,Jaipur,1,DEV_IOS_18,0,110,0,1.85,1,P2M,0
TXN100825,USR0146,441.43,803.0,0.55,21.2,223.4,20,Lucknow,1,DEV_ANDROID_13,0,1206,0,1.61,0,P2P,0
TXN100826,USR0116,1540.27,2809.0,0.548,25.3,177.7,19,Bengaluru,0,DEV_ANDROID_13,0,223,0,1.81,1,P2P,0
TXN100827,USR0040,1327.82,942.0,1.41,13.7,32.6,12,Mumbai,0,DEV_IOS_18,0,1784,0,0.64,1,P2P,0
TXN100828,USR0092,2573.6,3316.0,0.776,30.5,51.7,14,Hyderabad,0,DEV_ANDROID_14,0,203,0,1.34,1,P2P,0
TXN100829,USR0039,2115.86,3193.0,0.663,15.0,285.6,20,Chennai,0,DEV_IOS_18,0,1768,0,1.62,1,P2P,0
TXN100830,USR0145,3291.14,4287.0,0.768,7.2,385.4,14,Mumbai,0,DEV_ANDROID_13,0,1451,0,0.9,0,P2P,0
TXN100831,USR0107,2178.05,1116.0,1.952,13.7,699.6,8,Hyderabad,0,DEV_ANDROID_14,0,1087,0,1.97,1,P2P,0
TXN100832,USR0101,6605.43,4828.0,1.368,31.7,92.0,15,Mumbai,0,DEV_IOS_18,0,502,0,1.28,1,P2M,0
TXN100833,USR0058,829.61,3029.0,0.274,23.9,184.7,10,Kolkata,0,DEV_ANDROID_14,0,916,0,0.1,0,ONLINE_SHOPPING,0
TXN100834,USR0012,897.07,1109.0,0.809,25.1,10.6,11,Mumbai,0,DEV_IOS_18,0,1273,0,0.17,1,P2P,0
TXN100835,USR0130,7768.16,2863.0,2.713,30.3,110.3,16,Delhi,0,DEV_IOS_18,0,1552,0,1.08,1,P2M,0
TXN100836,USR0104,1155.8,706.0,1.637,25.1,322.3,6,Hyderabad,1,DEV_ANDROID_13,0,1086,0,1.54,0,P2M,0
TXN100837,USR0051,1953.11,1265.0,1.544,16.2,437.2,14,Delhi,0,DEV_IOS_18,0,1219,0,1.4,0,P2M,0
TXN100838,USR0081,2606.46,1873.0,1.392,32.2,93.8,15,Kolkata,0,DEV_ANDROID_13,0,910,0,1.5,1,P2M,0
TXN100839,USR0033,1207.29,2282.0,0.529,20.0,87.0,9,Kolkata,0,DEV_IOS_18,0,758,0,1.06,1,P2P,0
TXN100840,USR0048,6727.65,2387.0,2.818,37.0,3.1,21,Kolkata,1,DEV_WEB_CHROME,1,1132,3,11.02,1,ONLINE_SHOPPING,1
TXN100841,USR0073,906.62,1427.0,0.635,36.8,466.1,15,Kolkata,0,DEV_ANDROID_13,0,226,0,1.82,1,BILL_PAYMENT,0
TXN100842,USR0015,2379.65,2529.0,0.941,8.0,84.9,15,Chennai,0,DEV_ANDROID_14,0,1283,0,1.37,1,BILL_PAYMENT,0
TXN100843,USR0111,5364.4,4209.0,1.275,14.3,71.1,10,Chennai,0,DEV_IOS_18,0,1778,0,0.82,1,P2P,0
TXN100844,USR0037,2188.61,2687.0,0.815,30.4,61.5,9,Kolkata,0,DEV_ANDROID_14,0,915,0,1.1,1,P2P,0
TXN100845,USR0021,14828.98,4102.0,3.615,54.0,3.5,11,Pune,1,DEV_ANDROID_12,1,1489,1,13.67,0,P2P,1
TXN100846,USR0138,2067.55,3130.0,0.661,18.1,585.3,9,Chennai,0,DEV_IOS_18,0,1429,0,0.46,1,P2M,0
TXN100847,USR0067,2031.49,1825.0,1.113,30.0,6.7,14,Hyderabad,0,DEV_IOS_18,0,903,0,0.36,1,P2P,0
TXN100848,USR0132,3511.44,3311.0,1.061,17.6,46.8,16,Hyderabad,0,DEV_ANDROID_13,0,528,0,1.38,1,P2M,0
TXN100849,USR0075,3696.2,2287.0,1.616,5.2,8.5,20,Bengaluru,0,DEV_IOS_18,0,1581,0,2.65,1,P2P,0
TXN100850,USR0072,3719.63,4501.0,0.826,11.3,7.7,16,Kolkata,0,DEV_ANDROID_14,0,1384,0,0.93,1,P2P,0
TXN100851,USR0063,1049.33,946.0,1.109,12.5,185.9,19,Hyderabad,0,DEV_ANDROID_13,0,452,0,0.83,1,ONLINE_SHOPPING,0
TXN100852,USR0074,2640.3,1853.0,1.425,2.6,392.7,9,Hyderabad,0,DEV_IOS_18,0,1389,0,1.35,1,P2M,0
TXN100853,USR0009,4402.99,3622.0,1.216,14.2,14.7,14,Mumbai,0,DEV_ANDROID_13,0,152,0,1.48,1,P2M,0
TXN100854,USR0115,1452.05,1698.0,0.855,4.7,363.7,17,Kolkata,0,DEV_IOS_18,0,78,0,1.11,1,P2M,0
TXN100855,USR0140,3261.87,3114.0,1.047,7.4,480.2,9,Delhi,0,DEV_ANDROID_13,0,211,0,0.24,1,BILL_PAYMENT,0
TXN100856,USR0057,3291.21,3487.0,0.944,14.3,133.1,9,Delhi,0,DEV_IOS_18,0,865,0,1.35,1,P2P,0
TXN100857,USR0074,2680.64,1853.0,1.447,4.2,150.1,11,Hyderabad,0,DEV_IOS_18,0,1433,0,1.01,1,P2P,0
TXN100858,USR0075,2931.38,2287.0,1.282,15.1,60.1,14,Bengaluru,0,DEV_WEB_CHROME,1,1580,0,1.92,1,ONLINE_SHOPPING,0
TXN100859,USR0056,4178.67,4000.0,1.045,2.0,50.9,11,Bengaluru,0,DEV_IOS_18,0,209,0,1.24,1,P2P,0
TXN100860,USR0001,16728.87,3411.0,4.904,44.0,36.3,9,Delhi,1,DEV_ANDROID_13,0,840,4,7.24,0,INVESTMENT,1
TXN100861,USR0019,7409.5,4271.0,1.735,15.3,17.8,18,Bengaluru,0,DEV_ANDROID_13,0,1673,0,1.48,1,P2P,0
TXN100862,USR0105,1089.92,1284.0,0.849,27.9,94.1,13,Bengaluru,0,DEV_ANDROID_14,0,652,0,0.37,1,ONLINE_SHOPPING,0
TXN100863,USR0003,5145.01,3784.0,1.36,31.0,105.7,9,Hyderabad,0,DEV_ANDROID_13,0,1327,0,1.4,1,ONLINE_SHOPPING,0
TXN100864,USR0046,2439.8,3064.0,0.796,23.9,61.9,16,Delhi,0,DEV_ANDROID_13,0,372,0,0.18,1,P2P,0
TXN100865,USR0003,5665.27,3784.0,1.497,29.8,179.1,18,Hyderabad,0,DEV_ANDROID_13,0,1320,0,1.4,1,P2P,0
TXN100866,USR0075,2113.8,2287.0,0.924,22.7,74.3,8,Bengaluru,0,DEV_IOS_18,0,1598,1,0.26,0,P2M,0
TXN100867,USR0098,1988.69,2841.0,0.7,17.8,341.0,13,Delhi,0,DEV_IOS_18,0,1091,0,0.45,0,BILL_PAYMENT,0
TXN100868,USR0067,2240.88,1825.0,1.228,20.2,150.3,14,Hyderabad,0,DEV_IOS_18,0,890,0,0.26,0,P2P,0
TXN100869,USR0011,4596.23,2073.0,2.217,16.7,45.2,19,Chennai,0,DEV_ANDROID_14,0,969,0,1.63,1,BILL_PAYMENT,0
TXN100870,USR0017,732.89,1139.0,0.643,24.2,11.6,8,Kolkata,0,DEV_IOS_18,0,1202,0,1.26,1,BILL_PAYMENT,0
TXN100871,USR0020,3217.8,3539.0,0.909,26.3,114.4,11,Delhi,0,DEV_ANDROID_14,0,263,0,1.62,1,P2P,0
TXN100872,USR0129,2665.53,4329.0,0.616,17.2,363.1,13,Chennai,0,DEV_ANDROID_13,0,1448,0,0.49,0,RECHARGE,0
TXN100873,USR0147,20882.44,4639.0,4.501,18.0,122.0,1,Ahmedabad,1,DEV_UNKNOWN,1,408,2,3.86,0,P2P,1
TXN100874,USR0053,958.42,1779.0,0.539,32.5,21.5,14,Chennai,0,DEV_ANDROID_14,0,1793,0,0.37,0,P2P,0
TXN100875,USR0126,1676.03,2090.0,0.802,20.6,70.3,16,Hyderabad,1,DEV_IOS_18,0,662,0,1.0,0,P2P,0
TXN100876,USR0076,3982.53,3835.0,1.038,19.5,102.1,12,Mumbai,0,DEV_ANDROID_13,0,491,1,0.1,1,P2P,0
TXN100877,USR0046,6097.81,3064.0,1.99,19.2,341.0,10,Delhi,0,DEV_ANDROID_13,0,369,0,1.62,0,P2P,0
TXN100878,USR0096,845.64,482.0,1.754,16.0,21.1,12,Chennai,0,DEV_ANDROID_13,0,265,0,0.61,1,P2P,0
TXN100879,USR0110,1270.81,3119.0,0.407,19.1,246.0,14,Mumbai,0,DEV_IOS_18,0,1281,0,0.82,1,P2M,0
TXN100880,USR0015,2548.18,2529.0,1.008,3.7,44.6,21,Chennai,0,DEV_ANDROID_14,0,1263,0,0.1,1,P2M,0
TXN100881,USR0106,983.93,1061.0,0.927,41.7,93.9,19,Delhi,0,DEV_ANDROID_13,0,1666,0,1.75,1,P2M,0
TXN100882,USR0064,2274.26,3744.0,0.607,33.6,150.1,11,Hyderabad,0,DEV_ANDROID_13,0,1403,0,0.9,1,P2M,0
TXN100883,USR0101,18035.2,4828.0,3.736,21.0,265.0,4,Kolkata,1,DEV_UNKNOWN,1,495,2,2.14,0,P2P,1
TXN100884,USR0034,893.44,1168.0,0.765,14.7,168.7,7,Chennai,0,DEV_ANDROID_14,0,120,0,1.24,1,BILL_PAYMENT,0
TXN100885,USR0001,2833.97,3411.0,0.831,19.3,24.0,9,Mumbai,0,DEV_ANDROID_13,0,788,0,0.91,0,P2P,0
TXN100886,USR0029,1119.09,1672.0,0.669,23.4,339.7,15,Kolkata,0,DEV_ANDROID_14,0,1833,1,1.81,0,P2M,0
TXN100887,USR0106,1477.6,1061.0,1.393,33.7,187.6,13,Delhi,0,DEV_ANDROID_13,0,1715,0,0.81,1,P2P,0
TXN100888,USR0109,2519.04,1296.0,1.944,42.0,1.9,22,Bengaluru,1,DEV_UNKNOWN,1,1554,3,12.82,0,P2P,1
TXN100889,USR0135,23649.99,3326.0,7.111,6.0,63.4,18,Kolkata,0,DEV_IOS_18,0,1183,0,1.32,1,P2P,0
TXN100890,USR0129,5273.54,4329.0,1.218,16.2,310.8,10,Chennai,0,DEV_ANDROID_13,0,1383,0,2.03,0,BILL_PAYMENT,0
TXN100891,USR0135,4212.3,3326.0,1.266,10.4,25.1,17,Kolkata,0,DEV_IOS_18,0,1174,0,1.17,1,P2P,0
TXN100892,USR0134,39891.69,4359.0,9.152,23.0,42.8,1,Lucknow,1,DEV_ANDROID_12,1,306,4,5.89,0,P2M,1
TXN100893,USR0017,5516.58,1139.0,4.843,12.0,29.0,1,Delhi,1,DEV_UNKNOWN,1,1140,2,3.88,0,P2P,1
TXN100894,USR0106,1856.33,1061.0,1.75,25.5,110.6,12,Delhi,0,DEV_ANDROID_13,0,1660,0,0.8,1,P2M,0
TXN100895,USR0049,788.73,835.0,0.945,21.1,127.0,22,Mumbai,0,DEV_IOS_18,0,1193,1,0.1,1,P2M,0
TXN100896,USR0143,3194.34,3747.0,0.853,27.9,755.5,16,Chennai,0,DEV_IOS_18,0,1698,0,1.23,0,P2M,0
TXN100897,USR0027,512.61,816.0,0.628,21.3,188.9,14,Hyderabad,0,DEV_IOS_18,0,1487,0,1.02,1,P2M,0
TXN100898,USR0076,7224.97,3835.0,1.884,16.5,90.6,23,Mumbai,0,DEV_ANDROID_13,0,509,0,0.69,1,P2P,0
TXN100899,USR0004,421.89,989.0,0.427,35.1,124.5,16,Chennai,0,DEV_IOS_18,0,867,0,1.59,1,P2P,0
TXN100900,USR0150,4570.1,1846.0,2.476,11.0,11.8,14,Jaipur,1,DEV_IOS_18,0,307,1,3.21,0,P2P,1
TXN100901,USR0030,1095.41,1476.0,0.742,29.2,730.5,15,Hyderabad,1,DEV_ANDROID_14,0,157,0,1.5,1,P2P,0
TXN100902,USR0059,2775.21,4787.0,0.58,13.7,39.4,8,Kolkata,1,DEV_ANDROID_14,0,1039,0,0.38,0,P2P,0
TXN100903,USR0027,2330.54,816.0,2.856,16.0,15.0,14,Mumbai,1,DEV_UNKNOWN,1,1476,2,3.61,0,P2P,1
TXN100904,USR0053,10590.66,1779.0,5.953,32.0,305.6,15,Bengaluru,1,DEV_ANDROID_14,0,1796,0,1.28,1,P2P,0
TXN100905,USR0072,2627.16,4501.0,0.584,3.5,261.1,14,Kolkata,0,DEV_ANDROID_14,0,1400,0,0.81,1,P2P,0
TXN100906,USR0131,1204.37,1330.0,0.906,30.9,154.2,8,Bengaluru,0,DEV_ANDROID_13,1,1036,0,1.12,1,P2P,0
TXN100907,USR0007,910.96,823.0,1.107,19.0,408.0,12,Bengaluru,0,DEV_ANDROID_14,0,1639,0,0.18,1,P2M,0
TXN100908,USR0013,2060.47,2086.0,0.988,33.0,287.7,12,Kochi,1,DEV_ANDROID_13,0,814,0,1.35,1,P2P,0
TXN100909,USR0017,3592.58,1139.0,3.154,25.5,133.0,11,Kolkata,0,DEV_IOS_18,0,1129,0,2.12,1,P2P,0
TXN100910,USR0146,1469.62,803.0,1.83,21.9,122.9,15,Mumbai,0,DEV_ANDROID_13,0,1207,0,1.48,1,P2P,0
TXN100911,USR0144,1290.38,2663.0,0.485,15.8,1120.5,8,Chennai,0,DEV_IOS_18,0,1121,0,0.71,0,P2P,0
TXN100912,USR0023,14677.99,2955.0,4.967,12.0,76.0,5,Pune,1,DEV_IOS_18,1,957,3,4.64,0,P2P,1
TXN100913,USR0078,4459.25,4223.0,1.056,33.1,130.4,15,Mumbai,0,DEV_ANDROID_14,0,314,0,1.08,1,P2M,0
TXN100914,USR0113,2252.2,2668.0,0.844,5.0,258.4,16,Hyderabad,0,DEV_ANDROID_14,0,1626,0,1.01,1,P2P,0
TXN100915,USR0006,13140.37,4184.0,3.141,24.0,150.0,1,Hyderabad,0,DEV_UNKNOWN,1,857,1,4.85,0,P2P,1
TXN100916,USR0116,4623.33,2809.0,1.646,34.9,223.5,11,Bengaluru,0,DEV_ANDROID_13,0,256,0,0.72,0,P2M,0
TXN100917,USR0085,14843.39,3924.0,3.783,21.7,22.8,9,Kolkata,0,DEV_ANDROID_13,0,797,0,0.1,1,P2P,0
TXN100918,USR0103,2998.41,4267.0,0.703,37.5,190.4,16,Kolkata,0,DEV_IOS_18,1,1727,0,1.12,0,P2P,0
TXN100919,USR0078,3270.59,4223.0,0.774,31.7,166.8,12,Mumbai,0,DEV_ANDROID_13,1,285,0,2.14,1,P2P,0
TXN100920,USR0076,24844.51,3835.0,6.478,26.0,189.0,3,Bengaluru,1,DEV_WEB_CHROME,1,491,0,7.05,0,P2P,1
TXN100921,USR0012,567.77,1109.0,0.512,22.2,102.5,16,Mumbai,0,DEV_IOS_18,0,1282,0,1.98,1,P2M,0
TXN100922,USR0136,795.03,788.0,1.009,20.2,72.2,16,Chennai,0,DEV_IOS_18,0,1703,0,0.71,0,P2P,0
TXN100923,USR0080,2582.41,1303.0,1.982,8.5,30.9,8,Kolkata,0,DEV_ANDROID_14,0,607,0,0.54,1,P2P,0
TXN100924,USR0071,1467.29,1774.0,0.827,16.9,406.6,14,Hyderabad,0,DEV_ANDROID_14,0,1753,0,1.24,1,P2M,0
TXN100925,USR0111,6498.87,4209.0,1.544,4.7,344.6,16,Chennai,0,DEV_IOS_18,0,1763,0,0.52,1,P2P,0
TXN100926,USR0116,3121.79,2809.0,1.111,29.8,138.7,12,Bengaluru,0,DEV_ANDROID_13,0,238,0,2.89,1,P2M,0
TXN100927,USR0069,4417.71,3260.0,1.355,20.9,6.9,18,Hyderabad,0,DEV_ANDROID_14,0,1676,0,0.86,1,P2P,0
TXN100928,USR0056,3688.5,4000.0,0.922,6.4,220.8,16,Bengaluru,0,DEV_IOS_18,0,196,0,2.77,1,P2M,0
TXN100929,USR0034,1776.68,1168.0,1.521,19.2,501.7,12,Chennai,0,DEV_ANDROID_14,0,118,0,1.17,1,P2M,0
TXN100930,USR0142,7959.18,3033.0,2.624,27.0,42.4,19,Bengaluru,1,DEV_ANDROID_14,0,865,0,2.04,0,ONLINE_SHOPPING,0
TXN100931,USR0118,708.69,855.0,0.829,25.6,101.7,10,Kolkata,0,DEV_ANDROID_13,0,1520,0,0.24,0,P2P,0
TXN100932,USR0010,8428.34,4508.0,1.87,24.9,146.0,14,Kolkata,0,DEV_IOS_18,0,1449,0,0.41,1,BILL_PAYMENT,0
TXN100933,USR0028,9711.96,541.0,17.952,42.0,30.9,9,Chandigarh,1,DEV_UNKNOWN,1,786,1,7.4,0,P2M,1
TXN100934,USR0141,1333.03,1171.0,1.138,10.3,188.2,14,Hyderabad,0,DEV_IOS_18,0,308,0,2.25,0,P2P,0
TXN100935,USR0109,1423.6,1296.0,1.098,9.3,5.0,13,Chennai,0,DEV_ANDROID_14,0,1550,0,0.1,1,P2P,0
TXN100936,USR0096,771.53,482.0,1.601,21.4,389.6,13,Chennai,0,DEV_ANDROID_13,0,207,0,1.12,1,P2P,0
TXN100937,USR0128,1062.22,1765.0,0.602,24.1,201.8,17,Chennai,0,DEV_ANDROID_14,0,1698,0,0.83,0,P2P,0
TXN100938,USR0073,2128.42,1427.0,1.492,29.1,218.9,12,Kolkata,0,DEV_ANDROID_13,0,291,0,0.47,1,P2P,0
TXN100939,USR0061,391.46,445.0,0.88,26.5,157.2,14,Bengaluru,0,DEV_ANDROID_13,0,983,1,1.98,1,P2P,0
TXN100940,USR0110,3995.62,3119.0,1.281,26.3,5.0,12,Lucknow,1,DEV_IOS_18,0,1274,0,0.12,1,ONLINE_SHOPPING,0
TXN100941,USR0010,2962.94,4508.0,0.657,23.3,473.8,16,Kolkata,0,DEV_IOS_18,0,1423,0,0.93,1,ONLINE_SHOPPING,0
TXN100942,USR0038,5372.47,2152.0,2.497,14.0,13.3,10,Kolkata,1,DEV_UNKNOWN,1,597,1,2.91,0,P2P,1
TXN100943,USR0050,3779.31,2312.0,1.635,28.3,32.6,10,Mumbai,0,DEV_ANDROID_13,0,101,0,1.52,1,P2M,0
TXN100944,USR0031,8044.42,4621.0,1.741,9.9,734.6,11,Kolkata,0,DEV_ANDROID_14,0,795,0,1.69,1,P2M,0
TXN100945,USR0057,8154.35,3487.0,2.338,16.0,112.3,12,Delhi,0,DEV_IOS_18,0,823,0,1.4,1,P2P,0
TXN100946,USR0114,2827.36,1547.0,1.828,20.8,58.8,16,Ahmedabad,1,DEV_ANDROID_14,0,1076,0,1.99,1,P2M,0
TXN100947,USR0108,359.73,931.0,0.386,23.8,105.6,12,Mumbai,0,DEV_IOS_18,0,120,0,1.92,0,P2M,0
TXN100948,USR0042,15282.9,4858.0,3.146,60.0,2.6,9,Pune,1,DEV_ANDROID_12,1,1395,4,12.16,0,ONLINE_SHOPPING,1
TXN100949,USR0131,1445.24,1330.0,1.087,26.7,297.5,15,Bengaluru,0,DEV_IOS_18,0,1038,0,0.71,0,P2M,0
TXN100950,USR0062,2503.9,2948.0,0.849,15.3,14.2,10,Mumbai,0,DEV_ANDROID_14,0,274,0,2.36,1,RECHARGE,0
TXN100951,USR0092,4242.07,3316.0,1.279,34.5,67.1,20,Hyderabad,0,DEV_ANDROID_14,0,254,0,0.76,1,INVESTMENT,0
TXN100952,USR0129,4649.51,4329.0,1.074,14.5,162.4,17,Chennai,0,DEV_ANDROID_13,0,1408,0,1.38,1,ONLINE_SHOPPING,0
TXN100953,USR0095,2044.76,2387.0,0.857,21.0,57.9,9,Chennai,0,DEV_ANDROID_13,0,1142,0,0.43,1,INVESTMENT,0
TXN100954,USR0060,3075.24,2418.0,1.272,16.0,5.2,16,Hyderabad,0,DEV_ANDROID_13,0,65,0,1.06,1,ONLINE_SHOPPING,0
TXN100955,USR0052,1146.17,875.0,1.31,12.5,73.3,8,Mumbai,0,DEV_ANDROID_13,0,1061,1,0.74,1,P2P,0
TXN100956,USR0019,3576.2,4271.0,0.837,15.7,1293.7,15,Bengaluru,0,DEV_ANDROID_13,0,1636,0,1.19,0,P2M,0
TXN100957,USR0010,2836.03,4508.0,0.629,24.9,20.9,12,Kolkata,0,DEV_IOS_18,0,1429,0,1.31,1,P2M,0
TXN100958,USR0061,480.4,445.0,1.08,30.4,113.8,16,Bengaluru,0,DEV_ANDROID_13,0,1011,0,1.71,1,P2P,0
TXN100959,USR0062,3287.26,2948.0,1.115,20.1,230.6,20,Mumbai,0,DEV_ANDROID_14,0,271,0,1.61,0,P2P,0
TXN100960,USR0111,2374.91,4209.0,0.564,10.6,529.4,14,Chennai,0,DEV_IOS_18,0,1809,0,0.52,0,P2P,0
TXN100961,USR0087,4797.03,4199.0,1.142,10.6,120.1,10,Mumbai,0,DEV_ANDROID_13,0,822,0,1.61,1,P2M,0
TXN100962,USR0084,886.45,960.0,0.923,9.2,28.8,14,Chennai,0,DEV_ANDROID_13,0,916,0,1.67,1,P2M,0
TXN100963,USR0094,1939.86,3141.0,0.618,7.9,349.4,13,Kolkata,0,DEV_ANDROID_14,0,1722,0,1.3,1,P2P,0
TXN100964,USR0029,5861.5,1672.0,3.506,17.0,16.3,10,Mumbai,1,DEV_UNKNOWN,1,1806,0,5.12,0,P2P,1
TXN100965,USR0140,6738.57,3114.0,2.164,7.9,228.8,19,Delhi,0,DEV_WEB_CHROME,1,220,0,1.09,1,P2P,0
TXN100966,USR0044,745.82,843.0,0.885,21.7,134.7,10,Delhi,0,DEV_ANDROID_14,0,1678,0,2.04,1,BILL_PAYMENT,0
TXN100967,USR0143,2926.52,3747.0,0.781,26.9,289.4,9,Chennai,0,DEV_IOS_18,0,1679,0,0.1,1,P2P,0
TXN100968,USR0021,3184.32,4102.0,0.776,8.9,135.5,12,Chennai,0,DEV_ANDROID_14,0,1461,0,0.97,1,ONLINE_SHOPPING,0
TXN100969,USR0140,9730.77,3114.0,3.125,30.0,270.0,5,Lucknow,1,DEV_UNKNOWN,1,199,3,2.88,0,P2P,1
TXN100970,USR0037,2378.82,2687.0,0.885,26.4,30.1,9,Kolkata,0,DEV_ANDROID_13,1,897,0,2.15,1,BILL_PAYMENT,0
TXN100971,USR0031,7937.43,4621.0,1.718,15.7,783.3,15,Kolkata,0,DEV_ANDROID_14,0,792,0,2.0,0,P2M,0
TXN100972,USR0115,647.84,1698.0,0.382,16.2,147.0,15,Kolkata,0,DEV_IOS_18,0,78,0,2.23,1,BILL_PAYMENT,0
TXN100973,USR0085,4442.88,3924.0,1.132,19.2,286.4,16,Kolkata,0,DEV_ANDROID_13,0,824,0,1.15,0,P2M,0
TXN100974,USR0090,4088.35,4795.0,0.853,20.3,281.1,19,Hyderabad,0,DEV_ANDROID_14,0,584,0,1.53,1,P2M,0
TXN100975,USR0078,2832.8,4223.0,0.671,24.2,137.2,23,Mumbai,0,DEV_ANDROID_14,0,325,0,0.95,1,P2M,0
TXN100976,USR0012,957.97,1109.0,0.864,23.0,72.5,13,Mumbai,0,DEV_IOS_18,0,1284,0,1.03,0,P2P,0
TXN100977,USR0019,2786.55,4271.0,0.652,15.0,116.5,9,Bengaluru,0,DEV_ANDROID_13,0,1620,0,2.54,1,P2P,0
TXN100978,USR0107,3598.94,1116.0,3.225,11.0,175.4,7,Hyderabad,0,DEV_ANDROID_14,0,1036,0,1.82,1,BILL_PAYMENT,0
TXN100979,USR0134,3682.94,4359.0,0.845,31.3,213.9,7,Chennai,0,DEV_IOS_18,0,291,0,1.75,0,P2P,0
TXN100980,USR0129,3333.93,4329.0,0.77,22.6,138.7,12,Chennai,0,DEV_ANDROID_13,0,1443,0,1.62,1,BILL_PAYMENT,0
TXN100981,USR0092,8408.58,3316.0,2.536,29.2,762.5,10,Hyderabad,0,DEV_ANDROID_14,0,228,0,2.59,0,P2M,0
TXN100982,USR0125,931.55,1159.0,0.804,23.5,174.8,12,Bengaluru,0,DEV_IOS_18,0,1127,0,2.37,1,P2P,0
TXN100983,USR0123,2049.04,4007.0,0.511,14.7,175.3,22,Pune,1,DEV_IOS_18,0,1279,1,0.26,1,RECHARGE,0
TXN100984,USR0071,1680.35,1774.0,0.947,17.3,32.1,12,Hyderabad,0,DEV_ANDROID_14,0,1752,0,1.0,1,INVESTMENT,0
TXN100985,USR0011,2117.36,2073.0,1.021,20.2,94.8,17,Chennai,0,DEV_ANDROID_14,0,911,0,1.47,1,P2P,0
TXN100986,USR0089,2492.62,1008.0,2.473,21.4,81.6,23,Kolkata,0,DEV_ANDROID_14,0,965,0,1.87,1,P2P,0
TXN100987,USR0131,703.68,1330.0,0.529,26.2,149.3,13,Bengaluru,0,DEV_IOS_18,0,1049,0,1.48,1,P2P,0
TXN100988,USR0130,1427.98,2863.0,0.499,30.1,669.1,16,Delhi,0,DEV_IOS_18,0,1571,0,0.41,1,P2P,0
TXN100989,USR0026,5488.67,3918.0,1.401,19.7,101.8,14,Hyderabad,0,DEV_ANDROID_14,0,1173,0,0.87,1,P2M,0
TXN100990,USR0016,1631.6,1443.0,1.131,14.5,24.4,17,Bengaluru,0,DEV_ANDROID_14,0,1263,0,1.6,1,BILL_PAYMENT,0
TXN100991,USR0096,1721.2,482.0,3.571,12.0,145.0,4,Lucknow,1,DEV_UNKNOWN,1,227,3,4.81,0,P2P,1
TXN100992,USR0023,3178.13,2955.0,1.076,18.4,285.7,15,Bengaluru,1,DEV_ANDROID_13,0,940,0,1.5,1,P2P,0
TXN100993,USR0058,2961.94,3029.0,0.978,18.7,202.8,9,Kolkata,0,DEV_ANDROID_14,0,914,2,2.34,1,P2P,0
TXN100994,USR0007,1658.87,823.0,2.016,21.7,116.6,20,Bengaluru,0,DEV_ANDROID_14,0,1590,0,1.02,1,P2P,0
TXN100995,USR0025,2561.39,3410.0,0.751,19.4,290.3,12,Bengaluru,0,DEV_ANDROID_13,0,1581,0,1.04,0,P2P,0
TXN100996,USR0113,2223.18,2668.0,0.833,3.8,404.5,12,Pune,1,DEV_ANDROID_14,0,1625,0,2.14,1,BILL_PAYMENT,0
TXN100997,USR0033,1434.09,2282.0,0.628,15.7,148.8,13,Kolkata,0,DEV_IOS_18,0,764,0,1.9,1,P2M,0
TXN100998,USR0007,1324.4,823.0,1.609,23.2,228.7,15,Bengaluru,0,DEV_ANDROID_14,0,1595,0,0.42,1,P2P,0
TXN100999,USR0050,2991.54,2312.0,1.294,27.3,40.5,19,Mumbai,0,DEV_ANDROID_13,0,108,0,0.8,1,P2M,0
TXN101000,USR0035,3229.01,3949.0,0.818,30.0,55.3,19,Mumbai,0,DEV_ANDROID_14,0,1248,0,1.09,1,P2M,0
TXN101001,USR0003,1891.11,3784.0,0.5,30.4,150.0,19,Hyderabad,0,DEV_ANDROID_13,0,1290,0,0.49,1,RECHARGE,0
TXN101002,USR0065,2752.02,3227.0,0.853,30.8,311.6,21,Delhi,0,DEV_ANDROID_14,0,1759,0,2.13,1,P2P,0
TXN101003,USR0120,3369.57,3985.0,0.846,26.8,199.3,15,Chandigarh,1,DEV_IOS_18,0,1181,0,0.83,1,P2P,0
TXN101004,USR0145,27870.22,4287.0,6.501,10.5,12.7,9,Mumbai,0,DEV_ANDROID_13,0,1461,0,0.66,1,BILL_PAYMENT,0
TXN101005,USR0087,3463.51,4199.0,0.825,10.0,80.1,10,Mumbai,0,DEV_ANDROID_13,0,826,0,0.74,1,P2P,0
TXN101006,USR0148,1241.89,1934.0,0.642,29.3,34.0,8,Chennai,0,DEV_ANDROID_13,0,1678,0,1.76,0,P2M,0
TXN101007,USR0017,3150.87,1139.0,2.766,26.3,25.1,16,Kolkata,0,DEV_IOS_18,0,1197,0,2.1,1,P2P,0
TXN101008,USR0109,791.12,1296.0,0.61,9.2,66.6,12,Chennai,0,DEV_ANDROID_14,0,1484,0,1.42,1,ONLINE_SHOPPING,0
TXN101009,USR0046,2748.6,3064.0,0.897,22.0,71.2,18,Delhi,0,DEV_ANDROID_13,0,374,0,0.84,1,BILL_PAYMENT,0
TXN101010,USR0137,9040.68,4815.0,1.878,33.9,289.8,17,Chennai,0,DEV_ANDROID_14,0,386,0,2.34,1,P2P,0
TXN101011,USR0075,3297.81,2287.0,1.442,17.3,70.1,13,Bengaluru,0,DEV_IOS_18,0,1592,0,2.02,1,P2P,0
TXN101012,USR0070,5090.54,4705.0,1.082,10.6,61.1,10,Delhi,0,DEV_ANDROID_13,0,352,2,0.65,1,RECHARGE,0
TXN101013,USR0036,569.54,1141.0,0.499,27.5,140.1,12,Bengaluru,0,DEV_ANDROID_13,0,907,0,1.51,1,P2P,0
TXN101014,USR0073,1524.09,1427.0,1.068,31.3,16.7,11,Lucknow,1,DEV_ANDROID_13,0,226,0,1.86,1,P2P,0
TXN101015,USR0123,2268.32,4007.0,0.566,12.7,199.2,13,Kolkata,0,DEV_IOS_18,0,1269,0,1.85,1,P2M,0
TXN101016,USR0080,2653.83,1303.0,2.037,11.3,105.9,7,Kolkata,0,DEV_ANDROID_14,0,570,0,1.25,0,P2P,0
TXN101017,USR0083,1749.31,1684.0,1.039,11.5,57.1,18,Delhi,0,DEV_ANDROID_14,0,54,2,1.37,0,P2P,0
TXN101018,USR0039,3756.12,3193.0,1.176,19.6,38.7,8,Chennai,0,DEV_IOS_18,0,1757,0,1.19,1,P2P,0
TXN101019,USR0060,1364.69,2418.0,0.564,7.2,81.0,12,Hyderabad,0,DEV_ANDROID_13,0,110,0,0.74,1,P2M,0
TXN101020,USR0087,3594.38,4199.0,0.856,5.0,10.2,10,Mumbai,0,DEV_ANDROID_13,0,825,0,1.62,1,P2P,0
TXN101021,USR0148,3117.55,1934.0,1.612,25.8,562.0,19,Chennai,0,DEV_ANDROID_14,1,1672,0,1.98,0,RECHARGE,0
TXN101022,USR0017,1249.7,1139.0,1.097,30.0,302.5,17,Kolkata,0,DEV_IOS_18,0,1202,0,0.3,0,P2M,0
TXN101023,USR0016,4065.73,1443.0,2.818,40.0,3.0,19,Hyderabad,1,DEV_ANDROID_12,1,1196,2,6.72,0,ONLINE_SHOPPING,1
TXN101024,USR0131,6459.76,1330.0,4.857,57.0,3.4,4,Jaipur,1,DEV_ANDROID_13,1,997,3,13.87,0,P2P,1
TXN101025,USR0072,3519.76,4501.0,0.782,7.4,281.1,15,Kolkata,0,DEV_IOS_18,1,1357,0,1.36,1,P2M,0
TXN101026,USR0071,3009.55,1774.0,1.696,16.1,28.2,17,Hyderabad,0,DEV_ANDROID_14,0,1796,0,0.34,1,P2M,0
TXN101027,USR0019,6598.81,4271.0,1.545,16.0,686.7,19,Bengaluru,0,DEV_ANDROID_13,0,1646,0,1.85,0,P2P,0
TXN101028,USR0002,2815.92,3607.0,0.781,11.8,130.8,23,Kolkata,0,DEV_ANDROID_14,0,254,0,1.66,1,ONLINE_SHOPPING,0
TXN101029,USR0107,657.72,1116.0,0.589,8.5,7.8,6,Hyderabad,0,DEV_ANDROID_14,0,1054,0,1.0,1,P2P,0
TXN101030,USR0142,1305.11,3033.0,0.43,22.7,28.6,13,Hyderabad,0,DEV_ANDROID_14,0,846,0,1.76,0,P2M,0
TXN101031,USR0120,5295.76,3985.0,1.329,18.6,54.3,20,Chennai,0,DEV_IOS_18,0,1224,0,1.2,1,ONLINE_SHOPPING,0
TXN101032,USR0092,2381.17,3316.0,0.718,25.8,744.4,23,Hyderabad,0,DEV_ANDROID_14,0,223,0,1.31,1,P2M,0
TXN101033,USR0139,2945.86,4684.0,0.629,30.1,70.8,12,Kolkata,0,DEV_ANDROID_13,0,181,0,2.09,1,P2P,0
TXN101034,USR0049,1348.03,835.0,1.614,21.5,56.9,11,Mumbai,0,DEV_IOS_18,0,1175,0,1.9,0,P2P,0
TXN101035,USR0053,1661.35,1779.0,0.934,24.2,87.4,15,Chennai,0,DEV_ANDROID_14,0,1820,0,1.34,1,P2M,0
TXN101036,USR0031,2200.78,4621.0,0.476,14.3,159.9,15,Kolkata,0,DEV_ANDROID_13,1,831,0,1.17,0,BILL_PAYMENT,0
TXN101037,USR0102,1473.77,1540.0,0.957,13.0,458.1,14,Bengaluru,0,DEV_IOS_18,0,468,0,0.41,1,P2P,0
TXN101038,USR0105,1120.63,1284.0,0.873,22.9,14.4,8,Bengaluru,0,DEV_ANDROID_14,0,620,0,1.36,1,P2P,0
TXN101039,USR0045,3675.68,3638.0,1.01,8.4,187.0,11,Mumbai,0,DEV_WEB_CHROME,1,1339,0,1.89,1,P2M,0
TXN101040,USR0060,2519.41,2418.0,1.042,12.9,135.7,17,Hyderabad,0,DEV_ANDROID_13,0,66,0,1.62,0,P2P,0
TXN101041,USR0060,1982.79,2418.0,0.82,10.3,84.9,12,Hyderabad,0,DEV_ANDROID_13,0,70,0,0.7,1,P2P,0
TXN101042,USR0096,862.92,482.0,1.79,25.3,337.5,8,Chennai,0,DEV_ANDROID_13,0,221,0,1.18,0,P2P,0
TXN101043,USR0006,3536.45,4184.0,0.845,21.6,67.1,18,Hyderabad,0,DEV_IOS_18,0,794,0,1.12,1,P2P,0
TXN101044,USR0121,2923.47,3799.0,0.77,1.1,91.8,17,Hyderabad,0,DEV_ANDROID_13,0,1551,0,1.47,1,BILL_PAYMENT,0
TXN101045,USR0065,3191.97,3227.0,0.989,33.9,63.2,10,Delhi,0,DEV_ANDROID_14,0,1766,0,0.89,0,P2P,0
TXN101046,USR0018,2882.68,1836.0,1.57,31.6,69.3,13,Chennai,0,DEV_ANDROID_14,0,1506,0,1.29,0,P2P,0
TXN101047,USR0077,5598.17,4759.0,1.176,15.2,349.4,11,Mumbai,0,DEV_ANDROID_13,0,97,0,0.62,1,P2P,0
TXN101048,USR0064,3365.22,3744.0,0.899,36.7,341.8,16,Hyderabad,0,DEV_ANDROID_13,0,1411,0,1.38,0,P2P,0
TXN101049,USR0071,751.4,1774.0,0.424,16.0,40.2,15,Hyderabad,0,DEV_ANDROID_14,0,1752,0,0.65,1,P2P,0
TXN101050,USR0058,15957.66,3029.0,5.268,32.0,26.2,20,Kolkata,0,DEV_ANDROID_12,1,901,1,9.22,0,P2P,1
TXN101051,USR0066,507.62,572.0,0.887,6.3,249.3,13,Delhi,0,DEV_ANDROID_14,0,1032,0,1.86,1,P2M,0
TXN101052,USR0085,6029.86,3924.0,1.537,18.1,115.3,16,Lucknow,1,DEV_ANDROID_13,0,809,0,1.69,0,P2P,0
TXN101053,USR0116,3443.24,2809.0,1.226,30.2,154.3,19,Bengaluru,0,DEV_WEB_CHROME,1,259,0,1.19,1,ONLINE_SHOPPING,0
TXN101054,USR0090,3901.54,4795.0,0.814,17.6,169.0,20,Hyderabad,0,DEV_ANDROID_14,0,533,0,1.31,1,P2M,0
TXN101055,USR0133,925.81,561.0,1.65,7.6,585.3,21,Kochi,1,DEV_ANDROID_13,0,1080,0,1.19,1,RECHARGE,0
TXN101056,USR0090,4769.88,4795.0,0.995,18.7,45.1,14,Hyderabad,0,DEV_ANDROID_14,0,582,0,0.1,1,P2M,0
TXN101057,USR0126,2405.03,2090.0,1.151,19.4,677.7,17,Delhi,0,DEV_ANDROID_13,1,735,0,1.92,0,INVESTMENT,0
TXN101058,USR0107,1248.29,1116.0,1.119,12.8,59.8,12,Hyderabad,0,DEV_ANDROID_14,0,1095,0,0.93,1,P2M,0
TXN101059,USR0138,3051.92,3130.0,0.975,14.6,165.0,16,Chennai,0,DEV_IOS_18,0,1453,0,0.9,0,P2P,0
TXN101060,USR0017,625.59,1139.0,0.549,31.2,107.3,17,Kolkata,0,DEV_ANDROID_13,1,1168,0,1.61,0,BILL_PAYMENT,0
TXN101061,USR0141,3877.81,1171.0,3.312,38.0,0.6,8,Chennai,1,DEV_IOS_18,0,248,1,7.25,0,P2P,1
TXN101062,USR0086,7198.38,4098.0,1.757,11.1,292.1,16,Delhi,0,DEV_ANDROID_13,0,1306,0,0.83,1,P2P,0
TXN101063,USR0150,3226.32,1846.0,1.748,15.0,327.3,13,Bengaluru,0,DEV_IOS_18,0,309,0,1.14,1,P2M,0
TXN101064,USR0044,689.77,843.0,0.818,20.4,164.7,15,Delhi,0,DEV_ANDROID_14,0,1622,0,1.04,1,P2P,0
TXN101065,USR0072,7128.2,4501.0,1.584,4.8,161.2,16,Kolkata,0,DEV_ANDROID_14,0,1407,1,2.6,1,P2P,0
TXN101066,USR0014,12783.61,2104.0,6.076,7.9,56.8,11,Delhi,0,DEV_ANDROID_13,0,846,0,1.43,1,P2M,0
TXN101067,USR0051,1621.09,1265.0,1.281,6.3,181.5,18,Delhi,0,DEV_IOS_18,0,1251,0,1.2,0,P2M,0
TXN101068,USR0005,970.45,1239.0,0.783,35.9,46.9,17,Hyderabad,0,DEV_WEB_CHROME,1,1407,0,0.65,1,P2P,0
TXN101069,USR0098,6755.64,2841.0,2.378,24.0,315.3,20,Delhi,0,DEV_IOS_18,0,1145,0,1.79,1,BILL_PAYMENT,0
TXN101070,USR0118,814.46,855.0,0.953,28.1,72.4,15,Kolkata,0,DEV_ANDROID_13,0,1522,0,2.12,1,P2M,0
TXN101071,USR0082,1524.19,1061.0,1.437,29.0,221.9,9,Hyderabad,0,DEV_IOS_18,0,93,0,1.47,1,ONLINE_SHOPPING,0
TXN101072,USR0126,1146.62,2090.0,0.549,16.2,193.7,20,Delhi,0,DEV_IOS_18,0,698,0,1.13,1,BILL_PAYMENT,0
TXN101073,USR0136,1892.95,788.0,2.402,28.0,7.4,11,Chennai,0,DEV_IOS_18,0,1677,2,3.78,0,P2P,1
TXN101074,USR0049,915.6,835.0,1.097,19.0,172.3,12,Mumbai,0,DEV_IOS_18,0,1166,0,1.32,1,BILL_PAYMENT,0
TXN101075,USR0132,2891.28,3311.0,0.873,6.8,88.8,10,Hyderabad,0,DEV_ANDROID_13,0,535,0,1.11,1,P2P,0
TXN101076,USR0055,510.94,1096.0,0.466,38.1,305.9,14,Delhi,0,DEV_ANDROID_14,0,797,0,2.34,1,ONLINE_SHOPPING,0
TXN101077,USR0123,12165.69,4007.0,3.036,16.0,15.7,17,Chennai,1,DEV_UNKNOWN,1,1287,1,2.81,0,P2P,1
TXN101078,USR0061,839.46,445.0,1.886,32.7,257.4,15,Bengaluru,0,DEV_WEB_CHROME,1,1025,2,1.66,1,P2P,0
TXN101079,USR0121,7096.37,3799.0,1.868,5.0,86.1,16,Hyderabad,0,DEV_ANDROID_13,0,1551,0,0.52,1,ONLINE_SHOPPING,0
TXN101080,USR0096,390.32,482.0,0.81,21.6,21.5,18,Chennai,0,DEV_ANDROID_13,0,242,0,1.59,1,P2P,0
TXN101081,USR0063,1358.43,946.0,1.436,9.4,56.1,12,Hyderabad,0,DEV_ANDROID_13,0,470,0,0.86,1,P2M,0
TXN101082,USR0140,2628.66,3114.0,0.844,1.0,98.1,15,Delhi,0,DEV_ANDROID_13,0,204,0,0.95,0,P2P,0
TXN101083,USR0108,834.59,931.0,0.896,19.6,260.7,8,Mumbai,0,DEV_IOS_18,0,82,0,0.59,1,P2M,0
TXN101084,USR0035,4127.33,3949.0,1.045,26.9,5.0,18,Chennai,1,DEV_ANDROID_14,0,1254,0,0.81,0,BILL_PAYMENT,0
TXN101085,USR0079,1350.07,2089.0,0.646,22.0,205.5,9,Chennai,0,DEV_IOS_18,1,1295,0,1.42,0,ONLINE_SHOPPING,0
TXN101086,USR0086,12506.28,4098.0,3.052,1.0,110.0,9,Delhi,0,DEV_ANDROID_13,0,1344,0,0.58,1,P2M,0
TXN101087,USR0096,23224.78,482.0,48.184,37.0,31.3,18,Pune,1,DEV_ANDROID_12,1,244,1,6.17,0,INVESTMENT,1
TXN101088,USR0101,5002.71,4828.0,1.036,36.7,99.8,10,Mumbai,0,DEV_IOS_18,0,554,0,1.62,0,P2P,0
TXN101089,USR0124,1084.78,1625.0,0.668,1.0,9.2,6,Hyderabad,0,DEV_ANDROID_14,0,307,0,2.45,1,P2P,0
TXN101090,USR0028,354.25,541.0,0.655,18.6,20.9,10,Delhi,0,DEV_IOS_18,0,855,0,0.61,1,BILL_PAYMENT,0
TXN101091,USR0020,7776.19,3539.0,2.197,37.0,6.1,18,Chandigarh,1,DEV_UNKNOWN,1,327,1,3.0,0,P2P,1
TXN101092,USR0097,2794.35,1552.0,1.8,28.8,36.2,15,Delhi,0,DEV_ANDROID_13,0,895,0,0.61,0,P2P,0
TXN101093,USR0026,7574.49,3918.0,1.933,20.1,57.8,15,Hyderabad,0,DEV_ANDROID_14,0,1182,0,1.14,1,P2P,0
TXN101094,USR0040,3426.35,942.0,3.637,13.2,81.3,7,Mumbai,0,DEV_IOS_18,0,1781,0,0.84,0,P2M,0
TXN101095,USR0141,769.61,1171.0,0.657,1.2,29.6,9,Hyderabad,0,DEV_IOS_18,0,254,0,1.11,0,P2P,0
TXN101096,USR0128,1137.91,1765.0,0.645,34.9,76.9,19,Chennai,0,DEV_ANDROID_13,1,1723,0,1.07,0,P2P,0
TXN101097,USR0096,596.03,482.0,1.237,22.4,192.4,15,Chennai,0,DEV_ANDROID_13,0,253,0,1.94,1,P2P,0
TXN101098,USR0045,2715.02,3638.0,0.746,7.3,14.4,15,Ahmedabad,1,DEV_IOS_18,0,1311,0,1.36,1,ONLINE_SHOPPING,0
TXN101099,USR0133,405.33,561.0,0.723,13.4,31.4,17,Delhi,0,DEV_ANDROID_13,0,1076,0,1.69,1,P2P,0
TXN101100,USR0044,1639.2,843.0,1.944,30.0,15.7,12,Delhi,0,DEV_UNKNOWN,1,1613,2,2.63,0,P2P,1
TXN101101,USR0065,3502.33,3227.0,1.085,31.6,130.5,19,Mumbai,1,DEV_ANDROID_14,0,1803,0,1.35,0,RECHARGE,0
TXN101102,USR0118,340.98,855.0,0.399,28.7,5.7,10,Kolkata,0,DEV_ANDROID_13,0,1550,0,0.7,1,P2M,0
TXN101103,USR0049,720.1,835.0,0.862,22.7,564.6,15,Mumbai,0,DEV_WEB_CHROME,1,1159,0,1.09,1,P2P,0
TXN101104,USR0132,7423.61,3311.0,2.242,5.4,233.0,18,Hyderabad,0,DEV_WEB_CHROME,1,542,0,2.17,0,P2P,0
TXN101105,USR0134,7127.35,4359.0,1.635,35.7,90.8,7,Chennai,0,DEV_IOS_18,0,270,0,1.04,0,BILL_PAYMENT,0
TXN101106,USR0050,2620.86,2312.0,1.134,23.7,5.0,16,Mumbai,0,DEV_ANDROID_13,0,154,0,0.89,1,P2M,0
TXN101107,USR0148,2178.3,1934.0,1.126,25.1,5.0,16,Chennai,0,DEV_ANDROID_13,0,1647,0,0.2,0,P2M,0
TXN101108,USR0084,428.45,960.0,0.446,13.0,177.7,8,Chennai,0,DEV_ANDROID_13,0,933,0,1.07,1,BILL_PAYMENT,0
TXN101109,USR0029,5069.15,1672.0,3.032,10.0,23.0,3,Kolkata,0,DEV_UNKNOWN,1,1807,0,3.07,0,P2P,1
TXN101110,USR0069,4824.36,3260.0,1.48,17.6,467.9,14,Hyderabad,0,DEV_ANDROID_14,0,1643,0,2.04,1,P2P,0
TXN101111,USR0081,2132.0,1873.0,1.138,33.5,372.1,18,Kochi,1,DEV_ANDROID_13,0,923,0,1.45,1,BILL_PAYMENT,0
TXN101112,USR0138,2718.23,3130.0,0.868,22.0,7.7,14,Chennai,0,DEV_IOS_18,0,1431,0,1.44,1,P2P,0
TXN101113,USR0131,1643.45,1330.0,1.236,28.8,13.6,7,Bengaluru,0,DEV_IOS_18,0,1036,0,0.54,1,P2M,0
TXN101114,USR0009,9700.33,3622.0,2.678,11.0,63.5,20,Mumbai,0,DEV_ANDROID_13,0,143,0,0.76,1,BILL_PAYMENT,0
TXN101115,USR0122,1479.07,2765.0,0.535,36.1,993.7,13,Hyderabad,0,DEV_ANDROID_14,0,1567,0,0.56,0,ONLINE_SHOPPING,0
TXN101116,USR0092,3227.92,3316.0,0.973,32.4,379.4,19,Hyderabad,0,DEV_ANDROID_14,0,212,0,1.22,1,P2M,0
TXN101117,USR0055,1162.66,1096.0,1.061,29.6,81.9,10,Delhi,0,DEV_ANDROID_14,0,768,0,1.83,1,BILL_PAYMENT,0
TXN101118,USR0055,6033.46,1096.0,5.505,35.8,27.5,15,Delhi,0,DEV_ANDROID_14,0,769,0,1.12,1,P2M,0
TXN101119,USR0007,1345.39,823.0,1.635,13.7,13.9,12,Bengaluru,0,DEV_ANDROID_14,0,1642,0,2.01,1,P2P,0
TXN101120,USR0029,1584.51,1672.0,0.948,23.3,399.3,6,Kolkata,0,DEV_ANDROID_14,0,1772,0,1.14,1,P2M,0
TXN101121,USR0081,903.72,1873.0,0.482,34.6,371.9,7,Kolkata,0,DEV_ANDROID_13,0,953,0,2.37,1,P2M,0
TXN101122,USR0010,6773.96,4508.0,1.503,22.4,197.9,10,Ahmedabad,1,DEV_IOS_18,0,1458,0,0.66,1,P2P,0
TXN101123,USR0060,8473.18,2418.0,3.504,30.0,138.0,4,Bengaluru,1,DEV_UNKNOWN,1,70,0,6.09,0,P2P,1
TXN101124,USR0090,2366.69,4795.0,0.494,16.6,142.7,15,Hyderabad,0,DEV_ANDROID_14,0,587,0,1.8,1,P2P,0
TXN101125,USR0103,23215.36,4267.0,5.441,25.7,277.3,11,Kolkata,0,DEV_ANDROID_14,1,1763,0,0.48,0,P2M,0
TXN101126,USR0028,3484.51,541.0,6.441,18.1,385.5,8,Delhi,0,DEV_IOS_18,0,789,0,2.15,1,RECHARGE,0
TXN101127,USR0069,4488.07,3260.0,1.377,21.8,13.9,18,Hyderabad,0,DEV_ANDROID_14,0,1640,0,1.07,1,P2P,0
TXN101128,USR0135,7999.45,3326.0,2.405,7.2,125.2,12,Kolkata,0,DEV_IOS_18,0,1137,0,0.86,1,BILL_PAYMENT,0
TXN101129,USR0024,463.99,1043.0,0.445,8.9,32.3,17,Hyderabad,0,DEV_ANDROID_14,0,231,0,1.73,1,P2P,0
TXN101130,USR0067,4067.2,1825.0,2.229,31.3,6.9,19,Hyderabad,0,DEV_IOS_18,0,847,0,1.37,0,P2M,0
TXN101131,USR0119,1382.03,1503.0,0.92,34.8,436.0,13,Chennai,0,DEV_ANDROID_13,0,591,0,0.73,1,P2P,0
TXN101132,USR0131,1794.83,1330.0,1.349,32.5,379.5,10,Bengaluru,0,DEV_IOS_18,0,1001,0,1.4,1,BILL_PAYMENT,0
TXN101133,USR0061,583.35,445.0,1.311,30.3,45.6,18,Bengaluru,0,DEV_ANDROID_13,0,1046,0,0.83,1,P2M,0
TXN101134,USR0050,1757.67,2312.0,0.76,29.2,79.7,18,Mumbai,0,DEV_ANDROID_13,0,157,0,1.46,1,BILL_PAYMENT,0
TXN101135,USR0006,6046.34,4184.0,1.445,27.2,92.9,18,Hyderabad,0,DEV_IOS_18,0,863,0,0.59,1,INVESTMENT,0
TXN101136,USR0097,1955.22,1552.0,1.26,34.5,230.2,17,Delhi,0,DEV_ANDROID_13,0,863,0,1.04,1,ONLINE_SHOPPING,0
TXN101137,USR0016,942.34,1443.0,0.653,21.5,210.8,16,Bengaluru,0,DEV_ANDROID_14,0,1267,0,0.66,1,P2P,0
TXN101138,USR0131,4034.52,1330.0,3.033,30.0,244.0,5,Kochi,1,DEV_UNKNOWN,1,1055,1,2.55,0,P2P,1
TXN101139,USR0010,5224.26,4508.0,1.159,27.9,118.4,11,Kolkata,0,DEV_IOS_18,0,1427,0,2.33,0,BILL_PAYMENT,0
TXN101140,USR0128,2516.52,1765.0,1.426,22.5,121.4,21,Chennai,0,DEV_ANDROID_14,0,1718,0,1.61,1,P2M,0
TXN101141,USR0123,4011.83,4007.0,1.001,19.6,71.6,14,Kolkata,0,DEV_IOS_18,0,1274,0,1.53,0,P2P,0
TXN101142,USR0004,819.73,989.0,0.829,31.3,19.5,13,Chennai,0,DEV_IOS_18,0,834,0,2.64,1,P2M,0
TXN101143,USR0125,1046.22,1159.0,0.903,23.3,55.2,16,Bengaluru,0,DEV_IOS_18,0,1131,0,1.53,0,P2P,0
TXN101144,USR0125,872.26,1159.0,0.753,17.4,205.4,14,Bengaluru,0,DEV_IOS_18,0,1142,0,1.9,1,BILL_PAYMENT,0
TXN101145,USR0086,4782.36,4098.0,1.167,5.0,15.8,9,Delhi,0,DEV_ANDROID_13,0,1315,0,0.89,1,P2P,0
TXN101146,USR0105,2106.41,1284.0,1.641,25.8,40.2,20,Bengaluru,0,DEV_ANDROID_14,0,593,0,0.8,1,INVESTMENT,0
TXN101147,USR0085,8052.34,3924.0,2.052,21.5,118.8,14,Kolkata,0,DEV_ANDROID_13,0,750,0,0.82,1,P2M,0
TXN101148,USR0072,2342.48,4501.0,0.52,9.6,96.0,15,Kolkata,0,DEV_ANDROID_14,0,1350,0,1.31,1,P2P,0
TXN101149,USR0017,1552.82,1139.0,1.363,24.4,5.8,17,Kolkata,0,DEV_ANDROID_13,1,1168,0,1.01,1,P2P,0
TXN101150,USR0070,4681.29,4705.0,0.995,15.6,61.9,20,Delhi,0,DEV_ANDROID_13,0,364,0,2.03,1,P2M,0
TXN101151,USR0049,842.81,835.0,1.009,23.1,46.9,10,Mumbai,0,DEV_IOS_18,0,1153,0,0.99,1,P2M,0
TXN101152,USR0129,4309.93,4329.0,0.996,18.4,127.4,14,Chennai,0,DEV_ANDROID_13,0,1418,0,1.09,0,P2P,0
TXN101153,USR0028,4608.66,541.0,8.519,44.0,39.3,14,Jaipur,1,DEV_UNKNOWN,1,819,4,5.99,0,INVESTMENT,1
TXN101154,USR0091,11832.22,2696.0,4.389,27.0,8.1,14,Chandigarh,1,DEV_UNKNOWN,1,1133,0,2.98,0,P2P,1
TXN101155,USR0036,2951.74,1141.0,2.587,32.8,40.8,9,Bengaluru,0,DEV_ANDROID_13,0,956,0,0.64,0,P2M,0
TXN101156,USR0085,18217.04,3924.0,4.642,25.3,47.7,8,Kolkata,0,DEV_ANDROID_13,0,768,0,0.51,1,ONLINE_SHOPPING,0
TXN101157,USR0042,2601.09,4858.0,0.535,13.2,114.6,17,Delhi,0,DEV_IOS_18,1,1402,0,0.83,0,P2P,0
TXN101158,USR0123,23421.9,4007.0,5.845,10.0,163.0,1,Kolkata,0,DEV_UNKNOWN,1,1301,2,3.08,0,P2P,1
TXN101159,USR0092,4454.75,3316.0,1.343,27.4,308.0,17,Hyderabad,0,DEV_ANDROID_14,0,203,0,1.08,1,P2M,0
TXN101160,USR0119,946.23,1503.0,0.63,30.7,65.4,14,Chennai,0,DEV_ANDROID_13,0,646,0,0.53,1,P2P,0
TXN101161,USR0147,3630.02,4639.0,0.783,26.0,755.1,14,Chennai,0,DEV_IOS_18,0,452,0,0.46,1,P2M,0
TXN101162,USR0085,2034.93,3924.0,0.519,19.8,222.9,21,Kolkata,0,DEV_ANDROID_13,0,764,0,1.5,1,P2P,0
TXN101163,USR0008,2121.75,4207.0,0.504,10.8,69.4,8,Mumbai,0,DEV_ANDROID_13,0,1140,0,2.02,1,P2M,0
TXN101164,USR0010,5890.96,4508.0,1.307,21.5,253.4,14,Kolkata,0,DEV_IOS_18,0,1457,0,0.81,1,P2P,0
TXN101165,USR0149,15050.83,3318.0,4.536,60.0,1.2,8,Chandigarh,1,DEV_IOS_18,1,1493,2,12.56,1,ONLINE_SHOPPING,1
TXN101166,USR0088,1758.09,4666.0,0.377,7.7,178.2,13,Mumbai,0,DEV_IOS_18,0,713,0,0.38,1,INVESTMENT,0
TXN101167,USR0034,893.43,1168.0,0.765,8.0,237.7,15,Chennai,0,DEV_ANDROID_14,0,129,0,0.83,0,P2M,0
TXN101168,USR0041,2842.77,2677.0,1.062,28.8,15.0,12,Bengaluru,0,DEV_ANDROID_13,0,824,0,0.86,1,P2M,0
TXN101169,USR0120,4519.52,3985.0,1.134,19.4,89.4,17,Chennai,0,DEV_IOS_18,0,1210,0,1.26,1,P2M,0
TXN101170,USR0060,4062.45,2418.0,1.68,8.3,211.9,16,Hyderabad,0,DEV_WEB_CHROME,1,87,0,1.8,1,P2P,0
TXN101171,USR0084,1907.76,960.0,1.987,11.0,417.0,20,Chennai,0,DEV_ANDROID_13,0,958,0,1.74,0,P2P,0
TXN101172,USR0030,5517.14,1476.0,3.738,40.0,14.9,21,Delhi,1,DEV_UNKNOWN,1,178,3,6.81,0,P2P,1
TXN101173,USR0099,3164.41,3865.0,0.819,20.1,174.7,11,Kolkata,0,DEV_ANDROID_13,0,575,0,0.24,1,P2P,0
TXN101174,USR0082,1864.61,1061.0,1.757,36.5,283.6,19,Hyderabad,0,DEV_IOS_18,0,100,0,1.46,1,P2P,0
TXN101175,USR0073,816.21,1427.0,0.572,34.7,371.3,12,Chandigarh,1,DEV_ANDROID_13,0,243,0,1.86,1,P2M,0
TXN101176,USR0027,760.06,816.0,0.931,25.6,67.1,14,Hyderabad,0,DEV_IOS_18,0,1486,0,0.91,1,P2M,0
TXN101177,USR0150,1967.65,1846.0,1.066,12.5,65.8,11,Jaipur,1,DEV_ANDROID_14,1,347,0,1.34,1,P2M,0
TXN101178,USR0015,2013.86,2529.0,0.796,2.3,306.7,14,Chennai,0,DEV_ANDROID_14,0,1293,0,0.63,1,P2P,0
TXN101179,USR0140,2813.08,3114.0,0.903,7.5,332.9,18,Delhi,0,DEV_ANDROID_13,0,212,0,0.1,0,P2M,0
TXN101180,USR0090,2663.43,4795.0,0.555,20.3,12.6,6,Hyderabad,0,DEV_WEB_CHROME,1,574,0,1.44,0,P2P,0
TXN101181,USR0009,7568.63,3622.0,2.09,15.2,11.8,16,Mumbai,0,DEV_ANDROID_13,0,176,0,1.07,1,P2P,0
TXN101182,USR0109,1095.37,1296.0,0.845,5.0,341.6,7,Chennai,0,DEV_ANDROID_14,0,1523,0,0.71,1,P2M,0
TXN101183,USR0129,2250.73,4329.0,0.52,25.1,179.1,14,Chennai,0,DEV_ANDROID_13,0,1406,0,1.2,0,P2P,0
TXN101184,USR0025,4512.53,3410.0,1.323,16.4,52.8,11,Bengaluru,0,DEV_ANDROID_13,0,1539,0,1.34,1,P2P,0
TXN101185,USR0065,4503.52,3227.0,1.396,26.3,15.1,10,Delhi,0,DEV_ANDROID_14,0,1806,0,1.21,0,P2P,0
TXN101186,USR0118,707.83,855.0,0.828,34.1,314.5,15,Kolkata,0,DEV_ANDROID_13,0,1543,0,0.1,0,P2M,0
TXN101187,USR0080,1123.91,1303.0,0.863,6.9,152.2,15,Kolkata,0,DEV_ANDROID_14,0,620,1,1.92,0,P2P,0
TXN101188,USR0129,5435.79,4329.0,1.256,21.3,240.7,17,Chennai,0,DEV_ANDROID_13,0,1423,0,1.49,0,P2P,0
TXN101189,USR0089,963.17,1008.0,0.956,19.5,58.7,21,Kolkata,0,DEV_ANDROID_14,0,931,0,1.16,0,P2P,0
TXN101190,USR0052,1126.02,875.0,1.287,13.7,56.7,11,Mumbai,0,DEV_ANDROID_13,0,1099,0,0.48,1,RECHARGE,0
TXN101191,USR0006,9921.69,4184.0,2.371,30.0,230.3,11,Hyderabad,0,DEV_IOS_18,0,827,0,0.97,0,BILL_PAYMENT,0
TXN101192,USR0051,1428.9,1265.0,1.13,11.3,40.8,19,Hyderabad,1,DEV_IOS_18,0,1254,0,0.73,1,INVESTMENT,0
TXN101193,USR0063,844.46,946.0,0.893,15.0,35.6,16,Hyderabad,0,DEV_ANDROID_13,0,482,0,0.97,1,P2P,0
TXN101194,USR0019,5980.23,4271.0,1.4,13.7,21.0,10,Bengaluru,0,DEV_ANDROID_13,0,1614,0,1.81,1,P2M,0
TXN101195,USR0118,5854.18,855.0,6.847,33.5,5.0,13,Kolkata,0,DEV_IOS_18,1,1547,0,1.81,0,P2P,0
TXN101196,USR0036,1036.01,1141.0,0.908,27.0,350.9,14,Bengaluru,0,DEV_ANDROID_13,0,975,0,1.57,0,P2M,0
TXN101197,USR0058,3272.45,3029.0,1.08,26.1,5.0,15,Kolkata,0,DEV_ANDROID_14,0,919,0,0.56,1,RECHARGE,0
TXN101198,USR0135,3948.22,3326.0,1.187,12.2,43.4,7,Kolkata,0,DEV_IOS_18,0,1168,0,0.86,0,P2M,0
TXN101199,USR0050,13965.91,2312.0,6.041,17.0,164.0,4,Pune,1,DEV_UNKNOWN,1,116,2,5.39,0,P2P,1
TXN101200,USR0076,2809.05,3835.0,0.732,15.6,5.1,17,Mumbai,0,DEV_WEB_CHROME,1,508,0,1.18,0,P2M,0
TXN101201,USR0091,1461.43,2696.0,0.542,1.0,5.7,19,Kolkata,0,DEV_ANDROID_13,0,1139,2,0.79,1,BILL_PAYMENT,0
TXN101202,USR0080,1437.84,1303.0,1.103,14.3,101.6,8,Kolkata,0,DEV_IOS_18,1,603,0,0.62,1,P2P,0
TXN101203,USR0062,19588.28,2948.0,6.645,25.0,286.0,2,Pune,1,DEV_UNKNOWN,1,240,2,7.31,0,P2P,1
TXN101204,USR0112,3892.7,4425.0,0.88,31.7,203.6,17,Hyderabad,0,DEV_ANDROID_13,0,1568,0,1.8,0,P2P,0
TXN101205,USR0111,4044.23,4209.0,0.961,18.2,410.8,11,Chennai,0,DEV_IOS_18,0,1828,0,0.37,1,P2P,0
TXN101206,USR0092,2353.94,3316.0,0.71,35.1,146.0,6,Hyderabad,0,DEV_ANDROID_14,0,222,0,1.29,1,P2M,0
TXN101207,USR0043,9102.08,4029.0,2.259,22.0,3.6,19,Chandigarh,1,DEV_ANDROID_14,1,1390,2,11.8,1,P2P,1
TXN101208,USR0093,4725.89,3844.0,1.229,11.5,261.3,12,Chennai,0,DEV_ANDROID_14,0,73,0,0.82,1,ONLINE_SHOPPING,0
TXN101209,USR0094,4041.98,3141.0,1.287,9.5,169.4,15,Kolkata,0,DEV_ANDROID_14,0,1674,0,1.34,1,BILL_PAYMENT,0
TXN101210,USR0087,2536.11,4199.0,0.604,14.6,642.6,12,Pune,1,DEV_ANDROID_13,0,792,0,0.23,0,P2P,0
TXN101211,USR0043,3485.9,4029.0,0.865,15.3,98.0,15,Delhi,0,DEV_ANDROID_13,0,1378,0,1.18,1,ONLINE_SHOPPING,0
TXN101212,USR0051,4979.59,1265.0,3.936,12.0,64.9,16,Delhi,0,DEV_IOS_18,0,1185,0,1.7,1,P2P,0
TXN101213,USR0108,753.73,931.0,0.81,28.4,324.4,14,Kochi,1,DEV_IOS_18,0,124,0,0.79,1,P2P,0
TXN101214,USR0052,1083.3,875.0,1.238,10.8,183.5,16,Mumbai,0,DEV_ANDROID_13,0,1120,0,1.34,1,P2M,0
TXN101215,USR0144,5234.97,2663.0,1.966,9.6,117.9,20,Chennai,0,DEV_ANDROID_13,1,1125,0,0.41,1,P2P,0
TXN101216,USR0083,1510.17,1684.0,0.897,8.5,43.7,8,Pune,1,DEV_ANDROID_14,0,109,0,1.02,1,ONLINE_SHOPPING,0
TXN101217,USR0074,2445.02,1853.0,1.319,6.3,575.4,16,Hyderabad,0,DEV_WEB_CHROME,1,1424,0,1.62,1,P2P,0
TXN101218,USR0110,4362.96,3119.0,1.399,19.0,13.8,9,Mumbai,0,DEV_IOS_18,0,1261,0,0.46,1,P2M,0
TXN101219,USR0147,9627.31,4639.0,2.075,30.0,17.8,12,Chennai,0,DEV_IOS_18,0,416,1,5.95,0,P2P,1
TXN101220,USR0047,509.13,489.0,1.041,29.1,426.5,15,Bengaluru,0,DEV_ANDROID_13,0,942,0,0.8,1,P2P,0
TXN101221,USR0082,485.32,1061.0,0.457,34.6,138.9,13,Hyderabad,0,DEV_IOS_18,0,40,0,1.69,0,ONLINE_SHOPPING,0
TXN101222,USR0100,1403.01,2121.0,0.661,33.9,190.3,7,Bengaluru,0,DEV_ANDROID_14,0,830,0,1.31,1,P2M,0
TXN101223,USR0120,3664.28,3985.0,0.92,24.4,128.5,13,Chennai,0,DEV_IOS_18,0,1210,0,2.13,0,P2P,0
TXN101224,USR0043,5842.89,4029.0,1.45,21.9,27.6,10,Chandigarh,1,DEV_ANDROID_13,0,1327,0,1.96,1,P2P,0
TXN101225,USR0108,620.8,931.0,0.667,12.2,5.4,10,Chennai,1,DEV_WEB_CHROME,1,124,0,0.99,1,P2P,0
TXN101226,USR0144,2001.87,2663.0,0.752,8.4,24.0,17,Chennai,0,DEV_IOS_18,0,1100,0,1.46,1,P2P,0
TXN101227,USR0091,1652.3,2696.0,0.613,1.6,34.8,7,Kolkata,0,DEV_ANDROID_13,0,1075,0,1.51,1,P2P,0
TXN101228,USR0141,736.89,1171.0,0.629,8.9,47.9,14,Hyderabad,0,DEV_IOS_18,0,314,0,1.45,1,P2M,0
TXN101229,USR0149,3463.62,3318.0,1.044,17.4,181.3,6,Chennai,0,DEV_ANDROID_13,0,1440,0,1.48,1,P2M,0
TXN101230,USR0080,1246.1,1303.0,0.956,13.3,237.4,13,Kolkata,0,DEV_ANDROID_14,0,607,1,2.09,0,P2P,0
TXN101231,USR0096,1082.67,482.0,2.246,26.3,153.8,8,Chennai,0,DEV_ANDROID_13,0,281,0,1.26,0,P2P,0
TXN101232,USR0129,5836.01,4329.0,1.348,23.3,106.3,12,Chennai,0,DEV_ANDROID_13,0,1410,0,1.48,1,P2M,0
TXN101233,USR0040,1542.0,942.0,1.637,12.8,195.5,18,Delhi,1,DEV_IOS_18,0,1739,0,0.82,0,BILL_PAYMENT,0
TXN101234,USR0097,2015.05,1552.0,1.298,32.1,429.0,11,Delhi,0,DEV_ANDROID_13,0,907,0,0.27,0,P2P,0
TXN101235,USR0122,1662.79,2765.0,0.601,34.8,164.7,13,Hyderabad,0,DEV_ANDROID_14,0,1564,0,1.13,1,P2M,0
TXN101236,USR0121,3597.17,3799.0,0.947,8.8,38.9,10,Hyderabad,0,DEV_ANDROID_13,0,1484,0,1.05,1,INVESTMENT,0
TXN101237,USR0032,3994.97,2962.0,1.349,16.8,214.1,21,Hyderabad,0,DEV_ANDROID_13,1,1473,0,1.4,1,P2P,0
TXN101238,USR0106,784.89,1061.0,0.74,30.5,104.3,15,Delhi,0,DEV_ANDROID_13,0,1716,0,1.46,0,P2P,0
TXN101239,USR0092,1086.56,3316.0,0.328,28.7,5.0,14,Hyderabad,0,DEV_ANDROID_14,0,265,0,0.77,0,RECHARGE,0
TXN101240,USR0017,3673.46,1139.0,3.225,44.0,2.9,15,Hyderabad,1,DEV_ANDROID_14,1,1138,5,11.98,0,P2P,1
TXN101241,USR0047,303.34,489.0,0.62,27.0,18.8,18,Bengaluru,0,DEV_ANDROID_13,0,923,0,1.4,1,P2P,0
TXN101242,USR0042,5380.48,4858.0,1.108,7.0,34.0,17,Delhi,0,DEV_ANDROID_13,0,1439,0,0.2,0,P2P,0
TXN101243,USR0015,938.64,2529.0,0.371,3.4,121.2,15,Chennai,0,DEV_ANDROID_14,0,1261,0,2.03,1,P2P,0
TXN101244,USR0048,2867.15,2387.0,1.201,16.2,418.1,11,Chennai,0,DEV_IOS_18,0,1166,0,1.44,0,P2M,0
TXN101245,USR0030,2270.08,1476.0,1.538,29.3,251.4,13,Kolkata,0,DEV_ANDROID_14,0,125,0,2.61,1,P2M,0
TXN101246,USR0100,2500.76,2121.0,1.179,35.1,365.9,9,Bengaluru,0,DEV_ANDROID_14,0,801,0,0.86,1,P2M,0
TXN101247,USR0004,982.98,989.0,0.994,31.2,176.7,11,Bengaluru,1,DEV_IOS_18,0,843,0,2.17,1,P2P,0
TXN101248,USR0034,986.47,1168.0,0.845,12.6,185.5,8,Chennai,0,DEV_ANDROID_14,0,74,0,1.25,0,P2P,0
TXN101249,USR0115,2839.35,1698.0,1.672,1.0,198.8,22,Kolkata,0,DEV_IOS_18,0,32,0,0.39,1,BILL_PAYMENT,0
TXN101250,USR0009,5234.51,3622.0,1.445,18.6,123.1,17,Mumbai,0,DEV_ANDROID_13,0,161,1,0.1,0,P2M,0
TXN101251,USR0125,6340.94,1159.0,5.471,13.7,238.7,15,Bengaluru,0,DEV_IOS_18,0,1116,0,1.23,0,P2P,0
TXN101252,USR0057,5035.8,3487.0,1.444,18.4,122.1,11,Delhi,0,DEV_IOS_18,0,869,0,0.9,0,P2P,0
TXN101253,USR0020,1194.81,3539.0,0.338,19.3,300.6,15,Delhi,0,DEV_ANDROID_14,0,279,0,1.11,1,P2P,0
TXN101254,USR0092,29187.26,3316.0,8.802,13.0,14.6,16,Hyderabad,0,DEV_ANDROID_14,0,254,1,5.96,0,P2P,1
TXN101255,USR0115,730.86,1698.0,0.43,10.2,119.4,19,Delhi,1,DEV_IOS_18,0,53,0,2.18,1,BILL_PAYMENT,0
TXN101256,USR0075,4084.61,2287.0,1.786,17.8,199.1,14,Bengaluru,0,DEV_IOS_18,0,1616,0,1.09,0,P2M,0
TXN101257,USR0146,1199.28,803.0,1.493,22.6,31.5,15,Mumbai,0,DEV_ANDROID_13,0,1181,0,0.83,1,P2M,0
TXN101258,USR0024,972.15,1043.0,0.932,9.7,179.3,17,Mumbai,1,DEV_ANDROID_14,0,240,2,1.24,0,P2M,0
TXN101259,USR0059,1700.15,4787.0,0.355,18.5,59.7,11,Chennai,0,DEV_ANDROID_14,0,997,0,1.17,1,P2M,0
TXN101260,USR0007,694.82,823.0,0.844,17.8,24.4,18,Bengaluru,0,DEV_ANDROID_14,0,1589,0,1.99,1,ONLINE_SHOPPING,0
TXN101261,USR0048,1330.3,2387.0,0.557,11.6,257.9,15,Chennai,0,DEV_IOS_18,0,1169,0,2.85,1,P2P,0
TXN101262,USR0008,21659.86,4207.0,5.149,14.0,124.0,1,Bengaluru,1,DEV_UNKNOWN,1,1140,0,4.37,0,P2P,1
TXN101263,USR0063,807.8,946.0,0.854,14.2,87.7,12,Hyderabad,0,DEV_ANDROID_13,0,515,1,1.33,0,P2M,0
TXN101264,USR0055,1453.96,1096.0,1.327,32.3,526.1,15,Delhi,0,DEV_ANDROID_14,0,818,0,1.36,1,P2M,0
TXN101265,USR0014,1265.79,2104.0,0.602,1.3,99.3,19,Delhi,0,DEV_ANDROID_13,0,882,0,1.25,0,P2P,0
TXN101266,USR0098,2082.03,2841.0,0.733,29.6,94.1,20,Delhi,0,DEV_IOS_18,0,1096,0,1.5,1,ONLINE_SHOPPING,0
TXN101267,USR0041,2222.8,2677.0,0.83,18.2,15.1,20,Bengaluru,0,DEV_ANDROID_13,0,885,0,0.94,1,P2M,0
TXN101268,USR0065,2039.45,3227.0,0.632,31.3,12.3,13,Delhi,0,DEV_ANDROID_14,0,1774,0,1.18,1,P2P,0
TXN101269,USR0097,1938.6,1552.0,1.249,33.8,190.5,12,Ahmedabad,1,DEV_ANDROID_13,0,839,0,1.51,1,P2M,0
TXN101270,USR0063,1901.69,946.0,2.01,16.8,278.4,18,Hyderabad,0,DEV_ANDROID_13,0,472,0,0.77,1,P2P,0
TXN101271,USR0036,677.36,1141.0,0.594,32.2,234.8,13,Bengaluru,0,DEV_ANDROID_13,0,971,0,0.98,1,ONLINE_SHOPPING,0
TXN101272,USR0112,6053.08,4425.0,1.368,33.3,83.3,19,Delhi,1,DEV_ANDROID_13,0,1587,0,0.85,0,P2P,0
TXN101273,USR0020,4919.85,3539.0,1.39,25.3,25.6,13,Delhi,0,DEV_ANDROID_14,0,286,0,1.6,1,P2P,0
TXN101274,USR0074,2532.94,1853.0,1.367,8.8,157.0,12,Hyderabad,0,DEV_IOS_18,0,1431,0,1.62,1,P2M,0
TXN101275,USR0112,4683.1,4425.0,1.058,24.8,159.0,19,Hyderabad,0,DEV_ANDROID_13,0,1575,0,0.79,0,P2M,0
TXN101276,USR0066,783.53,572.0,1.37,6.1,130.7,19,Delhi,0,DEV_ANDROID_14,0,1021,0,1.37,1,BILL_PAYMENT,0
TXN101277,USR0138,3196.32,3130.0,1.021,15.4,373.0,17,Chennai,0,DEV_IOS_18,0,1450,0,1.89,1,P2P,0
TXN101278,USR0098,3070.75,2841.0,1.081,29.3,111.6,10,Delhi,0,DEV_IOS_18,0,1143,0,1.68,1,BILL_PAYMENT,0
TXN101279,USR0045,3072.64,3638.0,0.845,16.4,12.5,17,Mumbai,0,DEV_IOS_18,0,1351,0,0.24,1,P2M,0
TXN101280,USR0060,3130.55,2418.0,1.295,14.6,27.4,13,Mumbai,1,DEV_ANDROID_13,0,81,0,1.72,1,P2P,0
TXN101281,USR0135,2920.32,3326.0,0.878,6.6,14.1,10,Kolkata,0,DEV_IOS_18,0,1113,0,1.77,1,P2P,0
TXN101282,USR0082,512.35,1061.0,0.483,27.9,5.6,20,Hyderabad,0,DEV_IOS_18,0,40,0,1.14,1,P2M,0
TXN101283,USR0149,2142.77,3318.0,0.646,14.0,608.4,12,Chennai,0,DEV_ANDROID_13,0,1488,0,1.32,1,P2P,0
TXN101284,USR0018,3246.65,1836.0,1.768,26.5,15.5,16,Ahmedabad,1,DEV_ANDROID_14,0,1496,0,1.99,1,P2M,0
TXN101285,USR0145,5599.78,4287.0,1.306,2.9,243.1,18,Mumbai,0,DEV_ANDROID_13,0,1403,0,0.62,0,ONLINE_SHOPPING,0
TXN101286,USR0093,8940.64,3844.0,2.326,18.4,108.1,17,Chennai,0,DEV_ANDROID_14,0,47,0,2.31,0,P2P,0
TXN101287,USR0071,1863.19,1774.0,1.05,17.3,138.1,14,Hyderabad,0,DEV_ANDROID_14,0,1798,0,1.25,0,ONLINE_SHOPPING,0
TXN101288,USR0061,575.02,445.0,1.292,27.4,105.9,16,Jaipur,1,DEV_ANDROID_13,0,976,0,0.75,1,P2P,0
TXN101289,USR0143,2751.31,3747.0,0.734,23.2,60.9,11,Chennai,0,DEV_IOS_18,0,1717,0,1.18,1,P2M,0
TXN101290,USR0070,10350.98,4705.0,2.2,7.9,199.8,13,Delhi,0,DEV_ANDROID_13,0,308,0,0.78,1,RECHARGE,0
TXN101291,USR0090,30901.77,4795.0,6.445,20.9,579.1,13,Hyderabad,0,DEV_ANDROID_14,0,520,0,0.93,1,P2P,0
TXN101292,USR0094,6352.46,3141.0,2.022,9.9,146.4,16,Kolkata,0,DEV_ANDROID_14,0,1661,0,0.57,1,P2P,0
TXN101293,USR0137,4702.52,4815.0,0.977,32.3,86.2,7,Chennai,0,DEV_ANDROID_13,1,371,0,1.01,1,P2P,0
TXN101294,USR0116,4978.09,2809.0,1.772,26.8,85.5,17,Jaipur,1,DEV_ANDROID_13,0,244,0,1.18,1,P2P,0
TXN101295,USR0061,932.11,445.0,2.095,39.0,0.3,15,Kochi,1,DEV_ANDROID_12,1,992,2,8.97,0,P2P,1
TXN101296,USR0141,996.19,1171.0,0.851,10.0,832.4,17,Hyderabad,0,DEV_IOS_18,0,243,0,2.26,1,P2M,0
TXN101297,USR0085,29248.74,3924.0,7.454,19.0,52.8,22,Kochi,1,DEV_UNKNOWN,1,802,3,6.19,0,INVESTMENT,1
TXN101298,USR0044,616.91,843.0,0.732,17.9,310.1,15,Delhi,0,DEV_WEB_CHROME,1,1648,0,0.94,1,P2M,0
TXN101299,USR0011,12642.71,2073.0,6.099,9.0,99.0,5,Chennai,0,DEV_UNKNOWN,1,907,0,7.3,0,P2P,1
TXN101300,USR0091,5559.24,2696.0,2.062,6.5,224.7,22,Kolkata,0,DEV_WEB_CHROME,1,1128,0,0.76,1,INVESTMENT,0
TXN101301,USR0050,2612.28,2312.0,1.13,29.4,419.9,9,Mumbai,0,DEV_ANDROID_13,0,148,0,0.67,1,ONLINE_SHOPPING,0
TXN101302,USR0016,3170.92,1443.0,2.197,21.2,49.2,18,Bengaluru,0,DEV_ANDROID_14,0,1206,2,1.94,0,INVESTMENT,0
TXN101303,USR0125,1427.22,1159.0,1.231,19.5,61.9,7,Bengaluru,0,DEV_IOS_18,0,1091,0,0.92,1,P2M,0
TXN101304,USR0088,3068.75,4666.0,0.658,9.2,5.9,14,Mumbai,0,DEV_IOS_18,0,753,0,0.26,1,P2M,0
TXN101305,USR0054,3621.4,1995.0,1.815,21.2,161.2,9,Hyderabad,0,DEV_IOS_18,0,1068,0,1.59,1,P2P,0
TXN101306,USR0083,858.97,1684.0,0.51,10.3,228.0,15,Delhi,0,DEV_ANDROID_14,0,115,0,1.45,0,P2M,0
TXN101307,USR0060,4418.41,2418.0,1.827,16.6,194.4,17,Hyderabad,0,DEV_ANDROID_13,0,125,0,1.09,1,P2P,0
TXN101308,USR0143,3318.61,3747.0,0.886,30.8,41.3,9,Chennai,0,DEV_IOS_18,0,1670,0,0.36,1,P2P,0
TXN101309,USR0010,8947.04,4508.0,1.985,26.7,25.6,15,Kolkata,0,DEV_IOS_18,0,1387,0,2.06,1,ONLINE_SHOPPING,0
TXN101310,USR0001,2359.79,3411.0,0.692,12.2,62.0,13,Mumbai,0,DEV_ANDROID_13,0,855,0,2.1,1,P2M,0
TXN101311,USR0121,16050.88,3799.0,4.225,42.0,0.2,6,Chennai,1,DEV_ANDROID_12,1,1516,1,9.22,0,ONLINE_SHOPPING,1
TXN101312,USR0019,1718.92,4271.0,0.402,14.1,185.6,7,Bengaluru,0,DEV_ANDROID_13,0,1636,0,1.78,1,P2M,0
TXN101313,USR0031,3624.61,4621.0,0.784,14.6,79.9,23,Kolkata,0,DEV_ANDROID_14,0,806,0,1.38,1,P2P,0
TXN101314,USR0124,1694.79,1625.0,1.043,8.4,270.6,19,Hyderabad,0,DEV_IOS_18,1,288,0,1.79,0,P2M,0
TXN101315,USR0130,2776.49,2863.0,0.97,31.6,152.2,21,Delhi,0,DEV_IOS_18,0,1541,0,1.06,0,P2M,0
TXN101316,USR0134,3361.41,4359.0,0.771,31.9,88.9,10,Chennai,0,DEV_IOS_18,0,308,0,1.21,1,P2M,0
TXN101317,USR0009,3657.64,3622.0,1.01,16.1,45.1,11,Mumbai,0,DEV_ANDROID_13,0,150,0,1.41,1,P2P,0
TXN101318,USR0057,4217.31,3487.0,1.209,16.5,41.9,15,Delhi,0,DEV_ANDROID_13,1,862,0,1.47,1,ONLINE_SHOPPING,0
TXN101319,USR0003,7572.27,3784.0,2.001,28.9,197.5,13,Hyderabad,0,DEV_ANDROID_13,0,1280,0,1.57,1,P2M,0
TXN101320,USR0145,3064.85,4287.0,0.715,12.5,31.3,9,Mumbai,0,DEV_ANDROID_13,0,1473,0,1.51,1,P2M,0
TXN101321,USR0125,1143.33,1159.0,0.986,23.3,290.7,18,Bengaluru,0,DEV_IOS_18,0,1081,0,0.73,1,P2M,0
TXN101322,USR0029,1256.59,1672.0,0.752,22.8,70.5,16,Pune,1,DEV_ANDROID_14,0,1786,0,1.05,1,P2M,0
TXN101323,USR0001,3115.65,3411.0,0.913,19.3,9.0,18,Pune,1,DEV_ANDROID_13,0,787,0,1.02,1,P2P,0
TXN101324,USR0100,690.91,2121.0,0.326,36.9,30.4,12,Bengaluru,0,DEV_ANDROID_14,0,789,0,1.78,0,P2P,0
TXN101325,USR0051,2161.18,1265.0,1.708,20.1,188.9,11,Delhi,0,DEV_ANDROID_13,1,1206,0,0.42,1,P2P,0
TXN101326,USR0010,2962.7,4508.0,0.657,26.9,219.0,15,Kolkata,0,DEV_IOS_18,0,1466,0,0.92,1,P2M,0
TXN101327,USR0122,1904.58,2765.0,0.689,32.8,41.3,15,Hyderabad,0,DEV_ANDROID_14,0,1575,0,0.1,0,P2P,0
TXN101328,USR0093,5867.25,3844.0,1.526,15.5,99.5,17,Chennai,0,DEV_ANDROID_14,0,41,0,2.32,1,P2M,0
TXN101329,USR0082,1594.18,1061.0,1.503,30.6,82.5,15,Hyderabad,0,DEV_IOS_18,0,89,0,0.74,1,P2P,0
TXN101330,USR0145,4374.91,4287.0,1.021,11.1,258.0,12,Mumbai,0,DEV_ANDROID_13,0,1409,0,1.85,1,INVESTMENT,0
TXN101331,USR0092,5205.85,3316.0,1.57,35.4,45.0,16,Hyderabad,0,DEV_ANDROID_14,0,260,0,0.89,1,BILL_PAYMENT,0
TXN101332,USR0132,2561.07,3311.0,0.774,7.9,227.7,15,Hyderabad,0,DEV_ANDROID_13,0,588,0,1.11,1,P2P,0
TXN101333,USR0143,26106.13,3747.0,6.967,27.1,22.4,18,Chennai,0,DEV_IOS_18,0,1703,0,0.1,1,P2P,0
TXN101334,USR0061,600.36,445.0,1.349,30.3,199.9,13,Bengaluru,0,DEV_ANDROID_13,0,1032,0,1.74,1,P2M,0
TXN101335,USR0038,2581.41,2152.0,1.2,16.1,279.2,11,Bengaluru,0,DEV_IOS_18,1,562,0,1.41,1,P2M,0
TXN101336,USR0012,1873.32,1109.0,1.689,24.9,400.4,7,Delhi,1,DEV_IOS_18,0,1226,0,0.32,1,P2M,0
TXN101337,USR0022,2257.72,3458.0,0.653,17.0,526.5,7,Chennai,0,DEV_ANDROID_13,0,1262,0,1.43,1,ONLINE_SHOPPING,0
TXN101338,USR0127,5207.82,2395.0,2.174,25.0,3.9,9,Lucknow,1,DEV_WEB_CHROME,1,337,4,9.01,0,ONLINE_SHOPPING,1
TXN101339,USR0011,1587.3,2073.0,0.766,22.5,14.7,9,Bengaluru,1,DEV_ANDROID_14,0,967,0,1.41,1,ONLINE_SHOPPING,0
TXN101340,USR0150,1330.07,1846.0,0.721,18.4,168.1,12,Bengaluru,0,DEV_IOS_18,0,344,0,1.82,1,P2M,0
TXN101341,USR0025,15652.62,3410.0,4.59,23.7,101.2,10,Bengaluru,0,DEV_ANDROID_13,0,1562,0,0.71,1,P2M,0
TXN101342,USR0058,2732.19,3029.0,0.902,21.5,154.6,16,Kolkata,0,DEV_ANDROID_14,0,883,0,1.71,1,P2M,0
TXN101343,USR0089,1144.04,1008.0,1.135,23.1,5.0,10,Kolkata,0,DEV_ANDROID_14,0,924,0,1.81,1,ONLINE_SHOPPING,0
TXN101344,USR0134,3614.69,4359.0,0.829,31.3,5.0,17,Chennai,0,DEV_IOS_18,0,249,0,0.79,1,BILL_PAYMENT,0
TXN101345,USR0066,444.82,572.0,0.778,4.1,110.3,13,Delhi,0,DEV_ANDROID_14,0,1049,0,2.21,1,P2P,0
TXN101346,USR0143,2090.79,3747.0,0.558,28.0,51.3,10,Ahmedabad,1,DEV_IOS_18,0,1694,0,1.46,0,RECHARGE,0
TXN101347,USR0149,3035.34,3318.0,0.915,12.6,165.0,9,Chennai,0,DEV_ANDROID_13,0,1429,0,1.44,1,P2M,0
TXN101348,USR0019,2982.62,4271.0,0.698,9.6,22.3,10,Bengaluru,0,DEV_ANDROID_13,0,1624,0,0.95,1,P2M,0
TXN101349,USR0061,260.14,445.0,0.585,33.9,114.3,12,Bengaluru,0,DEV_ANDROID_13,0,1001,0,0.97,1,BILL_PAYMENT,0
TXN101350,USR0140,1205.59,3114.0,0.387,1.0,32.4,11,Delhi,0,DEV_ANDROID_13,0,185,1,2.05,1,P2P,0
TXN101351,USR0041,1732.28,2677.0,0.647,20.4,152.9,11,Bengaluru,0,DEV_ANDROID_13,0,858,0,1.67,0,P2M,0
TXN101352,USR0126,1414.99,2090.0,0.677,15.1,188.9,23,Delhi,0,DEV_IOS_18,0,704,0,1.21,1,P2M,0
TXN101353,USR0125,4056.5,1159.0,3.5,20.7,20.2,13,Bengaluru,0,DEV_IOS_18,0,1127,0,0.7,0,P2P,0
TXN101354,USR0126,1164.03,2090.0,0.557,18.8,219.2,9,Delhi,0,DEV_IOS_18,0,665,0,2.02,1,P2M,0
TXN101355,USR0066,627.77,572.0,1.097,10.5,16.2,16,Delhi,0,DEV_ANDROID_14,0,1007,0,0.1,1,P2P,0
TXN101356,USR0108,1738.19,931.0,1.867,21.5,201.6,15,Mumbai,0,DEV_IOS_18,0,65,0,1.32,0,P2M,0
TXN101357,USR0095,2231.12,2387.0,0.935,19.8,36.7,19,Ahmedabad,1,DEV_ANDROID_13,0,1155,0,1.06,1,P2M,0
TXN101358,USR0051,1288.58,1265.0,1.019,14.1,26.8,12,Delhi,0,DEV_IOS_18,0,1226,0,1.24,1,INVESTMENT,0
TXN101359,USR0065,4847.08,3227.0,1.502,33.4,95.5,9,Delhi,0,DEV_ANDROID_14,0,1744,0,0.64,0,P2P,0
TXN101360,USR0033,3260.6,2282.0,1.429,17.1,272.4,16,Kolkata,0,DEV_IOS_18,0,757,0,1.04,1,P2P,0
TXN101361,USR0095,1160.29,2387.0,0.486,19.5,512.7,21,Chennai,0,DEV_ANDROID_13,0,1136,0,1.08,1,P2P,0
TXN101362,USR0036,694.24,1141.0,0.608,31.6,322.0,15,Bengaluru,0,DEV_ANDROID_13,0,897,0,2.65,1,BILL_PAYMENT,0
TXN101363,USR0146,814.3,803.0,1.014,23.1,240.0,21,Mumbai,0,DEV_ANDROID_13,0,1184,2,0.97,0,BILL_PAYMENT,0
TXN101364,USR0052,787.22,875.0,0.9,11.2,47.9,19,Mumbai,0,DEV_ANDROID_13,0,1083,0,1.53,0,P2M,0
TXN101365,USR0092,3695.85,3316.0,1.115,25.9,7.3,14,Hyderabad,0,DEV_ANDROID_14,0,258,1,1.03,0,P2M,0
TXN101366,USR0109,4732.62,1296.0,3.652,11.0,17.2,11,Chandigarh,1,DEV_ANDROID_14,0,1506,0,3.07,0,P2P,1
TXN101367,USR0043,2058.74,4029.0,0.511,18.6,90.6,11,Delhi,0,DEV_ANDROID_13,0,1332,0,1.62,1,P2P,0
TXN101368,USR0013,3179.83,2086.0,1.524,33.2,937.0,7,Kolkata,0,DEV_ANDROID_13,0,786,0,1.41,0,BILL_PAYMENT,0
TXN101369,USR0018,2105.15,1836.0,1.147,31.8,230.3,14,Chennai,0,DEV_ANDROID_14,0,1517,0,2.69,0,P2M,0
TXN101370,USR0030,558.98,1476.0,0.379,28.3,45.1,14,Kolkata,0,DEV_ANDROID_14,0,179,0,1.74,1,P2M,0
TXN101371,USR0033,2500.39,2282.0,1.096,20.3,61.0,23,Kolkata,0,DEV_IOS_18,0,798,0,1.49,0,BILL_PAYMENT,0
TXN101372,USR0150,3820.32,1846.0,2.07,17.9,434.3,16,Bengaluru,0,DEV_IOS_18,0,288,0,1.45,1,P2P,0
TXN101373,USR0067,1052.51,1825.0,0.577,30.8,484.2,10,Lucknow,1,DEV_IOS_18,0,860,0,1.03,1,ONLINE_SHOPPING,0
TXN101374,USR0134,4250.02,4359.0,0.975,31.0,48.0,11,Chennai,0,DEV_IOS_18,0,280,0,0.92,1,P2P,0
TXN101375,USR0063,1459.11,946.0,1.542,18.5,349.3,15,Hyderabad,0,DEV_ANDROID_13,0,515,0,0.51,1,P2P,0
TXN101376,USR0098,7021.69,2841.0,2.472,52.0,2.9,2,Delhi,0,DEV_IOS_18,0,1090,2,8.2,0,ONLINE_SHOPPING,1
TXN101377,USR0001,4369.34,3411.0,1.281,21.3,5.0,10,Mumbai,0,DEV_ANDROID_13,0,793,0,1.98,1,P2P,0
TXN101378,USR0081,1770.71,1873.0,0.945,31.8,227.2,13,Kochi,1,DEV_ANDROID_13,0,909,0,0.59,0,ONLINE_SHOPPING,0
TXN101379,USR0149,15041.97,3318.0,4.533,15.8,259.1,13,Chennai,0,DEV_ANDROID_13,0,1474,1,0.85,0,RECHARGE,0
TXN101380,USR0095,17560.56,2387.0,7.357,22.4,78.8,16,Chennai,0,DEV_ANDROID_13,0,1193,0,1.48,1,P2P,0
TXN101381,USR0004,681.85,989.0,0.689,29.0,412.8,12,Chennai,0,DEV_IOS_18,0,810,0,2.12,1,P2M,0
TXN101382,USR0034,715.95,1168.0,0.613,19.2,5.5,12,Chennai,0,DEV_ANDROID_14,0,116,0,0.48,0,P2P,0
TXN101383,USR0125,5330.01,1159.0,4.599,15.9,21.6,17,Kolkata,1,DEV_IOS_18,0,1103,0,0.15,0,ONLINE_SHOPPING,0
TXN101384,USR0010,9993.86,4508.0,2.217,27.1,52.5,15,Kolkata,0,DEV_IOS_18,0,1408,0,1.35,1,P2P,0
TXN101385,USR0101,20378.02,4828.0,4.221,26.0,238.0,1,Mumbai,0,DEV_UNKNOWN,1,510,2,5.58,0,P2P,1
TXN101386,USR0097,7741.71,1552.0,4.988,26.2,76.4,7,Delhi,0,DEV_ANDROID_13,0,880,0,0.79,0,P2P,0
TXN101387,USR0104,431.41,706.0,0.611,21.8,246.4,18,Mumbai,0,DEV_ANDROID_13,0,1082,0,1.52,0,P2M,0
TXN101388,USR0069,3300.75,3260.0,1.012,21.1,19.8,12,Hyderabad,0,DEV_ANDROID_14,0,1648,2,1.32,1,P2P,0
TXN101389,USR0038,2297.0,2152.0,1.067,6.5,823.0,8,Bengaluru,0,DEV_ANDROID_13,1,568,0,0.5,1,ONLINE_SHOPPING,0
TXN101390,USR0058,5575.89,3029.0,1.841,26.3,85.6,21,Kolkata,0,DEV_ANDROID_14,0,877,0,1.95,1,P2P,0
TXN101391,USR0097,685.64,1552.0,0.442,34.5,87.7,11,Delhi,0,DEV_ANDROID_13,0,869,0,0.4,1,P2M,0
TXN101392,USR0067,1906.59,1825.0,1.045,28.2,170.3,18,Hyderabad,0,DEV_IOS_18,0,825,0,1.49,1,P2P,0
TXN101393,USR0011,5683.95,2073.0,2.742,13.0,8.3,18,Kolkata,1,DEV_ANDROID_14,0,917,0,5.73,0,P2P,1
TXN101394,USR0105,768.58,1284.0,0.599,30.5,50.7,14,Bengaluru,0,DEV_ANDROID_14,0,604,0,0.83,1,P2M,0
TXN101395,USR0074,2910.64,1853.0,1.571,37.0,0.7,23,Bengaluru,1,DEV_ANDROID_12,1,1448,1,10.65,1,ONLINE_SHOPPING,1
TXN101396,USR0064,7844.83,3744.0,2.095,36.2,182.6,13,Hyderabad,0,DEV_ANDROID_13,0,1417,0,1.73,1,P2M,0
TXN101397,USR0074,2185.59,1853.0,1.179,4.2,77.8,9,Hyderabad,0,DEV_IOS_18,0,1430,0,0.73,1,BILL_PAYMENT,0
TXN101398,USR0080,1785.62,1303.0,1.37,12.5,282.8,19,Kolkata,0,DEV_ANDROID_14,0,625,0,0.69,0,P2M,0
TXN101399,USR0008,15776.77,4207.0,3.75,28.0,3.4,10,Mumbai,0,DEV_ANDROID_13,0,1136,0,5.71,0,P2P,1
TXN101400,USR0054,6125.68,1995.0,3.071,24.3,600.1,13,Hyderabad,0,DEV_IOS_18,0,1104,0,0.78,1,P2P,0
TXN101401,USR0013,3516.45,2086.0,1.686,37.0,261.7,13,Kolkata,0,DEV_ANDROID_13,0,790,0,1.79,1,P2P,0
TXN101402,USR0128,1245.5,1765.0,0.706,24.3,277.8,10,Chennai,0,DEV_ANDROID_14,0,1762,0,1.65,1,P2P,0
TXN101403,USR0031,2140.13,4621.0,0.463,14.0,563.9,19,Kochi,1,DEV_ANDROID_14,0,788,0,1.26,1,P2M,0
TXN101404,USR0113,5754.23,2668.0,2.157,10.6,149.7,18,Hyderabad,0,DEV_ANDROID_14,0,1618,0,1.13,1,ONLINE_SHOPPING,0
TXN101405,USR0118,826.0,855.0,0.966,25.1,316.3,12,Kolkata,0,DEV_ANDROID_13,0,1505,0,0.55,1,P2P,0
TXN101406,USR0086,29178.79,4098.0,7.12,3.2,89.7,11,Delhi,0,DEV_ANDROID_13,0,1340,0,2.08,0,P2M,0
TXN101407,USR0044,830.4,843.0,0.985,22.0,304.1,11,Delhi,0,DEV_ANDROID_14,0,1618,0,0.21,1,BILL_PAYMENT,0
TXN101408,USR0058,3627.12,3029.0,1.197,21.5,316.7,12,Kolkata,0,DEV_ANDROID_13,1,905,0,1.68,1,P2P,0
TXN101409,USR0020,10091.02,3539.0,2.851,29.2,411.1,11,Delhi,0,DEV_ANDROID_14,0,258,0,0.19,1,BILL_PAYMENT,0
TXN101410,USR0145,4299.22,4287.0,1.003,10.8,136.2,17,Mumbai,0,DEV_ANDROID_13,0,1479,0,0.59,0,BILL_PAYMENT,0
TXN101411,USR0082,1046.88,1061.0,0.987,38.8,5.0,12,Hyderabad,0,DEV_IOS_18,0,82,0,1.18,1,BILL_PAYMENT,0
TXN101412,USR0094,2508.12,3141.0,0.799,11.9,338.1,15,Kolkata,0,DEV_ANDROID_14,0,1713,0,1.63,1,BILL_PAYMENT,0
TXN101413,USR0074,2770.22,1853.0,1.495,1.9,5.0,8,Hyderabad,0,DEV_IOS_18,0,1390,0,1.02,1,P2P,0
TXN101414,USR0035,5053.12,3949.0,1.28,35.0,66.4,12,Mumbai,0,DEV_ANDROID_14,0,1263,0,0.74,0,P2M,0
TXN101415,USR0017,1603.05,1139.0,1.407,30.1,5.0,12,Bengaluru,1,DEV_IOS_18,0,1202,0,1.34,1,BILL_PAYMENT,0
TXN101416,USR0083,3280.44,1684.0,1.948,10.3,136.1,12,Delhi,0,DEV_ANDROID_14,0,57,0,0.33,1,ONLINE_SHOPPING,0
TXN101417,USR0003,5524.33,3784.0,1.46,17.8,223.0,23,Hyderabad,0,DEV_ANDROID_13,0,1333,0,1.35,1,ONLINE_SHOPPING,0
TXN101418,USR0119,2078.19,1503.0,1.383,38.7,268.7,17,Chennai,0,DEV_ANDROID_13,0,604,0,0.3,1,P2M,0
TXN101419,USR0022,2174.6,3458.0,0.629,22.0,315.0,13,Chennai,0,DEV_ANDROID_13,0,1314,0,1.0,1,P2M,0
TXN101420,USR0015,8830.75,2529.0,3.492,30.0,23.5,20,Delhi,1,DEV_UNKNOWN,1,1256,2,2.57,0,P2P,1
TXN101421,USR0014,1387.79,2104.0,0.66,5.6,79.2,16,Delhi,0,DEV_ANDROID_13,0,881,0,0.53,1,BILL_PAYMENT,0
TXN101422,USR0107,908.06,1116.0,0.814,10.9,6.9,14,Hyderabad,0,DEV_IOS_18,1,1054,0,1.82,0,BILL_PAYMENT,0
TXN101423,USR0041,14498.64,2677.0,5.416,26.9,15.8,14,Kolkata,1,DEV_ANDROID_13,0,854,0,1.73,0,BILL_PAYMENT,0
TXN101424,USR0113,3066.54,2668.0,1.149,10.5,343.6,10,Hyderabad,0,DEV_ANDROID_14,0,1650,0,1.41,0,P2P,0
TXN101425,USR0066,842.59,572.0,1.473,6.8,244.1,16,Delhi,0,DEV_ANDROID_14,0,1009,0,0.99,1,P2P,0
TXN101426,USR0041,2030.37,2677.0,0.758,24.6,152.4,7,Bengaluru,0,DEV_ANDROID_13,0,847,0,0.26,1,P2P,0
TXN101427,USR0069,2569.82,3260.0,0.788,24.6,197.4,10,Lucknow,1,DEV_ANDROID_14,0,1671,0,0.62,1,P2P,0
TXN101428,USR0103,18928.94,4267.0,4.436,31.0,10.6,14,Delhi,1,DEV_ANDROID_13,0,1783,0,2.0,1,RECHARGE,0
TXN101429,USR0080,1326.22,1303.0,1.018,7.0,143.5,23,Kolkata,0,DEV_WEB_CHROME,1,627,0,1.91,1,P2P,0
TXN101430,USR0028,642.19,541.0,1.187,16.5,343.9,6,Delhi,0,DEV_IOS_18,0,858,0,1.86,1,ONLINE_SHOPPING,0
TXN101431,USR0054,1436.17,1995.0,0.72,25.5,119.0,11,Hyderabad,0,DEV_IOS_18,0,1124,0,1.85,1,P2M,0
TXN101432,USR0108,593.33,931.0,0.637,17.5,31.3,13,Mumbai,0,DEV_IOS_18,0,124,0,1.06,1,P2P,0
TXN101433,USR0065,4334.44,3227.0,1.343,31.1,75.7,18,Kolkata,1,DEV_ANDROID_14,0,1811,0,1.81,0,P2M,0
TXN101434,USR0016,2143.45,1443.0,1.485,20.9,179.3,16,Bengaluru,0,DEV_ANDROID_13,1,1245,0,1.05,1,P2P,0
TXN101435,USR0072,28116.29,4501.0,6.247,4.9,18.7,14,Kolkata,0,DEV_ANDROID_14,0,1344,0,2.47,1,P2M,0
TXN101436,USR0115,2145.45,1698.0,1.264,1.0,302.5,15,Kolkata,0,DEV_IOS_18,0,49,0,1.43,1,P2M,0
TXN101437,USR0091,1889.36,2696.0,0.701,2.1,96.1,10,Kolkata,0,DEV_ANDROID_13,0,1137,0,1.78,1,P2M,0
TXN101438,USR0013,1421.14,2086.0,0.681,35.4,249.5,16,Kolkata,0,DEV_ANDROID_13,0,743,0,1.45,1,ONLINE_SHOPPING,0
TXN101439,USR0103,5375.33,4267.0,1.26,25.7,167.8,14,Kolkata,0,DEV_ANDROID_13,0,1722,0,1.17,0,P2M,0
TXN101440,USR0145,1372.25,4287.0,0.32,10.3,141.8,12,Mumbai,0,DEV_ANDROID_13,0,1410,0,0.49,1,P2M,0
TXN101441,USR0061,632.14,445.0,1.421,27.9,450.1,7,Bengaluru,0,DEV_ANDROID_13,0,1033,0,1.68,1,P2P,0
TXN101442,USR0009,2768.42,3622.0,0.764,13.7,62.2,16,Mumbai,0,DEV_ANDROID_13,0,191,0,2.19,1,P2M,0
TXN101443,USR0001,4472.62,3411.0,1.311,26.5,5.0,12,Mumbai,0,DEV_ANDROID_13,0,791,0,1.62,1,P2M,0
TXN101444,USR0132,1191.4,3311.0,0.36,8.0,166.6,17,Hyderabad,0,DEV_ANDROID_13,0,530,0,1.68,1,RECHARGE,0
TXN101445,USR0096,419.15,482.0,0.87,25.8,282.6,19,Chennai,0,DEV_ANDROID_13,0,278,0,2.18,1,P2P,0
TXN101446,USR0115,1243.42,1698.0,0.732,2.3,109.2,10,Kolkata,0,DEV_IOS_18,0,61,0,1.14,1,P2P,0
TXN101447,USR0050,2234.65,2312.0,0.967,26.0,15.5,16,Mumbai,0,DEV_WEB_CHROME,1,84,0,0.9,1,P2M,0
TXN101448,USR0099,4921.73,3865.0,1.273,21.7,37.8,11,Kolkata,0,DEV_ANDROID_13,0,558,0,1.2,1,P2M,0
TXN101449,USR0043,2584.27,4029.0,0.641,20.6,23.1,17,Delhi,0,DEV_IOS_18,1,1321,0,1.29,0,P2M,0
TXN101450,USR0147,2258.82,4639.0,0.487,33.0,244.5,9,Chennai,0,DEV_IOS_18,0,417,0,0.75,1,P2M,0
TXN101451,USR0049,339.99,835.0,0.407,21.9,69.6,14,Mumbai,0,DEV_IOS_18,0,1140,0,0.58,1,P2M,0
TXN101452,USR0082,4483.52,1061.0,4.226,36.9,105.5,7,Hyderabad,0,DEV_IOS_18,0,71,0,0.73,1,BILL_PAYMENT,0
TXN101453,USR0033,2141.64,2282.0,0.938,14.7,289.9,13,Kolkata,0,DEV_IOS_18,0,765,0,0.71,1,P2P,0
TXN101454,USR0040,5946.3,942.0,6.312,26.0,98.0,1,Kochi,1,DEV_UNKNOWN,1,1790,2,4.26,0,P2P,1
TXN101455,USR0093,8170.42,3844.0,2.126,18.9,5.0,17,Chennai,0,DEV_ANDROID_14,0,88,0,1.29,0,P2M,0
TXN101456,USR0056,6271.76,4000.0,1.568,12.2,18.7,9,Bengaluru,0,DEV_IOS_18,0,226,0,1.03,1,BILL_PAYMENT,0
TXN101457,USR0145,5877.29,4287.0,1.371,5.3,159.5,11,Mumbai,0,DEV_ANDROID_13,0,1410,0,1.56,1,BILL_PAYMENT,0
TXN101458,USR0032,2734.16,2962.0,0.923,26.0,46.3,10,Hyderabad,0,DEV_ANDROID_14,0,1454,0,1.82,1,P2M,0
TXN101459,USR0053,1452.21,1779.0,0.816,34.8,124.7,15,Chennai,0,DEV_WEB_CHROME,1,1831,0,1.85,1,P2M,0
TXN101460,USR0080,1600.23,1303.0,1.228,14.9,357.7,11,Kolkata,0,DEV_ANDROID_14,0,572,0,1.45,0,BILL_PAYMENT,0
TXN101461,USR0112,5379.23,4425.0,1.216,22.8,142.7,19,Bengaluru,1,DEV_ANDROID_13,0,1523,0,1.57,1,P2M,0
TXN101462,USR0042,22314.78,4858.0,4.593,12.5,546.1,16,Delhi,0,DEV_ANDROID_13,0,1412,0,0.42,1,P2M,0
TXN101463,USR0086,11017.7,4098.0,2.689,5.3,118.6,18,Delhi,0,DEV_ANDROID_13,0,1294,0,0.91,1,P2P,0
TXN101464,USR0065,3784.86,3227.0,1.173,35.6,396.5,10,Delhi,0,DEV_ANDROID_14,0,1770,0,1.11,1,P2M,0
TXN101465,USR0086,3034.33,4098.0,0.74,12.2,5.0,12,Delhi,0,DEV_ANDROID_13,0,1302,0,0.83,1,P2P,0
TXN101466,USR0123,3427.21,4007.0,0.855,22.5,132.6,13,Kolkata,0,DEV_IOS_18,0,1225,0,0.87,1,P2P,0
TXN101467,USR0048,8120.91,2387.0,3.402,17.0,7.7,19,Chennai,0,DEV_IOS_18,0,1130,2,4.69,0,P2P,1
TXN101468,USR0028,642.29,541.0,1.187,15.1,11.0,18,Jaipur,1,DEV_IOS_18,0,813,0,1.88,1,BILL_PAYMENT,0
TXN101469,USR0148,2819.55,1934.0,1.458,22.4,143.1,13,Chennai,0,DEV_ANDROID_13,0,1611,0,0.63,1,INVESTMENT,0
TXN101470,USR0118,3398.8,855.0,3.975,27.6,512.7,23,Kolkata,0,DEV_ANDROID_13,0,1536,0,1.26,0,ONLINE_SHOPPING,0
TXN101471,USR0001,4189.04,3411.0,1.228,21.2,48.5,12,Mumbai,0,DEV_ANDROID_13,0,786,0,1.66,0,P2P,0
TXN101472,USR0129,1841.02,4329.0,0.425,22.4,132.3,6,Chennai,0,DEV_ANDROID_13,0,1425,0,1.92,1,P2P,0
TXN101473,USR0006,4628.67,4184.0,1.106,18.5,242.9,18,Hyderabad,0,DEV_IOS_18,0,811,0,0.85,1,P2P,0
TXN101474,USR0014,1697.34,2104.0,0.807,6.2,26.0,18,Delhi,0,DEV_ANDROID_13,0,918,0,1.51,1,P2P,0
TXN101475,USR0142,4304.25,3033.0,1.419,20.8,44.9,12,Hyderabad,0,DEV_ANDROID_14,0,857,0,1.39,0,BILL_PAYMENT,0
TXN101476,USR0046,1484.91,3064.0,0.485,25.7,356.8,9,Delhi,0,DEV_ANDROID_13,0,388,0,1.25,1,P2M,0
TXN101477,USR0081,1386.82,1873.0,0.74,32.9,292.8,18,Kolkata,0,DEV_IOS_18,1,896,0,1.57,1,P2P,0
TXN101478,USR0103,6209.53,4267.0,1.455,34.4,298.9,7,Kolkata,0,DEV_ANDROID_13,0,1785,0,0.78,1,P2P,0
TXN101479,USR0131,963.42,1330.0,0.724,26.8,666.0,10,Bengaluru,0,DEV_ANDROID_14,1,1014,0,0.66,1,ONLINE_SHOPPING,0
TXN101480,USR0149,4698.69,3318.0,1.416,5.5,15.1,8,Chennai,0,DEV_ANDROID_13,0,1450,0,1.69,0,P2M,0
TXN101481,USR0058,2191.48,3029.0,0.723,31.9,158.2,8,Kolkata,0,DEV_ANDROID_14,0,855,0,2.01,0,P2P,0
TXN101482,USR0046,5694.54,3064.0,1.859,17.9,224.0,15,Delhi,0,DEV_ANDROID_13,0,368,0,1.41,1,INVESTMENT,0
TXN101483,USR0150,14945.93,1846.0,8.096,51.0,53.3,15,Hyderabad,1,DEV_UNKNOWN,1,341,6,4.51,0,INVESTMENT,1
TXN101484,USR0088,3276.95,4666.0,0.702,9.6,296.2,14,Mumbai,0,DEV_IOS_18,0,768,0,0.38,1,P2P,0
TXN101485,USR0148,2926.06,1934.0,1.513,25.4,238.1,10,Mumbai,1,DEV_ANDROID_13,0,1671,0,0.8,1,P2M,0
TXN101486,USR0020,2391.33,3539.0,0.676,21.2,16.0,16,Chandigarh,1,DEV_ANDROID_14,0,311,0,1.0,1,P2M,0
TXN101487,USR0129,2750.08,4329.0,0.635,16.7,152.3,13,Chennai,0,DEV_ANDROID_13,0,1418,0,1.83,1,P2P,0
TXN101488,USR0085,4668.34,3924.0,1.19,25.2,211.6,7,Kolkata,0,DEV_ANDROID_13,0,784,0,0.76,0,RECHARGE,0
TXN101489,USR0003,2830.32,3784.0,0.748,23.0,30.2,8,Hyderabad,0,DEV_ANDROID_13,0,1350,0,0.94,1,P2P,0
TXN101490,USR0115,1029.51,1698.0,0.606,1.0,121.1,11,Kolkata,0,DEV_IOS_18,0,61,0,1.95,1,P2M,0
TXN101491,USR0045,6033.23,3638.0,1.658,17.3,93.7,14,Mumbai,0,DEV_IOS_18,0,1303,0,1.36,1,BILL_PAYMENT,0
TXN101492,USR0073,1545.69,1427.0,1.083,24.5,390.1,18,Kolkata,0,DEV_ANDROID_13,0,215,0,1.69,1,P2P,0
TXN101493,USR0074,4885.39,1853.0,2.636,5.8,87.7,17,Hyderabad,0,DEV_ANDROID_14,1,1379,0,1.49,1,ONLINE_SHOPPING,0
TXN101494,USR0031,2926.28,4621.0,0.633,11.2,103.1,10,Kolkata,0,DEV_ANDROID_14,0,807,0,0.6,1,P2P,0
TXN101495,USR0138,3050.0,3130.0,0.974,20.1,188.6,15,Chennai,0,DEV_IOS_18,0,1417,0,1.26,1,P2M,0
TXN101496,USR0072,3764.61,4501.0,0.836,4.8,52.7,16,Kolkata,0,DEV_ANDROID_14,0,1351,0,0.29,1,P2M,0
TXN101497,USR0067,2386.17,1825.0,1.307,32.8,186.4,18,Hyderabad,0,DEV_IOS_18,0,870,0,0.55,1,P2M,0
TXN101498,USR0043,3994.87,4029.0,0.992,23.2,5.0,17,Delhi,0,DEV_ANDROID_13,0,1365,0,0.51,1,P2M,0
TXN101499,USR0083,2427.0,1684.0,1.441,1.0,104.1,17,Delhi,0,DEV_ANDROID_14,0,46,0,2.0,1,P2P,0
TXN101500,USR0098,3519.21,2841.0,1.239,34.9,150.7,13,Delhi,0,DEV_IOS_18,0,1148,0,1.28,1,P2P,0
TXN101501,USR0045,4256.35,3638.0,1.17,13.8,477.0,20,Mumbai,0,DEV_IOS_18,0,1345,0,1.54,1,BILL_PAYMENT,0
TXN101502,USR0100,2044.16,2121.0,0.964,33.7,133.4,15,Bengaluru,0,DEV_ANDROID_14,0,772,0,2.46,0,P2P,0
TXN101503,USR0027,1334.43,816.0,1.635,22.6,202.7,14,Hyderabad,0,DEV_IOS_18,0,1467,0,1.01,1,P2P,0
TXN101504,USR0061,779.28,445.0,1.751,22.0,2.6,4,Ahmedabad,1,DEV_WEB_CHROME,1,1032,1,6.87,0,P2P,1
TXN101505,USR0045,2324.89,3638.0,0.639,12.4,72.4,11,Mumbai,0,DEV_IOS_18,0,1321,0,1.8,1,P2P,0
TXN101506,USR0015,1240.21,2529.0,0.49,6.9,79.2,9,Chennai,0,DEV_ANDROID_14,0,1255,0,0.1,1,P2M,0
TXN101507,USR0099,4752.51,3865.0,1.23,19.7,1564.8,9,Kolkata,0,DEV_ANDROID_13,0,581,0,0.2,1,P2P,0
TXN101508,USR0011,1426.64,2073.0,0.688,22.1,245.6,8,Chennai,0,DEV_ANDROID_14,0,926,1,1.29,0,P2M,0
TXN101509,USR0117,1260.95,891.0,1.415,1.4,36.5,13,Mumbai,0,DEV_ANDROID_13,0,787,2,0.9,0,P2P,0
TXN101510,USR0046,1705.23,3064.0,0.557,25.6,320.5,15,Delhi,0,DEV_ANDROID_13,0,376,0,2.0,0,ONLINE_SHOPPING,0
TXN101511,USR0128,5782.41,1765.0,3.276,56.0,3.5,15,Chandigarh,1,DEV_WEB_CHROME,1,1761,5,12.84,0,P2P,1
TXN101512,USR0019,2206.32,4271.0,0.517,16.6,268.7,17,Bengaluru,0,DEV_ANDROID_13,0,1672,0,1.14,1,P2P,0
TXN101513,USR0113,7002.81,2668.0,2.625,49.0,1.4,11,Pune,1,DEV_ANDROID_14,0,1607,4,7.96,1,P2P,1
TXN101514,USR0082,2601.23,1061.0,2.452,37.1,11.6,17,Hyderabad,0,DEV_IOS_18,0,83,0,1.14,0,P2P,0
TXN101515,USR0113,4277.39,2668.0,1.603,8.6,392.4,21,Hyderabad,0,DEV_ANDROID_14,0,1644,0,2.26,0,P2P,0
TXN101516,USR0082,4598.44,1061.0,4.334,11.0,15.3,17,Mumbai,1,DEV_UNKNOWN,1,58,0,4.98,0,P2P,1
TXN101517,USR0061,584.65,445.0,1.314,35.3,32.3,23,Bengaluru,0,DEV_ANDROID_13,0,1019,0,0.62,1,P2P,0
TXN101518,USR0129,6168.49,4329.0,1.425,22.6,107.2,11,Chennai,0,DEV_ANDROID_13,0,1403,0,1.27,0,P2M,0
TXN101519,USR0018,2756.95,1836.0,1.502,35.2,25.8,8,Chennai,0,DEV_ANDROID_14,0,1521,0,2.01,1,P2M,0
TXN101520,USR0112,10609.46,4425.0,2.398,24.0,19.2,17,Lucknow,1,DEV_UNKNOWN,1,1569,2,3.94,0,P2P,1
TXN101521,USR0025,5179.35,3410.0,1.519,21.0,135.4,9,Bengaluru,0,DEV_ANDROID_13,0,1535,0,1.39,1,P2M,0
TXN101522,USR0107,6696.27,1116.0,6.0,12.0,67.5,10,Hyderabad,0,DEV_ANDROID_14,0,1077,0,1.33,0,RECHARGE,0
TXN101523,USR0066,629.4,572.0,1.1,13.6,24.5,15,Delhi,0,DEV_ANDROID_14,0,1071,0,1.95,1,P2P,0
TXN101524,USR0007,1412.67,823.0,1.716,28.6,123.6,15,Bengaluru,0,DEV_ANDROID_14,0,1581,0,0.54,1,P2P,0
TXN101525,USR0149,3267.65,3318.0,0.985,10.0,72.8,16,Chennai,0,DEV_ANDROID_13,0,1472,0,1.06,1,ONLINE_SHOPPING,0
TXN101526,USR0052,1743.84,875.0,1.993,8.0,90.6,14,Mumbai,0,DEV_ANDROID_13,0,1058,0,0.98,0,P2P,0
TXN101527,USR0043,27790.42,4029.0,6.898,27.0,60.0,5,Jaipur,1,DEV_UNKNOWN,1,1381,0,2.11,0,P2P,1
TXN101528,USR0001,2348.35,3411.0,0.688,19.3,298.4,13,Mumbai,0,DEV_ANDROID_13,0,831,0,0.1,1,P2M,0
TXN101529,USR0068,27454.55,1858.0,14.776,42.0,26.0,21,Ahmedabad,1,DEV_UNKNOWN,1,1747,5,4.49,0,P2M,1
TXN101530,USR0120,2873.54,3985.0,0.721,16.5,631.6,6,Chennai,0,DEV_IOS_18,0,1173,0,1.56,1,RECHARGE,0
TXN101531,USR0041,3529.57,2677.0,1.318,19.5,5.0,13,Bengaluru,0,DEV_ANDROID_13,0,844,0,0.46,1,P2M,0
TXN101532,USR0008,2781.13,4207.0,0.661,13.2,173.5,9,Mumbai,0,DEV_ANDROID_13,0,1158,0,2.2,1,P2M,0
TXN101533,USR0062,3260.99,2948.0,1.106,10.5,23.6,17,Mumbai,0,DEV_ANDROID_14,0,205,0,1.89,1,P2P,0
TXN101534,USR0084,703.55,960.0,0.733,6.1,12.2,16,Chennai,0,DEV_ANDROID_13,0,906,0,1.35,0,BILL_PAYMENT,0
TXN101535,USR0119,1420.25,1503.0,0.945,34.4,17.8,11,Chennai,0,DEV_ANDROID_13,0,635,0,1.21,0,P2P,0
TXN101536,USR0074,1269.78,1853.0,0.685,9.0,55.8,21,Hyderabad,0,DEV_IOS_18,0,1390,0,0.82,1,BILL_PAYMENT,0
TXN101537,USR0053,1624.04,1779.0,0.913,38.0,270.0,8,Chennai,0,DEV_ANDROID_14,0,1772,0,0.4,1,P2M,0
TXN101538,USR0003,3318.56,3784.0,0.877,25.6,178.7,8,Hyderabad,0,DEV_ANDROID_13,0,1325,0,1.96,1,BILL_PAYMENT,0
TXN101539,USR0023,2680.27,2955.0,0.907,20.5,122.8,19,Delhi,0,DEV_ANDROID_13,0,981,0,0.61,1,BILL_PAYMENT,0
TXN101540,USR0099,21740.26,3865.0,5.625,41.0,53.3,18,Delhi,1,DEV_UNKNOWN,1,598,7,9.45,0,INVESTMENT,1
TXN101541,USR0074,3916.7,1853.0,2.114,9.5,66.0,17,Hyderabad,0,DEV_IOS_18,0,1439,0,2.54,0,P2M,0
TXN101542,USR0123,3892.82,4007.0,0.972,13.5,266.4,16,Kolkata,0,DEV_IOS_18,0,1288,0,1.6,0,P2P,0
TXN101543,USR0041,11050.74,2677.0,4.128,62.0,1.0,2,Kolkata,1,DEV_ANDROID_13,0,832,2,12.19,1,P2P,1
TXN101544,USR0041,3255.91,2677.0,1.216,25.1,302.6,17,Bengaluru,0,DEV_ANDROID_13,0,844,0,0.6,0,P2P,0
TXN101545,USR0128,1278.09,1765.0,0.724,32.2,11.1,8,Chennai,0,DEV_ANDROID_14,0,1705,0,2.33,0,BILL_PAYMENT,0
TXN101546,USR0049,824.05,835.0,0.987,21.8,69.3,8,Mumbai,0,DEV_IOS_18,0,1168,0,1.95,1,INVESTMENT,0
TXN101547,USR0060,4009.29,2418.0,1.658,13.2,115.6,19,Hyderabad,0,DEV_ANDROID_13,0,83,0,0.55,1,ONLINE_SHOPPING,0
TXN101548,USR0108,845.88,931.0,0.909,15.9,330.8,18,Mumbai,0,DEV_IOS_18,0,97,0,1.59,0,BILL_PAYMENT,0
TXN101549,USR0090,4775.31,4795.0,0.996,17.7,53.6,8,Hyderabad,0,DEV_ANDROID_14,0,589,0,1.14,0,ONLINE_SHOPPING,0
TXN101550,USR0014,4229.55,2104.0,2.01,1.0,313.7,22,Delhi,0,DEV_ANDROID_13,0,898,0,2.08,1,P2P,0
TXN101551,USR0037,1759.57,2687.0,0.655,20.1,124.4,6,Kolkata,0,DEV_ANDROID_14,0,962,0,0.7,1,INVESTMENT,0
TXN101552,USR0038,1509.46,2152.0,0.701,9.9,372.8,13,Bengaluru,0,DEV_ANDROID_14,0,575,0,1.83,1,P2M,0
TXN101553,USR0129,2770.72,4329.0,0.64,20.5,94.0,20,Chennai,0,DEV_ANDROID_13,0,1383,0,1.39,1,INVESTMENT,0
TXN101554,USR0091,5197.17,2696.0,1.928,48.0,1.1,23,Mumbai,1,DEV_WEB_CHROME,1,1145,1,5.81,0,ONLINE_SHOPPING,1
TXN101555,USR0046,2217.16,3064.0,0.724,23.7,189.1,12,Delhi,0,DEV_ANDROID_13,0,323,0,1.54,0,P2P,0
TXN101556,USR0138,2804.71,3130.0,0.896,26.1,119.7,10,Chennai,0,DEV_IOS_18,0,1399,0,1.13,1,ONLINE_SHOPPING,0
TXN101557,USR0140,3057.62,3114.0,0.982,4.7,5.0,18,Delhi,0,DEV_ANDROID_13,0,225,0,1.72,1,P2P,0
TXN101558,USR0095,978.99,2387.0,0.41,20.3,30.3,12,Chennai,0,DEV_ANDROID_13,0,1171,0,1.42,0,BILL_PAYMENT,0
TXN101559,USR0062,1655.26,2948.0,0.561,19.0,453.3,16,Mumbai,0,DEV_ANDROID_14,0,210,0,1.59,1,P2M,0
TXN101560,USR0117,1332.01,891.0,1.495,8.8,774.7,16,Kochi,1,DEV_ANDROID_13,0,727,0,1.68,1,P2P,0
TXN101561,USR0076,8485.36,3835.0,2.213,19.1,46.4,14,Mumbai,0,DEV_ANDROID_13,0,538,0,1.17,0,ONLINE_SHOPPING,0
TXN101562,USR0083,1008.61,1684.0,0.599,10.6,474.3,8,Delhi,0,DEV_ANDROID_13,1,99,0,0.56,1,P2P,0
TXN101563,USR0117,3118.5,891.0,3.5,3.0,534.6,11,Mumbai,0,DEV_ANDROID_14,1,793,0,1.07,1,P2P,0
TXN101564,USR0123,3887.68,4007.0,0.97,19.9,175.5,12,Mumbai,1,DEV_IOS_18,0,1262,0,1.69,1,P2M,0
TXN101565,USR0089,3829.74,1008.0,3.799,46.0,53.7,0,Chennai,1,DEV_UNKNOWN,1,981,6,4.77,0,INVESTMENT,1
TXN101566,USR0075,1142.78,2287.0,0.5,16.9,555.0,8,Bengaluru,0,DEV_IOS_18,0,1612,0,0.91,0,P2M,0
TXN101567,USR0091,3316.13,2696.0,1.23,5.7,494.1,23,Kolkata,0,DEV_ANDROID_13,0,1118,0,0.9,1,P2P,0
TXN101568,USR0050,3018.51,2312.0,1.306,25.7,189.5,11,Mumbai,0,DEV_ANDROID_13,0,115,0,1.32,1,P2M,0
TXN101569,USR0072,6251.55,4501.0,1.389,8.7,447.0,7,Kolkata,0,DEV_ANDROID_14,0,1407,2,0.75,0,P2M,0
TXN101570,USR0024,1266.11,1043.0,1.214,11.7,156.3,6,Lucknow,1,DEV_ANDROID_14,0,257,0,0.9,0,P2M,0
TXN101571,USR0062,1603.75,2948.0,0.544,20.2,304.9,10,Mumbai,0,DEV_WEB_CHROME,1,271,0,0.49,1,P2M,0
TXN101572,USR0132,39080.77,3311.0,11.803,24.0,25.0,17,Hyderabad,0,DEV_ANDROID_12,1,566,2,8.95,0,P2M,1
TXN101573,USR0105,1029.48,1284.0,0.802,22.8,79.9,18,Bengaluru,0,DEV_ANDROID_14,0,585,0,2.01,0,P2M,0
TXN101574,USR0010,3111.07,4508.0,0.69,31.3,104.5,15,Kolkata,0,DEV_IOS_18,0,1388,0,1.6,1,P2P,0
TXN101575,USR0003,6591.85,3784.0,1.742,32.3,155.9,23,Jaipur,1,DEV_ANDROID_13,0,1315,0,1.16,1,P2M,0
TXN101576,USR0048,1956.82,2387.0,0.82,17.5,113.7,14,Chennai,0,DEV_IOS_18,0,1154,0,1.81,1,P2M,0
TXN101577,USR0138,4188.63,3130.0,1.338,21.1,80.5,18,Chennai,0,DEV_IOS_18,0,1464,0,1.74,0,RECHARGE,0
TXN101578,USR0078,2358.46,4223.0,0.558,29.1,91.1,15,Mumbai,0,DEV_ANDROID_13,1,350,0,0.56,1,BILL_PAYMENT,0
TXN101579,USR0069,9904.93,3260.0,3.038,18.8,157.4,6,Hyderabad,0,DEV_ANDROID_14,0,1618,0,1.57,1,P2P,0
TXN101580,USR0085,4350.89,3924.0,1.109,20.6,12.4,17,Kolkata,0,DEV_ANDROID_13,0,826,0,1.81,1,RECHARGE,0
TXN101581,USR0052,453.81,875.0,0.519,4.9,103.2,9,Mumbai,0,DEV_ANDROID_13,0,1064,0,1.09,1,P2M,0
TXN101582,USR0061,202.1,445.0,0.454,38.6,66.0,8,Bengaluru,0,DEV_ANDROID_13,0,995,0,2.29,0,P2P,0
TXN101583,USR0031,4689.54,4621.0,1.015,9.4,162.1,17,Kochi,1,DEV_ANDROID_14,0,784,0,1.72,1,P2M,0
TXN101584,USR0116,2465.81,2809.0,0.878,32.9,50.2,10,Bengaluru,0,DEV_WEB_CHROME,1,197,0,1.04,0,P2P,0
TXN101585,USR0069,3421.73,3260.0,1.05,27.9,296.9,11,Hyderabad,0,DEV_WEB_CHROME,1,1640,0,1.17,0,P2P,0
TXN101586,USR0140,2486.01,3114.0,0.798,9.6,236.8,11,Delhi,0,DEV_ANDROID_14,1,239,0,1.18,1,P2P,0
TXN101587,USR0036,1223.03,1141.0,1.072,38.4,78.5,17,Bengaluru,0,DEV_ANDROID_13,0,952,0,1.33,1,P2P,0
TXN101588,USR0087,4386.35,4199.0,1.045,6.8,67.0,20,Mumbai,0,DEV_ANDROID_13,0,834,0,1.71,1,P2M,0
TXN101589,USR0012,948.23,1109.0,0.855,23.5,243.6,15,Mumbai,0,DEV_IOS_18,0,1230,0,1.39,1,P2P,0
TXN101590,USR0062,4909.54,2948.0,1.665,9.6,248.4,10,Mumbai,0,DEV_ANDROID_14,0,265,0,2.16,1,P2P,0
TXN101591,USR0107,1708.53,1116.0,1.531,8.8,117.6,17,Hyderabad,0,DEV_ANDROID_14,0,1103,0,0.1,1,P2M,0
TXN101592,USR0085,12279.09,3924.0,3.129,24.0,16.0,19,Chennai,1,DEV_UNKNOWN,1,767,1,4.63,0,P2P,1
TXN101593,USR0003,5421.41,3784.0,1.433,26.8,36.0,7,Hyderabad,0,DEV_ANDROID_13,0,1319,0,0.7,1,BILL_PAYMENT,0
TXN101594,USR0076,3444.61,3835.0,0.898,16.1,5.0,9,Mumbai,0,DEV_ANDROID_13,0,539,0,1.24,0,P2M,0
TXN101595,USR0059,5894.43,4787.0,1.231,12.3,56.0,18,Chennai,0,DEV_ANDROID_13,1,976,0,2.71,1,P2P,0
TXN101596,USR0096,436.01,482.0,0.905,27.7,328.9,18,Chennai,0,DEV_ANDROID_13,0,267,0,0.33,0,INVESTMENT,0
TXN101597,USR0025,2961.74,3410.0,0.869,21.2,295.1,13,Bengaluru,0,DEV_ANDROID_13,0,1527,0,0.48,1,P2M,0
TXN101598,USR0012,952.42,1109.0,0.859,29.1,123.5,20,Mumbai,0,DEV_IOS_18,0,1266,1,0.39,1,P2M,0
TXN101599,USR0073,633.56,1427.0,0.444,31.1,426.8,13,Kolkata,0,DEV_ANDROID_13,0,278,0,1.91,1,ONLINE_SHOPPING,0
TXN101600,USR0013,2366.57,2086.0,1.135,39.8,171.5,19,Kolkata,0,DEV_ANDROID_13,0,748,0,0.98,0,BILL_PAYMENT,0
TXN101601,USR0046,1822.08,3064.0,0.595,23.3,81.0,16,Delhi,0,DEV_ANDROID_14,1,340,0,0.37,0,P2P,0
TXN101602,USR0131,1387.62,1330.0,1.043,30.1,205.7,16,Bengaluru,0,DEV_IOS_18,0,1004,0,0.1,0,BILL_PAYMENT,0
TXN101603,USR0044,1325.92,843.0,1.573,19.6,194.7,14,Delhi,0,DEV_ANDROID_14,0,1633,0,1.21,1,BILL_PAYMENT,0
TXN101604,USR0011,2168.39,2073.0,1.046,16.3,211.1,10,Chennai,0,DEV_ANDROID_14,0,911,0,0.19,0,P2P,0
TXN101605,USR0117,5977.04,891.0,6.708,33.0,269.0,5,Kolkata,1,DEV_UNKNOWN,1,766,1,2.08,0,P2P,1
TXN101606,USR0109,1268.98,1296.0,0.979,3.7,11.3,8,Chennai,0,DEV_ANDROID_14,0,1544,0,0.93,0,P2M,0
TXN101607,USR0025,5969.89,3410.0,1.751,18.5,60.5,15,Bengaluru,0,DEV_ANDROID_13,0,1598,1,1.34,0,P2M,0
TXN101608,USR0062,1611.65,2948.0,0.547,18.9,69.1,13,Jaipur,1,DEV_ANDROID_14,0,265,0,1.61,1,P2P,0
TXN101609,USR0111,3000.05,4209.0,0.713,17.1,405.3,8,Chennai,0,DEV_IOS_18,0,1829,0,0.29,1,P2P,0
TXN101610,USR0116,9434.87,2809.0,3.359,58.0,3.8,6,Kolkata,1,DEV_ANDROID_13,0,250,1,11.89,0,ONLINE_SHOPPING,1
TXN101611,USR0065,2298.91,3227.0,0.712,22.4,71.8,14,Delhi,0,DEV_ANDROID_14,0,1741,0,2.15,1,INVESTMENT,0
TXN101612,USR0006,3145.65,4184.0,0.752,23.2,5.0,8,Hyderabad,0,DEV_IOS_18,0,823,0,1.64,1,P2M,0
TXN101613,USR0138,1398.64,3130.0,0.447,17.0,88.2,10,Chennai,0,DEV_IOS_18,0,1443,0,1.7,1,BILL_PAYMENT,0
TXN101614,USR0026,2354.59,3918.0,0.601,18.8,191.7,9,Lucknow,1,DEV_ANDROID_14,0,1198,0,1.04,0,P2M,0
TXN101615,USR0035,3460.64,3949.0,0.876,24.0,31.1,11,Mumbai,0,DEV_ANDROID_14,0,1244,0,1.9,1,P2M,0
TXN101616,USR0005,583.44,1239.0,0.471,33.4,5.0,14,Hyderabad,0,DEV_IOS_18,0,1411,0,0.62,1,P2P,0
TXN101617,USR0105,992.28,1284.0,0.773,22.0,254.7,10,Bengaluru,0,DEV_ANDROID_14,0,629,0,1.01,0,P2P,0
TXN101618,USR0066,812.15,572.0,1.42,14.8,159.4,17,Delhi,0,DEV_ANDROID_14,0,997,0,1.18,1,P2P,0
TXN101619,USR0005,1658.13,1239.0,1.338,32.0,499.4,13,Hyderabad,0,DEV_ANDROID_14,1,1425,0,1.55,0,RECHARGE,0
TXN101620,USR0011,3637.85,2073.0,1.755,21.5,128.8,13,Chennai,0,DEV_ANDROID_14,0,958,0,0.1,1,P2P,0
TXN101621,USR0075,1406.35,2287.0,0.615,18.3,177.6,13,Bengaluru,0,DEV_IOS_18,0,1593,0,0.74,0,BILL_PAYMENT,0
TXN101622,USR0076,6158.95,3835.0,1.606,20.0,49.1,11,Mumbai,0,DEV_ANDROID_13,0,501,0,1.84,0,P2P,0
TXN101623,USR0048,1978.17,2387.0,0.829,17.3,5.0,18,Chennai,0,DEV_IOS_18,0,1131,0,0.97,1,P2M,0
TXN101624,USR0110,9150.01,3119.0,2.934,53.0,2.5,5,Pune,1,DEV_WEB_CHROME,1,1242,5,12.57,0,P2P,1
TXN101625,USR0033,2200.06,2282.0,0.964,10.9,399.7,18,Kolkata,0,DEV_IOS_18,0,825,0,1.11,0,BILL_PAYMENT,0
TXN101626,USR0071,1317.56,1774.0,0.743,18.9,287.7,17,Hyderabad,0,DEV_ANDROID_14,0,1759,0,1.63,0,ONLINE_SHOPPING,0
TXN101627,USR0020,2476.83,3539.0,0.7,26.2,233.8,11,Delhi,0,DEV_ANDROID_14,0,327,0,1.71,1,ONLINE_SHOPPING,0
TXN101628,USR0068,5150.94,1858.0,2.772,14.4,21.4,15,Chennai,0,DEV_ANDROID_13,0,1729,0,0.62,1,P2P,0
TXN101629,USR0133,534.71,561.0,0.953,12.7,129.8,18,Delhi,0,DEV_ANDROID_13,0,1131,1,1.57,0,P2P,0
TXN101630,USR0138,3716.01,3130.0,1.187,14.7,8.8,13,Kochi,1,DEV_IOS_18,0,1427,0,1.74,1,BILL_PAYMENT,0
TXN101631,USR0109,1867.67,1296.0,1.441,10.0,16.5,9,Chennai,0,DEV_ANDROID_14,0,1511,0,0.14,1,P2M,0
TXN101632,USR0026,12590.61,3918.0,3.214,22.8,342.5,13,Pune,1,DEV_ANDROID_14,0,1212,1,0.94,1,ONLINE_SHOPPING,0
TXN101633,USR0131,968.35,1330.0,0.728,34.7,258.4,20,Kochi,1,DEV_IOS_18,0,1034,0,0.53,0,INVESTMENT,0
TXN101634,USR0089,615.17,1008.0,0.61,19.1,217.5,10,Kolkata,0,DEV_ANDROID_14,0,979,0,0.1,1,P2M,0
TXN101635,USR0015,6644.36,2529.0,2.627,10.1,35.9,9,Chennai,0,DEV_ANDROID_14,0,1302,0,2.53,1,ONLINE_SHOPPING,0
TXN101636,USR0004,1313.7,989.0,1.328,37.7,101.3,8,Chennai,0,DEV_IOS_18,0,856,0,0.35,0,BILL_PAYMENT,0
TXN101637,USR0126,1764.32,2090.0,0.844,20.1,64.2,19,Delhi,0,DEV_IOS_18,0,731,0,1.55,0,P2P,0
TXN101638,USR0131,1851.56,1330.0,1.392,26.5,35.6,14,Bengaluru,0,DEV_IOS_18,0,1051,0,0.92,1,P2P,0
TXN101639,USR0083,1841.86,1684.0,1.094,1.9,186.2,10,Delhi,0,DEV_ANDROID_14,0,89,0,2.6,1,BILL_PAYMENT,0
TXN101640,USR0085,4088.37,3924.0,1.042,24.5,146.2,10,Kolkata,0,DEV_ANDROID_13,0,818,0,1.1,0,INVESTMENT,0
TXN101641,USR0115,1279.21,1698.0,0.753,1.0,520.5,12,Kolkata,0,DEV_IOS_18,0,58,2,1.15,1,P2M,0
TXN101642,USR0067,3351.32,1825.0,1.836,25.3,5.0,7,Hyderabad,0,DEV_IOS_18,0,851,0,0.76,0,P2M,0
TXN101643,USR0007,638.26,823.0,0.776,21.0,468.7,21,Bengaluru,0,DEV_ANDROID_14,0,1612,0,1.72,1,P2P,0
TXN101644,USR0146,1757.74,803.0,2.189,15.0,165.2,15,Mumbai,0,DEV_ANDROID_13,0,1239,0,1.15,0,P2P,0
TXN101645,USR0129,8640.17,4329.0,1.996,23.7,371.9,15,Chennai,0,DEV_ANDROID_13,0,1433,2,2.09,1,P2M,0
TXN101646,USR0095,1761.2,2387.0,0.738,20.8,201.9,12,Chennai,0,DEV_ANDROID_13,0,1137,0,1.05,1,ONLINE_SHOPPING,0
TXN101647,USR0134,1875.92,4359.0,0.43,25.0,344.8,12,Chennai,0,DEV_IOS_18,0,272,0,1.63,1,P2M,0
TXN101648,USR0079,1928.64,2089.0,0.923,18.7,144.7,13,Chennai,0,DEV_ANDROID_14,0,1298,0,0.25,0,P2P,0
TXN101649,USR0107,601.0,1116.0,0.539,11.7,271.5,8,Hyderabad,0,DEV_ANDROID_14,0,1065,0,1.78,0,ONLINE_SHOPPING,0
TXN101650,USR0055,598.37,1096.0,0.546,26.6,434.0,12,Delhi,0,DEV_ANDROID_14,0,792,0,0.63,0,P2M,0
TXN101651,USR0148,2270.15,1934.0,1.174,31.5,370.2,9,Chennai,0,DEV_ANDROID_13,0,1613,0,0.83,1,P2P,0
TXN101652,USR0107,738.01,1116.0,0.661,16.3,65.8,13,Hyderabad,0,DEV_ANDROID_14,0,1047,0,1.73,0,P2P,0
TXN101653,USR0084,1750.27,960.0,1.823,14.8,713.1,13,Chennai,0,DEV_ANDROID_13,0,913,0,1.66,1,P2P,0
TXN101654,USR0112,1955.22,4425.0,0.442,29.8,142.6,16,Hyderabad,0,DEV_ANDROID_13,0,1555,0,1.18,1,P2M,0
TXN101655,USR0127,570.48,2395.0,0.238,11.2,223.6,9,Chennai,0,DEV_ANDROID_14,0,348,0,1.47,1,P2P,0
TXN101656,USR0033,1952.54,2282.0,0.856,19.0,5.0,12,Kolkata,0,DEV_IOS_18,0,781,0,1.64,1,P2M,0
TXN101657,USR0037,5967.06,2687.0,2.221,22.6,8.0,15,Kolkata,0,DEV_ANDROID_14,0,893,0,0.78,1,BILL_PAYMENT,0
TXN101658,USR0125,1548.35,1159.0,1.336,18.8,341.3,15,Bengaluru,0,DEV_IOS_18,0,1081,0,1.34,0,ONLINE_SHOPPING,0
TXN101659,USR0124,1024.17,1625.0,0.63,4.7,495.9,20,Hyderabad,0,DEV_ANDROID_14,0,295,0,0.89,0,P2M,0
TXN101660,USR0059,7307.47,4787.0,1.527,11.4,94.9,12,Chennai,0,DEV_ANDROID_14,0,1053,0,1.25,1,P2M,0
TXN101661,USR0110,2675.38,3119.0,0.858,16.3,77.6,13,Mumbai,0,DEV_ANDROID_13,1,1276,0,1.5,1,BILL_PAYMENT,0
TXN101662,USR0082,1508.94,1061.0,1.422,40.0,300.3,16,Hyderabad,0,DEV_IOS_18,0,88,0,2.28,1,P2P,0
TXN101663,USR0107,6768.84,1116.0,6.065,29.0,76.0,1,Jaipur,1,DEV_ANDROID_14,0,1055,1,3.03,0,P2P,1
TXN101664,USR0004,4375.43,989.0,4.424,37.0,13.1,13,Mumbai,1,DEV_UNKNOWN,1,886,5,4.43,0,P2P,1
TXN101665,USR0031,3832.33,4621.0,0.829,17.4,447.4,20,Kolkata,0,DEV_ANDROID_14,0,778,0,1.91,1,RECHARGE,0
TXN101666,USR0145,3903.19,4287.0,0.91,7.0,28.2,16,Mumbai,0,DEV_ANDROID_13,0,1459,0,1.59,1,P2P,0
TXN101667,USR0086,3457.26,4098.0,0.844,6.5,58.1,9,Delhi,0,DEV_WEB_CHROME,1,1310,0,1.49,1,BILL_PAYMENT,0
TXN101668,USR0099,4576.08,3865.0,1.184,25.1,37.0,20,Kolkata,0,DEV_ANDROID_13,0,562,0,0.99,1,P2M,0
TXN101669,USR0114,2353.27,1547.0,1.521,23.8,450.1,11,Delhi,0,DEV_ANDROID_14,0,1050,0,1.15,0,P2M,0
TXN101670,USR0112,9220.57,4425.0,2.084,28.0,41.2,19,Mumbai,1,DEV_ANDROID_13,0,1556,0,1.13,1,P2M,0
TXN101671,USR0069,3730.04,3260.0,1.144,17.3,160.0,15,Hyderabad,0,DEV_ANDROID_14,0,1624,0,0.15,1,P2P,0
TXN101672,USR0001,2575.34,3411.0,0.755,17.5,84.3,19,Mumbai,0,DEV_ANDROID_13,0,852,0,1.75,1,P2M,0
TXN101673,USR0140,3500.82,3114.0,1.124,7.2,397.3,7,Delhi,0,DEV_ANDROID_13,0,238,0,1.41,1,P2P,0
TXN101674,USR0110,1559.07,3119.0,0.5,17.2,329.8,17,Mumbai,0,DEV_IOS_18,0,1280,0,1.52,1,P2M,0
TXN101675,USR0096,788.47,482.0,1.636,21.7,79.4,10,Chennai,0,DEV_ANDROID_13,0,216,0,0.65,1,P2M,0
TXN101676,USR0009,3006.54,3622.0,0.83,18.6,5.0,16,Mumbai,0,DEV_ANDROID_13,0,140,0,1.45,0,BILL_PAYMENT,0
TXN101677,USR0058,10971.09,3029.0,3.622,21.7,36.1,13,Kolkata,0,DEV_ANDROID_14,0,854,0,1.78,1,P2P,0
TXN101678,USR0092,2124.48,3316.0,0.641,26.2,413.7,11,Hyderabad,0,DEV_ANDROID_14,0,234,0,0.64,1,ONLINE_SHOPPING,0
TXN101679,USR0081,3691.73,1873.0,1.971,43.7,16.5,10,Kolkata,0,DEV_ANDROID_13,0,928,0,1.05,1,ONLINE_SHOPPING,0
TXN101680,USR0016,4230.35,1443.0,2.932,24.1,137.8,11,Bengaluru,0,DEV_ANDROID_14,0,1271,0,1.72,1,P2M,0
TXN101681,USR0112,3395.55,4425.0,0.767,30.0,8.1,12,Hyderabad,0,DEV_ANDROID_13,0,1563,0,1.81,1,BILL_PAYMENT,0
TXN101682,USR0027,1568.36,816.0,1.922,22.3,645.2,10,Kolkata,1,DEV_ANDROID_14,1,1490,0,1.76,1,P2P,0
TXN101683,USR0074,1823.78,1853.0,0.984,8.9,207.0,18,Hyderabad,0,DEV_IOS_18,0,1390,0,2.02,1,P2M,0
TXN101684,USR0057,2286.38,3487.0,0.656,15.0,198.5,16,Delhi,0,DEV_IOS_18,0,857,0,1.78,1,P2P,0
TXN101685,USR0033,4530.59,2282.0,1.985,20.1,37.8,12,Kolkata,0,DEV_IOS_18,0,813,1,0.1,0,P2P,0
TXN101686,USR0023,4543.33,2955.0,1.538,21.3,193.4,13,Delhi,0,DEV_ANDROID_13,0,978,0,0.9,1,P2M,0
TXN101687,USR0060,1168.12,2418.0,0.483,15.4,191.0,14,Hyderabad,0,DEV_ANDROID_13,0,66,0,0.59,1,P2P,0
TXN101688,USR0070,3772.15,4705.0,0.802,10.1,7.1,12,Delhi,0,DEV_ANDROID_13,0,349,1,1.24,1,P2M,0
TXN101689,USR0131,962.59,1330.0,0.724,33.6,26.3,10,Bengaluru,0,DEV_IOS_18,0,1057,0,1.61,1,ONLINE_SHOPPING,0
TXN101690,USR0098,11536.5,2841.0,4.061,29.4,85.3,8,Delhi,0,DEV_IOS_18,0,1107,0,1.5,1,P2M,0
TXN101691,USR0011,1637.3,2073.0,0.79,19.6,20.8,15,Kolkata,1,DEV_ANDROID_14,0,966,0,1.04,1,INVESTMENT,0
TXN101692,USR0005,1036.36,1239.0,0.836,33.5,57.3,7,Hyderabad,0,DEV_IOS_18,0,1406,0,0.57,1,P2P,0
TXN101693,USR0086,4576.84,4098.0,1.117,5.3,538.2,8,Delhi,0,DEV_ANDROID_13,0,1291,0,0.72,0,P2P,0
TXN101694,USR0001,20695.6,3411.0,6.067,29.0,84.0,5,Mumbai,0,DEV_UNKNOWN,1,793,0,2.74,0,P2P,1
TXN101695,USR0027,492.36,816.0,0.603,23.2,19.1,11,Hyderabad,0,DEV_IOS_18,0,1469,0,1.07,1,P2M,0
TXN101696,USR0067,2058.69,1825.0,1.128,29.5,208.0,18,Hyderabad,0,DEV_IOS_18,0,825,0,1.37,1,P2M,0
TXN101697,USR0021,3013.42,4102.0,0.735,9.5,158.1,10,Chennai,0,DEV_ANDROID_14,0,1469,0,2.16,1,BILL_PAYMENT,0
TXN101698,USR0114,1735.31,1547.0,1.122,23.0,141.7,7,Delhi,0,DEV_ANDROID_14,0,1073,0,0.91,0,P2M,0
TXN101699,USR0027,1094.02,816.0,1.341,25.7,23.7,10,Hyderabad,0,DEV_IOS_18,0,1436,0,0.38,1,RECHARGE,0
TXN101700,USR0014,2217.9,2104.0,1.054,10.0,31.8,12,Delhi,0,DEV_ANDROID_13,0,902,0,0.58,1,P2P,0
TXN101701,USR0010,3773.04,4508.0,0.837,24.0,76.8,11,Kolkata,0,DEV_IOS_18,0,1426,0,0.89,1,INVESTMENT,0
TXN101702,USR0141,1541.3,1171.0,1.316,13.6,10.4,15,Hyderabad,0,DEV_IOS_18,0,313,0,0.92,1,BILL_PAYMENT,0
TXN101703,USR0113,867.91,2668.0,0.325,6.7,60.5,18,Hyderabad,0,DEV_ANDROID_14,0,1604,0,1.31,1,P2P,0
TXN101704,USR0056,2000.94,4000.0,0.5,8.9,72.5,8,Lucknow,1,DEV_IOS_18,0,184,0,1.83,0,P2M,0
TXN101705,USR0011,2232.53,2073.0,1.077,21.3,122.2,18,Chennai,0,DEV_ANDROID_14,0,945,0,1.25,0,P2P,0
TXN101706,USR0023,4520.96,2955.0,1.53,15.5,29.1,8,Delhi,0,DEV_ANDROID_13,0,969,0,1.59,1,P2M,0
TXN101707,USR0120,2173.02,3985.0,0.545,25.6,317.6,12,Chennai,0,DEV_IOS_18,0,1161,0,0.97,1,P2P,0
TXN101708,USR0062,2260.94,2948.0,0.767,9.2,296.9,9,Mumbai,0,DEV_ANDROID_14,0,244,0,1.11,1,P2M,0
TXN101709,USR0125,1193.98,1159.0,1.03,13.1,135.9,17,Bengaluru,0,DEV_IOS_18,0,1127,0,1.91,0,P2P,0
TXN101710,USR0100,2801.93,2121.0,1.321,30.1,129.6,8,Bengaluru,0,DEV_ANDROID_14,0,823,0,0.1,0,ONLINE_SHOPPING,0
TXN101711,USR0113,4585.5,2668.0,1.719,10.3,59.0,19,Hyderabad,0,DEV_ANDROID_14,0,1600,0,0.59,1,P2P,0
TXN101712,USR0091,2142.85,2696.0,0.795,11.7,29.9,10,Kolkata,0,DEV_ANDROID_13,0,1139,0,0.28,1,P2M,0
TXN101713,USR0133,559.18,561.0,0.997,19.6,356.6,6,Delhi,0,DEV_ANDROID_13,0,1144,0,1.37,0,BILL_PAYMENT,0
TXN101714,USR0148,2989.01,1934.0,1.546,27.5,128.5,11,Chennai,0,DEV_ANDROID_13,0,1602,0,2.13,1,P2M,0
TXN101715,USR0146,698.0,803.0,0.869,18.4,290.6,15,Mumbai,0,DEV_ANDROID_13,0,1245,0,1.89,1,BILL_PAYMENT,0
TXN101716,USR0079,3142.22,2089.0,1.504,25.1,48.9,15,Chennai,0,DEV_ANDROID_14,0,1332,0,0.22,1,BILL_PAYMENT,0
TXN101717,USR0046,3309.49,3064.0,1.08,14.9,5.6,12,Mumbai,1,DEV_ANDROID_13,0,361,0,1.16,1,P2P,0
TXN101718,USR0061,424.64,445.0,0.954,30.2,13.7,14,Bengaluru,0,DEV_ANDROID_13,0,1049,0,1.18,0,P2P,0
TXN101719,USR0149,2868.76,3318.0,0.865,11.8,218.5,16,Lucknow,1,DEV_ANDROID_13,0,1435,0,0.97,1,P2P,0
TXN101720,USR0005,1212.8,1239.0,0.979,31.9,8.6,14,Hyderabad,0,DEV_IOS_18,0,1396,0,0.1,1,RECHARGE,0
TXN101721,USR0107,1138.71,1116.0,1.02,9.2,126.0,15,Hyderabad,0,DEV_ANDROID_14,0,1092,0,2.37,1,P2P,0
TXN101722,USR0086,4594.98,4098.0,1.121,5.8,25.1,17,Delhi,0,DEV_ANDROID_13,0,1304,0,1.93,1,P2M,0
TXN101723,USR0070,2824.36,4705.0,0.6,12.5,97.7,8,Delhi,0,DEV_ANDROID_13,0,367,0,1.3,0,P2M,0
TXN101724,USR0060,2286.27,2418.0,0.946,13.5,15.9,15,Hyderabad,0,DEV_ANDROID_13,0,99,0,0.1,1,P2P,0
TXN101725,USR0117,1546.97,891.0,1.736,6.1,129.3,13,Mumbai,0,DEV_ANDROID_13,0,759,0,1.36,1,P2P,0
TXN101726,USR0134,2534.25,4359.0,0.581,31.4,115.7,10,Chennai,0,DEV_IOS_18,0,243,0,0.16,1,P2M,0
TXN101727,USR0022,3153.36,3458.0,0.912,10.3,145.1,13,Jaipur,1,DEV_ANDROID_13,0,1288,0,0.89,0,P2P,0
TXN101728,USR0040,936.81,942.0,0.994,16.6,298.9,8,Mumbai,0,DEV_IOS_18,0,1766,0,0.55,1,P2P,0
TXN101729,USR0061,492.6,445.0,1.107,32.3,40.4,14,Bengaluru,0,DEV_ANDROID_13,0,1039,0,0.93,1,P2M,0
TXN101730,USR0041,2468.09,2677.0,0.922,29.5,364.1,13,Bengaluru,0,DEV_ANDROID_13,0,865,0,0.86,1,P2M,0
TXN101731,USR0133,3556.49,561.0,6.34,8.9,13.1,13,Delhi,0,DEV_ANDROID_13,0,1121,0,1.02,1,P2M,0
TXN101732,USR0107,918.26,1116.0,0.823,13.4,229.1,8,Hyderabad,0,DEV_ANDROID_14,0,1091,0,1.7,1,P2M,0
TXN101733,USR0021,3931.96,4102.0,0.959,1.6,1198.2,16,Chennai,0,DEV_ANDROID_14,0,1457,0,2.46,0,P2P,0
TXN101734,USR0057,6794.01,3487.0,1.948,17.7,7.9,14,Delhi,0,DEV_IOS_18,0,858,0,1.3,0,P2M,0
TXN101735,USR0058,4786.82,3029.0,1.58,19.0,55.3,17,Kolkata,0,DEV_ANDROID_14,0,883,0,1.59,0,P2M,0
TXN101736,USR0105,1927.57,1284.0,1.501,33.2,52.4,13,Bengaluru,0,DEV_ANDROID_14,0,606,1,0.69,1,P2P,0
TXN101737,USR0146,2254.44,803.0,2.808,14.0,17.2,15,Delhi,1,DEV_ANDROID_13,0,1194,1,2.52,0,P2P,1
TXN101738,USR0029,4552.39,1672.0,2.723,30.0,18.3,18,Kolkata,0,DEV_ANDROID_14,0,1785,1,4.57,0,P2P,1
TXN101739,USR0091,4097.27,2696.0,1.52,1.0,42.0,7,Chandigarh,1,DEV_ANDROID_13,0,1140,0,1.56,1,ONLINE_SHOPPING,0
TXN101740,USR0056,3744.42,4000.0,0.936,7.0,91.2,11,Bengaluru,0,DEV_IOS_18,0,172,0,0.8,1,P2P,0
TXN101741,USR0143,6049.73,3747.0,1.615,29.6,214.1,15,Chennai,0,DEV_WEB_CHROME,1,1675,0,0.52,1,BILL_PAYMENT,0
TXN101742,USR0053,8714.82,1779.0,4.899,8.0,62.0,3,Kochi,1,DEV_ANDROID_13,1,1839,0,4.92,0,P2P,1
TXN101743,USR0074,2947.62,1853.0,1.591,3.8,78.8,15,Hyderabad,0,DEV_IOS_18,0,1395,0,0.24,1,P2M,0
TXN101744,USR0143,3112.58,3747.0,0.831,22.1,73.1,17,Chennai,0,DEV_IOS_18,0,1664,0,1.35,1,P2M,0
TXN101745,USR0049,867.54,835.0,1.039,18.4,333.5,20,Mumbai,0,DEV_ANDROID_13,1,1179,0,1.05,0,P2M,0
TXN101746,USR0123,2087.56,4007.0,0.521,12.0,9.1,8,Kolkata,0,DEV_IOS_18,0,1227,0,2.19,1,P2M,0
TXN101747,USR0070,7959.32,4705.0,1.692,12.4,16.3,8,Delhi,0,DEV_ANDROID_13,0,350,0,1.45,1,P2M,0
TXN101748,USR0095,2467.6,2387.0,1.034,22.3,349.9,14,Chennai,0,DEV_ANDROID_13,0,1202,0,1.46,1,P2P,0
TXN101749,USR0088,6304.23,4666.0,1.351,6.7,64.8,15,Mumbai,0,DEV_IOS_18,0,784,0,1.47,1,BILL_PAYMENT,0
TXN101750,USR0026,6901.41,3918.0,1.761,20.5,20.9,11,Hyderabad,0,DEV_ANDROID_14,0,1199,0,1.65,1,P2M,0
TXN101751,USR0104,504.85,706.0,0.715,14.0,499.4,18,Mumbai,0,DEV_ANDROID_13,0,1102,0,0.63,1,P2P,0
TXN101752,USR0064,3022.97,3744.0,0.807,30.8,240.3,12,Hyderabad,0,DEV_ANDROID_13,0,1420,0,1.3,1,P2P,0
TXN101753,USR0055,1376.44,1096.0,1.256,32.0,12.2,15,Delhi,0,DEV_ANDROID_14,0,774,0,1.32,0,P2M,0
TXN101754,USR0061,1714.41,445.0,3.853,30.6,145.1,12,Bengaluru,0,DEV_ANDROID_13,0,987,0,1.16,1,BILL_PAYMENT,0
TXN101755,USR0137,6251.56,4815.0,1.298,28.2,230.0,10,Chennai,0,DEV_ANDROID_14,0,351,0,0.69,0,P2P,0
TXN101756,USR0068,2368.08,1858.0,1.275,10.2,187.5,13,Chennai,0,DEV_ANDROID_13,0,1703,0,2.04,1,P2M,0
TXN101757,USR0003,2704.2,3784.0,0.715,28.3,166.7,15,Hyderabad,0,DEV_IOS_18,1,1342,0,1.65,1,INVESTMENT,0
TXN101758,USR0008,25935.16,4207.0,6.165,18.0,33.0,10,Jaipur,1,DEV_ANDROID_13,0,1179,2,4.69,0,P2M,1
TXN101759,USR0070,14541.96,4705.0,3.091,7.5,297.8,17,Delhi,0,DEV_ANDROID_13,0,365,0,1.19,0,P2P,0
TXN101760,USR0014,1037.8,2104.0,0.493,9.2,22.8,15,Delhi,0,DEV_ANDROID_13,0,887,0,1.72,1,P2P,0
TXN101761,USR0111,5240.96,4209.0,1.245,16.5,119.6,13,Chennai,0,DEV_IOS_18,0,1765,0,1.04,1,ONLINE_SHOPPING,0
TXN101762,USR0112,3619.74,4425.0,0.818,32.2,48.1,12,Hyderabad,0,DEV_ANDROID_13,0,1573,0,1.34,1,P2P,0
TXN101763,USR0149,3734.08,3318.0,1.125,16.0,64.5,9,Chennai,0,DEV_ANDROID_13,0,1429,0,0.95,1,P2M,0
TXN101764,USR0131,1331.93,1330.0,1.001,21.6,341.5,9,Bengaluru,0,DEV_IOS_18,0,1014,0,2.48,1,P2P,0
TXN101765,USR0093,2975.11,3844.0,0.774,20.9,154.7,17,Chennai,0,DEV_ANDROID_14,0,46,0,1.54,1,P2P,0
TXN101766,USR0113,3688.62,2668.0,1.383,9.5,95.6,13,Hyderabad,0,DEV_ANDROID_14,0,1593,0,0.67,1,INVESTMENT,0
TXN101767,USR0132,6303.99,3311.0,1.904,6.0,45.3,6,Hyderabad,0,DEV_ANDROID_13,0,552,0,1.54,1,P2P,0
TXN101768,USR0107,1116.66,1116.0,1.001,12.2,464.1,16,Hyderabad,0,DEV_ANDROID_14,0,1053,0,1.1,1,P2P,0
TXN101769,USR0053,2577.08,1779.0,1.449,33.6,19.9,11,Chennai,0,DEV_ANDROID_14,0,1835,0,1.03,1,P2P,0
TXN101770,USR0126,1308.59,2090.0,0.626,19.5,129.9,10,Delhi,0,DEV_IOS_18,0,696,0,0.89,0,P2M,0
TXN101771,USR0061,205.27,445.0,0.461,28.5,22.7,12,Bengaluru,0,DEV_ANDROID_13,0,1008,0,1.52,0,RECHARGE,0
TXN101772,USR0100,1725.11,2121.0,0.813,33.3,47.0,17,Bengaluru,0,DEV_ANDROID_14,0,787,0,0.84,1,P2M,0
TXN101773,USR0148,1671.21,1934.0,0.864,27.8,144.9,17,Chennai,0,DEV_ANDROID_13,0,1676,0,0.11,1,P2P,0
TXN101774,USR0118,306.61,855.0,0.359,34.8,249.6,18,Kolkata,0,DEV_ANDROID_13,0,1576,0,0.41,0,ONLINE_SHOPPING,0
TXN101775,USR0004,1161.02,989.0,1.174,34.3,495.7,11,Chennai,0,DEV_IOS_18,0,862,0,0.83,1,ONLINE_SHOPPING,0
TXN101776,USR0056,2531.09,4000.0,0.633,8.1,50.8,18,Bengaluru,0,DEV_IOS_18,0,231,0,1.25,0,P2P,0
TXN101777,USR0121,21574.09,3799.0,5.679,27.0,36.1,15,Bengaluru,1,DEV_WEB_CHROME,1,1486,4,4.0,0,INVESTMENT,1
TXN101778,USR0042,2620.92,4858.0,0.54,10.1,39.8,12,Bengaluru,1,DEV_ANDROID_13,0,1419,0,1.78,0,P2M,0
TXN101779,USR0038,3020.16,2152.0,1.403,10.1,310.5,18,Bengaluru,0,DEV_ANDROID_14,0,620,0,1.23,1,P2P,0
TXN101780,USR0018,993.2,1836.0,0.541,25.9,203.9,8,Chennai,0,DEV_ANDROID_14,0,1496,0,0.96,1,P2P,0
TXN101781,USR0088,18081.13,4666.0,3.875,31.0,18.8,15,Lucknow,1,DEV_IOS_18,0,773,0,2.55,0,P2P,1
TXN101782,USR0102,1874.57,1540.0,1.217,17.8,64.4,10,Bengaluru,0,DEV_IOS_18,0,499,0,0.94,1,P2M,0
TXN101783,USR0072,3380.44,4501.0,0.751,8.8,606.2,17,Jaipur,1,DEV_ANDROID_14,0,1375,0,1.61,1,P2M,0
TXN101784,USR0111,3857.08,4209.0,0.916,16.5,203.2,18,Chennai,0,DEV_IOS_18,0,1774,0,0.85,1,INVESTMENT,0
TXN101785,USR0069,2324.21,3260.0,0.713,21.1,579.5,17,Hyderabad,0,DEV_ANDROID_14,0,1672,0,1.41,1,P2M,0
TXN101786,USR0007,692.43,823.0,0.841,20.5,142.8,6,Chennai,1,DEV_ANDROID_14,0,1629,0,2.7,0,BILL_PAYMENT,0
TXN101787,USR0117,867.41,891.0,0.974,1.7,55.0,9,Mumbai,0,DEV_ANDROID_13,0,766,0,1.3,1,P2M,0
TXN101788,USR0094,3541.05,3141.0,1.127,9.3,57.1,13,Kolkata,0,DEV_ANDROID_14,0,1737,0,1.05,1,P2P,0
TXN101789,USR0041,3691.06,2677.0,1.379,27.0,236.1,11,Mumbai,1,DEV_ANDROID_13,0,847,0,2.64,1,P2M,0
TXN101790,USR0041,30198.35,2677.0,11.281,47.0,9.0,8,Hyderabad,1,DEV_ANDROID_12,1,823,4,5.43,0,P2M,1
TXN101791,USR0136,389.6,788.0,0.494,19.3,148.5,13,Chennai,0,DEV_IOS_18,0,1688,0,0.8,0,P2P,0
TXN101792,USR0126,2256.75,2090.0,1.08,22.8,258.4,17,Delhi,0,DEV_IOS_18,0,674,0,1.53,1,P2M,0
TXN101793,USR0144,3517.67,2663.0,1.321,13.4,41.1,9,Ahmedabad,1,DEV_IOS_18,0,1117,0,0.29,1,P2M,0
TXN101794,USR0016,1609.11,1443.0,1.115,18.1,429.2,16,Bengaluru,0,DEV_ANDROID_14,0,1196,0,0.83,1,P2P,0
TXN101795,USR0001,16910.37,3411.0,4.958,20.5,15.7,14,Mumbai,0,DEV_ANDROID_13,0,828,0,0.95,0,P2P,0
TXN101796,USR0001,3879.28,3411.0,1.137,18.0,135.0,13,Mumbai,0,DEV_ANDROID_13,0,805,0,1.16,1,INVESTMENT,0
TXN101797,USR0094,1999.54,3141.0,0.637,13.2,85.8,16,Kolkata,0,DEV_ANDROID_14,0,1663,0,1.15,1,P2M,0
TXN101798,USR0044,614.08,843.0,0.728,14.5,146.4,8,Delhi,0,DEV_ANDROID_14,0,1608,0,1.51,1,P2P,0
TXN101799,USR0094,14053.02,3141.0,4.474,45.0,51.4,11,Kochi,1,DEV_UNKNOWN,1,1694,3,8.7,0,INVESTMENT,1
TXN101800,USR0008,6315.34,4207.0,1.501,12.9,29.2,13,Mumbai,0,DEV_ANDROID_13,0,1187,0,0.66,1,P2M,0
TXN101801,USR0126,1741.72,2090.0,0.833,16.4,70.9,7,Delhi,0,DEV_IOS_18,0,730,0,0.33,1,INVESTMENT,0
TXN101802,USR0036,1058.77,1141.0,0.928,37.6,118.8,12,Bengaluru,0,DEV_ANDROID_13,0,920,0,1.14,0,ONLINE_SHOPPING,0
TXN101803,USR0098,5085.43,2841.0,1.79,29.2,130.8,16,Delhi,0,DEV_IOS_18,0,1143,0,1.0,1,P2P,0
TXN101804,USR0112,2688.52,4425.0,0.608,30.7,232.9,23,Hyderabad,0,DEV_ANDROID_13,0,1577,0,1.74,0,P2P,0
TXN101805,USR0049,4381.91,835.0,5.248,24.6,49.0,12,Mumbai,0,DEV_WEB_CHROME,1,1153,0,1.77,0,P2M,0
TXN101806,USR0073,18110.23,1427.0,12.691,38.0,34.2,17,Bengaluru,1,DEV_ANDROID_13,0,267,3,6.09,1,P2M,1
TXN101807,USR0100,1310.93,2121.0,0.618,30.5,317.0,11,Bengaluru,0,DEV_ANDROID_14,0,806,1,1.49,1,P2P,0
TXN101808,USR0047,494.94,489.0,1.012,29.4,278.3,12,Bengaluru,0,DEV_ANDROID_13,0,897,0,0.1,1,P2M,0
TXN101809,USR0082,2239.82,1061.0,2.111,33.0,82.5,14,Hyderabad,0,DEV_IOS_18,0,78,0,1.51,1,P2P,0
TXN101810,USR0074,2485.98,1853.0,1.342,6.2,460.4,16,Hyderabad,0,DEV_IOS_18,0,1438,0,1.62,1,ONLINE_SHOPPING,0
TXN101811,USR0125,979.7,1159.0,0.845,16.5,138.2,11,Bengaluru,0,DEV_IOS_18,0,1101,0,0.81,1,P2P,0
TXN101812,USR0031,4045.14,4621.0,0.875,19.4,85.7,20,Kolkata,0,DEV_ANDROID_14,0,788,0,0.1,1,P2M,0
TXN101813,USR0120,4793.46,3985.0,1.203,26.7,302.7,16,Jaipur,1,DEV_IOS_18,0,1167,0,0.1,1,P2P,0
TXN101814,USR0110,4159.5,3119.0,1.334,19.5,77.8,14,Mumbai,0,DEV_IOS_18,0,1235,0,1.0,0,P2P,0
TXN101815,USR0042,7844.15,4858.0,1.615,15.1,28.6,6,Delhi,0,DEV_ANDROID_13,0,1402,0,1.38,1,RECHARGE,0
TXN101816,USR0030,3520.16,1476.0,2.385,29.1,5.1,9,Kolkata,0,DEV_ANDROID_14,0,160,0,0.89,1,P2M,0
TXN101817,USR0061,261.31,445.0,0.587,33.9,112.2,7,Bengaluru,0,DEV_ANDROID_13,0,1014,0,1.23,1,INVESTMENT,0
TXN101818,USR0009,16805.33,3622.0,4.64,17.7,361.0,13,Mumbai,0,DEV_ANDROID_13,0,140,0,0.36,1,P2P,0
TXN101819,USR0015,2638.36,2529.0,1.043,14.8,72.8,13,Chennai,0,DEV_ANDROID_14,0,1228,0,1.59,1,P2M,0
TXN101820,USR0033,2259.2,2282.0,0.99,17.8,705.4,16,Kolkata,0,DEV_IOS_18,0,782,0,1.43,1,P2P,0
TXN101821,USR0140,2065.85,3114.0,0.663,1.4,293.0,6,Delhi,0,DEV_ANDROID_13,0,178,0,1.4,1,ONLINE_SHOPPING,0
TXN101822,USR0095,1525.73,2387.0,0.639,26.9,232.1,8,Chennai,0,DEV_ANDROID_13,0,1182,0,0.63,1,ONLINE_SHOPPING,0
TXN101823,USR0043,4647.7,4029.0,1.154,12.4,186.1,8,Delhi,0,DEV_ANDROID_13,0,1381,0,2.01,1,P2P,0
TXN101824,USR0001,4167.99,3411.0,1.222,20.5,84.5,14,Mumbai,0,DEV_IOS_18,1,817,0,0.82,1,ONLINE_SHOPPING,0
TXN101825,USR0136,1112.95,788.0,1.412,25.0,320.3,12,Chennai,0,DEV_WEB_CHROME,1,1740,0,0.6,0,P2P,0
TXN101826,USR0101,8269.48,4828.0,1.713,31.5,162.6,17,Mumbai,0,DEV_IOS_18,0,530,0,1.3,0,P2M,0
TXN101827,USR0051,1635.92,1265.0,1.293,19.1,120.5,12,Delhi,0,DEV_IOS_18,0,1245,0,1.58,0,P2P,0
TXN101828,USR0148,3603.92,1934.0,1.863,27.8,15.3,16,Chennai,0,DEV_ANDROID_13,0,1619,0,1.89,1,P2P,0
TXN101829,USR0141,1068.05,1171.0,0.912,14.4,301.5,10,Hyderabad,0,DEV_IOS_18,0,270,0,0.52,1,P2M,0
TXN101830,USR0063,503.39,946.0,0.532,10.2,30.2,14,Hyderabad,0,DEV_ANDROID_13,0,459,0,1.28,1,P2M,0
TXN101831,USR0064,2945.31,3744.0,0.787,27.7,91.4,10,Hyderabad,0,DEV_ANDROID_13,0,1444,0,1.1,1,BILL_PAYMENT,0
TXN101832,USR0076,4203.53,3835.0,1.096,19.8,98.8,9,Mumbai,0,DEV_ANDROID_13,0,498,0,1.05,0,RECHARGE,0
TXN101833,USR0029,1990.29,1672.0,1.19,14.0,44.0,23,Kolkata,0,DEV_ANDROID_14,0,1793,0,2.37,1,P2P,0
TXN101834,USR0021,8742.33,4102.0,2.131,4.9,110.3,12,Chennai,0,DEV_ANDROID_14,0,1448,0,1.27,1,P2P,0
TXN101835,USR0008,10347.75,4207.0,2.46,20.0,338.5,12,Mumbai,0,DEV_ANDROID_13,0,1192,0,0.74,1,P2P,0
TXN101836,USR0050,1294.79,2312.0,0.56,30.8,11.6,22,Mumbai,0,DEV_ANDROID_13,0,103,0,1.15,1,P2P,0
TXN101837,USR0038,3641.76,2152.0,1.692,6.9,57.7,10,Bengaluru,0,DEV_ANDROID_14,0,560,0,1.13,1,P2M,0
TXN101838,USR0093,4144.49,3844.0,1.078,14.1,90.3,14,Ahmedabad,1,DEV_ANDROID_14,0,76,0,1.31,1,P2P,0
TXN101839,USR0082,1160.82,1061.0,1.094,35.3,306.8,11,Bengaluru,1,DEV_IOS_18,0,96,0,0.9,1,P2M,0
TXN101840,USR0150,3622.27,1846.0,1.962,10.5,21.0,12,Bengaluru,0,DEV_IOS_18,0,320,0,2.24,1,BILL_PAYMENT,0
TXN101841,USR0101,3111.01,4828.0,0.644,30.4,217.4,9,Mumbai,0,DEV_IOS_18,0,502,0,1.79,1,P2P,0
TXN101842,USR0037,18703.0,2687.0,6.961,24.7,52.5,7,Kolkata,0,DEV_ANDROID_14,0,903,0,1.23,0,RECHARGE,0
TXN101843,USR0104,1004.54,706.0,1.423,16.5,109.5,11,Mumbai,0,DEV_ANDROID_13,0,1128,0,0.1,0,P2P,0
TXN101844,USR0086,1761.92,4098.0,0.43,3.7,10.8,17,Delhi,0,DEV_ANDROID_13,0,1286,0,0.92,0,P2M,0
TXN101845,USR0068,1827.91,1858.0,0.984,12.4,133.1,14,Chennai,0,DEV_ANDROID_13,0,1712,0,0.1,1,RECHARGE,0
TXN101846,USR0122,3209.97,2765.0,1.161,38.1,27.1,8,Pune,1,DEV_ANDROID_13,1,1573,0,0.55,0,P2P,0
TXN101847,USR0099,4012.61,3865.0,1.038,27.7,19.0,9,Bengaluru,1,DEV_ANDROID_13,0,576,0,1.89,0,P2P,0
TXN101848,USR0085,3316.46,3924.0,0.845,22.1,105.5,11,Kolkata,0,DEV_ANDROID_13,0,808,0,1.27,1,P2M,0
TXN101849,USR0036,2450.89,1141.0,2.148,34.5,289.2,11,Bengaluru,0,DEV_ANDROID_13,0,940,0,1.19,1,P2P,0
TXN101850,USR0121,5460.12,3799.0,1.437,5.4,132.9,10,Hyderabad,0,DEV_ANDROID_13,0,1498,0,0.99,1,BILL_PAYMENT,0
TXN101851,USR0067,4011.69,1825.0,2.198,22.0,124.5,13,Hyderabad,0,DEV_IOS_18,0,879,0,0.1,1,BILL_PAYMENT,0
TXN101852,USR0086,9725.38,4098.0,2.373,7.4,254.6,12,Delhi,0,DEV_ANDROID_13,0,1308,0,0.59,1,P2M,0
TXN101853,USR0127,1086.28,2395.0,0.454,19.1,92.9,22,Chennai,0,DEV_ANDROID_14,0,348,0,1.72,1,P2P,0
TXN101854,USR0076,2604.97,3835.0,0.679,15.8,175.4,8,Mumbai,0,DEV_ANDROID_13,0,510,0,1.6,1,BILL_PAYMENT,0
TXN101855,USR0097,6592.46,1552.0,4.248,20.0,124.0,3,Mumbai,1,DEV_UNKNOWN,1,847,0,6.92,0,P2P,1
TXN101856,USR0136,1088.4,788.0,1.381,16.2,41.7,13,Chennai,0,DEV_ANDROID_13,1,1699,0,1.18,1,P2M,0
TXN101857,USR0032,2252.64,2962.0,0.761,25.9,372.4,9,Hyderabad,0,DEV_ANDROID_14,0,1452,0,1.34,1,P2M,0
TXN101858,USR0053,802.81,1779.0,0.451,31.7,385.3,13,Kochi,1,DEV_ANDROID_14,0,1824,0,1.08,1,P2P,0
TXN101859,USR0114,1914.64,1547.0,1.238,25.0,286.4,21,Delhi,0,DEV_WEB_CHROME,1,1084,0,1.39,0,P2P,0
TXN101860,USR0085,2533.67,3924.0,0.646,22.0,160.3,20,Kolkata,0,DEV_ANDROID_13,0,784,0,2.01,1,P2P,0
TXN101861,USR0068,1988.75,1858.0,1.07,7.2,248.6,8,Chennai,0,DEV_ANDROID_13,0,1704,0,1.31,1,P2P,0
TXN101862,USR0109,9646.41,1296.0,7.443,14.0,5.0,13,Chennai,0,DEV_ANDROID_14,0,1497,0,0.68,1,P2P,0
TXN101863,USR0043,3028.66,4029.0,0.752,18.3,481.9,8,Delhi,0,DEV_ANDROID_13,0,1360,0,1.15,0,P2M,0
TXN101864,USR0107,838.56,1116.0,0.751,12.3,256.3,19,Kochi,1,DEV_ANDROID_14,0,1038,0,2.02,1,ONLINE_SHOPPING,0
TXN101865,USR0042,4587.75,4858.0,0.944,9.5,66.7,9,Delhi,0,DEV_ANDROID_13,0,1452,0,1.36,1,P2P,0
TXN101866,USR0074,1159.84,1853.0,0.626,4.3,54.3,19,Hyderabad,0,DEV_ANDROID_13,1,1391,0,1.61,1,BILL_PAYMENT,0
TXN101867,USR0017,2030.07,1139.0,1.782,30.7,35.8,15,Kolkata,0,DEV_IOS_18,0,1189,0,0.72,0,P2M,0
TXN101868,USR0123,7476.71,4007.0,1.866,18.1,525.3,14,Kolkata,0,DEV_IOS_18,0,1279,0,1.61,0,P2P,0
TXN101869,USR0073,2893.92,1427.0,2.028,25.1,238.6,18,Kolkata,0,DEV_ANDROID_13,0,236,0,1.26,1,BILL_PAYMENT,0
TXN101870,USR0013,7301.0,2086.0,3.5,33.7,160.2,15,Kolkata,0,DEV_ANDROID_13,0,737,0,1.04,1,BILL_PAYMENT,0
TXN101871,USR0036,1007.67,1141.0,0.883,28.6,89.4,16,Bengaluru,0,DEV_ANDROID_13,0,906,0,1.63,0,ONLINE_SHOPPING,0
TXN101872,USR0073,1564.25,1427.0,1.096,32.8,365.7,12,Lucknow,1,DEV_ANDROID_13,0,250,0,0.55,1,P2M,0
TXN101873,USR0001,2927.03,3411.0,0.858,17.3,338.6,13,Mumbai,0,DEV_ANDROID_13,0,813,0,1.41,0,ONLINE_SHOPPING,0
TXN101874,USR0086,8268.92,4098.0,2.018,27.0,3.3,22,Kochi,1,DEV_UNKNOWN,1,1279,1,6.37,0,ONLINE_SHOPPING,1
TXN101875,USR0039,1316.91,3193.0,0.412,14.6,91.2,15,Chennai,0,DEV_IOS_18,0,1751,0,1.23,1,INVESTMENT,0
TXN101876,USR0081,3951.87,1873.0,2.11,30.5,78.7,11,Kolkata,0,DEV_ANDROID_13,0,921,0,0.31,1,RECHARGE,0
TXN101877,USR0067,2921.5,1825.0,1.601,44.0,0.5,12,Hyderabad,0,DEV_IOS_18,0,838,3,13.16,0,ONLINE_SHOPPING,1
TXN101878,USR0098,5318.83,2841.0,1.872,30.6,155.4,12,Delhi,0,DEV_IOS_18,0,1135,0,1.1,0,P2P,0
TXN101879,USR0100,2035.23,2121.0,0.96,30.6,171.5,8,Bengaluru,0,DEV_ANDROID_13,1,797,0,1.97,1,P2P,0
TXN101880,USR0072,4603.93,4501.0,1.023,4.2,20.1,14,Kolkata,0,DEV_ANDROID_14,0,1340,0,0.95,0,P2P,0
TXN101881,USR0036,770.14,1141.0,0.675,36.4,110.6,11,Bengaluru,0,DEV_ANDROID_13,0,934,0,1.98,1,P2M,0
TXN101882,USR0012,1678.13,1109.0,1.513,29.8,33.4,8,Mumbai,0,DEV_IOS_18,0,1218,0,1.5,1,P2P,0
TXN101883,USR0083,10678.49,1684.0,6.341,12.8,338.1,7,Delhi,0,DEV_ANDROID_14,0,72,0,0.42,1,INVESTMENT,0
TXN101884,USR0105,911.22,1284.0,0.71,32.6,575.3,9,Hyderabad,1,DEV_ANDROID_14,0,640,0,1.42,1,BILL_PAYMENT,0
TXN101885,USR0073,629.6,1427.0,0.441,27.0,166.7,10,Kolkata,0,DEV_ANDROID_13,0,234,0,1.41,1,P2M,0
TXN101886,USR0063,1497.1,946.0,1.583,10.3,102.8,19,Hyderabad,0,DEV_ANDROID_13,0,461,0,0.83,0,P2P,0
TXN101887,USR0092,4038.91,3316.0,1.218,34.4,257.3,13,Hyderabad,0,DEV_ANDROID_14,0,265,0,2.94,1,P2P,0
TXN101888,USR0122,2742.18,2765.0,0.992,32.7,465.6,18,Hyderabad,0,DEV_ANDROID_14,0,1542,0,0.36,1,P2M,0
TXN101889,USR0112,3131.75,4425.0,0.708,27.9,28.2,14,Hyderabad,0,DEV_ANDROID_13,0,1539,0,1.41,1,P2P,0
TXN101890,USR0019,1806.32,4271.0,0.423,19.6,166.4,18,Bengaluru,0,DEV_ANDROID_13,0,1657,0,1.14,0,P2P,0
TXN101891,USR0074,1620.23,1853.0,0.874,5.9,33.9,7,Delhi,1,DEV_IOS_18,0,1388,0,0.9,0,P2M,0
TXN101892,USR0022,6665.79,3458.0,1.928,17.6,20.4,11,Chennai,0,DEV_ANDROID_13,0,1270,0,1.16,0,BILL_PAYMENT,0
TXN101893,USR0043,4089.18,4029.0,1.015,21.8,12.4,10,Delhi,0,DEV_ANDROID_13,0,1347,0,1.94,1,P2P,0
TXN101894,USR0147,4556.96,4639.0,0.982,29.3,126.0,9,Kochi,1,DEV_IOS_18,0,435,0,1.17,1,P2P,0
TXN101895,USR0050,2186.62,2312.0,0.946,26.1,70.4,16,Mumbai,0,DEV_IOS_18,1,109,0,0.64,1,P2P,0
TXN101896,USR0064,4090.98,3744.0,1.093,32.2,104.0,6,Hyderabad,0,DEV_ANDROID_13,0,1444,0,1.41,1,BILL_PAYMENT,0
TXN101897,USR0122,2409.65,2765.0,0.871,32.9,40.1,9,Hyderabad,0,DEV_ANDROID_14,0,1551,0,1.84,1,P2P,0
TXN101898,USR0070,4604.33,4705.0,0.979,9.1,562.1,17,Delhi,0,DEV_ANDROID_13,0,316,0,1.92,1,P2P,0
TXN101899,USR0089,606.12,1008.0,0.601,18.9,60.8,19,Kolkata,0,DEV_ANDROID_14,0,945,0,0.64,0,BILL_PAYMENT,0
TXN101900,USR0102,1899.42,1540.0,1.233,14.0,152.5,10,Bengaluru,0,DEV_IOS_18,0,451,0,0.95,1,P2P,0
TXN101901,USR0132,3575.83,3311.0,1.08,5.9,24.2,8,Hyderabad,0,DEV_ANDROID_13,0,598,0,1.27,1,P2P,0
TXN101902,USR0141,2017.64,1171.0,1.723,13.1,48.7,11,Hyderabad,0,DEV_IOS_18,0,307,0,1.17,1,P2M,0
TXN101903,USR0082,1135.01,1061.0,1.07,34.4,452.7,14,Hyderabad,0,DEV_IOS_18,0,111,0,1.85,0,P2M,0
TXN101904,USR0013,3991.79,2086.0,1.914,27.2,5.0,17,Kolkata,0,DEV_ANDROID_13,0,812,0,0.6,1,INVESTMENT,0
TXN101905,USR0106,830.97,1061.0,0.783,27.5,78.6,16,Delhi,0,DEV_ANDROID_13,0,1699,0,1.33,1,P2P,0
TXN101906,USR0016,2059.76,1443.0,1.427,18.2,26.1,7,Jaipur,1,DEV_ANDROID_14,0,1264,0,1.07,1,P2P,0
TXN101907,USR0122,2755.45,2765.0,0.997,39.8,132.6,17,Hyderabad,0,DEV_ANDROID_14,0,1599,0,1.12,1,BILL_PAYMENT,0
TXN101908,USR0071,10423.12,1774.0,5.875,8.0,24.0,5,Chandigarh,1,DEV_UNKNOWN,1,1735,3,4.18,0,P2P,1
TXN101909,USR0036,720.67,1141.0,0.632,30.3,295.3,23,Bengaluru,0,DEV_ANDROID_13,0,940,0,0.66,1,P2M,0
TXN101910,USR0045,5001.22,3638.0,1.375,12.1,11.0,8,Mumbai,0,DEV_IOS_18,0,1304,0,0.79,1,BILL_PAYMENT,0
TXN101911,USR0095,8354.5,2387.0,3.5,20.7,432.0,17,Chennai,0,DEV_ANDROID_13,0,1157,0,1.78,1,P2M,0
TXN101912,USR0133,570.85,561.0,1.018,15.1,105.8,9,Delhi,0,DEV_ANDROID_13,0,1105,0,0.19,1,ONLINE_SHOPPING,0
TXN101913,USR0063,941.22,946.0,0.995,12.2,74.4,6,Hyderabad,0,DEV_ANDROID_14,1,493,0,2.81,0,P2P,0
TXN101914,USR0043,5280.59,4029.0,1.311,18.8,42.3,10,Bengaluru,1,DEV_ANDROID_13,0,1331,0,1.08,1,P2M,0
TXN101915,USR0027,781.24,816.0,0.957,21.9,299.6,11,Hyderabad,0,DEV_IOS_18,0,1445,0,1.4,0,P2P,0
TXN101916,USR0062,14713.52,2948.0,4.991,13.0,62.0,10,Mumbai,0,DEV_ANDROID_14,0,223,0,1.53,1,P2M,0
TXN101917,USR0007,1198.73,823.0,1.457,21.6,72.0,18,Kochi,1,DEV_ANDROID_14,0,1590,0,0.41,1,P2P,0
TXN101918,USR0065,2121.36,3227.0,0.657,31.4,91.0,9,Delhi,0,DEV_ANDROID_14,0,1805,0,0.4,1,P2M,0
TXN101919,USR0054,1461.86,1995.0,0.733,20.5,174.2,14,Hyderabad,0,DEV_IOS_18,0,1084,0,0.56,1,P2P,0
TXN101920,USR0110,2892.47,3119.0,0.927,20.6,87.5,10,Mumbai,0,DEV_WEB_CHROME,1,1262,0,0.21,1,P2M,0
TXN101921,USR0023,2479.18,2955.0,0.839,20.5,23.2,17,Jaipur,1,DEV_ANDROID_13,0,914,0,1.33,1,P2P,0
TXN101922,USR0115,3289.28,1698.0,1.937,11.5,88.8,22,Kolkata,0,DEV_IOS_18,0,65,0,1.34,1,P2P,0
TXN101923,USR0040,610.37,942.0,0.648,14.4,5.1,9,Mumbai,0,DEV_ANDROID_14,1,1731,0,1.38,0,BILL_PAYMENT,0
TXN101924,USR0135,3955.57,3326.0,1.189,12.7,214.9,9,Kolkata,0,DEV_IOS_18,0,1153,0,1.33,1,BILL_PAYMENT,0
TXN101925,USR0049,566.12,835.0,0.678,16.7,11.2,12,Mumbai,0,DEV_IOS_18,0,1195,0,0.65,1,P2M,0
TXN101926,USR0140,10478.01,3114.0,3.365,2.9,195.0,22,Delhi,0,DEV_ANDROID_13,0,212,0,2.3,1,P2M,0
TXN101927,USR0001,1789.8,3411.0,0.525,17.3,36.3,14,Bengaluru,1,DEV_ANDROID_13,0,795,0,1.79,0,ONLINE_SHOPPING,0
TXN101928,USR0131,1578.23,1330.0,1.187,29.5,5.0,18,Bengaluru,0,DEV_IOS_18,0,995,0,0.81,1,P2P,0
TXN101929,USR0010,5921.81,4508.0,1.314,32.4,118.1,17,Delhi,1,DEV_IOS_18,0,1403,0,1.29,0,P2P,0
TXN101930,USR0141,757.24,1171.0,0.647,13.6,27.9,19,Hyderabad,0,DEV_IOS_18,0,250,0,2.05,1,BILL_PAYMENT,0
TXN101931,USR0006,3292.25,4184.0,0.787,23.5,82.3,11,Hyderabad,0,DEV_IOS_18,0,796,0,2.05,1,P2M,0
TXN101932,USR0054,7209.0,1995.0,3.614,19.2,591.1,16,Hyderabad,0,DEV_IOS_18,0,1100,1,1.07,1,P2P,0
TXN101933,USR0029,1986.16,1672.0,1.188,21.5,183.8,20,Kolkata,0,DEV_ANDROID_14,0,1817,0,2.46,1,P2P,0
TXN101934,USR0018,2181.3,1836.0,1.188,30.1,561.0,13,Hyderabad,1,DEV_ANDROID_14,0,1533,0,0.99,1,BILL_PAYMENT,0
TXN101935,USR0066,1274.29,572.0,2.228,41.0,0.8,18,Kolkata,1,DEV_IOS_18,1,1045,1,9.7,0,ONLINE_SHOPPING,1
TXN101936,USR0091,14608.51,2696.0,5.419,46.0,59.6,18,Chennai,1,DEV_UNKNOWN,1,1082,5,7.31,0,P2P,1
TXN101937,USR0129,13337.9,4329.0,3.081,41.0,1.8,17,Chennai,0,DEV_IOS_18,1,1423,4,10.95,0,P2P,1
TXN101938,USR0115,1318.8,1698.0,0.777,7.8,161.9,8,Kolkata,0,DEV_IOS_18,0,95,0,1.36,1,RECHARGE,0
TXN101939,USR0058,11948.83,3029.0,3.945,39.0,32.2,4,Jaipur,1,DEV_UNKNOWN,1,862,4,9.95,0,P2P,1
TXN101940,USR0103,4441.41,4267.0,1.041,29.5,355.9,13,Kolkata,0,DEV_ANDROID_13,0,1726,0,1.41,1,ONLINE_SHOPPING,0
TXN101941,USR0130,2675.89,2863.0,0.935,35.3,908.9,17,Chennai,1,DEV_IOS_18,0,1544,0,1.21,0,BILL_PAYMENT,0
TXN101942,USR0126,2694.29,2090.0,1.289,19.3,144.0,15,Delhi,0,DEV_IOS_18,0,716,0,1.12,1,P2P,0
TXN101943,USR0035,2636.06,3949.0,0.668,27.5,286.2,11,Mumbai,0,DEV_ANDROID_14,0,1245,0,1.75,1,P2P,0
TXN101944,USR0015,2941.15,2529.0,1.163,11.6,29.9,15,Chennai,0,DEV_ANDROID_14,0,1241,0,0.77,1,P2P,0
TXN101945,USR0080,1503.67,1303.0,1.154,13.0,32.4,14,Lucknow,1,DEV_ANDROID_14,0,559,0,1.39,0,P2M,0
TXN101946,USR0041,1236.46,2677.0,0.462,23.6,107.0,9,Bengaluru,0,DEV_ANDROID_14,1,836,0,0.1,1,P2P,0
TXN101947,USR0041,8327.22,2677.0,3.111,17.4,44.4,9,Bengaluru,0,DEV_ANDROID_13,0,822,0,1.37,0,P2P,0
TXN101948,USR0036,34260.46,1141.0,30.027,24.0,38.3,2,Jaipur,1,DEV_ANDROID_13,0,896,4,8.76,0,INVESTMENT,1
TXN101949,USR0121,3245.54,3799.0,0.854,14.4,64.3,12,Hyderabad,0,DEV_ANDROID_13,0,1481,0,1.58,0,RECHARGE,0
TXN101950,USR0095,2488.48,2387.0,1.043,15.6,33.7,13,Chennai,0,DEV_ANDROID_13,0,1153,0,1.51,1,P2P,0
TXN101951,USR0076,9292.78,3835.0,2.423,35.0,2.2,17,Delhi,1,DEV_ANDROID_13,0,479,2,9.57,0,ONLINE_SHOPPING,1
TXN101952,USR0037,1341.27,2687.0,0.499,24.6,64.7,15,Kolkata,0,DEV_ANDROID_14,0,943,0,2.02,1,P2P,0
TXN101953,USR0119,1250.99,1503.0,0.832,30.1,194.2,9,Chennai,0,DEV_ANDROID_13,0,637,0,1.3,1,P2P,0
TXN101954,USR0057,2880.51,3487.0,0.826,19.0,20.0,10,Delhi,0,DEV_IOS_18,0,825,0,1.06,0,ONLINE_SHOPPING,0
TXN101955,USR0045,6234.22,3638.0,1.714,9.8,253.6,14,Jaipur,1,DEV_IOS_18,0,1340,0,0.65,1,P2M,0
TXN101956,USR0134,5741.6,4359.0,1.317,31.4,366.8,18,Chennai,0,DEV_IOS_18,0,282,0,1.33,1,P2P,0
TXN101957,USR0006,1566.48,4184.0,0.374,27.9,186.7,17,Hyderabad,0,DEV_IOS_18,0,853,0,1.84,0,P2M,0
TXN101958,USR0092,15661.76,3316.0,4.723,25.0,35.4,16,Kolkata,1,DEV_UNKNOWN,1,216,4,6.91,0,P2P,1
TXN101959,USR0027,2827.6,816.0,3.465,11.0,154.0,4,Hyderabad,0,DEV_UNKNOWN,1,1479,3,6.83,0,P2P,1
TXN101960,USR0109,7001.2,1296.0,5.402,5.2,272.2,13,Chennai,0,DEV_ANDROID_14,0,1491,0,0.89,1,P2M,0
TXN101961,USR0078,3245.71,4223.0,0.769,30.5,5.0,10,Mumbai,0,DEV_ANDROID_14,0,330,0,1.18,1,BILL_PAYMENT,0
TXN101962,USR0060,1745.22,2418.0,0.722,18.0,282.0,16,Hyderabad,0,DEV_ANDROID_13,0,61,0,0.55,0,P2P,0
TXN101963,USR0100,3657.41,2121.0,1.724,37.4,91.2,11,Bengaluru,0,DEV_ANDROID_14,0,807,0,1.1,0,BILL_PAYMENT,0
TXN101964,USR0074,3561.05,1853.0,1.922,2.1,113.8,12,Hyderabad,0,DEV_IOS_18,0,1407,1,1.25,0,P2M,0
TXN101965,USR0065,3041.28,3227.0,0.942,35.6,84.4,22,Delhi,0,DEV_ANDROID_14,0,1780,0,0.1,1,P2M,0
TXN101966,USR0014,3488.33,2104.0,1.658,5.6,57.6,7,Delhi,0,DEV_ANDROID_13,0,916,0,0.96,1,P2P,0
TXN101967,USR0097,1604.76,1552.0,1.034,25.9,79.8,17,Delhi,0,DEV_ANDROID_13,0,878,0,0.1,0,P2P,0
TXN101968,USR0079,1595.79,2089.0,0.764,21.8,48.4,11,Chennai,0,DEV_ANDROID_14,0,1349,0,0.95,1,P2M,0
TXN101969,USR0018,1125.13,1836.0,0.613,27.1,366.6,20,Chennai,0,DEV_IOS_18,1,1512,0,1.15,0,P2P,0
TXN101970,USR0125,1003.37,1159.0,0.866,18.8,12.4,15,Bengaluru,0,DEV_IOS_18,0,1145,0,0.92,1,ONLINE_SHOPPING,0
TXN101971,USR0123,13593.64,4007.0,3.392,15.7,311.7,23,Kolkata,0,DEV_IOS_18,0,1297,0,0.84,0,BILL_PAYMENT,0
TXN101972,USR0019,17819.71,4271.0,4.172,35.0,3.9,21,Pune,1,DEV_ANDROID_13,0,1637,2,8.65,0,P2P,1
TXN101973,USR0101,5164.65,4828.0,1.07,29.0,292.1,18,Mumbai,0,DEV_IOS_18,0,502,0,2.89,0,P2M,0
TXN101974,USR0132,1400.56,3311.0,0.423,11.9,79.3,14,Hyderabad,0,DEV_ANDROID_13,0,554,0,1.28,1,P2M,0
TXN101975,USR0029,3073.8,1672.0,1.838,14.7,545.0,11,Kolkata,0,DEV_ANDROID_14,0,1796,0,0.71,1,P2M,0
TXN101976,USR0136,581.71,788.0,0.738,25.8,584.9,11,Chennai,0,DEV_IOS_18,0,1721,0,0.84,0,BILL_PAYMENT,0
TXN101977,USR0113,16702.11,2668.0,6.26,41.0,20.5,22,Mumbai,1,DEV_UNKNOWN,1,1641,4,4.94,0,INVESTMENT,1
TXN101978,USR0107,766.24,1116.0,0.687,17.2,377.9,14,Ahmedabad,1,DEV_ANDROID_14,0,1060,0,1.1,0,P2M,0
TXN101979,USR0054,743.15,1995.0,0.373,25.7,11.0,17,Hyderabad,0,DEV_IOS_18,0,1076,0,0.1,1,P2M,0
TXN101980,USR0069,1903.16,3260.0,0.584,18.8,320.8,19,Hyderabad,0,DEV_ANDROID_14,0,1621,0,0.36,1,P2M,0
TXN101981,USR0135,1714.81,3326.0,0.516,8.2,20.9,14,Kolkata,0,DEV_IOS_18,0,1119,0,1.32,1,P2M,0
TXN101982,USR0106,2568.31,1061.0,2.421,46.0,1.1,13,Ahmedabad,1,DEV_UNKNOWN,1,1660,1,9.07,0,ONLINE_SHOPPING,1
TXN101983,USR0143,26745.61,3747.0,7.138,41.0,10.7,21,Delhi,1,DEV_UNKNOWN,1,1646,7,4.72,0,P2P,1
TXN101984,USR0020,4404.04,3539.0,1.244,30.3,34.4,12,Delhi,0,DEV_ANDROID_14,0,259,0,1.72,1,P2M,0
TXN101985,USR0066,687.01,572.0,1.201,11.5,246.4,10,Delhi,0,DEV_ANDROID_14,0,1047,0,1.65,1,P2M,0
TXN101986,USR0041,3671.38,2677.0,1.371,29.8,365.6,19,Bengaluru,0,DEV_ANDROID_13,0,879,0,1.26,0,P2P,0
TXN101987,USR0009,2120.29,3622.0,0.585,16.4,236.8,14,Hyderabad,1,DEV_ANDROID_13,0,151,0,0.27,0,P2M,0
TXN101988,USR0090,3621.51,4795.0,0.755,20.2,265.4,12,Hyderabad,0,DEV_ANDROID_14,0,533,0,1.34,1,P2M,0
TXN101989,USR0027,658.44,816.0,0.807,23.8,324.0,21,Hyderabad,0,DEV_IOS_18,0,1421,0,0.27,1,BILL_PAYMENT,0
TXN101990,USR0101,3092.05,4828.0,0.64,28.9,285.5,13,Mumbai,0,DEV_IOS_18,0,556,0,1.72,1,P2P,0
TXN101991,USR0023,18799.8,2955.0,6.362,29.0,18.5,13,Ahmedabad,1,DEV_UNKNOWN,1,939,3,8.16,0,P2P,1
TXN101992,USR0018,3903.65,1836.0,2.126,26.6,65.2,7,Chennai,0,DEV_ANDROID_14,0,1506,0,1.37,0,ONLINE_SHOPPING,0
TXN101993,USR0126,13869.6,2090.0,6.636,23.0,116.1,14,Delhi,0,DEV_IOS_18,0,695,0,1.15,1,BILL_PAYMENT,0
TXN101994,USR0121,2124.52,3799.0,0.559,11.2,26.9,12,Hyderabad,0,DEV_ANDROID_13,0,1488,0,0.83,1,BILL_PAYMENT,0
TXN101995,USR0042,26838.75,4858.0,5.525,9.5,204.2,17,Delhi,0,DEV_ANDROID_13,0,1456,0,0.31,1,P2M,0
TXN101996,USR0149,3455.43,3318.0,1.041,12.9,42.6,10,Chennai,0,DEV_ANDROID_13,0,1436,0,1.58,0,P2M,0
TXN101997,USR0141,771.02,1171.0,0.658,10.0,103.0,6,Hyderabad,0,DEV_IOS_18,0,305,0,1.28,1,P2M,0
TXN101998,USR0009,4848.72,3622.0,1.339,11.6,445.3,16,Mumbai,0,DEV_ANDROID_13,0,146,0,2.38,0,P2P,0
TXN101999,USR0030,1198.39,1476.0,0.812,31.9,182.9,14,Kolkata,0,DEV_ANDROID_14,0,187,0,1.54,1,P2M,0
TXN102000,USR0008,5472.42,4207.0,1.301,11.3,33.1,17,Mumbai,0,DEV_ANDROID_13,0,1148,0,0.96,1,P2P,0
TXN102001,USR0031,2789.23,4621.0,0.604,15.2,182.1,11,Kolkata,0,DEV_ANDROID_14,0,835,0,0.96,1,P2P,0
TXN102002,USR0041,1941.45,2677.0,0.725,26.7,164.5,20,Lucknow,1,DEV_ANDROID_13,0,858,0,1.77,0,P2M,0
TXN102003,USR0077,11479.63,4759.0,2.412,12.6,55.7,15,Mumbai,0,DEV_ANDROID_13,0,78,0,1.22,1,P2P,0
TXN102004,USR0034,1276.62,1168.0,1.093,14.5,106.3,13,Chennai,0,DEV_ANDROID_14,0,95,1,1.85,1,BILL_PAYMENT,0
TXN102005,USR0052,1119.29,875.0,1.279,7.0,144.9,10,Mumbai,0,DEV_ANDROID_13,0,1082,0,1.16,0,P2M,0
TXN102006,USR0028,891.05,541.0,1.647,12.1,19.5,19,Ahmedabad,1,DEV_IOS_18,0,794,0,1.73,1,RECHARGE,0
TXN102007,USR0150,13706.23,1846.0,7.425,40.0,13.5,20,Lucknow,1,DEV_IOS_18,0,303,3,4.92,0,INVESTMENT,1
TXN102008,USR0008,3023.08,4207.0,0.719,12.9,5.7,15,Mumbai,0,DEV_ANDROID_13,0,1153,0,1.97,1,P2P,0
TXN102009,USR0113,2800.48,2668.0,1.05,5.4,309.1,10,Hyderabad,0,DEV_ANDROID_14,0,1593,0,1.62,1,RECHARGE,0
TXN102010,USR0122,3443.38,2765.0,1.245,32.2,610.2,13,Hyderabad,0,DEV_ANDROID_14,0,1595,0,1.07,1,BILL_PAYMENT,0
TXN102011,USR0132,22123.96,3311.0,6.682,12.2,93.0,16,Hyderabad,0,DEV_ANDROID_13,0,528,0,0.21,1,P2P,0
TXN102012,USR0113,4257.55,2668.0,1.596,9.1,11.8,19,Hyderabad,0,DEV_ANDROID_14,0,1593,0,1.23,1,P2P,0
TXN102013,USR0082,1094.13,1061.0,1.031,42.6,305.9,16,Hyderabad,0,DEV_IOS_18,0,78,0,2.39,0,P2P,0
TXN102014,USR0081,1353.02,1873.0,0.722,42.3,82.7,12,Kolkata,0,DEV_ANDROID_13,0,901,0,0.58,1,INVESTMENT,0
TXN102015,USR0002,2381.68,3607.0,0.66,13.9,177.1,12,Kolkata,0,DEV_ANDROID_14,0,245,0,0.95,1,P2M,0
TXN102016,USR0057,4655.45,3487.0,1.335,14.1,376.3,10,Delhi,0,DEV_IOS_18,0,840,0,0.25,1,BILL_PAYMENT,0
TXN102017,USR0022,5098.29,3458.0,1.474,23.5,211.3,13,Chennai,0,DEV_ANDROID_13,0,1282,0,0.1,1,P2P,0
TXN102018,USR0120,33793.03,3985.0,8.48,26.0,22.3,16,Bengaluru,1,DEV_UNKNOWN,1,1190,6,8.56,0,P2P,1
TXN102019,USR0062,5976.26,2948.0,2.027,14.1,408.6,19,Mumbai,0,DEV_ANDROID_14,0,256,1,0.54,0,BILL_PAYMENT,0
TXN102020,USR0013,1552.93,2086.0,0.744,31.5,338.1,17,Kolkata,0,DEV_ANDROID_13,0,812,0,2.31,0,P2M,0
TXN102021,USR0101,3553.86,4828.0,0.736,29.7,260.5,11,Chennai,1,DEV_IOS_18,0,541,0,0.1,1,P2P,0
TXN102022,USR0141,2675.8,1171.0,2.285,9.9,106.3,14,Hyderabad,0,DEV_IOS_18,0,284,0,1.01,1,ONLINE_SHOPPING,0
TXN102023,USR0142,17347.76,3033.0,5.72,14.5,449.2,19,Hyderabad,0,DEV_ANDROID_14,0,849,0,0.1,1,INVESTMENT,0
TXN102024,USR0149,2407.38,3318.0,0.726,16.0,116.7,19,Chennai,0,DEV_ANDROID_13,0,1488,0,0.91,1,BILL_PAYMENT,0
TXN102025,USR0103,2856.0,4267.0,0.669,30.7,276.2,15,Kolkata,0,DEV_ANDROID_13,0,1776,0,0.23,0,P2P,0
TXN102026,USR0080,1013.96,1303.0,0.778,17.0,62.0,17,Kolkata,0,DEV_IOS_18,1,573,0,0.88,1,P2P,0
TXN102027,USR0117,870.94,891.0,0.977,4.5,36.2,7,Mumbai,0,DEV_ANDROID_13,0,784,0,2.14,0,BILL_PAYMENT,0
TXN102028,USR0023,4043.84,2955.0,1.368,11.7,167.2,7,Delhi,0,DEV_ANDROID_13,0,949,0,0.47,0,P2M,0
TXN102029,USR0054,1732.62,1995.0,0.868,24.5,309.1,18,Hyderabad,0,DEV_ANDROID_13,1,1083,0,0.92,1,P2P,0
TXN102030,USR0068,2347.47,1858.0,1.263,11.3,297.4,17,Chennai,0,DEV_ANDROID_13,0,1765,0,1.05,1,P2M,0
TXN102031,USR0035,4011.56,3949.0,1.016,19.8,68.9,11,Mumbai,0,DEV_ANDROID_14,0,1277,0,1.71,1,P2M,0
TXN102032,USR0036,893.43,1141.0,0.783,31.1,890.3,13,Bengaluru,0,DEV_ANDROID_13,0,965,1,0.11,1,P2M,0
TXN102033,USR0143,18442.84,3747.0,4.922,34.0,1.6,1,Hyderabad,1,DEV_ANDROID_14,1,1701,2,5.8,0,P2P,1
TXN102034,USR0098,1536.03,2841.0,0.541,28.1,23.0,16,Delhi,0,DEV_ANDROID_14,1,1109,0,1.77,1,P2P,0
TXN102035,USR0075,1961.3,2287.0,0.858,22.6,22.8,19,Bengaluru,0,DEV_IOS_18,0,1596,0,1.42,1,RECHARGE,0
TXN102036,USR0020,36762.1,3539.0,10.388,43.0,11.9,8,Hyderabad,1,DEV_WEB_CHROME,1,291,2,4.53,0,P2M,1
TXN102037,USR0128,2930.63,1765.0,1.66,30.1,161.3,16,Chennai,0,DEV_ANDROID_14,0,1724,0,2.14,1,P2P,0
TXN102038,USR0053,4091.78,1779.0,2.3,16.0,24.0,20,Chennai,0,DEV_UNKNOWN,1,1781,2,3.68,0,P2P,1
TXN102039,USR0010,8305.56,4508.0,1.842,29.5,100.6,15,Kolkata,0,DEV_IOS_18,0,1451,0,0.97,0,P2M,0
TXN102040,USR0058,4966.83,3029.0,1.64,18.6,43.2,9,Kolkata,0,DEV_ANDROID_14,0,869,1,1.76,1,P2P,0
TXN102041,USR0115,1292.3,1698.0,0.761,5.0,104.4,8,Kolkata,0,DEV_IOS_18,0,47,0,1.34,1,BILL_PAYMENT,0
TXN102042,USR0114,1719.44,1547.0,1.111,26.0,330.9,17,Mumbai,1,DEV_ANDROID_14,0,1045,0,1.39,0,P2P,0
TXN102043,USR0043,3895.53,4029.0,0.967,16.1,14.4,16,Delhi,0,DEV_ANDROID_13,0,1372,0,1.96,1,P2P,0
TXN102044,USR0043,8348.45,4029.0,2.072,18.7,94.5,13,Delhi,0,DEV_ANDROID_13,0,1375,0,1.78,1,P2P,0
TXN102045,USR0112,18574.74,4425.0,4.198,15.0,11.5,17,Lucknow,1,DEV_ANDROID_13,0,1529,0,4.0,0,P2P,1
TXN102046,USR0091,4360.6,2696.0,1.617,9.1,83.1,11,Kolkata,0,DEV_ANDROID_13,0,1094,0,0.66,1,BILL_PAYMENT,0
TXN102047,USR0086,43431.04,4098.0,10.598,27.0,10.2,11,Pune,1,DEV_WEB_CHROME,1,1355,2,8.24,1,P2P,1
TXN102048,USR0021,3312.77,4102.0,0.808,1.0,562.3,8,Chennai,0,DEV_ANDROID_14,0,1465,0,1.31,0,ONLINE_SHOPPING,0
TXN102049,USR0123,5455.47,4007.0,1.361,16.4,281.0,14,Kolkata,0,DEV_ANDROID_13,1,1235,0,0.89,1,P2P,0
TXN102050,USR0114,2399.87,1547.0,1.551,25.4,405.3,12,Delhi,0,DEV_ANDROID_14,0,1062,0,0.8,1,P2P,0
TXN102051,USR0030,2037.8,1476.0,1.381,21.3,5.0,12,Kolkata,0,DEV_ANDROID_13,1,149,0,0.91,1,P2P,0
TXN102052,USR0030,7460.77,1476.0,5.055,29.5,129.7,12,Kolkata,0,DEV_ANDROID_14,0,168,0,1.01,0,P2P,0
TXN102053,USR0116,9831.5,2809.0,3.5,31.1,30.2,10,Bengaluru,0,DEV_ANDROID_13,0,224,0,1.78,0,P2P,0
TXN102054,USR0060,2010.11,2418.0,0.831,17.9,119.4,7,Hyderabad,0,DEV_ANDROID_13,0,107,0,1.3,1,P2M,0
TXN102055,USR0101,5692.66,4828.0,1.179,28.4,114.3,10,Lucknow,1,DEV_IOS_18,0,501,0,2.0,0,P2P,0
TXN102056,USR0069,2313.13,3260.0,0.71,21.9,318.8,16,Chandigarh,1,DEV_ANDROID_14,0,1631,0,1.72,1,P2M,0
TXN102057,USR0129,3865.05,4329.0,0.893,15.6,435.5,14,Chennai,0,DEV_ANDROID_13,0,1391,0,1.11,1,P2P,0
TXN102058,USR0102,1225.47,1540.0,0.796,10.8,443.3,12,Bengaluru,0,DEV_IOS_18,0,454,0,1.22,1,ONLINE_SHOPPING,0
TXN102059,USR0115,10901.64,1698.0,6.42,10.2,22.6,17,Kolkata,0,DEV_IOS_18,0,32,0,2.61,0,P2P,0
TXN102060,USR0095,1498.18,2387.0,0.628,21.0,18.6,18,Chennai,0,DEV_WEB_CHROME,1,1210,0,1.76,0,P2M,0
TXN102061,USR0079,3011.95,2089.0,1.442,25.9,287.1,14,Chennai,0,DEV_ANDROID_14,0,1329,1,1.81,0,P2P,0
TXN102062,USR0071,2853.14,1774.0,1.608,19.3,86.3,14,Hyderabad,0,DEV_ANDROID_14,0,1731,0,1.16,0,P2P,0
TXN102063,USR0052,587.19,875.0,0.671,8.8,540.5,10,Mumbai,0,DEV_ANDROID_13,0,1098,0,2.19,0,BILL_PAYMENT,0
TXN102064,USR0052,1334.83,875.0,1.526,7.4,13.2,15,Mumbai,0,DEV_ANDROID_13,0,1099,0,0.48,0,RECHARGE,0
TXN102065,USR0014,3536.58,2104.0,1.681,5.8,5.8,15,Delhi,0,DEV_ANDROID_13,0,894,0,1.54,0,P2P,0
TXN102066,USR0058,2732.96,3029.0,0.902,22.5,534.0,12,Kolkata,0,DEV_ANDROID_14,0,853,0,0.93,1,P2P,0
TXN102067,USR0029,1858.17,1672.0,1.111,19.9,114.8,11,Kolkata,0,DEV_ANDROID_14,0,1840,0,1.88,1,P2P,0
TXN102068,USR0083,1129.78,1684.0,0.671,10.0,621.7,19,Delhi,0,DEV_ANDROID_14,0,75,0,1.35,0,ONLINE_SHOPPING,0
TXN102069,USR0068,1561.53,1858.0,0.84,8.1,344.8,15,Chennai,0,DEV_ANDROID_13,0,1769,2,1.16,1,P2P,0
TXN102070,USR0149,1909.87,3318.0,0.576,15.7,150.5,12,Chennai,0,DEV_ANDROID_13,0,1436,0,1.85,1,P2M,0
TXN102071,USR0088,9925.4,4666.0,2.127,5.3,207.1,8,Mumbai,0,DEV_IOS_18,0,776,0,1.19,1,ONLINE_SHOPPING,0
TXN102072,USR0103,2485.06,4267.0,0.582,33.8,421.7,13,Kolkata,0,DEV_ANDROID_13,0,1777,0,0.73,1,BILL_PAYMENT,0
TXN102073,USR0144,1459.94,2663.0,0.548,10.9,245.6,8,Chennai,0,DEV_IOS_18,0,1096,0,0.22,1,P2M,0
TXN102074,USR0079,2287.64,2089.0,1.095,24.7,45.5,15,Chennai,0,DEV_ANDROID_13,1,1361,0,0.1,1,P2M,0
TXN102075,USR0051,1209.09,1265.0,0.956,17.5,128.0,18,Delhi,0,DEV_IOS_18,0,1186,0,1.19,0,P2M,0
TXN102076,USR0088,8625.72,4666.0,1.849,12.4,74.4,11,Mumbai,0,DEV_IOS_18,0,783,0,1.25,0,P2P,0
TXN102077,USR0111,8587.8,4209.0,2.04,15.7,273.2,7,Chennai,0,DEV_IOS_18,0,1808,0,0.91,1,INVESTMENT,0
TXN102078,USR0111,11016.91,4209.0,2.617,6.3,187.8,15,Chennai,0,DEV_IOS_18,0,1774,0,1.81,1,P2P,0
TXN102079,USR0058,2531.59,3029.0,0.836,15.9,32.1,8,Kolkata,0,DEV_ANDROID_14,0,862,0,1.17,1,P2M,0
TXN102080,USR0126,2205.81,2090.0,1.055,20.2,363.5,12,Delhi,0,DEV_IOS_18,0,662,0,1.35,1,ONLINE_SHOPPING,0
TXN102081,USR0012,859.85,1109.0,0.775,31.2,551.3,10,Mumbai,0,DEV_IOS_18,0,1228,0,1.22,0,P2M,0
TXN102082,USR0024,1056.83,1043.0,1.013,13.8,317.0,17,Hyderabad,0,DEV_ANDROID_14,0,284,0,1.29,0,P2M,0
TXN102083,USR0083,2796.63,1684.0,1.661,10.9,88.3,18,Delhi,0,DEV_ANDROID_14,0,45,0,1.11,1,P2M,0
TXN102084,USR0041,2216.76,2677.0,0.828,30.4,19.7,10,Bengaluru,0,DEV_ANDROID_13,0,845,0,1.28,1,P2M,0
TXN102085,USR0092,21589.29,3316.0,6.511,21.0,36.4,12,Chennai,1,DEV_UNKNOWN,1,248,6,7.38,0,P2P,1
TXN102086,USR0030,1797.85,1476.0,1.218,34.2,693.6,8,Kolkata,0,DEV_ANDROID_14,0,163,0,0.34,0,P2M,0
TXN102087,USR0045,3722.78,3638.0,1.023,6.3,63.8,11,Mumbai,0,DEV_IOS_18,0,1335,0,1.39,0,P2P,0
TXN102088,USR0057,4291.58,3487.0,1.231,17.3,38.8,16,Delhi,0,DEV_IOS_18,0,801,0,0.72,1,P2M,0
TXN102089,USR0050,2349.3,2312.0,1.016,27.9,174.9,13,Mumbai,0,DEV_ANDROID_13,0,151,0,1.55,1,P2M,0
TXN102090,USR0030,6984.48,1476.0,4.732,20.0,185.0,3,Lucknow,1,DEV_WEB_CHROME,1,162,0,2.43,0,P2P,1
TXN102091,USR0146,3156.48,803.0,3.931,24.4,97.4,8,Mumbai,0,DEV_ANDROID_13,0,1224,0,1.86,1,ONLINE_SHOPPING,0
TXN102092,USR0071,767.48,1774.0,0.433,16.8,58.7,16,Pune,1,DEV_ANDROID_14,0,1779,0,0.99,1,P2M,0
TXN102093,USR0150,1679.18,1846.0,0.91,20.8,37.3,14,Bengaluru,0,DEV_IOS_18,0,313,0,0.8,0,RECHARGE,0
TXN102094,USR0081,1316.89,1873.0,0.703,30.0,51.2,20,Kolkata,0,DEV_ANDROID_13,0,900,0,1.22,0,BILL_PAYMENT,0
TXN102095,USR0122,1883.58,2765.0,0.681,38.3,237.5,20,Hyderabad,0,DEV_ANDROID_14,0,1534,0,1.73,0,P2M,0
TXN102096,USR0031,1710.23,4621.0,0.37,21.4,352.7,8,Kolkata,0,DEV_ANDROID_14,0,803,0,1.44,1,ONLINE_SHOPPING,0
TXN102097,USR0007,399.7,823.0,0.486,29.6,7.5,22,Bengaluru,0,DEV_ANDROID_14,0,1633,0,0.76,1,ONLINE_SHOPPING,0
TXN102098,USR0126,5294.93,2090.0,2.533,10.5,56.7,8,Delhi,0,DEV_IOS_18,0,718,0,1.69,1,ONLINE_SHOPPING,0
TXN102099,USR0065,3309.2,3227.0,1.025,29.2,63.6,20,Hyderabad,1,DEV_ANDROID_14,0,1809,0,0.16,1,P2P,0
TXN102100,USR0110,932.73,3119.0,0.299,16.6,181.4,11,Mumbai,0,DEV_IOS_18,0,1278,0,1.25,1,P2M,0
TXN102101,USR0003,10959.86,3784.0,2.896,31.3,225.0,14,Hyderabad,0,DEV_ANDROID_13,0,1296,0,1.59,1,P2M,0
TXN102102,USR0145,3576.33,4287.0,0.834,7.4,308.3,17,Mumbai,0,DEV_ANDROID_13,0,1461,0,0.11,1,P2P,0
TXN102103,USR0033,1500.74,2282.0,0.658,24.8,39.3,8,Kolkata,0,DEV_IOS_18,0,807,0,1.05,1,P2M,0
TXN102104,USR0051,3054.75,1265.0,2.415,14.8,6.1,19,Delhi,0,DEV_IOS_18,0,1189,0,2.25,1,P2P,0
TXN102105,USR0065,3419.62,3227.0,1.06,28.1,121.9,12,Delhi,0,DEV_ANDROID_14,0,1810,0,2.32,1,P2P,0
TXN102106,USR0093,4295.12,3844.0,1.117,17.9,19.0,16,Chennai,0,DEV_ANDROID_14,0,57,0,0.93,1,P2M,0
TXN102107,USR0015,2227.62,2529.0,0.881,1.0,10.0,17,Chennai,0,DEV_ANDROID_14,0,1235,0,2.55,1,ONLINE_SHOPPING,0
TXN102108,USR0006,4528.91,4184.0,1.082,20.9,65.4,16,Hyderabad,0,DEV_IOS_18,0,795,0,1.51,1,BILL_PAYMENT,0
TXN102109,USR0147,3845.62,4639.0,0.829,27.9,64.5,23,Chennai,0,DEV_IOS_18,0,399,0,1.35,1,P2M,0
TXN102110,USR0007,1204.72,823.0,1.464,18.2,107.1,15,Bengaluru,0,DEV_ANDROID_14,0,1606,0,1.63,1,P2M,0
TXN102111,USR0071,1298.26,1774.0,0.732,17.4,130.9,11,Hyderabad,0,DEV_ANDROID_14,0,1726,0,0.61,1,P2M,0
TXN102112,USR0013,2032.12,2086.0,0.974,38.2,24.0,22,Kolkata,0,DEV_ANDROID_13,0,816,0,2.37,1,P2P,0
TXN102113,USR0016,1847.41,1443.0,1.28,24.0,298.4,19,Bengaluru,0,DEV_ANDROID_13,1,1274,0,1.86,1,P2P,0
TXN102114,USR0031,21202.37,4621.0,4.588,15.4,655.2,10,Kolkata,0,DEV_ANDROID_14,0,837,0,0.72,1,P2M,0
TXN102115,USR0040,1207.86,942.0,1.282,17.3,481.8,10,Mumbai,0,DEV_IOS_18,0,1782,0,0.47,1,P2M,0
TXN102116,USR0058,4416.63,3029.0,1.458,24.0,671.8,8,Kolkata,0,DEV_WEB_CHROME,1,908,0,0.69,0,P2M,0
TXN102117,USR0029,965.91,1672.0,0.578,15.6,49.3,11,Pune,1,DEV_ANDROID_14,0,1816,0,1.66,0,P2M,0
TXN102118,USR0100,3256.53,2121.0,1.535,38.3,740.2,12,Lucknow,1,DEV_ANDROID_14,0,828,0,1.0,0,P2M,0
TXN102119,USR0003,2639.63,3784.0,0.698,23.3,5.2,20,Hyderabad,0,DEV_ANDROID_13,0,1335,0,2.17,1,BILL_PAYMENT,0
TXN102120,USR0079,1050.64,2089.0,0.503,23.5,266.3,10,Bengaluru,1,DEV_ANDROID_14,0,1347,0,1.36,0,BILL_PAYMENT,0
TXN102121,USR0082,1140.07,1061.0,1.075,35.7,58.9,11,Hyderabad,0,DEV_IOS_18,0,103,0,1.37,1,BILL_PAYMENT,0
TXN102122,USR0001,2058.66,3411.0,0.604,17.6,607.3,16,Mumbai,0,DEV_ANDROID_13,0,845,0,2.34,0,P2M,0
TXN102123,USR0050,1769.39,2312.0,0.765,29.4,67.9,18,Mumbai,0,DEV_ANDROID_13,0,159,0,1.85,1,ONLINE_SHOPPING,0
TXN102124,USR0036,1434.86,1141.0,1.258,34.8,185.0,17,Bengaluru,0,DEV_ANDROID_13,0,955,0,0.54,0,P2M,0
TXN102125,USR0099,4616.48,3865.0,1.194,23.2,83.8,11,Kochi,1,DEV_ANDROID_13,0,531,0,0.95,1,P2M,0
TXN102126,USR0088,18245.57,4666.0,3.91,12.1,110.4,13,Mumbai,0,DEV_IOS_18,0,775,0,1.64,1,P2P,0
TXN102127,USR0041,3911.06,2677.0,1.461,26.4,174.4,15,Bengaluru,0,DEV_ANDROID_13,0,896,0,1.11,0,P2M,0
TXN102128,USR0128,1810.71,1765.0,1.026,28.0,212.6,17,Chennai,0,DEV_ANDROID_14,0,1743,0,0.26,1,P2M,0
TXN102129,USR0023,4389.17,2955.0,1.485,22.4,317.4,13,Delhi,0,DEV_ANDROID_13,0,926,0,0.9,1,P2P,0
TXN102130,USR0086,5354.64,4098.0,1.307,7.5,13.8,18,Chennai,1,DEV_ANDROID_14,1,1330,0,0.48,0,P2M,0
TXN102131,USR0012,1347.69,1109.0,1.215,29.6,16.4,20,Mumbai,0,DEV_IOS_18,0,1238,0,1.59,0,P2P,0
TXN102132,USR0134,3590.72,4359.0,0.824,29.5,33.1,17,Chennai,0,DEV_IOS_18,0,281,0,1.05,1,P2P,0
TXN102133,USR0142,2180.8,3033.0,0.719,18.4,189.6,10,Hyderabad,0,DEV_ANDROID_14,0,867,0,1.66,1,P2P,0
TXN102134,USR0114,1266.88,1547.0,0.819,22.8,180.9,19,Delhi,0,DEV_ANDROID_14,0,1083,0,1.0,1,P2M,0
TXN102135,USR0074,8157.68,1853.0,4.402,30.0,29.6,12,Kolkata,1,DEV_UNKNOWN,1,1435,7,7.52,0,INVESTMENT,1
TXN102136,USR0111,2699.72,4209.0,0.641,17.2,81.7,14,Chennai,0,DEV_IOS_18,0,1830,0,0.68,1,ONLINE_SHOPPING,0
TXN102137,USR0096,356.08,482.0,0.739,22.1,90.7,13,Chennai,0,DEV_ANDROID_13,0,264,0,0.89,1,P2P,0
TXN102138,USR0055,1129.1,1096.0,1.03,31.3,88.3,13,Delhi,0,DEV_ANDROID_14,0,771,0,1.05,1,P2P,0
TXN102139,USR0047,377.44,489.0,0.772,28.2,460.7,12,Bengaluru,0,DEV_ANDROID_13,0,949,0,0.1,1,ONLINE_SHOPPING,0
TXN102140,USR0026,4005.61,3918.0,1.022,21.4,268.6,12,Hyderabad,0,DEV_ANDROID_14,0,1147,0,2.28,1,P2P,0
TXN102141,USR0105,772.78,1284.0,0.602,35.2,131.1,12,Bengaluru,0,DEV_ANDROID_14,0,612,0,0.67,1,P2M,0
TXN102142,USR0036,4227.41,1141.0,3.705,13.0,13.2,17,Bengaluru,0,DEV_UNKNOWN,1,968,1,3.13,0,P2P,1
TXN102143,USR0140,1668.13,3114.0,0.536,5.3,202.3,21,Delhi,0,DEV_ANDROID_13,0,249,0,1.08,1,ONLINE_SHOPPING,0
TXN102144,USR0072,3495.91,4501.0,0.777,7.6,355.8,10,Kolkata,0,DEV_ANDROID_14,0,1398,0,2.04,0,P2M,0
TXN102145,USR0124,2033.55,1625.0,1.251,8.4,115.1,15,Hyderabad,0,DEV_ANDROID_14,0,278,0,1.56,1,P2M,0
TXN102146,USR0060,8829.88,2418.0,3.652,22.0,53.3,10,Hyderabad,0,DEV_ANDROID_13,0,84,0,0.85,1,P2M,0
TXN102147,USR0123,2014.8,4007.0,0.503,15.4,21.2,11,Kochi,1,DEV_IOS_18,0,1280,0,1.53,1,P2M,0
TXN102148,USR0150,33282.56,1846.0,18.03,38.0,31.7,9,Jaipur,1,DEV_UNKNOWN,1,359,2,4.19,0,P2M,1
TXN102149,USR0085,5373.64,3924.0,1.369,19.7,101.7,7,Kolkata,0,DEV_ANDROID_13,0,769,0,1.23,0,INVESTMENT,0
TXN102150,USR0045,3175.03,3638.0,0.873,8.0,120.1,12,Mumbai,0,DEV_IOS_18,0,1336,1,1.16,0,P2M,0
TXN102151,USR0086,8546.8,4098.0,2.086,3.5,219.9,13,Delhi,0,DEV_ANDROID_13,0,1350,0,0.39,1,P2M,0
TXN102152,USR0122,3732.12,2765.0,1.35,36.3,15.4,16,Mumbai,1,DEV_ANDROID_14,0,1553,0,1.82,1,P2P,0
TXN102153,USR0029,5652.78,1672.0,3.381,52.0,0.5,6,Hyderabad,1,DEV_ANDROID_14,0,1782,1,7.6,0,ONLINE_SHOPPING,1
TXN102154,USR0006,14644.0,4184.0,3.5,22.0,105.2,8,Hyderabad,0,DEV_IOS_18,0,859,0,0.1,1,BILL_PAYMENT,0
TXN102155,USR0145,4837.64,4287.0,1.128,7.2,39.0,10,Mumbai,0,DEV_ANDROID_13,0,1427,0,1.64,1,BILL_PAYMENT,0
TXN102156,USR0027,912.7,816.0,1.119,19.8,142.5,14,Hyderabad,0,DEV_WEB_CHROME,1,1457,0,1.89,1,P2P,0
TXN102157,USR0008,4814.57,4207.0,1.144,14.1,43.9,14,Mumbai,0,DEV_ANDROID_13,0,1135,0,1.23,1,P2M,0
TXN102158,USR0014,3303.42,2104.0,1.57,54.0,0.8,23,Jaipur,1,DEV_ANDROID_13,0,909,4,11.13,1,ONLINE_SHOPPING,1
TXN102159,USR0148,3989.19,1934.0,2.063,22.2,100.0,13,Chennai,0,DEV_ANDROID_13,0,1623,0,1.32,1,ONLINE_SHOPPING,0
TXN102160,USR0090,2821.94,4795.0,0.589,18.5,84.4,13,Hyderabad,0,DEV_ANDROID_14,0,528,0,0.94,0,INVESTMENT,0
TXN102161,USR0037,3429.71,2687.0,1.276,22.2,82.1,12,Kolkata,0,DEV_ANDROID_14,0,964,0,1.11,1,P2P,0
TXN102162,USR0011,2348.07,2073.0,1.133,22.3,97.5,19,Chennai,0,DEV_ANDROID_14,0,945,0,1.77,0,BILL_PAYMENT,0
TXN102163,USR0036,2700.0,1141.0,2.366,31.8,68.7,14,Bengaluru,0,DEV_ANDROID_13,0,916,0,0.1,0,P2P,0
TXN102164,USR0067,7942.04,1825.0,4.352,63.0,1.0,6,Kolkata,1,DEV_IOS_18,0,896,4,13.26,0,ONLINE_SHOPPING,1
TXN102165,USR0027,552.88,816.0,0.678,24.1,36.4,9,Hyderabad,0,DEV_IOS_18,0,1469,0,1.45,0,P2M,0
TXN102166,USR0039,2329.41,3193.0,0.73,18.4,413.9,13,Chennai,0,DEV_IOS_18,0,1734,2,0.99,1,P2P,0
TXN102167,USR0098,2618.31,2841.0,0.922,29.8,5.0,15,Hyderabad,1,DEV_IOS_18,0,1146,0,0.36,0,P2P,0
TXN102168,USR0142,5158.56,3033.0,1.701,19.9,254.3,8,Hyderabad,0,DEV_ANDROID_14,0,879,0,1.3,1,BILL_PAYMENT,0
TXN102169,USR0015,2664.16,2529.0,1.053,3.8,460.6,19,Chennai,0,DEV_ANDROID_14,0,1251,0,1.56,1,P2P,0
TXN102170,USR0120,2651.97,3985.0,0.665,22.5,33.4,19,Ahmedabad,1,DEV_IOS_18,0,1208,0,2.16,1,P2P,0
TXN102171,USR0077,23804.36,4759.0,5.002,28.0,210.0,5,Mumbai,0,DEV_UNKNOWN,1,131,0,2.53,0,P2P,1
TXN102172,USR0120,2859.5,3985.0,0.718,22.1,84.8,12,Chennai,0,DEV_IOS_18,0,1165,0,1.87,1,P2P,0
TXN102173,USR0073,1771.82,1427.0,1.242,30.6,212.8,10,Kolkata,0,DEV_ANDROID_13,0,263,0,0.81,1,P2M,0
TXN102174,USR0111,8167.87,4209.0,1.941,9.8,97.7,11,Chennai,0,DEV_IOS_18,0,1811,0,2.18,1,P2M,0
TXN102175,USR0115,1116.03,1698.0,0.657,1.1,352.8,15,Kolkata,0,DEV_ANDROID_13,1,45,0,0.93,1,ONLINE_SHOPPING,0
TXN102176,USR0063,1012.5,946.0,1.07,14.5,243.6,16,Hyderabad,0,DEV_ANDROID_13,0,454,0,0.1,0,P2M,0
TXN102177,USR0100,2403.52,2121.0,1.133,32.0,118.1,8,Bengaluru,0,DEV_ANDROID_14,0,796,0,0.1,1,P2M,0
TXN102178,USR0078,4863.68,4223.0,1.152,26.2,170.2,16,Mumbai,0,DEV_ANDROID_14,0,339,0,1.78,1,RECHARGE,0
TXN102179,USR0070,16467.5,4705.0,3.5,11.6,22.7,12,Delhi,0,DEV_ANDROID_14,1,355,0,1.42,1,P2M,0
TXN102180,USR0130,1596.39,2863.0,0.558,27.8,124.9,9,Delhi,0,DEV_IOS_18,0,1540,0,2.05,1,P2P,0
TXN102181,USR0042,5717.1,4858.0,1.177,6.3,24.3,17,Delhi,0,DEV_ANDROID_13,0,1438,0,1.24,1,P2M,0
TXN102182,USR0144,4982.34,2663.0,1.871,16.1,46.7,11,Chennai,0,DEV_IOS_18,0,1146,0,1.62,0,P2M,0
TXN102183,USR0113,3453.72,2668.0,1.294,5.5,111.8,17,Hyderabad,0,DEV_ANDROID_14,0,1648,0,1.98,1,BILL_PAYMENT,0
TXN102184,USR0131,940.93,1330.0,0.707,29.4,208.4,10,Bengaluru,0,DEV_ANDROID_13,1,1046,0,1.4,1,P2M,0
TXN102185,USR0014,3564.56,2104.0,1.694,7.7,66.2,23,Delhi,0,DEV_ANDROID_13,0,880,0,1.74,1,P2P,0
TXN102186,USR0147,8513.14,4639.0,1.835,23.8,49.6,16,Chennai,0,DEV_IOS_18,0,422,2,1.06,1,P2P,0
TXN102187,USR0032,5345.42,2962.0,1.805,19.7,449.9,17,Hyderabad,0,DEV_ANDROID_14,0,1457,0,1.18,1,P2P,0
TXN102188,USR0142,3533.8,3033.0,1.165,21.2,338.3,17,Hyderabad,0,DEV_ANDROID_14,0,837,0,0.91,0,ONLINE_SHOPPING,0
TXN102189,USR0046,3013.21,3064.0,0.983,16.6,114.4,12,Mumbai,1,DEV_ANDROID_13,0,387,0,0.89,1,ONLINE_SHOPPING,0
TXN102190,USR0040,1148.15,942.0,1.219,13.4,309.0,13,Mumbai,0,DEV_IOS_18,0,1745,0,1.27,1,P2M,0
TXN102191,USR0016,1601.57,1443.0,1.11,20.5,530.8,13,Bengaluru,0,DEV_ANDROID_14,0,1223,0,1.09,1,P2M,0
TXN102192,USR0018,1443.01,1836.0,0.786,26.0,587.1,15,Chennai,0,DEV_ANDROID_14,0,1540,0,0.58,0,P2P,0
TXN102193,USR0026,2758.54,3918.0,0.704,22.4,143.0,14,Hyderabad,0,DEV_ANDROID_14,0,1207,0,0.56,1,P2P,0
TXN102194,USR0071,1422.33,1774.0,0.802,20.1,158.0,10,Hyderabad,0,DEV_ANDROID_14,0,1779,0,1.55,1,P2P,0
TXN102195,USR0015,1732.85,2529.0,0.685,7.0,5.0,18,Chennai,0,DEV_ANDROID_14,0,1266,0,1.24,1,ONLINE_SHOPPING,0
TXN102196,USR0083,2320.09,1684.0,1.378,13.2,126.7,9,Delhi,0,DEV_ANDROID_14,0,102,0,0.81,1,P2P,0
TXN102197,USR0032,2618.39,2962.0,0.884,29.1,50.0,21,Hyderabad,0,DEV_ANDROID_14,0,1434,0,0.68,1,P2M,0
TXN102198,USR0065,4004.79,3227.0,1.241,24.0,92.5,16,Delhi,0,DEV_ANDROID_14,0,1742,0,1.04,1,BILL_PAYMENT,0
TXN102199,USR0084,872.28,960.0,0.909,11.3,97.9,12,Chennai,0,DEV_ANDROID_13,0,914,0,0.1,1,P2P,0
TXN102200,USR0013,1944.17,2086.0,0.932,30.9,118.5,11,Kolkata,0,DEV_ANDROID_13,0,748,0,0.1,1,INVESTMENT,0
TXN102201,USR0010,20124.54,4508.0,4.464,29.2,72.9,16,Kolkata,0,DEV_IOS_18,0,1396,0,1.14,1,P2M,0
TXN102202,USR0117,1312.6,891.0,1.473,7.6,75.6,7,Mumbai,0,DEV_ANDROID_13,0,765,0,0.92,0,P2P,0
TXN102203,USR0066,585.17,572.0,1.023,13.5,10.7,17,Delhi,0,DEV_ANDROID_14,0,1019,0,0.21,1,P2M,0
TXN102204,USR0017,1030.71,1139.0,0.905,30.4,80.8,9,Kolkata,0,DEV_IOS_18,0,1191,0,1.7,1,P2P,0
TXN102205,USR0052,5611.9,875.0,6.414,4.5,559.3,12,Mumbai,0,DEV_ANDROID_13,0,1086,0,1.66,1,P2P,0
TXN102206,USR0001,5485.62,3411.0,1.608,12.2,41.3,17,Mumbai,0,DEV_ANDROID_13,0,779,0,0.43,1,P2P,0
TXN102207,USR0053,12601.62,1779.0,7.084,32.2,54.3,8,Chennai,0,DEV_ANDROID_14,0,1771,0,0.43,1,P2M,0
TXN102208,USR0105,1096.39,1284.0,0.854,32.3,525.1,22,Bengaluru,0,DEV_ANDROID_14,0,619,0,1.9,1,ONLINE_SHOPPING,0
TXN102209,USR0069,2283.93,3260.0,0.701,28.8,28.3,7,Hyderabad,0,DEV_ANDROID_14,0,1650,0,1.35,0,RECHARGE,0
TXN102210,USR0126,14849.08,2090.0,7.105,49.0,39.0,5,Delhi,0,DEV_UNKNOWN,1,698,5,3.65,0,INVESTMENT,1
TXN102211,USR0030,2029.65,1476.0,1.375,27.8,85.7,12,Kolkata,0,DEV_ANDROID_14,0,113,0,1.41,0,ONLINE_SHOPPING,0
TXN102212,USR0140,1886.17,3114.0,0.606,6.3,227.0,7,Delhi,0,DEV_ANDROID_13,0,227,0,1.28,1,P2M,0
TXN102213,USR0145,2036.04,4287.0,0.475,14.3,134.5,11,Mumbai,0,DEV_ANDROID_13,0,1468,0,1.19,1,P2M,0
TXN102214,USR0108,3678.82,931.0,3.951,22.0,2.0,4,Hyderabad,1,DEV_ANDROID_13,1,90,2,8.07,0,P2P,1
TXN102215,USR0134,5088.71,4359.0,1.167,33.6,142.9,17,Chennai,0,DEV_IOS_18,0,244,0,0.8,1,P2P,0
TXN102216,USR0087,19088.58,4199.0,4.546,6.9,143.6,17,Mumbai,0,DEV_ANDROID_13,0,849,0,0.24,1,P2M,0
TXN102217,USR0013,2350.81,2086.0,1.127,35.8,327.5,18,Kolkata,0,DEV_ANDROID_13,0,769,0,0.78,1,P2M,0
TXN102218,USR0105,4886.15,1284.0,3.805,21.0,37.7,13,Kolkata,1,DEV_UNKNOWN,1,626,6,4.75,0,INVESTMENT,1
TXN102219,USR0057,2537.23,3487.0,0.728,14.9,5.4,13,Delhi,0,DEV_IOS_18,0,798,0,1.17,1,P2P,0
TXN102220,USR0121,2310.32,3799.0,0.608,6.4,30.4,19,Hyderabad,0,DEV_ANDROID_13,0,1519,0,1.32,1,P2P,0
TXN102221,USR0065,14419.82,3227.0,4.468,38.5,120.3,10,Delhi,0,DEV_ANDROID_14,0,1745,0,1.37,1,P2P,0
TXN102222,USR0102,1867.04,1540.0,1.212,4.6,114.9,13,Bengaluru,0,DEV_IOS_18,0,480,0,0.48,0,P2M,0
TXN102223,USR0004,1230.44,989.0,1.244,23.3,147.3,18,Lucknow,1,DEV_IOS_18,0,831,0,1.55,0,P2M,0
TXN102224,USR0090,5986.45,4795.0,1.248,25.4,253.4,11,Hyderabad,0,DEV_ANDROID_14,0,592,0,0.81,0,P2P,0
TXN102225,USR0059,4532.75,4787.0,0.947,12.9,196.5,17,Chennai,0,DEV_ANDROID_14,0,1007,0,0.5,1,RECHARGE,0
TXN102226,USR0058,4083.76,3029.0,1.348,13.2,205.4,20,Kolkata,0,DEV_ANDROID_14,0,907,0,1.13,1,INVESTMENT,0
TXN102227,USR0105,1058.55,1284.0,0.824,33.0,43.7,7,Bengaluru,0,DEV_ANDROID_14,0,651,0,1.01,1,P2P,0
TXN102228,USR0126,2857.41,2090.0,1.367,21.2,106.7,17,Lucknow,1,DEV_IOS_18,0,689,0,1.17,1,BILL_PAYMENT,0
TXN102229,USR0014,14735.44,2104.0,7.004,11.5,7.8,9,Delhi,0,DEV_ANDROID_13,0,891,0,1.35,1,P2P,0
TXN102230,USR0114,873.34,1547.0,0.565,28.5,56.3,12,Kolkata,1,DEV_ANDROID_14,0,1033,0,0.97,1,P2P,0
TXN102231,USR0047,2359.66,489.0,4.825,49.0,30.1,13,Kochi,1,DEV_UNKNOWN,1,934,3,4.17,0,INVESTMENT,1
TXN102232,USR0133,561.59,561.0,1.001,10.5,1220.7,19,Delhi,0,DEV_WEB_CHROME,1,1136,0,0.28,1,ONLINE_SHOPPING,0
TXN102233,USR0002,3904.43,3607.0,1.082,10.8,127.0,13,Kolkata,0,DEV_ANDROID_14,0,245,0,0.4,1,RECHARGE,0
TXN102234,USR0117,878.45,891.0,0.986,1.4,27.4,15,Mumbai,0,DEV_ANDROID_13,0,793,0,0.23,1,P2P,0
TXN102235,USR0110,22481.6,3119.0,7.208,24.4,117.1,19,Delhi,1,DEV_IOS_18,0,1255,0,0.93,1,ONLINE_SHOPPING,0
TXN102236,USR0065,6477.1,3227.0,2.007,31.8,47.1,13,Delhi,0,DEV_ANDROID_13,1,1802,0,1.69,1,P2P,0
TXN102237,USR0110,16814.91,3119.0,5.391,15.0,145.0,4,Bengaluru,1,DEV_UNKNOWN,1,1273,1,5.41,0,P2P,1
TXN102238,USR0034,27337.8,1168.0,23.406,27.0,23.3,16,Chennai,0,DEV_ANDROID_14,0,72,5,7.02,0,INVESTMENT,1
TXN102239,USR0072,6287.23,4501.0,1.397,10.8,245.7,9,Kochi,1,DEV_ANDROID_14,0,1359,0,1.78,1,P2P,0
TXN102240,USR0140,3411.24,3114.0,1.095,3.8,5.0,17,Bengaluru,1,DEV_ANDROID_14,1,185,0,1.38,1,P2P,0
TXN102241,USR0095,2610.03,2387.0,1.093,17.9,80.5,15,Chennai,0,DEV_ANDROID_13,0,1199,0,1.34,1,P2P,0
TXN102242,USR0065,20042.44,3227.0,6.211,28.0,242.0,1,Pune,1,DEV_UNKNOWN,1,1805,2,2.28,0,P2P,1
TXN102243,USR0016,892.21,1443.0,0.618,19.3,452.9,10,Bengaluru,0,DEV_ANDROID_14,0,1222,0,2.27,0,ONLINE_SHOPPING,0
TXN102244,USR0078,2404.21,4223.0,0.569,27.3,339.5,23,Mumbai,0,DEV_ANDROID_14,0,332,0,0.88,1,P2P,0
TXN102245,USR0096,510.16,482.0,1.058,26.9,142.7,9,Chennai,0,DEV_ANDROID_13,0,232,0,0.83,1,P2P,0
TXN102246,USR0073,1356.21,1427.0,0.95,29.0,119.4,8,Jaipur,1,DEV_ANDROID_13,0,255,0,1.01,1,P2M,0
TXN102247,USR0005,34051.41,1239.0,27.483,28.0,36.6,21,Ahmedabad,1,DEV_ANDROID_12,1,1420,1,5.73,0,P2P,1
TXN102248,USR0003,11695.12,3784.0,3.091,32.0,23.8,18,Chennai,1,DEV_UNKNOWN,1,1357,0,3.47,0,P2P,1
TXN102249,USR0032,2169.01,2962.0,0.732,14.9,429.2,11,Hyderabad,0,DEV_ANDROID_14,0,1433,0,1.62,0,P2P,0
TXN102250,USR0145,17852.95,4287.0,4.164,30.0,54.6,7,Chennai,1,DEV_UNKNOWN,1,1407,3,5.91,0,P2P,1
TXN102251,USR0101,3476.04,4828.0,0.72,30.7,105.0,9,Mumbai,0,DEV_IOS_18,0,529,0,1.46,0,P2M,0
TXN102252,USR0106,1728.8,1061.0,1.629,23.2,53.5,12,Jaipur,1,DEV_ANDROID_13,0,1677,0,0.98,1,P2M,0
TXN102253,USR0067,1828.08,1825.0,1.002,25.8,331.2,11,Hyderabad,0,DEV_IOS_18,0,860,0,0.92,1,P2P,0
TXN102254,USR0061,437.22,445.0,0.983,26.8,287.8,13,Bengaluru,0,DEV_ANDROID_13,0,1003,0,0.81,0,ONLINE_SHOPPING,0
TXN102255,USR0101,28808.08,4828.0,5.967,31.6,71.6,20,Ahmedabad,1,DEV_IOS_18,0,513,0,1.25,0,P2M,0
TXN102256,USR0128,1120.69,1765.0,0.635,26.1,53.1,17,Chennai,0,DEV_ANDROID_14,0,1694,0,1.65,0,P2P,0
TXN102257,USR0026,3665.35,3918.0,0.936,26.9,263.9,9,Hyderabad,0,DEV_ANDROID_13,1,1201,0,0.38,1,RECHARGE,0
TXN102258,USR0063,464.55,946.0,0.491,14.0,171.3,9,Hyderabad,0,DEV_ANDROID_13,0,470,0,0.84,0,BILL_PAYMENT,0
TXN102259,USR0075,8978.32,2287.0,3.926,12.0,286.0,3,Jaipur,1,DEV_UNKNOWN,1,1629,0,6.54,0,P2P,1
TXN102260,USR0038,1917.54,2152.0,0.891,5.8,34.0,12,Bengaluru,0,DEV_ANDROID_14,0,622,0,0.65,1,BILL_PAYMENT,0
TXN102261,USR0121,5713.82,3799.0,1.504,6.0,257.1,10,Hyderabad,0,DEV_ANDROID_13,0,1509,0,1.05,0,P2M,0
TXN102262,USR0091,3515.71,2696.0,1.304,5.8,117.5,23,Kolkata,0,DEV_ANDROID_13,0,1073,0,1.61,0,P2M,0
TXN102263,USR0023,3140.11,2955.0,1.063,20.6,17.3,12,Delhi,0,DEV_ANDROID_13,0,953,0,0.88,1,P2P,0
TXN102264,USR0133,2019.67,561.0,3.6,9.4,209.4,20,Delhi,0,DEV_ANDROID_13,0,1135,0,0.96,0,P2M,0
TXN102265,USR0128,2517.27,1765.0,1.426,32.4,305.0,13,Chennai,0,DEV_ANDROID_13,1,1765,0,0.73,0,P2P,0
TXN102266,USR0036,671.69,1141.0,0.589,33.3,87.8,15,Bengaluru,0,DEV_ANDROID_13,0,925,0,1.19,1,BILL_PAYMENT,0
TXN102267,USR0123,3350.84,4007.0,0.836,11.7,96.2,20,Kolkata,0,DEV_IOS_18,0,1248,0,0.1,1,INVESTMENT,0
TXN102268,USR0047,850.69,489.0,1.74,27.5,639.3,9,Bengaluru,0,DEV_ANDROID_13,0,958,0,0.79,1,INVESTMENT,0
TXN102269,USR0131,1342.53,1330.0,1.009,33.1,261.9,11,Bengaluru,0,DEV_IOS_18,0,1045,0,0.45,1,P2M,0
TXN102270,USR0132,5767.82,3311.0,1.742,9.2,17.4,12,Hyderabad,0,DEV_ANDROID_13,0,544,0,0.83,1,BILL_PAYMENT,0
TXN102271,USR0127,3738.28,2395.0,1.561,12.4,74.2,13,Chennai,0,DEV_ANDROID_14,0,403,0,0.37,1,BILL_PAYMENT,0
TXN102272,USR0025,22284.65,3410.0,6.535,21.8,133.0,8,Bengaluru,0,DEV_ANDROID_13,0,1539,0,1.71,1,P2M,0
TXN102273,USR0111,4328.38,4209.0,1.028,10.0,346.4,11,Chennai,0,DEV_IOS_18,0,1807,0,1.96,1,P2P,0
TXN102274,USR0063,514.95,946.0,0.544,8.4,76.0,10,Lucknow,1,DEV_ANDROID_13,0,499,0,0.64,1,P2M,0
TXN102275,USR0065,3278.48,3227.0,1.016,30.2,715.1,18,Delhi,0,DEV_ANDROID_14,0,1741,0,0.11,0,BILL_PAYMENT,0
TXN102276,USR0076,2121.03,3835.0,0.553,12.0,34.3,14,Mumbai,0,DEV_ANDROID_13,0,516,0,1.32,1,BILL_PAYMENT,0
TXN102277,USR0136,3376.85,788.0,4.285,22.9,80.1,6,Chennai,0,DEV_IOS_18,0,1709,0,1.38,1,BILL_PAYMENT,0
TXN102278,USR0150,1354.35,1846.0,0.734,16.0,82.6,14,Lucknow,1,DEV_IOS_18,0,328,0,0.67,1,P2M,0
TXN102279,USR0054,2299.36,1995.0,1.153,24.2,16.5,15,Hyderabad,0,DEV_IOS_18,0,1134,0,1.11,1,P2M,0
TXN102280,USR0149,3106.25,3318.0,0.936,13.6,355.7,12,Chennai,0,DEV_ANDROID_13,0,1469,0,1.91,1,P2M,0
TXN102281,USR0004,732.78,989.0,0.741,27.6,213.6,21,Chennai,0,DEV_ANDROID_13,1,870,0,1.55,0,P2P,0
TXN102282,USR0140,7699.84,3114.0,2.473,5.9,309.4,22,Delhi,0,DEV_ANDROID_13,0,225,0,2.1,1,BILL_PAYMENT,0
TXN102283,USR0094,3717.61,3141.0,1.184,11.2,165.1,11,Kolkata,0,DEV_ANDROID_14,0,1670,0,1.96,1,P2M,0
TXN102284,USR0050,1652.53,2312.0,0.715,28.4,30.4,17,Mumbai,0,DEV_ANDROID_13,0,111,0,1.69,1,P2M,0
TXN102285,USR0096,263.61,482.0,0.547,26.5,219.0,12,Chennai,0,DEV_ANDROID_13,0,241,0,1.61,1,P2P,0
TXN102286,USR0079,2315.31,2089.0,1.108,22.0,251.2,11,Delhi,1,DEV_ANDROID_14,0,1313,0,0.14,0,P2P,0
TXN102287,USR0097,1515.42,1552.0,0.976,25.6,61.1,6,Delhi,0,DEV_ANDROID_13,0,906,0,1.0,1,P2P,0
TXN102288,USR0063,1109.24,946.0,1.173,9.8,316.1,18,Hyderabad,0,DEV_ANDROID_13,0,464,0,0.94,1,P2P,0
TXN102289,USR0127,5689.05,2395.0,2.375,60.0,1.3,10,Bengaluru,1,DEV_WEB_CHROME,1,364,2,7.23,0,ONLINE_SHOPPING,1
TXN102290,USR0098,4310.83,2841.0,1.517,23.0,354.4,6,Delhi,0,DEV_IOS_18,0,1150,0,1.62,1,ONLINE_SHOPPING,0
TXN102291,USR0073,1368.56,1427.0,0.959,37.4,532.2,10,Ahmedabad,1,DEV_ANDROID_13,0,293,0,1.57,1,P2P,0
TXN102292,USR0104,337.81,706.0,0.478,13.5,324.5,12,Mumbai,0,DEV_ANDROID_13,0,1132,1,2.01,1,P2P,0
TXN102293,USR0024,1202.68,1043.0,1.153,12.7,448.4,15,Hyderabad,0,DEV_ANDROID_14,0,218,0,1.48,1,P2P,0
TXN102294,USR0070,14808.89,4705.0,3.147,13.5,81.5,9,Delhi,0,DEV_ANDROID_13,0,368,0,1.51,1,P2M,0
TXN102295,USR0100,1277.51,2121.0,0.602,31.9,973.7,7,Bengaluru,0,DEV_ANDROID_14,0,785,0,0.83,0,P2P,0
TXN102296,USR0083,1585.3,1684.0,0.941,5.9,105.8,10,Delhi,0,DEV_ANDROID_14,0,48,0,0.92,0,P2P,0
TXN102297,USR0103,6294.82,4267.0,1.475,27.8,128.6,7,Kolkata,0,DEV_ANDROID_14,1,1756,0,1.04,0,P2P,0
TXN102298,USR0035,4071.89,3949.0,1.031,27.2,31.2,16,Mumbai,0,DEV_ANDROID_14,0,1258,0,1.72,1,BILL_PAYMENT,0
TXN102299,USR0049,746.88,835.0,0.894,21.5,160.0,8,Mumbai,0,DEV_IOS_18,0,1129,0,1.33,1,P2P,0
TXN102300,USR0003,7231.03,3784.0,1.911,24.0,196.1,21,Hyderabad,0,DEV_ANDROID_13,0,1308,0,2.51,0,P2P,0
TXN102301,USR0014,1556.14,2104.0,0.74,10.8,107.8,8,Delhi,0,DEV_ANDROID_13,0,868,0,2.22,1,BILL_PAYMENT,0
TXN102302,USR0003,6159.51,3784.0,1.628,30.9,231.0,7,Hyderabad,0,DEV_ANDROID_13,0,1287,0,0.3,1,RECHARGE,0
TXN102303,USR0130,839.04,2863.0,0.293,24.8,252.8,19,Delhi,0,DEV_IOS_18,0,1568,0,1.1,1,P2P,0
TXN102304,USR0142,7222.15,3033.0,2.381,10.8,902.1,10,Hyderabad,0,DEV_IOS_18,1,896,0,1.56,0,P2M,0
TXN102305,USR0020,2757.31,3539.0,0.779,25.6,139.5,15,Delhi,0,DEV_ANDROID_14,0,310,0,0.95,1,P2P,0
TXN102306,USR0116,4153.22,2809.0,1.479,31.8,48.1,6,Bengaluru,0,DEV_ANDROID_13,0,211,0,0.69,0,P2M,0
TXN102307,USR0050,2834.9,2312.0,1.226,30.8,109.6,16,Mumbai,0,DEV_ANDROID_13,0,117,0,0.75,1,P2M,0
TXN102308,USR0026,3185.15,3918.0,0.813,19.7,102.6,13,Hyderabad,0,DEV_ANDROID_14,0,1149,0,1.42,0,ONLINE_SHOPPING,0
TXN102309,USR0019,1926.74,4271.0,0.451,9.1,55.8,21,Bengaluru,0,DEV_IOS_18,1,1622,0,1.18,1,P2P,0
TXN102310,USR0036,1046.87,1141.0,0.918,27.4,54.8,22,Bengaluru,0,DEV_ANDROID_14,1,900,0,1.63,1,P2P,0
TXN102311,USR0030,3940.39,1476.0,2.67,31.8,75.5,15,Kolkata,0,DEV_ANDROID_14,0,115,0,0.65,0,BILL_PAYMENT,0
TXN102312,USR0043,4558.86,4029.0,1.132,17.7,18.3,14,Delhi,0,DEV_ANDROID_13,0,1323,0,1.38,1,ONLINE_SHOPPING,0
TXN102313,USR0134,22212.7,4359.0,5.096,31.2,5.0,9,Chennai,0,DEV_IOS_18,0,296,0,0.33,0,P2M,0
TXN102314,USR0054,3158.15,1995.0,1.583,28.6,239.2,13,Hyderabad,0,DEV_IOS_18,0,1078,0,0.1,1,P2P,0
TXN102315,USR0051,2804.66,1265.0,2.217,17.6,233.7,16,Delhi,0,DEV_IOS_18,0,1243,0,1.8,0,P2M,0
TXN102316,USR0004,543.47,989.0,0.55,26.7,181.3,9,Chennai,0,DEV_IOS_18,0,815,0,0.35,1,P2P,0
TXN102317,USR0031,5560.75,4621.0,1.203,10.1,25.2,13,Kolkata,0,DEV_ANDROID_14,0,846,0,1.6,1,P2M,0
TXN102318,USR0093,3333.38,3844.0,0.867,20.5,52.8,13,Ahmedabad,1,DEV_ANDROID_14,0,77,0,0.1,0,RECHARGE,0
TXN102319,USR0082,3257.03,1061.0,3.07,32.8,32.6,12,Hyderabad,0,DEV_ANDROID_13,1,78,0,1.68,0,P2M,0
TXN102320,USR0024,7541.43,1043.0,7.231,16.8,239.7,20,Hyderabad,0,DEV_ANDROID_14,0,228,0,0.57,1,P2M,0
TXN102321,USR0021,6592.55,4102.0,1.607,1.0,108.5,15,Chennai,0,DEV_ANDROID_14,0,1466,0,1.02,1,P2P,0
TXN102322,USR0018,2125.86,1836.0,1.158,30.3,47.0,18,Chennai,0,DEV_ANDROID_14,0,1485,0,1.54,1,P2P,0
TXN102323,USR0076,5646.35,3835.0,1.472,13.2,491.7,10,Mumbai,0,DEV_ANDROID_13,0,483,0,0.36,1,P2M,0
TXN102324,USR0077,22381.26,4759.0,4.703,42.0,0.7,5,Lucknow,1,DEV_WEB_CHROME,1,142,1,11.99,0,P2P,1
TXN102325,USR0115,7490.34,1698.0,4.411,27.0,57.1,22,Bengaluru,1,DEV_UNKNOWN,1,74,4,7.58,0,INVESTMENT,1
TXN102326,USR0095,10391.53,2387.0,4.353,49.0,44.0,1,Kochi,1,DEV_UNKNOWN,1,1201,4,6.98,0,INVESTMENT,1
TXN102327,USR0119,1399.56,1503.0,0.931,32.5,68.8,16,Chennai,0,DEV_ANDROID_14,1,639,0,1.06,1,P2P,0
TXN102328,USR0129,5305.25,4329.0,1.226,20.9,39.0,22,Chennai,0,DEV_ANDROID_13,0,1450,0,1.42,1,P2M,0
TXN102329,USR0030,3327.91,1476.0,2.255,62.0,0.3,18,Lucknow,1,DEV_ANDROID_14,0,120,2,11.3,0,P2P,1
TXN102330,USR0038,2251.62,2152.0,1.046,13.4,127.4,15,Bengaluru,0,DEV_ANDROID_14,0,576,0,0.61,1,ONLINE_SHOPPING,0
TXN102331,USR0129,8540.59,4329.0,1.973,26.1,234.5,18,Chennai,0,DEV_ANDROID_14,1,1377,0,0.48,1,P2M,0
TXN102332,USR0145,5185.51,4287.0,1.21,10.0,89.1,10,Mumbai,0,DEV_ANDROID_13,0,1455,0,1.33,1,P2M,0
TXN102333,USR0020,38274.13,3539.0,10.815,33.0,4.4,5,Jaipur,1,DEV_ANDROID_12,1,308,2,8.03,0,P2P,1
TXN102334,USR0112,1710.5,4425.0,0.387,24.7,72.2,13,Hyderabad,0,DEV_ANDROID_13,0,1559,0,1.81,1,BILL_PAYMENT,0
TXN102335,USR0031,4650.85,4621.0,1.006,6.6,245.0,13,Kolkata,0,DEV_ANDROID_14,0,807,0,2.04,1,P2M,0
TXN102336,USR0094,7133.17,3141.0,2.271,6.4,57.1,10,Lucknow,1,DEV_ANDROID_14,0,1670,0,0.4,0,P2P,0
TXN102337,USR0056,2110.89,4000.0,0.528,1.0,82.7,16,Bengaluru,0,DEV_IOS_18,0,167,0,1.4,0,P2P,0
TXN102338,USR0132,3526.45,3311.0,1.065,5.8,180.7,10,Hyderabad,0,DEV_ANDROID_13,0,566,0,1.5,1,P2P,0
TXN102339,USR0017,899.05,1139.0,0.789,34.7,118.6,12,Hyderabad,1,DEV_IOS_18,0,1202,0,1.23,0,P2M,0
TXN102340,USR0062,2399.39,2948.0,0.814,17.3,34.0,12,Mumbai,0,DEV_ANDROID_14,0,238,0,0.52,1,P2P,0
TXN102341,USR0030,1353.39,1476.0,0.917,31.5,133.1,18,Lucknow,1,DEV_ANDROID_14,0,171,0,1.2,0,P2M,0
TXN102342,USR0091,8804.19,2696.0,3.266,1.0,443.1,18,Kolkata,0,DEV_ANDROID_13,0,1135,1,0.66,0,P2P,0
TXN102343,USR0147,15167.04,4639.0,3.269,62.0,2.0,13,Kochi,1,DEV_ANDROID_12,1,392,4,10.18,0,ONLINE_SHOPPING,1
TXN102344,USR0139,6568.04,4684.0,1.402,24.7,166.9,13,Kolkata,0,DEV_ANDROID_13,0,219,0,2.22,1,P2M,0
TXN102345,USR0108,756.19,931.0,0.812,24.5,78.5,15,Mumbai,0,DEV_IOS_18,0,63,0,1.02,1,ONLINE_SHOPPING,0
TXN102346,USR0045,2515.51,3638.0,0.691,9.0,30.4,16,Mumbai,0,DEV_IOS_18,0,1352,0,1.13,1,P2M,0
TXN102347,USR0032,2958.76,2962.0,0.999,26.9,308.7,10,Hyderabad,0,DEV_ANDROID_14,0,1476,0,0.99,1,P2P,0
TXN102348,USR0053,2104.2,1779.0,1.183,33.9,295.8,17,Chennai,0,DEV_ANDROID_13,1,1767,0,0.75,1,P2M,0
TXN102349,USR0077,4442.42,4759.0,0.933,18.7,38.2,9,Mumbai,0,DEV_ANDROID_14,1,125,0,0.32,1,ONLINE_SHOPPING,0
TXN102350,USR0121,3502.64,3799.0,0.922,10.3,88.5,15,Hyderabad,0,DEV_WEB_CHROME,1,1515,0,0.83,1,P2P,0
TXN102351,USR0087,31106.67,4199.0,7.408,5.4,205.0,17,Mumbai,0,DEV_WEB_CHROME,1,813,0,2.38,1,P2M,0
TXN102352,USR0122,6263.79,2765.0,2.265,42.4,5.0,17,Hyderabad,0,DEV_ANDROID_14,0,1571,0,1.14,1,P2M,0
TXN102353,USR0020,11939.08,3539.0,3.374,32.0,1.9,9,Kochi,1,DEV_UNKNOWN,1,273,0,5.11,0,P2P,1
TXN102354,USR0054,1088.48,1995.0,0.546,14.4,26.6,8,Hyderabad,0,DEV_WEB_CHROME,1,1101,0,0.19,0,P2P,0
TXN102355,USR0057,3396.51,3487.0,0.974,12.1,517.9,9,Delhi,0,DEV_IOS_18,0,864,0,1.34,1,P2M,0
TXN102356,USR0040,852.13,942.0,0.905,17.8,55.8,12,Mumbai,0,DEV_ANDROID_13,1,1720,0,0.1,1,P2M,0
TXN102357,USR0047,898.65,489.0,1.838,28.8,353.8,8,Bengaluru,0,DEV_ANDROID_13,0,892,0,1.77,1,P2P,0
TXN102358,USR0111,3394.07,4209.0,0.806,6.6,436.4,9,Chennai,0,DEV_IOS_18,0,1760,0,1.71,1,BILL_PAYMENT,0
TXN102359,USR0074,2344.62,1853.0,1.265,8.0,150.0,19,Delhi,1,DEV_IOS_18,0,1413,0,1.96,1,P2P,0
TXN102360,USR0002,3646.86,3607.0,1.011,17.7,10.0,10,Kolkata,0,DEV_ANDROID_14,0,187,0,0.85,0,P2P,0
TXN102361,USR0009,2326.31,3622.0,0.642,12.9,44.6,16,Mumbai,0,DEV_ANDROID_13,0,145,0,1.38,1,P2M,0
TXN102362,USR0106,1271.68,1061.0,1.199,28.8,202.8,10,Delhi,0,DEV_ANDROID_13,0,1682,0,1.25,1,P2M,0
TXN102363,USR0095,2042.93,2387.0,0.856,20.0,272.6,17,Chennai,0,DEV_ANDROID_13,0,1141,0,0.9,0,INVESTMENT,0
TXN102364,USR0132,3290.74,3311.0,0.994,1.0,94.7,13,Pune,1,DEV_ANDROID_13,0,523,0,1.66,0,RECHARGE,0
TXN102365,USR0132,3349.12,3311.0,1.012,10.5,42.0,11,Hyderabad,0,DEV_ANDROID_13,0,578,0,0.95,1,P2M,0
TXN102366,USR0094,2738.26,3141.0,0.872,4.6,387.8,7,Kolkata,0,DEV_ANDROID_14,0,1667,0,0.9,0,P2M,0
TXN102367,USR0085,2840.61,3924.0,0.724,27.7,80.7,9,Kolkata,0,DEV_ANDROID_13,0,806,0,1.31,1,P2M,0
TXN102368,USR0016,845.99,1443.0,0.586,16.5,123.3,13,Bengaluru,0,DEV_ANDROID_14,0,1254,0,1.19,1,P2M,0
TXN102369,USR0100,3323.32,2121.0,1.567,29.4,89.4,12,Bengaluru,0,DEV_ANDROID_14,0,823,0,1.44,1,ONLINE_SHOPPING,0
TXN102370,USR0100,2457.33,2121.0,1.159,36.8,82.9,6,Bengaluru,0,DEV_ANDROID_14,0,821,0,0.79,1,BILL_PAYMENT,0
TXN102371,USR0074,1836.92,1853.0,0.991,2.8,218.5,9,Hyderabad,0,DEV_IOS_18,0,1447,0,1.7,1,RECHARGE,0
TXN102372,USR0038,914.29,2152.0,0.425,14.7,432.3,20,Bengaluru,0,DEV_ANDROID_14,0,610,0,1.05,0,P2M,0
TXN102373,USR0145,5958.62,4287.0,1.39,8.8,32.3,15,Mumbai,0,DEV_WEB_CHROME,1,1438,0,0.72,1,P2P,0
TXN102374,USR0085,3032.29,3924.0,0.773,27.6,94.0,14,Kolkata,0,DEV_IOS_18,1,789,0,1.26,0,P2P,0
TXN102375,USR0080,1124.15,1303.0,0.863,11.4,164.3,15,Kolkata,0,DEV_ANDROID_14,0,583,0,0.99,1,P2P,0
TXN102376,USR0025,2890.85,3410.0,0.848,20.1,19.3,18,Bengaluru,0,DEV_ANDROID_13,0,1554,0,1.95,1,P2M,0
TXN102377,USR0138,9852.78,3130.0,3.148,28.0,194.0,4,Delhi,1,DEV_UNKNOWN,1,1446,2,4.12,0,P2P,1
TXN102378,USR0145,3783.55,4287.0,0.883,2.9,171.6,13,Mumbai,0,DEV_ANDROID_13,0,1418,0,1.53,0,P2M,0
TXN102379,USR0051,1262.17,1265.0,0.998,16.3,10.5,19,Delhi,0,DEV_ANDROID_13,1,1235,0,1.09,1,P2P,0
TXN102380,USR0061,381.65,445.0,0.858,29.4,239.9,16,Bengaluru,0,DEV_ANDROID_13,0,1009,0,2.03,0,ONLINE_SHOPPING,0
TXN102381,USR0094,2275.43,3141.0,0.724,9.8,528.8,9,Kolkata,0,DEV_ANDROID_14,0,1661,0,1.02,0,P2P,0
TXN102382,USR0146,2412.73,803.0,3.005,29.5,41.6,7,Mumbai,0,DEV_ANDROID_13,0,1178,0,0.78,0,P2P,0
TXN102383,USR0004,442.28,989.0,0.447,28.2,1036.9,7,Chennai,0,DEV_IOS_18,0,829,0,1.78,0,P2M,0
TXN102384,USR0127,3573.73,2395.0,1.492,14.2,113.0,13,Chennai,0,DEV_ANDROID_14,0,412,0,1.38,1,P2P,0
TXN102385,USR0011,2418.26,2073.0,1.167,13.9,443.5,12,Chennai,0,DEV_ANDROID_14,0,937,0,1.51,1,BILL_PAYMENT,0
TXN102386,USR0060,3190.19,2418.0,1.319,13.7,123.6,11,Hyderabad,0,DEV_IOS_18,1,106,0,1.55,1,BILL_PAYMENT,0
TXN102387,USR0026,4742.1,3918.0,1.21,14.9,249.2,12,Hyderabad,0,DEV_ANDROID_14,0,1141,0,1.94,1,P2P,0
TXN102388,USR0092,5905.49,3316.0,1.781,33.6,21.3,9,Hyderabad,0,DEV_ANDROID_14,0,246,0,1.44,1,P2P,0
TXN102389,USR0141,1189.88,1171.0,1.016,7.2,34.0,8,Hyderabad,0,DEV_IOS_18,0,313,0,0.46,1,P2M,0
TXN102390,USR0064,11549.21,3744.0,3.085,34.4,153.5,12,Hyderabad,0,DEV_ANDROID_13,0,1388,0,2.19,1,RECHARGE,0
TXN102391,USR0097,3908.33,1552.0,2.518,28.0,13.8,19,Delhi,0,DEV_UNKNOWN,1,832,0,2.53,0,P2P,1
TXN102392,USR0142,2990.09,3033.0,0.986,17.2,135.2,14,Chandigarh,1,DEV_ANDROID_14,0,854,0,1.63,1,P2M,0
TXN102393,USR0148,1330.02,1934.0,0.688,28.5,137.2,14,Chennai,0,DEV_ANDROID_13,0,1604,0,0.65,1,P2P,0
TXN102394,USR0009,2974.09,3622.0,0.821,23.1,34.6,17,Mumbai,0,DEV_ANDROID_13,0,179,0,1.51,0,P2M,0
TXN102395,USR0081,1886.63,1873.0,1.007,23.7,145.6,10,Kolkata,0,DEV_ANDROID_13,0,965,0,1.22,1,P2P,0
TXN102396,USR0124,5646.81,1625.0,3.475,11.5,462.9,18,Kolkata,1,DEV_ANDROID_14,0,298,0,1.89,1,P2P,0
TXN102397,USR0085,2595.98,3924.0,0.662,22.9,148.5,8,Kolkata,0,DEV_ANDROID_13,0,797,0,1.41,1,P2P,0
TXN102398,USR0084,1024.11,960.0,1.067,17.6,763.2,15,Chennai,0,DEV_ANDROID_13,0,928,0,0.87,1,P2M,0
TXN102399,USR0035,5699.74,3949.0,1.443,26.2,222.7,13,Mumbai,0,DEV_ANDROID_14,0,1303,0,0.11,1,BILL_PAYMENT,0
TXN102400,USR0052,26236.3,875.0,29.984,37.0,33.7,18,Jaipur,1,DEV_ANDROID_13,0,1113,2,5.33,0,P2P,1
TXN102401,USR0018,1752.62,1836.0,0.955,32.2,43.0,12,Chennai,0,DEV_ANDROID_14,0,1556,0,1.77,1,P2P,0
TXN102402,USR0013,2287.74,2086.0,1.097,37.1,160.6,16,Kolkata,0,DEV_ANDROID_13,0,757,0,0.96,1,P2M,0
TXN102403,USR0129,6581.36,4329.0,1.52,19.1,205.2,9,Chennai,0,DEV_ANDROID_13,0,1389,1,2.91,1,ONLINE_SHOPPING,0
TXN102404,USR0088,3020.17,4666.0,0.647,10.3,110.7,18,Mumbai,0,DEV_IOS_18,0,772,0,1.6,1,P2M,0
TXN102405,USR0064,5366.19,3744.0,1.433,34.7,163.9,9,Hyderabad,0,DEV_ANDROID_13,0,1414,0,0.49,1,P2M,0
TXN102406,USR0040,987.02,942.0,1.048,12.9,143.3,10,Mumbai,0,DEV_IOS_18,0,1791,0,0.39,0,P2P,0
TXN102407,USR0087,2812.99,4199.0,0.67,11.6,116.5,14,Mumbai,0,DEV_ANDROID_13,0,786,0,1.35,1,P2M,0
TXN102408,USR0049,607.24,835.0,0.727,26.1,166.9,10,Mumbai,0,DEV_IOS_18,0,1132,0,0.56,1,P2M,0
TXN102409,USR0046,3701.68,3064.0,1.208,22.5,20.8,9,Delhi,0,DEV_ANDROID_13,0,362,0,0.1,1,P2M,0
TXN102410,USR0043,2109.34,4029.0,0.524,21.4,241.0,9,Delhi,0,DEV_ANDROID_13,0,1322,0,0.88,1,P2P,0
TXN102411,USR0140,2651.3,3114.0,0.851,8.0,67.2,16,Delhi,0,DEV_ANDROID_14,1,198,0,1.72,0,P2P,0
TXN102412,USR0069,2153.72,3260.0,0.661,22.5,208.0,16,Kolkata,1,DEV_ANDROID_14,0,1660,0,0.76,1,P2M,0
TXN102413,USR0082,1128.94,1061.0,1.064,40.2,215.3,15,Hyderabad,0,DEV_ANDROID_13,1,50,0,1.94,1,P2P,0
TXN102414,USR0108,1633.74,931.0,1.755,22.8,172.7,17,Mumbai,0,DEV_ANDROID_14,1,115,0,0.74,1,BILL_PAYMENT,0
TXN102415,USR0082,2353.4,1061.0,2.218,30.5,26.6,19,Hyderabad,0,DEV_IOS_18,0,36,1,1.65,0,P2P,0
TXN102416,USR0051,1075.24,1265.0,0.85,15.5,44.0,18,Chandigarh,1,DEV_IOS_18,0,1206,0,1.1,1,P2M,0
TXN102417,USR0050,2047.82,2312.0,0.886,26.9,149.5,17,Mumbai,0,DEV_ANDROID_13,0,93,0,1.01,1,P2P,0
TXN102418,USR0126,5120.24,2090.0,2.45,19.1,91.6,13,Delhi,0,DEV_IOS_18,0,697,0,0.82,1,P2P,0
TXN102419,USR0051,2928.22,1265.0,2.315,15.4,13.3,8,Delhi,0,DEV_IOS_18,0,1217,0,2.36,1,P2P,0
TXN102420,USR0111,2703.07,4209.0,0.642,15.7,217.1,8,Chennai,0,DEV_IOS_18,0,1786,0,1.65,1,ONLINE_SHOPPING,0
TXN102421,USR0093,7181.97,3844.0,1.868,10.0,42.0,12,Chennai,0,DEV_ANDROID_14,0,26,0,1.16,1,RECHARGE,0
TXN102422,USR0137,3607.42,4815.0,0.749,27.6,426.5,14,Chennai,0,DEV_ANDROID_14,0,339,0,0.75,1,INVESTMENT,0
TXN102423,USR0011,20297.2,2073.0,9.791,45.0,44.4,16,Delhi,1,DEV_ANDROID_12,1,944,1,5.99,0,P2P,1
TXN102424,USR0017,1099.75,1139.0,0.966,34.3,137.6,9,Kolkata,0,DEV_IOS_18,0,1190,0,1.36,1,BILL_PAYMENT,0
TXN102425,USR0050,1635.61,2312.0,0.707,31.4,205.9,10,Mumbai,0,DEV_ANDROID_13,0,97,0,1.29,1,P2P,0
TXN102426,USR0035,3241.12,3949.0,0.821,29.8,76.6,7,Mumbai,0,DEV_ANDROID_14,0,1247,0,0.51,1,P2P,0
TXN102427,USR0131,849.34,1330.0,0.639,28.7,56.4,13,Bengaluru,0,DEV_IOS_18,0,1056,0,1.21,1,P2M,0
TXN102428,USR0022,8173.56,3458.0,2.364,51.0,3.3,12,Ahmedabad,1,DEV_ANDROID_13,0,1327,2,11.91,0,P2P,1
TXN102429,USR0125,7444.7,1159.0,6.423,10.0,23.0,2,Mumbai,1,DEV_ANDROID_12,1,1136,3,2.09,0,P2P,1
TXN102430,USR0074,14123.84,1853.0,7.622,26.0,35.1,8,Ahmedabad,1,DEV_IOS_18,0,1446,2,7.82,0,P2M,1
TXN102431,USR0093,4328.74,3844.0,1.126,12.4,206.9,7,Chennai,0,DEV_ANDROID_14,0,35,1,1.56,1,P2P,0
TXN102432,USR0037,4121.03,2687.0,1.534,24.5,60.9,16,Kolkata,0,DEV_ANDROID_14,0,929,0,1.52,1,P2P,0
TXN102433,USR0081,1305.95,1873.0,0.697,30.4,427.6,7,Kolkata,0,DEV_ANDROID_13,0,894,0,0.31,1,P2M,0
TXN102434,USR0029,1663.57,1672.0,0.995,16.3,438.6,14,Kolkata,0,DEV_ANDROID_14,0,1828,0,0.12,1,P2M,0
TXN102435,USR0124,1655.76,1625.0,1.019,5.9,5.0,10,Hyderabad,0,DEV_ANDROID_13,1,275,0,0.77,0,P2M,0
TXN102436,USR0125,1627.72,1159.0,1.404,12.6,162.3,15,Bengaluru,0,DEV_IOS_18,0,1094,0,0.79,1,P2P,0
TXN102437,USR0134,6179.64,4359.0,1.418,27.6,189.3,12,Chennai,0,DEV_IOS_18,0,293,0,1.2,0,P2M,0
TXN102438,USR0080,956.3,1303.0,0.734,12.4,127.1,7,Kolkata,0,DEV_ANDROID_14,0,606,0,1.91,1,BILL_PAYMENT,0
TXN102439,USR0002,5805.89,3607.0,1.61,9.2,319.6,15,Kolkata,0,DEV_ANDROID_14,0,243,0,1.43,1,P2P,0
TXN102440,USR0094,3849.26,3141.0,1.225,8.5,158.5,6,Kolkata,0,DEV_ANDROID_14,0,1679,0,0.55,1,P2M,0
TXN102441,USR0105,1234.5,1284.0,0.961,32.4,240.1,23,Bengaluru,0,DEV_ANDROID_14,0,575,0,0.82,1,P2P,0
TXN102442,USR0135,4102.72,3326.0,1.234,5.1,103.8,13,Kolkata,0,DEV_IOS_18,0,1178,0,1.77,1,P2M,0
TXN102443,USR0085,4591.67,3924.0,1.17,27.1,93.0,9,Kolkata,0,DEV_ANDROID_13,0,821,0,0.61,1,P2M,0
TXN102444,USR0113,2813.67,2668.0,1.055,7.2,157.3,18,Hyderabad,0,DEV_ANDROID_14,0,1607,0,1.28,1,P2P,0
TXN102445,USR0008,2361.58,4207.0,0.561,13.2,15.5,13,Mumbai,0,DEV_ANDROID_13,0,1155,0,0.58,1,P2M,0
TXN102446,USR0084,1017.33,960.0,1.06,11.3,104.3,9,Chennai,0,DEV_IOS_18,1,947,0,0.4,1,P2P,0
TXN102447,USR0146,744.65,803.0,0.927,19.1,91.1,17,Kochi,1,DEV_ANDROID_13,0,1246,0,0.98,1,P2P,0
TXN102448,USR0001,2823.14,3411.0,0.828,18.5,64.2,13,Mumbai,0,DEV_ANDROID_13,0,813,0,0.52,1,P2P,0
TXN102449,USR0099,7367.34,3865.0,1.906,18.4,223.2,18,Kolkata,0,DEV_ANDROID_13,0,532,0,2.54,1,INVESTMENT,0
TXN102450,USR0149,2277.69,3318.0,0.686,15.7,312.8,14,Chennai,0,DEV_ANDROID_13,0,1442,0,2.21,1,P2M,0
TXN102451,USR0022,6303.27,3458.0,1.823,18.9,135.1,16,Chennai,0,DEV_ANDROID_13,0,1331,0,0.27,1,INVESTMENT,0
TXN102452,USR0115,1265.65,1698.0,0.745,7.5,175.8,22,Kolkata,0,DEV_IOS_18,0,96,0,1.48,1,P2P,0
TXN102453,USR0026,3228.78,3918.0,0.824,24.7,335.7,15,Hyderabad,0,DEV_ANDROID_14,0,1135,0,0.26,1,P2M,0
TXN102454,USR0103,2835.13,4267.0,0.664,35.3,464.1,16,Kolkata,0,DEV_ANDROID_13,0,1783,0,1.21,1,P2M,0
TXN102455,USR0098,3515.32,2841.0,1.237,28.3,493.4,13,Delhi,0,DEV_IOS_18,0,1116,0,1.37,1,P2M,0
TXN102456,USR0039,3487.09,3193.0,1.092,13.5,634.0,23,Chennai,0,DEV_IOS_18,0,1750,0,0.8,1,P2P,0
TXN102457,USR0049,1582.4,835.0,1.895,20.9,361.8,23,Mumbai,0,DEV_IOS_18,0,1159,0,1.72,1,P2M,0
TXN102458,USR0121,20835.92,3799.0,5.485,16.2,117.5,12,Hyderabad,0,DEV_ANDROID_13,0,1526,0,0.82,0,P2P,0
TXN102459,USR0040,1476.47,942.0,1.567,13.0,47.8,14,Mumbai,0,DEV_IOS_18,0,1788,0,1.58,1,RECHARGE,0
TXN102460,USR0123,26143.04,4007.0,6.524,37.0,8.3,6,Bengaluru,1,DEV_UNKNOWN,1,1291,3,4.79,0,P2M,1
TXN102461,USR0146,650.05,803.0,0.81,21.1,646.2,14,Mumbai,0,DEV_ANDROID_13,0,1176,0,1.17,0,P2P,0
TXN102462,USR0024,549.42,1043.0,0.527,11.2,35.6,9,Lucknow,1,DEV_ANDROID_14,0,255,0,1.19,0,BILL_PAYMENT,0
TXN102463,USR0119,4518.63,1503.0,3.006,33.6,113.4,11,Chennai,0,DEV_ANDROID_13,0,596,0,1.52,1,BILL_PAYMENT,0
TXN102464,USR0143,3769.58,3747.0,1.006,28.7,13.4,10,Chennai,0,DEV_ANDROID_13,1,1645,0,1.12,1,INVESTMENT,0
TXN102465,USR0139,6916.36,4684.0,1.477,33.7,27.0,17,Delhi,1,DEV_WEB_CHROME,1,235,0,1.63,1,P2P,0
TXN102466,USR0047,3503.05,489.0,7.164,24.0,35.8,7,Mumbai,1,DEV_UNKNOWN,1,889,6,6.96,0,INVESTMENT,1
TXN102467,USR0132,5808.42,3311.0,1.754,2.4,53.2,16,Hyderabad,0,DEV_ANDROID_13,0,555,0,2.0,1,P2P,0
TXN102468,USR0027,506.56,816.0,0.621,20.7,588.1,19,Hyderabad,0,DEV_IOS_18,0,1471,0,1.7,1,P2P,0
TXN102469,USR0081,2920.26,1873.0,1.559,31.1,110.9,7,Kolkata,0,DEV_IOS_18,1,916,0,0.32,0,P2M,0
TXN102470,USR0052,993.1,875.0,1.135,17.9,300.0,19,Mumbai,0,DEV_ANDROID_13,0,1081,0,1.65,1,P2M,0
TXN102471,USR0101,5014.95,4828.0,1.039,36.3,84.5,15,Mumbai,0,DEV_IOS_18,0,511,0,2.36,0,P2M,0
TXN102472,USR0112,3508.88,4425.0,0.793,32.3,298.8,13,Hyderabad,0,DEV_ANDROID_13,0,1526,0,0.38,1,P2P,0
TXN102473,USR0013,1638.23,2086.0,0.785,39.1,20.7,9,Kolkata,0,DEV_ANDROID_13,0,741,0,0.59,0,P2P,0
TXN102474,USR0115,2042.97,1698.0,1.203,6.1,26.8,6,Kolkata,0,DEV_ANDROID_14,1,31,0,1.31,1,P2M,0
TXN102475,USR0024,2031.45,1043.0,1.948,9.4,432.4,10,Hyderabad,0,DEV_ANDROID_14,0,231,0,1.91,1,P2P,0
TXN102476,USR0005,1507.91,1239.0,1.217,32.6,740.0,7,Jaipur,1,DEV_IOS_18,0,1415,0,0.5,0,ONLINE_SHOPPING,0
TXN102477,USR0104,943.65,706.0,1.337,16.1,73.2,12,Mumbai,0,DEV_ANDROID_13,0,1098,0,1.43,1,P2P,0
TXN102478,USR0125,1484.16,1159.0,1.281,15.8,70.6,13,Bengaluru,0,DEV_IOS_18,0,1128,0,0.64,0,P2M,0
TXN102479,USR0073,801.44,1427.0,0.562,35.1,42.9,16,Kolkata,0,DEV_ANDROID_13,0,267,0,1.44,1,P2P,0
TXN102480,USR0094,3202.0,3141.0,1.019,11.8,104.1,14,Kolkata,0,DEV_ANDROID_14,0,1680,0,0.67,1,P2P,0
TXN102481,USR0147,5477.24,4639.0,1.181,27.2,379.8,17,Chennai,0,DEV_IOS_18,0,418,0,1.2,0,P2P,0
TXN102482,USR0084,774.68,960.0,0.807,10.1,146.7,12,Chennai,0,DEV_ANDROID_13,0,932,0,1.28,1,P2M,0
TXN102483,USR0047,528.96,489.0,1.082,27.5,46.1,14,Bengaluru,0,DEV_ANDROID_13,0,926,0,1.7,1,P2P,0
TXN102484,USR0035,6976.49,3949.0,1.767,24.6,50.2,6,Mumbai,0,DEV_ANDROID_14,0,1271,0,0.37,1,P2P,0
TXN102485,USR0004,1498.73,989.0,1.515,15.1,172.5,11,Chennai,0,DEV_IOS_18,0,885,0,0.73,1,ONLINE_SHOPPING,0
TXN102486,USR0129,3569.09,4329.0,0.824,16.7,164.1,11,Chennai,0,DEV_IOS_18,1,1390,0,0.73,1,BILL_PAYMENT,0
TXN102487,USR0122,2224.06,2765.0,0.804,28.4,262.0,17,Ahmedabad,1,DEV_ANDROID_14,0,1566,0,1.17,1,P2P,0
TXN102488,USR0045,3245.05,3638.0,0.892,12.9,104.0,7,Mumbai,0,DEV_IOS_18,0,1308,0,1.71,1,P2M,0
TXN102489,USR0027,1413.19,816.0,1.732,17.9,11.6,7,Hyderabad,0,DEV_IOS_18,0,1420,0,1.06,1,P2P,0
TXN102490,USR0136,1657.98,788.0,2.104,16.6,302.6,16,Chennai,0,DEV_IOS_18,0,1682,0,1.34,0,P2M,0
TXN102491,USR0096,1542.66,482.0,3.201,33.0,168.0,4,Chennai,0,DEV_UNKNOWN,1,256,3,6.18,0,P2P,1
TXN102492,USR0018,1543.06,1836.0,0.84,26.3,102.1,8,Chennai,0,DEV_ANDROID_14,0,1545,0,1.85,1,BILL_PAYMENT,0
TXN102493,USR0093,1763.67,3844.0,0.459,17.4,308.6,8,Chennai,0,DEV_ANDROID_14,0,98,0,0.33,0,ONLINE_SHOPPING,0
TXN102494,USR0060,2267.17,2418.0,0.938,11.3,80.9,14,Hyderabad,0,DEV_ANDROID_13,0,111,0,0.1,1,RECHARGE,0
TXN102495,USR0096,343.8,482.0,0.713,24.6,589.4,14,Hyderabad,1,DEV_ANDROID_13,0,245,0,1.11,1,P2P,0
TXN102496,USR0034,4159.67,1168.0,3.561,31.0,1.4,6,Hyderabad,1,DEV_ANDROID_14,0,69,4,6.31,0,ONLINE_SHOPPING,1
TXN102497,USR0134,3687.14,4359.0,0.846,29.1,39.2,7,Chennai,0,DEV_IOS_18,0,279,0,0.63,1,ONLINE_SHOPPING,0
TXN102498,USR0108,609.2,931.0,0.654,12.6,18.4,10,Pune,1,DEV_IOS_18,0,55,0,0.84,1,ONLINE_SHOPPING,0
TXN102499,USR0046,18165.76,3064.0,5.929,21.1,82.0,15,Delhi,0,DEV_ANDROID_13,0,341,0,2.08,1,P2M,0
TXN102500,USR0026,27389.2,3918.0,6.991,21.0,32.9,3,Bengaluru,1,DEV_UNKNOWN,1,1145,6,9.35,0,INVESTMENT,1
TXN102501,USR0029,999.07,1672.0,0.598,22.6,22.7,6,Kolkata,0,DEV_ANDROID_14,0,1779,1,0.72,1,P2P,0
TXN102502,USR0098,3740.78,2841.0,1.317,25.4,409.0,13,Kochi,1,DEV_IOS_18,0,1159,0,0.73,1,P2P,0
TXN102503,USR0012,1147.53,1109.0,1.035,25.5,324.7,11,Mumbai,0,DEV_IOS_18,0,1226,0,1.56,0,P2P,0
TXN102504,USR0039,3042.79,3193.0,0.953,15.1,100.1,17,Chennai,0,DEV_IOS_18,0,1739,0,0.1,1,P2P,0
TXN102505,USR0129,18112.09,4329.0,4.184,35.0,23.8,17,Chennai,0,DEV_ANDROID_13,0,1447,2,6.4,0,P2P,1
TXN102506,USR0011,3152.62,2073.0,1.521,19.6,20.1,12,Chennai,0,DEV_ANDROID_14,0,953,0,0.6,1,P2M,0
TXN102507,USR0064,4327.31,3744.0,1.156,31.3,7.8,17,Hyderabad,0,DEV_ANDROID_13,0,1437,0,0.54,1,P2M,0
TXN102508,USR0033,2824.41,2282.0,1.238,20.6,225.1,8,Kolkata,0,DEV_IOS_18,0,803,0,1.82,1,P2P,0
TXN102509,USR0024,919.83,1043.0,0.882,15.7,375.9,17,Hyderabad,0,DEV_ANDROID_14,0,279,0,1.54,0,P2P,0
TXN102510,USR0127,1242.96,2395.0,0.519,19.1,214.8,14,Chennai,0,DEV_ANDROID_14,0,378,0,1.42,0,P2P,0
TXN102511,USR0057,3901.17,3487.0,1.119,21.6,110.1,18,Delhi,0,DEV_IOS_18,0,846,0,0.34,1,P2P,0
TXN102512,USR0032,2341.21,2962.0,0.79,13.5,5.0,17,Hyderabad,0,DEV_ANDROID_14,0,1415,0,0.83,1,ONLINE_SHOPPING,0
TXN102513,USR0081,8850.98,1873.0,4.726,30.0,39.7,21,Delhi,1,DEV_UNKNOWN,1,960,7,7.06,0,P2P,1
TXN102514,USR0004,892.69,989.0,0.903,38.1,37.8,18,Chennai,0,DEV_IOS_18,0,852,0,1.57,1,ONLINE_SHOPPING,0
TXN102515,USR0054,4721.63,1995.0,2.367,16.3,449.3,11,Hyderabad,0,DEV_IOS_18,0,1070,0,1.65,1,P2M,0
TXN102516,USR0076,4591.87,3835.0,1.197,14.8,13.5,13,Lucknow,1,DEV_ANDROID_13,0,512,0,1.56,1,P2P,0
TXN102517,USR0140,5936.94,3114.0,1.907,6.5,302.7,6,Delhi,0,DEV_ANDROID_13,0,233,0,1.39,1,P2M,0
TXN102518,USR0076,4115.56,3835.0,1.073,7.2,336.5,13,Mumbai,0,DEV_WEB_CHROME,1,507,0,1.18,1,P2P,0
TXN102519,USR0079,3506.94,2089.0,1.679,20.8,392.5,8,Chennai,0,DEV_ANDROID_14,0,1293,0,0.1,1,BILL_PAYMENT,0
TXN102520,USR0012,781.24,1109.0,0.704,27.9,121.4,14,Jaipur,1,DEV_IOS_18,0,1271,0,0.83,1,P2M,0
TXN102521,USR0066,456.56,572.0,0.798,5.1,37.9,9,Delhi,0,DEV_ANDROID_14,0,1057,0,1.77,1,P2M,0
TXN102522,USR0109,1400.13,1296.0,1.08,9.3,168.8,18,Chennai,0,DEV_ANDROID_14,0,1483,0,1.38,1,BILL_PAYMENT,0
TXN102523,USR0110,23353.17,3119.0,7.487,24.0,31.7,9,Bengaluru,1,DEV_UNKNOWN,1,1252,6,4.82,0,INVESTMENT,1
TXN102524,USR0111,4119.91,4209.0,0.979,12.5,138.3,17,Chennai,0,DEV_IOS_18,0,1764,0,0.75,1,P2P,0
TXN102525,USR0110,14919.41,3119.0,4.783,24.0,25.6,23,Mumbai,0,DEV_WEB_CHROME,1,1251,5,4.89,0,P2P,1
TXN102526,USR0092,2322.71,3316.0,0.7,35.6,270.3,15,Hyderabad,0,DEV_ANDROID_14,0,260,0,0.74,0,P2M,0
TXN102527,USR0018,2488.12,1836.0,1.355,32.5,173.7,14,Chennai,0,DEV_ANDROID_14,0,1528,0,0.55,1,P2M,0
TXN102528,USR0021,2745.27,4102.0,0.669,1.0,20.8,13,Chennai,0,DEV_ANDROID_14,0,1492,0,1.9,1,P2M,0
TXN102529,USR0030,1646.86,1476.0,1.116,22.2,44.8,10,Kolkata,0,DEV_ANDROID_14,0,164,0,2.37,0,P2P,0
TXN102530,USR0136,264.81,788.0,0.336,18.3,401.2,9,Chennai,0,DEV_IOS_18,0,1699,2,1.59,1,ONLINE_SHOPPING,0
TXN102531,USR0131,7256.02,1330.0,5.456,20.0,188.0,3,Chennai,1,DEV_ANDROID_12,1,1000,2,4.84,0,P2P,1
TXN102532,USR0005,1570.79,1239.0,1.268,33.7,98.3,6,Hyderabad,0,DEV_IOS_18,0,1431,0,1.39,1,ONLINE_SHOPPING,0
TXN102533,USR0033,3666.09,2282.0,1.607,22.2,297.1,9,Kolkata,0,DEV_IOS_18,0,801,0,1.46,1,RECHARGE,0
TXN102534,USR0087,5340.81,4199.0,1.272,9.7,61.7,22,Mumbai,0,DEV_ANDROID_13,0,852,0,0.1,1,P2P,0
TXN102535,USR0007,6674.77,823.0,8.11,32.0,42.2,17,Kochi,1,DEV_UNKNOWN,1,1591,4,8.3,0,P2P,1
TXN102536,USR0083,3190.21,1684.0,1.894,5.1,534.2,12,Delhi,0,DEV_ANDROID_14,0,109,1,0.57,0,BILL_PAYMENT,0
TXN102537,USR0008,8464.44,4207.0,2.012,14.2,143.5,11,Mumbai,0,DEV_ANDROID_13,0,1205,0,0.48,0,P2P,0
TXN102538,USR0013,1166.91,2086.0,0.559,37.4,157.6,14,Kolkata,0,DEV_ANDROID_13,0,799,0,1.68,1,INVESTMENT,0
TXN102539,USR0119,1612.17,1503.0,1.073,31.5,38.3,17,Chennai,0,DEV_ANDROID_13,0,620,0,1.28,1,P2M,0
TXN102540,USR0020,2585.74,3539.0,0.731,25.9,330.5,18,Delhi,0,DEV_ANDROID_14,0,331,0,1.14,1,BILL_PAYMENT,0
TXN102541,USR0148,902.86,1934.0,0.467,25.7,356.6,16,Chennai,0,DEV_ANDROID_13,0,1641,0,0.57,1,P2M,0
TXN102542,USR0017,811.82,1139.0,0.713,26.8,5.0,11,Kolkata,0,DEV_IOS_18,0,1128,0,1.16,0,ONLINE_SHOPPING,0
TXN102543,USR0010,6740.68,4508.0,1.495,24.9,165.8,10,Kolkata,0,DEV_IOS_18,0,1396,0,1.37,1,P2M,0
TXN102544,USR0098,1565.22,2841.0,0.551,26.4,114.5,13,Delhi,0,DEV_IOS_18,0,1122,0,0.34,1,P2M,0
TXN102545,USR0069,5666.54,3260.0,1.738,25.0,164.8,13,Hyderabad,0,DEV_ANDROID_14,0,1613,0,1.18,1,P2P,0
TXN102546,USR0079,4364.38,2089.0,2.089,25.4,157.4,9,Chennai,0,DEV_ANDROID_14,0,1291,0,1.45,1,P2P,0
TXN102547,USR0115,1295.77,1698.0,0.763,5.7,5.0,13,Chennai,1,DEV_IOS_18,0,95,0,1.83,1,P2M,0
TXN102548,USR0049,2690.24,835.0,3.222,18.0,61.0,2,Hyderabad,1,DEV_UNKNOWN,1,1165,2,2.37,0,P2P,1
TXN102549,USR0063,968.82,946.0,1.024,8.3,20.5,14,Hyderabad,0,DEV_ANDROID_13,0,447,1,1.58,0,P2M,0
TXN102550,USR0083,1477.29,1684.0,0.877,4.3,220.2,16,Delhi,0,DEV_ANDROID_14,0,62,0,2.18,1,P2M,0
TXN102551,USR0111,6926.52,4209.0,1.646,17.7,68.1,10,Chennai,0,DEV_IOS_18,0,1814,0,1.21,0,P2M,0
TXN102552,USR0003,2935.83,3784.0,0.776,22.6,6.9,7,Hyderabad,0,DEV_ANDROID_14,1,1308,0,1.87,1,INVESTMENT,0
TXN102553,USR0148,1296.28,1934.0,0.67,15.0,187.0,12,Chennai,0,DEV_ANDROID_13,0,1657,0,1.96,1,P2P,0
TXN102554,USR0045,5049.21,3638.0,1.388,10.1,134.3,11,Mumbai,0,DEV_IOS_18,0,1343,0,1.28,1,P2P,0
TXN102555,USR0012,547.69,1109.0,0.494,34.8,158.5,16,Mumbai,0,DEV_IOS_18,0,1259,0,0.89,0,P2M,0
TXN102556,USR0038,2158.27,2152.0,1.003,8.2,321.1,17,Bengaluru,0,DEV_ANDROID_14,0,621,0,1.72,1,P2M,0
TXN102557,USR0003,3203.22,3784.0,0.847,34.6,53.3,10,Hyderabad,0,DEV_ANDROID_13,0,1299,0,1.76,1,P2P,0
TXN102558,USR0046,4016.55,3064.0,1.311,27.9,652.4,17,Delhi,0,DEV_ANDROID_13,0,400,0,2.49,1,P2P,0
TXN102559,USR0094,9880.49,3141.0,3.146,33.0,7.0,12,Kolkata,0,DEV_ANDROID_14,0,1731,1,5.73,0,P2P,1
TXN102560,USR0148,1902.24,1934.0,0.984,25.1,225.6,15,Chennai,0,DEV_ANDROID_13,0,1625,0,0.4,0,P2P,0
TXN102561,USR0126,1048.61,2090.0,0.502,18.2,38.6,13,Delhi,0,DEV_IOS_18,0,700,0,1.82,1,P2M,0
TXN102562,USR0007,954.31,823.0,1.16,23.3,15.9,7,Bengaluru,0,DEV_ANDROID_14,0,1646,0,1.3,1,ONLINE_SHOPPING,0
TXN102563,USR0144,9027.98,2663.0,3.39,27.0,1.8,9,Chennai,0,DEV_WEB_CHROME,1,1100,5,11.65,0,P2P,1
TXN102564,USR0136,1202.72,788.0,1.526,18.0,159.2,16,Chennai,0,DEV_IOS_18,0,1710,0,1.43,1,ONLINE_SHOPPING,0
TXN102565,USR0020,2527.39,3539.0,0.714,24.6,281.3,7,Delhi,0,DEV_ANDROID_14,0,281,0,2.12,1,P2P,0
TXN102566,USR0148,32012.42,1934.0,16.552,32.0,25.0,17,Kochi,1,DEV_ANDROID_13,0,1661,5,6.88,0,P2P,1
TXN102567,USR0075,4122.14,2287.0,1.802,13.1,25.6,11,Bengaluru,0,DEV_IOS_18,0,1652,0,1.48,0,P2P,0
TXN102568,USR0083,2759.3,1684.0,1.639,3.0,41.6,11,Delhi,0,DEV_ANDROID_14,0,104,0,1.44,1,INVESTMENT,0
TXN102569,USR0079,1811.47,2089.0,0.867,20.8,44.8,14,Chennai,0,DEV_ANDROID_14,0,1331,0,0.88,1,P2P,0
TXN102570,USR0143,10896.13,3747.0,2.908,9.0,79.0,3,Chennai,0,DEV_ANDROID_12,1,1679,1,3.38,0,P2P,1
TXN102571,USR0101,4046.85,4828.0,0.838,37.9,117.3,18,Mumbai,0,DEV_IOS_18,0,497,0,1.34,1,P2P,0
TXN102572,USR0131,1549.66,1330.0,1.165,35.5,76.7,22,Bengaluru,0,DEV_ANDROID_13,1,1001,0,1.76,1,P2P,0
TXN102573,USR0030,1727.29,1476.0,1.17,28.1,146.2,9,Kolkata,0,DEV_ANDROID_14,0,118,0,0.41,1,P2M,0
TXN102574,USR0013,1385.65,2086.0,0.664,33.6,22.4,16,Kolkata,0,DEV_ANDROID_13,0,765,0,1.71,1,P2M,0
TXN102575,USR0116,3186.07,2809.0,1.134,32.9,22.5,10,Bengaluru,0,DEV_ANDROID_13,0,201,0,0.49,0,ONLINE_SHOPPING,0
TXN102576,USR0086,26906.76,4098.0,6.566,3.5,273.6,12,Delhi,0,DEV_ANDROID_13,0,1280,0,1.64,1,P2P,0
TXN102577,USR0016,1693.49,1443.0,1.174,20.6,143.1,13,Bengaluru,0,DEV_ANDROID_13,1,1266,0,0.46,0,P2M,0
TXN102578,USR0125,1330.53,1159.0,1.148,19.9,200.6,16,Bengaluru,0,DEV_IOS_18,0,1143,0,1.34,1,P2P,0
TXN102579,USR0007,1626.39,823.0,1.976,14.3,207.3,14,Bengaluru,0,DEV_ANDROID_14,0,1640,0,2.23,1,P2M,0
TXN102580,USR0013,1790.18,2086.0,0.858,32.1,19.3,13,Kolkata,0,DEV_ANDROID_13,0,750,0,1.15,1,BILL_PAYMENT,0
TXN102581,USR0021,6616.13,4102.0,1.613,6.5,42.9,16,Chandigarh,1,DEV_ANDROID_14,0,1481,0,1.13,1,ONLINE_SHOPPING,0
TXN102582,USR0036,1662.16,1141.0,1.457,34.8,18.9,20,Bengaluru,0,DEV_ANDROID_13,0,897,0,0.88,1,P2M,0
TXN102583,USR0135,9388.62,3326.0,2.823,35.0,3.0,8,Lucknow,1,DEV_IOS_18,0,1165,2,3.0,0,P2P,1
TXN102584,USR0127,3289.87,2395.0,1.374,14.9,208.4,6,Chennai,0,DEV_ANDROID_14,0,366,0,1.0,1,P2M,0
TXN102585,USR0096,381.93,482.0,0.792,27.1,10.9,16,Chennai,0,DEV_WEB_CHROME,1,208,0,1.11,1,P2P,0
TXN102586,USR0114,1544.94,1547.0,0.999,21.1,211.8,15,Delhi,0,DEV_ANDROID_14,0,1076,0,1.56,1,P2M,0
TXN102587,USR0089,6545.69,1008.0,6.494,34.0,38.0,22,Chandigarh,1,DEV_ANDROID_12,1,979,3,8.67,1,P2M,1
TXN102588,USR0084,25457.12,960.0,26.518,14.0,22.2,6,Lucknow,1,DEV_ANDROID_12,1,940,4,8.13,0,INVESTMENT,1
TXN102589,USR0020,2975.48,3539.0,0.841,25.4,114.6,10,Delhi,0,DEV_ANDROID_14,0,273,0,1.04,1,P2P,0
TXN102590,USR0029,1289.75,1672.0,0.771,16.5,114.9,12,Kolkata,0,DEV_ANDROID_14,0,1776,0,1.1,1,P2M,0
TXN102591,USR0033,1690.15,2282.0,0.741,18.2,273.6,10,Kolkata,0,DEV_IOS_18,0,778,0,1.23,1,P2P,0
TXN102592,USR0049,1889.85,835.0,2.263,18.9,77.1,17,Mumbai,0,DEV_IOS_18,0,1143,0,1.02,0,ONLINE_SHOPPING,0
TXN102593,USR0019,10274.33,4271.0,2.406,11.4,463.4,8,Bengaluru,0,DEV_WEB_CHROME,1,1626,0,2.75,0,P2P,0
TXN102594,USR0116,2188.03,2809.0,0.779,30.1,60.3,17,Bengaluru,0,DEV_ANDROID_13,0,258,0,2.4,0,P2M,0
TXN102595,USR0125,2985.95,1159.0,2.576,14.6,192.2,17,Bengaluru,0,DEV_IOS_18,0,1144,0,0.57,1,P2M,0
TXN102596,USR0116,2264.46,2809.0,0.806,28.4,19.4,14,Mumbai,1,DEV_ANDROID_13,0,257,0,0.32,1,ONLINE_SHOPPING,0
TXN102597,USR0096,418.75,482.0,0.869,17.4,453.2,9,Chennai,0,DEV_ANDROID_13,0,242,0,1.88,1,RECHARGE,0
TXN102598,USR0134,4224.22,4359.0,0.969,31.0,294.8,14,Chennai,0,DEV_IOS_18,0,243,0,1.07,1,P2M,0
TXN102599,USR0021,4727.28,4102.0,1.152,1.9,5.0,21,Chennai,0,DEV_ANDROID_14,0,1475,0,1.51,1,P2P,0
TXN102600,USR0079,1542.3,2089.0,0.738,24.0,188.9,14,Chennai,0,DEV_ANDROID_14,0,1363,0,2.4,1,P2P,0
TXN102601,USR0085,2506.74,3924.0,0.639,20.0,28.6,11,Kolkata,0,DEV_ANDROID_13,0,765,0,0.98,1,P2P,0
TXN102602,USR0012,1836.18,1109.0,1.656,27.0,6.2,9,Mumbai,0,DEV_IOS_18,0,1233,0,0.79,1,P2P,0
TXN102603,USR0043,6558.5,4029.0,1.628,18.6,123.1,13,Delhi,0,DEV_WEB_CHROME,1,1361,0,1.42,1,BILL_PAYMENT,0
TXN102604,USR0130,2247.5,2863.0,0.785,30.5,76.5,20,Delhi,0,DEV_WEB_CHROME,1,1574,0,2.02,1,P2M,0
TXN102605,USR0006,7412.05,4184.0,1.772,26.1,315.3,9,Hyderabad,0,DEV_IOS_18,0,853,0,1.21,1,BILL_PAYMENT,0
TXN102606,USR0085,13430.61,3924.0,3.423,37.0,12.7,20,Hyderabad,1,DEV_ANDROID_13,0,790,1,4.04,0,P2P,1
TXN102607,USR0081,1194.09,1873.0,0.638,31.2,429.8,7,Kolkata,0,DEV_ANDROID_13,0,917,0,1.51,1,P2M,0
TXN102608,USR0023,4607.26,2955.0,1.559,17.7,128.5,16,Delhi,0,DEV_ANDROID_13,0,963,0,1.53,0,P2P,0
TXN102609,USR0111,2794.73,4209.0,0.664,14.5,129.8,14,Chennai,0,DEV_IOS_18,0,1818,0,1.99,1,P2P,0
TXN102610,USR0112,3738.75,4425.0,0.845,27.8,309.7,8,Hyderabad,0,DEV_ANDROID_13,0,1573,0,1.08,0,P2P,0
TXN102611,USR0010,2695.85,4508.0,0.598,28.0,174.8,11,Kolkata,0,DEV_IOS_18,0,1415,0,0.27,1,P2M,0
TXN102612,USR0087,5856.72,4199.0,1.395,6.8,121.3,18,Mumbai,0,DEV_ANDROID_13,0,791,0,0.63,1,P2P,0
TXN102613,USR0106,1880.28,1061.0,1.772,26.7,19.3,12,Delhi,0,DEV_ANDROID_13,0,1665,0,1.24,1,P2P,0
TXN102614,USR0017,2939.2,1139.0,2.581,29.3,254.5,8,Kolkata,0,DEV_IOS_18,0,1146,0,0.54,1,P2P,0
TXN102615,USR0105,1805.25,1284.0,1.406,33.8,5.0,10,Bengaluru,0,DEV_ANDROID_14,0,578,0,0.56,1,P2P,0
TXN102616,USR0128,1682.33,1765.0,0.953,30.3,40.9,19,Chennai,0,DEV_ANDROID_14,0,1690,0,0.57,1,P2M,0
TXN102617,USR0146,1267.08,803.0,1.578,19.0,78.0,8,Mumbai,0,DEV_ANDROID_13,0,1181,0,0.41,1,P2M,0
TXN102618,USR0063,1990.59,946.0,2.104,15.1,164.1,12,Hyderabad,0,DEV_ANDROID_13,0,467,0,1.28,1,P2P,0
TXN102619,USR0076,2415.18,3835.0,0.63,14.5,85.8,10,Mumbai,0,DEV_ANDROID_13,0,504,0,1.84,1,ONLINE_SHOPPING,0
TXN102620,USR0091,2857.44,2696.0,1.06,1.0,107.4,19,Kolkata,0,DEV_ANDROID_13,0,1069,0,0.31,1,P2P,0
TXN102621,USR0002,3239.17,3607.0,0.898,5.5,11.4,10,Kolkata,0,DEV_ANDROID_14,0,223,0,1.75,1,P2P,0
TXN102622,USR0118,590.39,855.0,0.691,29.6,150.1,12,Kolkata,0,DEV_ANDROID_13,0,1557,0,1.48,1,P2M,0
TXN102623,USR0137,12655.43,4815.0,2.628,28.5,648.3,9,Chennai,0,DEV_ANDROID_14,0,317,0,1.11,1,P2M,0
TXN102624,USR0150,2471.55,1846.0,1.339,16.2,72.6,19,Bengaluru,0,DEV_IOS_18,0,314,0,1.03,0,P2P,0
TXN102625,USR0147,6737.12,4639.0,1.452,27.9,197.5,11,Chennai,0,DEV_IOS_18,0,416,0,0.56,0,P2M,0
TXN102626,USR0077,6170.51,4759.0,1.297,9.0,88.1,13,Mumbai,0,DEV_IOS_18,1,106,0,0.51,1,P2M,0
TXN102627,USR0134,2865.49,4359.0,0.657,35.6,80.7,10,Pune,1,DEV_IOS_18,0,268,0,1.0,1,P2P,0
TXN102628,USR0135,3547.0,3326.0,1.066,8.7,118.6,13,Kolkata,0,DEV_IOS_18,0,1174,0,0.35,1,P2P,0
TXN102629,USR0078,3268.2,4223.0,0.774,33.0,78.2,21,Mumbai,0,DEV_ANDROID_14,0,352,0,0.77,1,P2M,0
TXN102630,USR0003,3598.87,3784.0,0.951,26.6,218.1,13,Hyderabad,0,DEV_ANDROID_13,0,1338,0,1.06,0,P2M,0
TXN102631,USR0051,3295.32,1265.0,2.605,15.6,105.0,11,Delhi,0,DEV_IOS_18,0,1216,0,2.37,1,P2P,0
TXN102632,USR0064,7266.47,3744.0,1.941,28.3,621.0,14,Delhi,1,DEV_ANDROID_13,0,1410,0,0.64,1,P2P,0
TXN102633,USR0148,1366.49,1934.0,0.707,28.9,483.7,18,Chennai,0,DEV_ANDROID_13,0,1655,0,1.4,0,P2P,0
TXN102634,USR0141,1344.2,1171.0,1.148,9.8,137.5,16,Hyderabad,0,DEV_IOS_18,0,273,0,1.21,1,ONLINE_SHOPPING,0
TXN102635,USR0020,2689.74,3539.0,0.76,20.0,466.6,6,Delhi,0,DEV_ANDROID_14,0,291,0,0.1,1,P2P,0
TXN102636,USR0072,1589.44,4501.0,0.353,11.8,11.8,14,Kolkata,0,DEV_ANDROID_14,0,1406,2,1.5,1,P2P,0
TXN102637,USR0142,2593.49,3033.0,0.855,17.3,328.2,18,Hyderabad,0,DEV_ANDROID_14,0,897,0,0.54,1,P2M,0
TXN102638,USR0026,6024.59,3918.0,1.538,16.7,206.7,14,Hyderabad,0,DEV_ANDROID_14,0,1156,0,1.54,1,P2M,0
TXN102639,USR0127,2974.31,2395.0,1.242,16.5,778.2,16,Chennai,0,DEV_ANDROID_14,0,395,0,0.65,0,P2P,0
TXN102640,USR0009,3726.22,3622.0,1.029,13.5,54.6,13,Kolkata,1,DEV_ANDROID_13,0,198,0,1.43,1,RECHARGE,0
TXN102641,USR0122,1585.39,2765.0,0.573,41.3,511.7,8,Hyderabad,0,DEV_ANDROID_14,0,1588,0,0.88,0,P2P,0
TXN102642,USR0066,781.96,572.0,1.367,2.7,288.5,6,Delhi,0,DEV_ANDROID_14,0,1017,1,0.89,1,P2M,0
TXN102643,USR0033,2944.82,2282.0,1.29,20.6,308.2,17,Kolkata,0,DEV_IOS_18,0,813,0,1.21,1,BILL_PAYMENT,0
TXN102644,USR0016,1157.97,1443.0,0.802,30.1,61.4,10,Bengaluru,0,DEV_ANDROID_14,0,1212,0,0.67,1,P2M,0
TXN102645,USR0126,1210.13,2090.0,0.579,20.8,332.9,16,Delhi,0,DEV_IOS_18,0,672,0,0.52,1,P2P,0
TXN102646,USR0041,3235.69,2677.0,1.209,20.2,415.7,16,Bengaluru,0,DEV_ANDROID_13,0,893,0,0.94,1,P2M,0
TXN102647,USR0040,434.79,942.0,0.462,17.0,273.5,12,Mumbai,0,DEV_IOS_18,0,1780,0,1.01,0,P2M,0
TXN102648,USR0002,3156.87,3607.0,0.875,12.1,92.4,13,Kolkata,0,DEV_ANDROID_14,0,240,0,0.55,0,BILL_PAYMENT,0
TXN102649,USR0040,930.85,942.0,0.988,14.6,12.9,14,Chandigarh,1,DEV_IOS_18,0,1774,0,1.36,1,P2P,0
TXN102650,USR0018,843.48,1836.0,0.459,29.4,8.3,15,Chennai,0,DEV_ANDROID_14,0,1517,0,1.76,1,P2P,0
TXN102651,USR0133,422.18,561.0,0.753,12.0,216.6,8,Delhi,0,DEV_WEB_CHROME,1,1136,0,1.35,0,P2M,0
TXN102652,USR0097,6191.26,1552.0,3.989,18.0,235.0,5,Kochi,1,DEV_UNKNOWN,1,898,1,6.88,0,P2P,1
TXN102653,USR0149,4064.22,3318.0,1.225,16.2,5.0,11,Chennai,0,DEV_IOS_18,1,1490,0,0.87,1,P2P,0
TXN102654,USR0148,873.64,1934.0,0.452,29.1,235.5,17,Chennai,0,DEV_ANDROID_13,0,1663,0,2.21,1,P2P,0
TXN102655,USR0142,4660.65,3033.0,1.537,56.0,4.0,21,Chandigarh,1,DEV_IOS_18,1,870,3,11.94,0,ONLINE_SHOPPING,1
TXN102656,USR0008,5913.05,4207.0,1.406,14.1,24.0,10,Mumbai,0,DEV_ANDROID_13,0,1197,0,1.78,1,P2P,0
TXN102657,USR0044,771.01,843.0,0.915,16.2,136.8,19,Delhi,0,DEV_ANDROID_14,0,1625,0,1.96,1,P2P,0
TXN102658,USR0048,1495.02,2387.0,0.626,9.5,60.1,11,Chennai,0,DEV_IOS_18,0,1170,0,1.69,0,P2P,0
TXN102659,USR0077,3099.54,4759.0,0.651,14.1,422.3,10,Mumbai,0,DEV_ANDROID_13,0,108,0,1.45,1,RECHARGE,0
TXN102660,USR0016,1463.33,1443.0,1.014,26.7,11.7,14,Bengaluru,0,DEV_ANDROID_14,0,1200,0,0.2,1,P2P,0
TXN102661,USR0013,1714.09,2086.0,0.822,32.5,40.5,17,Kolkata,0,DEV_ANDROID_13,0,774,0,1.14,1,BILL_PAYMENT,0
TXN102662,USR0036,1650.4,1141.0,1.446,35.9,271.9,12,Bengaluru,0,DEV_ANDROID_13,0,930,0,1.2,1,P2M,0
TXN102663,USR0012,2011.37,1109.0,1.814,28.6,109.3,15,Mumbai,0,DEV_IOS_18,0,1247,0,1.28,1,P2M,0
TXN102664,USR0020,3972.61,3539.0,1.123,24.8,216.7,12,Delhi,0,DEV_ANDROID_14,0,320,0,1.17,1,P2P,0
TXN102665,USR0018,10897.51,1836.0,5.935,34.0,12.4,1,Chandigarh,1,DEV_UNKNOWN,1,1488,3,5.78,0,INVESTMENT,1
TXN102666,USR0040,1063.95,942.0,1.129,9.7,168.1,8,Mumbai,0,DEV_IOS_18,0,1726,0,1.44,0,INVESTMENT,0
TXN102667,USR0097,796.05,1552.0,0.513,25.4,336.8,6,Delhi,0,DEV_ANDROID_13,0,890,0,0.7,0,P2P,0
TXN102668,USR0006,5101.53,4184.0,1.219,25.7,85.2,9,Hyderabad,0,DEV_IOS_18,0,871,0,1.42,1,P2P,0
TXN102669,USR0078,4188.49,4223.0,0.992,30.1,379.8,12,Mumbai,0,DEV_ANDROID_14,0,306,0,1.13,1,ONLINE_SHOPPING,0
TXN102670,USR0005,2727.24,1239.0,2.201,33.1,163.5,14,Hyderabad,0,DEV_IOS_18,0,1410,0,2.6,1,P2P,0
TXN102671,USR0066,831.97,572.0,1.454,8.0,632.4,7,Delhi,0,DEV_ANDROID_14,0,1038,0,1.79,1,P2P,0
TXN102672,USR0136,742.99,788.0,0.943,14.0,454.1,14,Chennai,0,DEV_IOS_18,0,1674,2,0.91,1,P2P,0
TXN102673,USR0148,1873.78,1934.0,0.969,31.3,151.9,12,Chennai,0,DEV_ANDROID_13,0,1618,0,0.84,1,INVESTMENT,0
TXN102674,USR0106,539.77,1061.0,0.509,27.4,110.0,16,Delhi,0,DEV_ANDROID_13,0,1709,0,1.25,0,ONLINE_SHOPPING,0
TXN102675,USR0110,3813.54,3119.0,1.223,23.0,86.2,6,Mumbai,0,DEV_IOS_18,0,1224,0,1.44,1,P2P,0
TXN102676,USR0118,6574.19,855.0,7.689,23.0,38.5,17,Ahmedabad,1,DEV_UNKNOWN,1,1576,4,9.07,0,P2P,1
TXN102677,USR0046,12343.25,3064.0,4.028,20.0,16.9,1,Hyderabad,1,DEV_UNKNOWN,1,356,7,4.83,0,INVESTMENT,1
TXN102678,USR0132,3836.45,3311.0,1.159,1.0,171.3,21,Hyderabad,0,DEV_ANDROID_13,0,533,0,1.16,0,P2M,0
TXN102679,USR0084,952.48,960.0,0.992,7.6,306.9,15,Chennai,0,DEV_ANDROID_13,0,913,0,1.86,1,P2P,0
TXN102680,USR0033,5632.45,2282.0,2.468,39.0,20.9,11,Kolkata,0,DEV_UNKNOWN,1,778,1,3.31,0,P2P,1
TXN102681,USR0060,2836.59,2418.0,1.173,11.5,340.1,14,Hyderabad,0,DEV_ANDROID_13,0,124,0,0.52,0,P2M,0
TXN102682,USR0134,2740.14,4359.0,0.629,29.2,45.4,19,Bengaluru,1,DEV_IOS_18,0,298,0,1.5,1,P2M,0
TXN102683,USR0051,1335.43,1265.0,1.056,15.9,152.2,13,Delhi,0,DEV_IOS_18,0,1224,0,1.08,0,P2M,0
TXN102684,USR0093,7327.39,3844.0,1.906,15.8,14.3,17,Chennai,0,DEV_ANDROID_14,0,33,0,1.75,1,P2M,0
TXN102685,USR0066,450.49,572.0,0.788,6.4,168.1,18,Delhi,0,DEV_ANDROID_14,0,1024,0,1.64,1,P2P,0
TXN102686,USR0145,8807.54,4287.0,2.054,6.6,218.5,14,Mumbai,0,DEV_ANDROID_13,0,1463,0,2.1,1,P2P,0
TXN102687,USR0059,3256.94,4787.0,0.68,12.2,133.8,13,Chennai,0,DEV_ANDROID_14,0,981,0,0.91,1,P2P,0
TXN102688,USR0088,4620.94,4666.0,0.99,4.3,53.8,13,Kochi,1,DEV_IOS_18,0,790,1,0.5,1,P2M,0
TXN102689,USR0092,5455.92,3316.0,1.645,29.1,274.5,14,Hyderabad,0,DEV_ANDROID_14,0,206,0,0.38,1,P2P,0
TXN102690,USR0115,2602.34,1698.0,1.533,2.0,251.1,7,Kolkata,0,DEV_IOS_18,0,56,0,1.36,1,P2P,0
TXN102691,USR0062,2814.91,2948.0,0.955,10.9,110.6,18,Delhi,1,DEV_ANDROID_14,0,226,0,1.05,1,P2M,0
TXN102692,USR0055,726.67,1096.0,0.663,40.6,323.8,17,Delhi,0,DEV_ANDROID_14,0,807,0,0.44,0,ONLINE_SHOPPING,0
TXN102693,USR0092,3991.22,3316.0,1.204,35.8,177.4,17,Hyderabad,0,DEV_ANDROID_14,0,275,0,0.89,1,P2M,0
TXN102694,USR0047,700.34,489.0,1.432,30.3,307.6,13,Kolkata,1,DEV_ANDROID_13,0,917,0,1.53,1,P2P,0
TXN102695,USR0053,1345.02,1779.0,0.756,26.0,174.5,13,Chennai,0,DEV_ANDROID_14,0,1778,0,1.31,1,P2M,0
TXN102696,USR0019,2786.54,4271.0,0.652,22.6,225.8,21,Bengaluru,0,DEV_ANDROID_13,0,1675,0,1.96,1,P2P,0
TXN102697,USR0064,8407.92,3744.0,2.246,35.6,195.8,9,Hyderabad,0,DEV_ANDROID_13,0,1444,0,1.13,1,P2P,0
TXN102698,USR0115,9170.82,1698.0,5.401,8.6,211.4,16,Kolkata,0,DEV_IOS_18,0,58,0,1.28,1,P2P,0
TXN102699,USR0112,4571.7,4425.0,1.033,35.3,264.6,14,Hyderabad,0,DEV_ANDROID_13,0,1534,0,0.75,1,BILL_PAYMENT,0
TXN102700,USR0094,3747.0,3141.0,1.193,8.8,149.6,10,Kolkata,0,DEV_ANDROID_14,0,1670,0,0.99,1,BILL_PAYMENT,0
TXN102701,USR0016,1639.22,1443.0,1.136,16.7,589.5,14,Bengaluru,0,DEV_ANDROID_14,0,1251,0,1.4,1,P2P,0
TXN102702,USR0029,9501.59,1672.0,5.683,21.0,260.0,2,Bengaluru,1,DEV_UNKNOWN,1,1813,0,5.01,0,P2P,1
TXN102703,USR0132,3520.41,3311.0,1.063,3.3,137.6,15,Hyderabad,0,DEV_ANDROID_13,0,564,0,0.9,1,BILL_PAYMENT,0
TXN102704,USR0105,3509.86,1284.0,2.734,57.0,3.7,3,Bengaluru,0,DEV_ANDROID_13,1,624,1,12.31,0,ONLINE_SHOPPING,1
TXN102705,USR0014,6699.31,2104.0,3.184,33.0,199.0,3,Delhi,0,DEV_IOS_18,1,904,0,6.31,0,P2P,1
TXN102706,USR0138,2382.84,3130.0,0.761,24.9,24.8,15,Chennai,0,DEV_IOS_18,0,1403,0,1.21,1,RECHARGE,0
TXN102707,USR0091,1220.39,2696.0,0.453,1.2,40.7,16,Kolkata,0,DEV_ANDROID_13,0,1117,0,1.26,1,P2M,0
TXN102708,USR0113,13818.06,2668.0,5.179,27.0,55.1,10,Mumbai,1,DEV_UNKNOWN,1,1638,7,4.66,0,P2P,1
TXN102709,USR0001,2799.6,3411.0,0.821,21.5,32.5,7,Mumbai,0,DEV_ANDROID_13,0,790,0,1.36,0,P2P,0
TXN102710,USR0092,16032.41,3316.0,4.835,32.9,242.4,17,Mumbai,1,DEV_ANDROID_14,0,198,0,1.43,1,P2P,0
TXN102711,USR0076,1338.01,3835.0,0.349,10.2,18.7,8,Mumbai,0,DEV_ANDROID_13,0,482,0,1.03,1,P2P,0
TXN102712,USR0104,1136.59,706.0,1.61,19.1,85.9,13,Mumbai,0,DEV_ANDROID_13,0,1065,0,0.48,1,BILL_PAYMENT,0
TXN102713,USR0107,16321.1,1116.0,14.625,27.0,26.7,13,Delhi,1,DEV_UNKNOWN,1,1067,1,4.14,0,P2M,1
TXN102714,USR0110,12687.27,3119.0,4.068,27.0,15.4,19,Kochi,1,DEV_UNKNOWN,1,1291,7,8.81,0,P2P,1
TXN102715,USR0119,1903.82,1503.0,1.267,36.5,291.9,17,Chennai,0,DEV_WEB_CHROME,1,630,0,0.41,1,P2P,0
TXN102716,USR0019,2090.91,4271.0,0.49,15.4,289.0,17,Bengaluru,0,DEV_ANDROID_13,0,1655,0,1.98,1,P2M,0
TXN102717,USR0094,2011.18,3141.0,0.64,10.3,171.0,18,Kolkata,0,DEV_ANDROID_14,0,1739,0,0.69,1,P2P,0
TXN102718,USR0029,5656.04,1672.0,3.383,28.0,3.1,23,Hyderabad,1,DEV_UNKNOWN,1,1836,1,7.43,1,P2P,1
TXN102719,USR0110,2582.59,3119.0,0.828,22.2,33.7,15,Bengaluru,1,DEV_IOS_18,0,1228,0,1.09,1,INVESTMENT,0
TXN102720,USR0098,2443.62,2841.0,0.86,31.9,24.1,10,Delhi,0,DEV_IOS_18,0,1118,0,1.52,1,P2P,0
TXN102721,USR0117,721.81,891.0,0.81,7.1,22.0,13,Mumbai,0,DEV_ANDROID_13,0,782,0,0.88,1,P2P,0
TXN102722,USR0023,2085.69,2955.0,0.706,12.3,234.9,20,Delhi,0,DEV_ANDROID_13,0,936,0,0.95,1,BILL_PAYMENT,0
TXN102723,USR0051,2069.75,1265.0,1.636,15.2,265.9,12,Delhi,0,DEV_IOS_18,0,1242,0,1.74,0,P2P,0
TXN102724,USR0090,4771.24,4795.0,0.995,16.7,431.3,16,Hyderabad,0,DEV_ANDROID_14,0,574,0,1.5,1,RECHARGE,0
TXN102725,USR0126,2322.82,2090.0,1.111,17.2,215.6,7,Delhi,0,DEV_IOS_18,0,733,0,0.79,1,P2P,0
TXN102726,USR0119,1529.58,1503.0,1.018,36.0,181.6,14,Chennai,0,DEV_IOS_18,1,603,0,0.58,1,P2P,0
TXN102727,USR0108,645.29,931.0,0.693,23.2,199.6,16,Mumbai,0,DEV_IOS_18,0,70,0,1.81,1,P2P,0
TXN102728,USR0038,1134.51,2152.0,0.527,14.8,217.0,15,Bengaluru,0,DEV_ANDROID_14,0,603,0,0.8,1,P2M,0
TXN102729,USR0120,3692.74,3985.0,0.927,29.4,76.0,7,Chennai,0,DEV_IOS_18,0,1184,0,2.81,1,P2M,0
TXN102730,USR0009,3546.85,3622.0,0.979,23.3,151.5,14,Mumbai,0,DEV_ANDROID_13,0,154,0,0.71,1,BILL_PAYMENT,0
TXN102731,USR0026,13462.68,3918.0,3.436,21.4,80.2,10,Hyderabad,0,DEV_ANDROID_14,0,1161,0,1.05,1,P2M,0
TXN102732,USR0087,48445.94,4199.0,11.537,47.0,43.9,19,Chandigarh,1,DEV_ANDROID_12,1,812,1,4.93,0,P2P,1
TXN102733,USR0060,1154.46,2418.0,0.477,12.9,215.8,15,Hyderabad,0,DEV_ANDROID_13,0,123,0,1.25,1,P2M,0
TXN102734,USR0148,3164.73,1934.0,1.636,18.5,120.3,15,Chennai,0,DEV_ANDROID_13,0,1607,0,1.53,0,BILL_PAYMENT,0
TXN102735,USR0096,1018.58,482.0,2.113,24.4,336.8,19,Chennai,0,DEV_WEB_CHROME,1,244,0,1.76,1,P2P,0
TXN102736,USR0042,5966.03,4858.0,1.228,14.6,327.4,15,Delhi,0,DEV_ANDROID_13,0,1436,0,0.81,1,P2M,0
TXN102737,USR0122,3337.9,2765.0,1.207,35.7,271.5,21,Hyderabad,0,DEV_ANDROID_14,0,1597,0,0.86,1,P2M,0
TXN102738,USR0099,2751.72,3865.0,0.712,19.5,5.0,13,Kolkata,0,DEV_ANDROID_13,0,599,0,0.66,0,P2M,0
TXN102739,USR0092,1790.25,3316.0,0.54,27.8,15.6,19,Hyderabad,0,DEV_ANDROID_14,0,212,0,1.24,1,BILL_PAYMENT,0
TXN102740,USR0030,1297.56,1476.0,0.879,29.4,136.1,9,Kolkata,0,DEV_ANDROID_14,0,184,0,1.8,1,P2P,0
TXN102741,USR0006,2561.04,4184.0,0.612,25.5,48.1,8,Hyderabad,0,DEV_IOS_18,0,857,0,1.21,0,RECHARGE,0
TXN102742,USR0142,6802.38,3033.0,2.243,20.6,562.7,12,Kochi,1,DEV_ANDROID_14,0,906,0,1.83,1,ONLINE_SHOPPING,0
TXN102743,USR0123,19745.7,4007.0,4.928,33.0,204.0,5,Chennai,1,DEV_UNKNOWN,1,1237,2,5.42,0,P2P,1
TXN102744,USR0028,434.76,541.0,0.804,18.1,21.4,11,Delhi,0,DEV_IOS_18,0,791,0,0.76,1,P2M,0
TXN102745,USR0068,1373.91,1858.0,0.739,9.2,30.1,10,Chennai,0,DEV_ANDROID_13,0,1725,0,1.35,1,P2M,0
TXN102746,USR0057,2432.51,3487.0,0.698,20.1,555.4,8,Delhi,0,DEV_IOS_18,0,790,0,1.21,1,ONLINE_SHOPPING,0
TXN102747,USR0043,3783.46,4029.0,0.939,25.2,91.5,12,Delhi,0,DEV_ANDROID_13,0,1377,0,1.88,0,P2M,0
TXN102748,USR0005,5717.42,1239.0,4.615,24.2,39.0,11,Hyderabad,0,DEV_IOS_18,0,1420,0,1.38,1,P2P,0
TXN102749,USR0055,823.83,1096.0,0.752,31.0,80.0,16,Delhi,0,DEV_ANDROID_14,0,818,0,1.24,1,P2M,0
TXN102750,USR0090,3053.36,4795.0,0.637,24.0,63.6,16,Hyderabad,0,DEV_ANDROID_14,0,522,0,1.04,0,ONLINE_SHOPPING,0
TXN102751,USR0033,1536.41,2282.0,0.673,17.2,90.1,18,Kolkata,0,DEV_IOS_18,0,765,0,0.76,1,P2M,0
TXN102752,USR0114,5122.63,1547.0,3.311,25.0,97.0,5,Jaipur,1,DEV_UNKNOWN,1,1069,2,6.55,0,P2P,1
TXN102753,USR0042,3615.88,4858.0,0.744,10.8,394.5,19,Delhi,0,DEV_ANDROID_13,0,1434,0,0.89,1,P2P,0
TXN102754,USR0069,3803.99,3260.0,1.167,22.6,56.8,9,Hyderabad,0,DEV_ANDROID_14,0,1661,0,0.69,0,P2P,0
TXN102755,USR0010,17339.4,4508.0,3.846,22.4,35.7,17,Kolkata,0,DEV_IOS_18,0,1414,0,0.81,1,BILL_PAYMENT,0
TXN102756,USR0121,2623.42,3799.0,0.691,15.5,48.2,20,Hyderabad,0,DEV_ANDROID_13,0,1520,0,1.21,0,ONLINE_SHOPPING,0
TXN102757,USR0022,2499.05,3458.0,0.723,24.5,290.5,6,Chennai,0,DEV_ANDROID_13,0,1287,0,2.1,1,P2P,0
TXN102758,USR0104,496.61,706.0,0.703,17.7,66.8,19,Mumbai,0,DEV_ANDROID_13,0,1070,0,0.96,0,P2P,0
TXN102759,USR0100,1642.14,2121.0,0.774,30.3,281.4,12,Bengaluru,0,DEV_WEB_CHROME,1,797,0,0.79,1,P2M,0
TXN102760,USR0066,3413.27,572.0,5.967,37.0,46.1,2,Kochi,1,DEV_UNKNOWN,1,1002,4,5.37,0,INVESTMENT,1
TXN102761,USR0051,1028.25,1265.0,0.813,16.3,416.9,8,Delhi,0,DEV_IOS_18,0,1257,0,0.79,1,P2P,0
TXN102762,USR0150,3269.9,1846.0,1.771,13.2,41.0,16,Bengaluru,0,DEV_IOS_18,0,291,0,0.48,0,P2M,0
TXN102763,USR0128,992.95,1765.0,0.563,29.8,83.4,9,Chennai,0,DEV_ANDROID_14,0,1762,0,1.17,1,P2M,0
TXN102764,USR0063,2596.07,946.0,2.744,30.0,23.7,10,Mumbai,1,DEV_ANDROID_13,0,464,2,4.91,0,P2P,1
TXN102765,USR0058,5904.09,3029.0,1.949,20.8,34.3,15,Kolkata,0,DEV_ANDROID_14,0,920,0,1.21,1,INVESTMENT,0
TXN102766,USR0076,8659.14,3835.0,2.258,51.0,1.3,7,Bengaluru,1,DEV_WEB_CHROME,1,482,2,13.54,0,ONLINE_SHOPPING,1
TXN102767,USR0064,2238.44,3744.0,0.598,34.3,8.6,15,Hyderabad,0,DEV_ANDROID_13,0,1436,0,0.72,1,P2P,0
TXN102768,USR0148,1004.55,1934.0,0.519,24.4,248.4,16,Chennai,0,DEV_ANDROID_13,0,1626,0,0.56,0,P2M,0
TXN102769,USR0056,5714.49,4000.0,1.429,4.4,125.3,12,Bengaluru,0,DEV_IOS_18,0,187,0,1.25,1,P2P,0
TXN102770,USR0061,742.26,445.0,1.668,34.5,180.8,21,Bengaluru,0,DEV_ANDROID_13,0,975,0,0.87,0,ONLINE_SHOPPING,0
TXN102771,USR0017,1046.55,1139.0,0.919,28.7,531.1,13,Kolkata,0,DEV_IOS_18,0,1124,0,0.73,1,P2P,0
TXN102772,USR0078,10645.9,4223.0,2.521,30.7,51.8,12,Mumbai,0,DEV_ANDROID_14,0,284,0,1.84,0,P2M,0
TXN102773,USR0094,2471.03,3141.0,0.787,7.1,276.8,12,Kolkata,0,DEV_ANDROID_14,0,1697,0,0.45,1,ONLINE_SHOPPING,0
TXN102774,USR0096,1687.0,482.0,3.5,28.7,435.6,13,Chennai,0,DEV_ANDROID_13,0,256,0,2.01,1,RECHARGE,0
TXN102775,USR0011,2977.11,2073.0,1.436,19.7,8.1,13,Chennai,0,DEV_WEB_CHROME,1,894,0,1.15,0,P2P,0
TXN102776,USR0012,1234.12,1109.0,1.113,27.6,106.6,14,Mumbai,0,DEV_IOS_18,0,1275,0,0.63,1,P2M,0
TXN102777,USR0068,2056.9,1858.0,1.107,5.9,34.9,13,Bengaluru,1,DEV_ANDROID_13,0,1712,0,0.44,1,P2P,0
TXN102778,USR0062,2520.32,2948.0,0.855,14.9,456.9,11,Mumbai,0,DEV_ANDROID_14,0,245,0,0.71,1,P2M,0
TXN102779,USR0058,14406.65,3029.0,4.756,17.7,279.3,20,Kolkata,0,DEV_ANDROID_14,0,901,0,1.18,1,P2M,0
TXN102780,USR0125,556.22,1159.0,0.48,13.4,234.1,16,Bengaluru,0,DEV_IOS_18,0,1100,0,0.79,1,P2M,0
TXN102781,USR0124,761.33,1625.0,0.469,5.2,159.0,13,Hyderabad,0,DEV_ANDROID_14,0,333,0,0.47,1,P2P,0
TXN102782,USR0129,3234.91,4329.0,0.747,21.3,592.8,14,Chennai,0,DEV_ANDROID_13,0,1379,1,1.21,1,P2P,0
TXN102783,USR0073,1592.66,1427.0,1.116,30.6,5.8,9,Kolkata,0,DEV_ANDROID_13,0,224,0,1.28,1,ONLINE_SHOPPING,0
TXN102784,USR0005,3162.82,1239.0,2.553,28.5,70.0,19,Hyderabad,0,DEV_IOS_18,0,1442,0,1.61,1,P2P,0
TXN102785,USR0016,860.76,1443.0,0.597,23.7,170.2,16,Hyderabad,1,DEV_ANDROID_14,0,1209,0,0.1,0,P2P,0
TXN102786,USR0045,4805.96,3638.0,1.321,9.9,87.2,10,Mumbai,0,DEV_IOS_18,0,1323,0,0.99,1,P2M,0
TXN102787,USR0098,2278.36,2841.0,0.802,27.3,62.1,11,Delhi,0,DEV_IOS_18,0,1105,0,1.56,0,P2M,0
TXN102788,USR0010,8426.08,4508.0,1.869,31.7,381.2,10,Kolkata,0,DEV_IOS_18,0,1416,0,1.51,1,INVESTMENT,0
TXN102789,USR0061,1165.69,445.0,2.62,30.4,184.8,12,Bengaluru,0,DEV_ANDROID_13,0,983,0,1.89,1,P2P,0
TXN102790,USR0089,1102.73,1008.0,1.094,23.4,131.9,13,Kolkata,0,DEV_ANDROID_14,0,969,0,1.71,1,INVESTMENT,0
TXN102791,USR0010,8728.71,4508.0,1.936,26.1,34.5,11,Kolkata,0,DEV_IOS_18,0,1403,0,0.94,1,P2P,0
TXN102792,USR0098,1480.54,2841.0,0.521,25.6,28.0,7,Delhi,0,DEV_ANDROID_14,1,1119,2,0.53,1,P2M,0
TXN102793,USR0065,2898.46,3227.0,0.898,32.0,771.0,8,Delhi,0,DEV_ANDROID_14,0,1760,0,0.75,0,ONLINE_SHOPPING,0
TXN102794,USR0032,1509.68,2962.0,0.51,21.4,83.6,12,Hyderabad,0,DEV_ANDROID_14,0,1454,0,1.12,1,P2P,0
TXN102795,USR0105,9263.48,1284.0,7.215,54.0,46.2,9,Chennai,1,DEV_UNKNOWN,1,633,4,6.92,0,INVESTMENT,1
TXN102796,USR0005,1208.85,1239.0,0.976,32.1,68.5,10,Hyderabad,0,DEV_IOS_18,0,1419,0,1.77,1,P2P,0
TXN102797,USR0128,2915.39,1765.0,1.652,30.5,5.0,13,Chennai,0,DEV_ANDROID_14,0,1725,0,0.48,0,P2P,0
TXN102798,USR0121,5486.96,3799.0,1.444,7.2,276.9,18,Hyderabad,0,DEV_ANDROID_13,0,1487,1,0.54,0,BILL_PAYMENT,0
TXN102799,USR0111,4006.85,4209.0,0.952,14.0,246.8,20,Chennai,0,DEV_IOS_18,0,1829,0,1.09,0,P2M,0
TXN102800,USR0019,4656.3,4271.0,1.09,15.2,91.3,10,Bengaluru,0,DEV_ANDROID_13,0,1653,0,1.3,1,P2P,0
TXN102801,USR0067,1624.33,1825.0,0.89,32.8,230.4,13,Hyderabad,0,DEV_IOS_18,0,842,0,0.96,1,ONLINE_SHOPPING,0
TXN102802,USR0021,7684.26,4102.0,1.873,6.1,189.3,16,Chennai,0,DEV_IOS_18,1,1473,0,1.6,0,P2P,0
TXN102803,USR0051,2717.31,1265.0,2.148,14.8,220.9,9,Delhi,0,DEV_ANDROID_13,1,1200,2,0.8,1,P2P,0
TXN102804,USR0096,721.25,482.0,1.496,21.1,16.4,16,Chennai,0,DEV_ANDROID_13,0,280,0,0.27,1,P2M,0
TXN102805,USR0033,2226.76,2282.0,0.976,11.6,363.0,13,Kolkata,0,DEV_IOS_18,0,772,0,0.81,1,P2P,0
TXN102806,USR0054,1211.81,1995.0,0.607,23.1,65.4,20,Hyderabad,0,DEV_IOS_18,0,1091,0,0.94,1,P2P,0
TXN102807,USR0035,42341.8,3949.0,10.722,44.0,44.2,2,Kolkata,1,DEV_UNKNOWN,1,1320,5,7.44,0,P2P,1
TXN102808,USR0146,408.45,803.0,0.509,16.2,403.6,15,Mumbai,0,DEV_ANDROID_13,0,1251,0,1.38,1,P2M,0
TXN102809,USR0105,2568.42,1284.0,2.0,27.4,349.1,7,Bengaluru,0,DEV_ANDROID_14,0,582,0,0.97,1,P2M,0
TXN102810,USR0086,5300.53,4098.0,1.293,7.7,409.3,15,Delhi,0,DEV_ANDROID_13,0,1331,0,0.3,1,P2P,0
TXN102811,USR0074,2191.94,1853.0,1.183,2.2,74.3,9,Hyderabad,0,DEV_IOS_18,0,1380,0,0.77,1,P2M,0
TXN102812,USR0007,1325.16,823.0,1.61,22.2,107.2,15,Bengaluru,0,DEV_ANDROID_14,0,1633,0,1.09,1,P2P,0
TXN102813,USR0150,25639.27,1846.0,13.889,37.0,16.8,9,Bengaluru,0,DEV_UNKNOWN,1,291,1,4.82,1,INVESTMENT,1
TXN102814,USR0067,1584.84,1825.0,0.868,29.0,11.6,18,Hyderabad,0,DEV_IOS_18,0,844,0,0.58,1,P2P,0
TXN102815,USR0080,1011.79,1303.0,0.777,10.2,13.5,10,Kolkata,0,DEV_ANDROID_14,0,577,0,0.1,0,P2P,0
TXN102816,USR0045,2505.23,3638.0,0.689,7.0,458.4,9,Pune,1,DEV_IOS_18,0,1339,0,0.79,1,P2M,0
TXN102817,USR0139,8584.41,4684.0,1.833,29.0,63.7,21,Kolkata,0,DEV_ANDROID_13,0,177,0,1.48,1,P2P,0
TXN102818,USR0112,7776.27,4425.0,1.757,31.0,42.5,9,Jaipur,1,DEV_ANDROID_13,0,1577,0,2.14,0,P2M,0
TXN102819,USR0082,906.1,1061.0,0.854,34.3,578.6,17,Kochi,1,DEV_IOS_18,0,107,0,0.54,0,BILL_PAYMENT,0
TXN102820,USR0085,16441.56,3924.0,4.19,20.0,23.7,11,Kolkata,0,DEV_ANDROID_13,0,782,1,3.81,0,P2P,1
TXN102821,USR0038,1053.79,2152.0,0.49,16.8,120.4,12,Bengaluru,0,DEV_ANDROID_14,0,604,0,1.57,1,P2P,0
TXN102822,USR0014,2414.13,2104.0,1.147,11.9,333.2,16,Delhi,0,DEV_ANDROID_13,0,874,0,2.24,1,P2P,0
TXN102823,USR0024,1004.9,1043.0,0.963,14.4,507.1,19,Pune,1,DEV_ANDROID_14,0,282,0,2.13,1,INVESTMENT,0
TXN102824,USR0039,5722.5,3193.0,1.792,12.8,11.3,19,Chennai,0,DEV_IOS_18,0,1780,2,1.24,1,P2P,0
TXN102825,USR0074,1723.45,1853.0,0.93,8.7,172.9,9,Hyderabad,0,DEV_IOS_18,0,1394,0,1.56,1,P2P,0
TXN102826,USR0043,4453.21,4029.0,1.105,17.1,491.1,19,Delhi,0,DEV_ANDROID_13,0,1362,0,1.02,0,P2P,0
TXN102827,USR0039,4924.79,3193.0,1.542,14.7,5.2,10,Chandigarh,1,DEV_IOS_18,0,1737,0,1.5,1,P2P,0
TXN102828,USR0149,3643.05,3318.0,1.098,11.7,277.6,13,Chennai,0,DEV_ANDROID_13,0,1425,0,0.62,1,P2P,0
TXN102829,USR0013,2534.02,2086.0,1.215,37.4,113.9,13,Kolkata,0,DEV_ANDROID_13,0,742,0,0.1,1,BILL_PAYMENT,0
TXN102830,USR0065,16967.36,3227.0,5.258,15.0,21.2,13,Delhi,0,DEV_ANDROID_12,1,1799,4,8.43,0,P2P,1
TXN102831,USR0041,3164.7,2677.0,1.182,32.3,116.7,17,Bengaluru,0,DEV_ANDROID_13,0,884,0,1.57,1,ONLINE_SHOPPING,0
TXN102832,USR0127,1863.99,2395.0,0.778,16.1,69.4,14,Chennai,0,DEV_ANDROID_14,0,391,0,1.03,0,P2M,0
TXN102833,USR0041,2064.99,2677.0,0.771,19.5,170.4,11,Chennai,1,DEV_ANDROID_13,0,898,0,1.62,1,P2P,0
TXN102834,USR0121,3941.6,3799.0,1.038,10.3,28.2,22,Hyderabad,0,DEV_ANDROID_13,0,1482,0,0.59,1,P2P,0
TXN102835,USR0110,10960.98,3119.0,3.514,20.1,180.5,15,Mumbai,0,DEV_IOS_18,0,1228,0,1.28,0,P2P,0
TXN102836,USR0023,5938.42,2955.0,2.01,17.9,136.4,9,Delhi,0,DEV_ANDROID_13,0,959,0,2.45,1,P2M,0
TXN102837,USR0060,1809.48,2418.0,0.748,12.5,5.3,7,Hyderabad,0,DEV_ANDROID_13,0,58,0,0.88,1,P2M,0
TXN102838,USR0023,4663.02,2955.0,1.578,16.8,236.6,6,Bengaluru,1,DEV_ANDROID_13,0,944,1,1.04,1,P2M,0
TXN102839,USR0009,3935.15,3622.0,1.086,11.6,308.1,15,Mumbai,0,DEV_ANDROID_13,0,173,0,2.07,1,ONLINE_SHOPPING,0
TXN102840,USR0116,8512.53,2809.0,3.03,50.0,1.3,19,Jaipur,1,DEV_ANDROID_13,0,265,1,10.75,0,P2P,1
TXN102841,USR0043,3396.51,4029.0,0.843,23.3,347.8,13,Delhi,0,DEV_ANDROID_13,0,1355,0,0.62,0,P2M,0
TXN102842,USR0084,788.47,960.0,0.821,10.8,1183.7,19,Ahmedabad,1,DEV_ANDROID_13,0,944,0,0.63,0,P2M,0
TXN102843,USR0073,554.42,1427.0,0.389,30.5,223.7,11,Kolkata,0,DEV_ANDROID_13,0,257,0,0.95,1,ONLINE_SHOPPING,0
TXN102844,USR0070,4786.68,4705.0,1.017,7.2,181.3,8,Delhi,0,DEV_ANDROID_13,0,307,0,1.86,0,P2M,0
TXN102845,USR0065,7211.3,3227.0,2.235,35.3,257.8,13,Delhi,0,DEV_ANDROID_14,0,1758,0,2.52,1,P2P,0
TXN102846,USR0024,1287.61,1043.0,1.235,10.1,118.9,11,Hyderabad,0,DEV_ANDROID_14,0,252,0,0.1,0,P2M,0
TXN102847,USR0031,6881.06,4621.0,1.489,17.6,5.0,10,Lucknow,1,DEV_ANDROID_14,0,833,0,2.65,0,P2P,0
TXN102848,USR0085,5007.92,3924.0,1.276,29.3,21.8,16,Kolkata,0,DEV_ANDROID_13,0,752,0,0.63,0,P2P,0
TXN102849,USR0121,3311.37,3799.0,0.872,4.1,217.5,11,Hyderabad,0,DEV_ANDROID_13,0,1547,0,1.55,1,RECHARGE,0
TXN102850,USR0114,2390.6,1547.0,1.545,27.1,286.5,14,Delhi,0,DEV_ANDROID_14,0,1022,0,1.39,1,P2M,0
TXN102851,USR0059,2429.75,4787.0,0.508,16.5,387.2,10,Chennai,0,DEV_ANDROID_14,0,1002,0,1.23,1,P2P,0
TXN102852,USR0110,2182.9,3119.0,0.7,19.7,193.8,18,Delhi,1,DEV_IOS_18,0,1214,1,1.37,0,P2M,0
TXN102853,USR0129,11482.78,4329.0,2.653,20.8,535.5,15,Jaipur,1,DEV_WEB_CHROME,1,1380,0,0.98,0,P2M,0
TXN102854,USR0032,6347.47,2962.0,2.143,22.9,324.3,7,Hyderabad,0,DEV_ANDROID_14,0,1425,0,1.04,1,P2P,0
TXN102855,USR0095,2012.51,2387.0,0.843,18.7,293.3,16,Chennai,0,DEV_ANDROID_13,0,1161,0,1.6,0,P2M,0
TXN102856,USR0096,1366.25,482.0,2.835,27.0,15.9,11,Delhi,1,DEV_ANDROID_13,0,252,2,2.82,0,P2P,1
TXN102857,USR0061,375.6,445.0,0.844,34.4,196.0,16,Bengaluru,0,DEV_ANDROID_13,0,1032,0,0.76,1,P2P,0
TXN102858,USR0018,5884.76,1836.0,3.205,8.0,204.0,2,Chennai,0,DEV_UNKNOWN,1,1510,1,2.41,0,P2P,1
TXN102859,USR0117,595.63,891.0,0.668,9.7,161.5,12,Delhi,1,DEV_IOS_18,1,725,0,1.11,1,P2M,0
TXN102860,USR0072,5291.38,4501.0,1.176,2.3,5.0,9,Kolkata,0,DEV_ANDROID_14,0,1375,0,0.75,1,P2P,0
TXN102861,USR0010,3392.57,4508.0,0.753,24.0,174.6,19,Kolkata,0,DEV_IOS_18,0,1445,0,1.12,1,P2P,0
TXN102862,USR0105,891.3,1284.0,0.694,28.1,133.3,16,Bengaluru,0,DEV_ANDROID_14,0,596,0,0.71,0,BILL_PAYMENT,0
TXN102863,USR0037,3149.45,2687.0,1.172,26.3,203.3,10,Kolkata,0,DEV_ANDROID_14,0,892,0,1.93,1,P2M,0
TXN102864,USR0097,2142.44,1552.0,1.38,32.1,273.7,11,Delhi,0,DEV_ANDROID_13,0,849,1,1.01,1,P2P,0
TXN102865,USR0103,10308.06,4267.0,2.416,28.7,788.8,12,Kolkata,0,DEV_ANDROID_13,0,1760,0,0.1,1,INVESTMENT,0
TXN102866,USR0142,18195.29,3033.0,5.999,10.5,315.5,14,Hyderabad,0,DEV_ANDROID_14,0,856,0,1.96,1,P2P,0
TXN102867,USR0080,1647.53,1303.0,1.264,8.5,95.5,9,Kolkata,0,DEV_ANDROID_14,0,579,0,1.18,1,P2P,0
TXN102868,USR0125,819.49,1159.0,0.707,14.4,361.7,15,Bengaluru,0,DEV_IOS_18,0,1114,0,1.43,1,BILL_PAYMENT,0
TXN102869,USR0102,888.94,1540.0,0.577,11.0,122.0,16,Bengaluru,0,DEV_IOS_18,0,445,0,1.7,0,P2P,0
TXN102870,USR0091,3945.08,2696.0,1.463,1.5,490.4,17,Kolkata,0,DEV_ANDROID_13,0,1140,0,0.86,0,P2P,0
TXN102871,USR0110,1445.31,3119.0,0.463,22.8,51.1,13,Mumbai,0,DEV_IOS_18,0,1271,0,1.64,1,ONLINE_SHOPPING,0
TXN102872,USR0075,17267.52,2287.0,7.55,52.0,37.5,12,Jaipur,1,DEV_UNKNOWN,1,1635,5,10.12,0,INVESTMENT,1
TXN102873,USR0022,6169.78,3458.0,1.784,17.1,222.8,10,Chennai,0,DEV_ANDROID_13,0,1264,0,2.1,1,P2P,0
TXN102874,USR0106,600.93,1061.0,0.566,33.6,615.4,14,Delhi,0,DEV_ANDROID_13,0,1656,2,2.52,1,P2P,0
TXN102875,USR0139,3985.79,4684.0,0.851,31.0,210.2,18,Kolkata,0,DEV_ANDROID_13,0,231,0,2.1,1,P2M,0
TXN102876,USR0123,2351.88,4007.0,0.587,11.1,41.5,17,Kolkata,0,DEV_IOS_18,0,1232,0,1.19,1,P2P,0
TXN102877,USR0080,3105.39,1303.0,2.383,15.7,260.6,10,Kolkata,0,DEV_ANDROID_14,0,628,0,1.25,1,P2P,0
TXN102878,USR0041,15674.76,2677.0,5.855,17.1,318.2,15,Bengaluru,0,DEV_ANDROID_13,0,890,0,1.92,1,BILL_PAYMENT,0
TXN102879,USR0120,27582.57,3985.0,6.922,40.0,7.2,18,Lucknow,1,DEV_WEB_CHROME,1,1154,1,4.56,0,INVESTMENT,1
TXN102880,USR0115,965.54,1698.0,0.569,9.4,114.4,16,Kolkata,0,DEV_IOS_18,0,23,0,0.89,1,INVESTMENT,0
TXN102881,USR0026,8621.45,3918.0,2.2,41.0,1.9,7,Kochi,1,DEV_ANDROID_14,0,1197,4,7.6,0,ONLINE_SHOPPING,1
TXN102882,USR0024,837.41,1043.0,0.803,10.8,263.1,8,Hyderabad,0,DEV_ANDROID_14,0,222,0,1.35,1,BILL_PAYMENT,0
TXN102883,USR0001,3812.63,3411.0,1.118,20.2,210.4,11,Mumbai,0,DEV_ANDROID_13,0,815,0,1.23,1,P2M,0
TXN102884,USR0072,3746.12,4501.0,0.832,3.6,161.1,18,Kolkata,0,DEV_ANDROID_14,0,1340,0,1.45,1,P2P,0
TXN102885,USR0135,3863.36,3326.0,1.162,3.6,632.4,20,Kolkata,0,DEV_IOS_18,0,1173,0,1.79,1,P2P,0
TXN102886,USR0062,2512.45,2948.0,0.852,9.1,58.5,14,Mumbai,0,DEV_ANDROID_14,0,234,0,1.11,1,P2P,0
TXN102887,USR0126,980.4,2090.0,0.469,17.5,43.3,11,Delhi,0,DEV_IOS_18,0,679,0,0.66,1,INVESTMENT,0
TXN102888,USR0047,597.38,489.0,1.222,31.8,137.4,13,Bengaluru,0,DEV_ANDROID_13,0,883,0,1.54,1,P2P,0
TXN102889,USR0015,11881.33,2529.0,4.698,22.0,1.2,14,Ahmedabad,1,DEV_ANDROID_14,0,1276,5,9.9,0,P2P,1
TXN102890,USR0139,20902.48,4684.0,4.463,26.7,136.6,13,Chennai,1,DEV_ANDROID_13,0,201,0,2.3,0,P2P,0
TXN102891,USR0021,2340.68,4102.0,0.571,1.0,5.0,21,Chennai,0,DEV_ANDROID_14,0,1447,0,2.58,0,P2P,0
TXN102892,USR0003,2435.9,3784.0,0.644,25.5,76.3,18,Hyderabad,0,DEV_ANDROID_13,0,1354,0,1.05,1,INVESTMENT,0
TXN102893,USR0028,605.79,541.0,1.12,17.0,428.5,8,Delhi,0,DEV_IOS_18,0,847,0,0.78,0,P2P,0
TXN102894,USR0015,3050.78,2529.0,1.206,5.4,91.0,8,Ahmedabad,1,DEV_WEB_CHROME,1,1234,0,1.83,1,P2P,0
TXN102895,USR0101,19631.32,4828.0,4.066,21.0,24.0,3,Jaipur,1,DEV_UNKNOWN,1,521,0,3.24,0,P2P,1
TXN102896,USR0017,942.44,1139.0,0.827,36.3,187.9,16,Kolkata,0,DEV_IOS_18,0,1203,0,1.28,1,P2P,0
TXN102897,USR0019,2702.55,4271.0,0.633,17.6,104.5,21,Bengaluru,0,DEV_ANDROID_13,0,1618,0,0.47,1,P2M,0
TXN102898,USR0082,875.0,1061.0,0.825,33.3,275.2,8,Hyderabad,0,DEV_IOS_18,0,93,0,1.25,1,P2M,0
TXN102899,USR0122,12625.95,2765.0,4.566,34.3,106.5,12,Hyderabad,0,DEV_ANDROID_14,0,1535,0,1.87,1,P2P,0
TXN102900,USR0108,17758.45,931.0,19.075,35.0,22.7,7,Lucknow,1,DEV_ANDROID_12,1,112,3,5.04,0,P2M,1
TXN102901,USR0130,2736.28,2863.0,0.956,35.9,326.2,9,Delhi,0,DEV_IOS_18,0,1561,0,1.5,1,P2P,0
TXN102902,USR0053,4649.16,1779.0,2.613,27.0,12.1,17,Mumbai,1,DEV_ANDROID_14,0,1834,2,4.93,0,P2P,1
TXN102903,USR0144,3247.93,2663.0,1.22,11.4,203.5,17,Mumbai,1,DEV_IOS_18,0,1076,0,2.27,0,P2P,0
TXN102904,USR0136,1624.65,788.0,2.062,19.2,203.9,10,Chennai,0,DEV_IOS_18,0,1670,0,2.07,1,P2M,0
TXN102905,USR0092,4754.23,3316.0,1.434,29.4,97.5,15,Hyderabad,0,DEV_ANDROID_14,0,260,0,0.78,0,BILL_PAYMENT,0
TXN102906,USR0052,2209.96,875.0,2.526,8.4,200.6,12,Mumbai,0,DEV_ANDROID_13,0,1113,1,0.84,0,BILL_PAYMENT,0
TXN102907,USR0099,2795.16,3865.0,0.723,18.2,105.5,16,Kolkata,0,DEV_ANDROID_13,0,577,0,1.29,1,ONLINE_SHOPPING,0
TXN102908,USR0092,7267.72,3316.0,2.192,36.5,451.3,7,Hyderabad,0,DEV_ANDROID_13,1,216,0,1.81,1,P2P,0
TXN102909,USR0056,4222.67,4000.0,1.056,3.6,271.0,18,Bengaluru,0,DEV_IOS_18,0,212,0,1.89,1,P2M,0
TXN102910,USR0144,4064.69,2663.0,1.526,6.7,364.4,19,Mumbai,1,DEV_IOS_18,0,1124,0,0.92,1,P2P,0
TXN102911,USR0097,1948.35,1552.0,1.255,26.7,46.0,17,Delhi,0,DEV_ANDROID_13,0,856,0,1.78,1,P2P,0
TXN102912,USR0096,530.71,482.0,1.101,25.2,182.5,13,Chennai,0,DEV_ANDROID_13,0,214,0,1.4,1,P2P,0
TXN102913,USR0059,8609.03,4787.0,1.798,13.9,158.1,7,Chennai,0,DEV_ANDROID_14,0,1016,0,0.59,1,BILL_PAYMENT,0
TXN102914,USR0033,1811.13,2282.0,0.794,20.9,133.3,14,Kolkata,0,DEV_IOS_18,0,754,0,0.99,1,ONLINE_SHOPPING,0
TXN102915,USR0066,2574.15,572.0,4.5,35.0,50.3,22,Hyderabad,1,DEV_UNKNOWN,1,1064,6,4.79,0,P2P,1
TXN102916,USR0043,4219.35,4029.0,1.047,8.9,145.6,10,Delhi,0,DEV_IOS_18,1,1374,0,2.24,1,P2P,0
TXN102917,USR0105,1438.6,1284.0,1.12,34.1,68.1,15,Bengaluru,0,DEV_ANDROID_14,0,584,0,0.41,1,P2P,0
TXN102918,USR0111,14291.08,4209.0,3.395,46.0,3.7,9,Jaipur,1,DEV_UNKNOWN,1,1825,1,7.5,1,P2P,1
TXN102919,USR0145,3505.07,4287.0,0.818,11.4,115.2,10,Mumbai,0,DEV_ANDROID_13,0,1412,0,0.1,1,P2P,0
TXN102920,USR0091,5445.85,2696.0,2.02,5.6,164.1,7,Kolkata,0,DEV_ANDROID_13,0,1127,0,1.33,1,P2P,0
TXN102921,USR0025,4116.94,3410.0,1.207,19.3,205.2,22,Bengaluru,0,DEV_ANDROID_13,0,1531,0,0.29,0,P2M,0
TXN102922,USR0048,9471.24,2387.0,3.968,15.8,159.4,23,Chennai,0,DEV_IOS_18,0,1156,0,1.97,1,INVESTMENT,0
TXN102923,USR0056,1272.94,4000.0,0.318,10.4,10.1,19,Bengaluru,0,DEV_IOS_18,0,204,0,1.24,1,P2P,0
TXN102924,USR0056,8693.54,4000.0,2.173,13.0,5.7,15,Mumbai,1,DEV_IOS_18,0,181,2,3.98,0,P2P,1
TXN102925,USR0047,174.89,489.0,0.358,26.6,621.2,8,Bengaluru,0,DEV_ANDROID_13,0,960,0,0.59,0,P2M,0
TXN102926,USR0007,839.98,823.0,1.021,23.3,147.3,19,Bengaluru,0,DEV_ANDROID_14,0,1644,0,1.04,0,P2M,0
TXN102927,USR0028,255.5,541.0,0.472,13.0,219.5,15,Delhi,0,DEV_ANDROID_13,1,861,0,0.43,1,BILL_PAYMENT,0
TXN102928,USR0007,948.14,823.0,1.152,14.1,99.3,15,Bengaluru,0,DEV_ANDROID_14,0,1622,0,0.82,0,ONLINE_SHOPPING,0
TXN102929,USR0138,2911.9,3130.0,0.93,18.0,429.3,15,Chennai,0,DEV_IOS_18,0,1448,0,2.09,0,ONLINE_SHOPPING,0
TXN102930,USR0094,4256.83,3141.0,1.355,5.2,56.0,16,Kolkata,0,DEV_ANDROID_14,0,1682,0,1.22,0,RECHARGE,0
TXN102931,USR0003,3168.66,3784.0,0.837,26.6,88.6,16,Hyderabad,0,DEV_ANDROID_13,0,1289,0,0.91,0,P2P,0
TXN102932,USR0122,4518.23,2765.0,1.634,31.1,277.8,16,Hyderabad,0,DEV_ANDROID_13,1,1557,0,1.39,0,BILL_PAYMENT,0
TXN102933,USR0023,5386.52,2955.0,1.823,24.4,92.0,13,Delhi,0,DEV_ANDROID_13,0,943,0,0.3,1,P2P,0
TXN102934,USR0037,2236.41,2687.0,0.832,24.4,267.2,18,Kolkata,0,DEV_ANDROID_14,0,905,0,1.72,0,ONLINE_SHOPPING,0
TXN102935,USR0030,864.23,1476.0,0.586,27.1,238.8,10,Kolkata,0,DEV_ANDROID_14,0,121,0,1.28,0,P2P,0
TXN102936,USR0128,1596.76,1765.0,0.905,26.2,260.3,16,Chennai,0,DEV_WEB_CHROME,1,1749,0,0.94,1,P2M,0
TXN102937,USR0146,478.31,803.0,0.596,16.7,41.4,21,Mumbai,0,DEV_ANDROID_13,0,1176,0,1.98,1,BILL_PAYMENT,0
TXN102938,USR0104,663.53,706.0,0.94,20.1,363.5,12,Mumbai,0,DEV_ANDROID_13,0,1088,0,1.04,1,P2M,0
TXN102939,USR0127,1968.95,2395.0,0.822,19.5,159.0,18,Chennai,0,DEV_ANDROID_14,0,397,0,0.51,1,P2P,0
TXN102940,USR0056,3570.55,4000.0,0.893,8.2,25.2,16,Bengaluru,0,DEV_IOS_18,0,198,0,1.15,1,P2P,0
TXN102941,USR0075,2006.13,2287.0,0.877,15.3,13.3,18,Bengaluru,0,DEV_IOS_18,0,1628,0,0.1,1,P2M,0
TXN102942,USR0055,1178.7,1096.0,1.075,30.3,13.2,13,Delhi,0,DEV_ANDROID_14,0,789,0,1.82,1,P2M,0
TXN102943,USR0116,2511.33,2809.0,0.894,34.7,259.0,13,Bengaluru,0,DEV_ANDROID_13,0,247,0,1.17,1,P2M,0
TXN102944,USR0011,2708.81,2073.0,1.307,18.9,246.6,12,Chennai,0,DEV_ANDROID_14,0,955,0,1.04,0,P2P,0
TXN102945,USR0085,3421.46,3924.0,0.872,19.1,23.9,16,Kolkata,0,DEV_ANDROID_13,0,824,0,1.31,1,ONLINE_SHOPPING,0
TXN102946,USR0079,2411.23,2089.0,1.154,21.0,94.9,13,Chennai,0,DEV_ANDROID_14,0,1320,0,1.27,1,P2P,0
TXN102947,USR0057,20003.27,3487.0,5.737,9.0,30.0,3,Hyderabad,1,DEV_UNKNOWN,1,869,2,4.84,0,P2P,1
TXN102948,USR0119,2532.46,1503.0,1.685,32.6,528.6,7,Chennai,0,DEV_ANDROID_13,0,607,0,0.57,0,P2M,0
TXN102949,USR0133,579.53,561.0,1.033,8.6,543.2,14,Delhi,0,DEV_ANDROID_13,0,1129,0,0.43,0,BILL_PAYMENT,0
TXN102950,USR0025,1575.1,3410.0,0.462,24.2,238.3,6,Bengaluru,0,DEV_ANDROID_13,0,1601,0,0.45,1,ONLINE_SHOPPING,0
TXN102951,USR0033,2709.9,2282.0,1.188,18.0,127.6,8,Kolkata,0,DEV_IOS_18,0,811,0,0.95,1,P2P,0
TXN102952,USR0106,3830.03,1061.0,3.61,42.0,19.5,7,Ahmedabad,1,DEV_UNKNOWN,1,1666,6,9.44,0,P2P,1
TXN102953,USR0092,3051.57,3316.0,0.92,33.3,51.5,17,Hyderabad,0,DEV_ANDROID_14,0,214,0,1.54,1,BILL_PAYMENT,0
TXN102954,USR0149,22923.26,3318.0,6.909,9.1,5.7,19,Chennai,0,DEV_ANDROID_13,0,1493,0,1.34,1,P2M,0
TXN102955,USR0121,22386.24,3799.0,5.893,9.0,120.1,18,Hyderabad,0,DEV_ANDROID_13,0,1512,0,1.23,1,P2P,0
TXN102956,USR0114,3770.72,1547.0,2.437,19.4,54.5,13,Lucknow,1,DEV_ANDROID_14,0,1059,0,0.1,1,P2P,0
TXN102957,USR0127,2364.31,2395.0,0.987,17.9,169.6,10,Chennai,0,DEV_ANDROID_14,0,376,0,2.18,1,P2M,0
TXN102958,USR0059,6617.98,4787.0,1.382,18.0,335.0,17,Chennai,0,DEV_ANDROID_14,0,987,0,1.44,1,P2M,0
TXN102959,USR0022,5300.82,3458.0,1.533,17.4,24.2,14,Chennai,0,DEV_ANDROID_13,0,1265,0,0.61,1,ONLINE_SHOPPING,0
TXN102960,USR0096,309.05,482.0,0.641,26.4,126.9,21,Chennai,0,DEV_ANDROID_13,0,270,0,0.44,1,P2P,0
TXN102961,USR0073,842.89,1427.0,0.591,31.5,100.3,14,Kolkata,0,DEV_ANDROID_13,0,216,0,0.97,1,P2P,0
TXN102962,USR0137,13093.33,4815.0,2.719,26.0,13.4,11,Lucknow,1,DEV_ANDROID_14,0,384,1,6.05,0,P2P,1
TXN102963,USR0133,1288.08,561.0,2.296,16.9,30.5,18,Delhi,0,DEV_ANDROID_13,0,1083,0,1.42,1,P2P,0
TXN102964,USR0149,1919.7,3318.0,0.579,11.6,14.0,16,Chennai,0,DEV_ANDROID_13,0,1439,0,2.92,1,INVESTMENT,0
TXN102965,USR0018,1259.31,1836.0,0.686,25.9,32.0,14,Chennai,0,DEV_ANDROID_14,0,1560,0,0.61,1,RECHARGE,0
TXN102966,USR0099,4188.25,3865.0,1.084,23.5,287.7,18,Kolkata,0,DEV_ANDROID_13,0,560,0,0.8,1,P2P,0
TXN102967,USR0018,1227.49,1836.0,0.669,27.0,746.4,20,Chennai,0,DEV_ANDROID_14,0,1531,1,0.46,1,P2P,0
TXN102968,USR0003,14899.34,3784.0,3.937,31.0,2.4,22,Delhi,1,DEV_ANDROID_13,0,1356,5,12.38,0,P2P,1
TXN102969,USR0060,2973.55,2418.0,1.23,12.9,143.4,16,Hyderabad,0,DEV_ANDROID_13,0,108,1,2.16,1,P2P,0
TXN102970,USR0077,4294.02,4759.0,0.902,14.9,169.2,21,Mumbai,0,DEV_ANDROID_13,0,103,0,1.02,1,P2P,0
TXN102971,USR0024,1089.79,1043.0,1.045,13.2,333.5,14,Hyderabad,0,DEV_ANDROID_14,0,262,0,1.53,1,P2P,0
TXN102972,USR0082,1083.76,1061.0,1.021,35.7,381.2,10,Hyderabad,0,DEV_IOS_18,0,86,0,1.73,0,INVESTMENT,0
TXN102973,USR0130,2222.12,2863.0,0.776,37.6,15.0,6,Delhi,0,DEV_IOS_18,0,1531,0,2.29,1,P2M,0
TXN102974,USR0123,2156.86,4007.0,0.538,8.8,341.4,12,Kolkata,0,DEV_IOS_18,0,1292,0,0.63,0,ONLINE_SHOPPING,0
TXN102975,USR0078,20561.08,4223.0,4.869,10.0,124.0,4,Mumbai,0,DEV_UNKNOWN,1,302,2,4.83,0,P2P,1
TXN102976,USR0030,1093.16,1476.0,0.741,31.6,5.9,6,Kolkata,0,DEV_ANDROID_14,0,159,0,2.28,0,BILL_PAYMENT,0
TXN102977,USR0024,806.89,1043.0,0.774,16.2,232.1,17,Hyderabad,0,DEV_ANDROID_14,0,262,0,2.0,1,BILL_PAYMENT,0
TXN102978,USR0010,3877.67,4508.0,0.86,26.9,273.8,22,Kolkata,0,DEV_IOS_18,0,1463,0,1.31,1,P2M,0
TXN102979,USR0027,659.33,816.0,0.808,21.3,261.8,15,Hyderabad,0,DEV_IOS_18,0,1426,0,0.37,1,P2M,0
TXN102980,USR0011,893.19,2073.0,0.431,15.6,143.6,15,Chennai,0,DEV_ANDROID_14,0,897,0,1.48,1,P2P,0
TXN102981,USR0023,4099.2,2955.0,1.387,18.4,8.2,9,Delhi,0,DEV_ANDROID_13,0,905,0,1.57,0,P2P,0
TXN102982,USR0058,1493.12,3029.0,0.493,21.3,271.1,13,Lucknow,1,DEV_ANDROID_13,1,856,0,0.16,1,ONLINE_SHOPPING,0
TXN102983,USR0111,28360.17,4209.0,6.738,16.9,23.7,14,Chennai,0,DEV_IOS_18,0,1828,0,1.14,1,P2M,0
TXN102984,USR0049,1780.65,835.0,2.133,39.0,1.2,20,Bengaluru,1,DEV_UNKNOWN,1,1185,0,6.35,0,P2P,1
TXN102985,USR0064,4330.75,3744.0,1.157,34.2,37.0,8,Hyderabad,0,DEV_ANDROID_14,1,1391,0,1.47,0,P2P,0
TXN102986,USR0031,4425.88,4621.0,0.958,16.9,18.2,15,Kolkata,0,DEV_ANDROID_14,0,817,0,1.38,0,P2M,0
TXN102987,USR0090,26244.94,4795.0,5.473,23.1,130.3,10,Chandigarh,1,DEV_IOS_18,1,532,0,2.36,0,P2P,0
TXN102988,USR0096,543.27,482.0,1.127,17.8,129.1,23,Chennai,0,DEV_ANDROID_13,0,267,0,1.68,1,ONLINE_SHOPPING,0
TXN102989,USR0098,2263.96,2841.0,0.797,26.6,5.0,13,Delhi,0,DEV_IOS_18,0,1158,0,0.27,1,ONLINE_SHOPPING,0
TXN102990,USR0006,1874.07,4184.0,0.448,19.3,385.7,15,Hyderabad,0,DEV_IOS_18,0,809,0,1.18,1,P2P,0
TXN102991,USR0052,622.2,875.0,0.711,14.4,296.8,20,Mumbai,0,DEV_ANDROID_13,0,1102,0,1.81,1,P2M,0
TXN102992,USR0087,5434.12,4199.0,1.294,7.4,123.7,8,Chandigarh,1,DEV_ANDROID_13,0,828,0,1.43,1,P2P,0
TXN102993,USR0145,3215.46,4287.0,0.75,7.5,53.6,15,Mumbai,0,DEV_ANDROID_13,0,1406,0,0.5,1,P2P,0
TXN102994,USR0031,5848.47,4621.0,1.266,9.8,338.1,8,Bengaluru,1,DEV_ANDROID_14,0,817,0,2.02,0,P2M,0
TXN102995,USR0064,5654.6,3744.0,1.51,29.9,575.2,6,Mumbai,1,DEV_ANDROID_13,0,1375,0,1.47,1,P2P,0
TXN102996,USR0062,3424.91,2948.0,1.162,18.8,297.2,14,Chandigarh,1,DEV_ANDROID_14,0,274,0,1.71,1,P2P,0
TXN102997,USR0016,1098.7,1443.0,0.761,23.1,283.7,10,Bengaluru,0,DEV_ANDROID_14,0,1266,0,1.15,1,P2M,0
TXN102998,USR0067,1321.64,1825.0,0.724,33.2,228.6,14,Hyderabad,0,DEV_IOS_18,0,890,0,0.46,1,P2P,0
TXN102999,USR0070,3302.62,4705.0,0.702,9.7,416.7,14,Delhi,0,DEV_ANDROID_13,0,336,0,0.7,1,P2P,0
TXN103000,USR0092,2480.33,3316.0,0.748,36.3,327.8,11,Hyderabad,0,DEV_ANDROID_14,0,238,0,1.18,1,ONLINE_SHOPPING,0
TXN103001,USR0081,6172.3,1873.0,3.295,21.0,181.0,1,Kolkata,0,DEV_UNKNOWN,1,900,3,5.53,0,P2P,1
TXN103002,USR0106,582.43,1061.0,0.549,30.4,303.9,16,Jaipur,1,DEV_ANDROID_13,0,1672,0,3.17,1,P2M,0
TXN103003,USR0096,207.74,482.0,0.431,20.4,261.1,7,Chennai,0,DEV_IOS_18,1,271,0,1.51,1,P2M,0
TXN103004,USR0047,445.38,489.0,0.911,24.4,238.1,16,Bengaluru,0,DEV_ANDROID_13,0,929,0,1.53,1,P2P,0
TXN103005,USR0006,7125.23,4184.0,1.703,25.5,6.0,13,Hyderabad,0,DEV_IOS_18,0,856,0,1.78,1,P2P,0
TXN103006,USR0074,1837.92,1853.0,0.992,3.1,355.1,21,Hyderabad,0,DEV_IOS_18,0,1431,0,1.67,1,P2P,0
TXN103007,USR0130,4066.48,2863.0,1.42,30.3,94.0,15,Delhi,0,DEV_IOS_18,0,1516,0,1.16,1,P2M,0
TXN103008,USR0076,6169.8,3835.0,1.609,9.7,86.6,16,Mumbai,0,DEV_ANDROID_13,0,498,0,1.67,1,P2P,0
TXN103009,USR0077,24256.42,4759.0,5.097,13.0,291.0,4,Lucknow,1,DEV_ANDROID_14,1,71,0,6.5,0,P2P,1
TXN103010,USR0034,3632.89,1168.0,3.11,25.0,257.0,2,Kolkata,1,DEV_UNKNOWN,1,112,2,5.24,0,P2P,1
TXN103011,USR0054,1574.89,1995.0,0.789,20.3,5.0,8,Hyderabad,0,DEV_IOS_18,0,1061,0,0.85,1,P2M,0
TXN103012,USR0109,2605.9,1296.0,2.011,7.7,255.6,10,Chennai,0,DEV_ANDROID_14,0,1522,0,1.31,0,P2P,0
TXN103013,USR0087,3691.94,4199.0,0.879,3.8,108.5,11,Mumbai,0,DEV_ANDROID_13,0,795,0,1.75,1,P2M,0
TXN103014,USR0041,3359.86,2677.0,1.255,30.0,10.7,10,Bengaluru,0,DEV_ANDROID_13,0,889,0,1.64,0,P2P,0
TXN103015,USR0065,5038.92,3227.0,1.561,28.7,368.0,10,Delhi,0,DEV_ANDROID_14,0,1774,0,1.11,0,P2P,0
TXN103016,USR0106,2599.25,1061.0,2.45,22.0,18.7,18,Delhi,0,DEV_UNKNOWN,1,1665,0,6.28,0,P2P,1
TXN103017,USR0080,2717.16,1303.0,2.085,13.7,740.6,15,Kolkata,0,DEV_ANDROID_14,0,571,1,1.06,1,P2P,0
TXN103018,USR0035,18563.75,3949.0,4.701,44.0,0.3,8,Kochi,1,DEV_ANDROID_12,1,1295,5,8.61,0,P2P,1
TXN103019,USR0018,2096.5,1836.0,1.142,22.0,26.2,17,Chennai,0,DEV_ANDROID_14,0,1555,0,1.89,1,P2M,0
TXN103020,USR0091,2125.14,2696.0,0.788,8.3,103.4,11,Kolkata,0,DEV_ANDROID_13,0,1086,1,1.91,1,P2P,0
TXN103021,USR0125,850.58,1159.0,0.734,26.5,73.7,13,Bengaluru,0,DEV_IOS_18,0,1153,0,1.98,0,P2M,0
TXN103022,USR0027,1502.99,816.0,1.842,22.4,170.5,20,Chandigarh,1,DEV_IOS_18,0,1486,0,2.05,1,P2M,0
TXN103023,USR0042,7421.79,4858.0,1.528,11.7,72.1,11,Delhi,0,DEV_ANDROID_13,0,1424,0,0.42,1,P2P,0
TXN103024,USR0132,2090.29,3311.0,0.631,7.8,588.1,21,Hyderabad,0,DEV_ANDROID_13,0,570,0,2.73,1,BILL_PAYMENT,0
TXN103025,USR0124,1345.27,1625.0,0.828,8.7,330.5,8,Bengaluru,1,DEV_ANDROID_14,0,336,0,1.72,1,P2M,0
TXN103026,USR0126,1692.73,2090.0,0.81,15.7,10.8,12,Delhi,0,DEV_IOS_18,0,693,0,1.11,1,P2M,0
TXN103027,USR0009,1710.42,3622.0,0.472,11.5,42.7,19,Mumbai,0,DEV_ANDROID_13,0,208,0,0.1,0,INVESTMENT,0
TXN103028,USR0076,2167.08,3835.0,0.565,22.0,8.0,10,Mumbai,0,DEV_ANDROID_13,0,531,0,1.25,1,P2P,0
TXN103029,USR0038,2161.44,2152.0,1.004,13.4,26.4,14,Bengaluru,0,DEV_ANDROID_14,0,569,0,0.98,0,P2M,0
TXN103030,USR0132,2522.63,3311.0,0.762,7.4,190.9,22,Hyderabad,0,DEV_ANDROID_13,0,551,0,1.15,1,P2M,0
TXN103031,USR0022,3986.05,3458.0,1.153,22.9,15.3,18,Chennai,0,DEV_ANDROID_13,0,1309,0,1.57,1,P2P,0
TXN103032,USR0040,20506.4,942.0,21.769,18.0,44.3,21,Mumbai,0,DEV_ANDROID_12,1,1780,4,9.49,0,INVESTMENT,1
TXN103033,USR0026,11399.05,3918.0,2.909,17.5,418.7,9,Hyderabad,0,DEV_ANDROID_14,0,1186,0,0.19,1,P2P,0
TXN103034,USR0129,35940.41,4329.0,8.302,45.0,13.8,16,Ahmedabad,1,DEV_UNKNOWN,1,1423,7,7.45,0,P2P,1
TXN103035,USR0077,4490.93,4759.0,0.944,3.4,224.6,15,Mumbai,0,DEV_ANDROID_13,0,109,0,2.4,1,ONLINE_SHOPPING,0
TXN103036,USR0039,3559.49,3193.0,1.115,12.1,250.8,18,Jaipur,1,DEV_IOS_18,0,1708,0,1.11,1,P2M,0
TXN103037,USR0126,11293.11,2090.0,5.403,42.0,3.3,5,Delhi,0,DEV_IOS_18,0,710,5,8.46,0,P2M,1
TXN103038,USR0132,1744.14,3311.0,0.527,5.5,99.3,11,Hyderabad,0,DEV_ANDROID_13,0,591,0,1.53,1,P2P,0
TXN103039,USR0071,4928.94,1774.0,2.778,16.6,113.7,13,Hyderabad,0,DEV_ANDROID_14,0,1748,0,0.1,1,P2P,0
TXN103040,USR0078,2984.45,4223.0,0.707,31.2,232.5,19,Mumbai,0,DEV_IOS_18,1,307,0,1.73,1,P2P,0
TXN103041,USR0094,2747.42,3141.0,0.875,3.6,124.6,21,Kolkata,0,DEV_ANDROID_13,1,1687,0,0.1,1,BILL_PAYMENT,0
TXN103042,USR0082,930.19,1061.0,0.877,34.7,456.8,23,Hyderabad,0,DEV_IOS_18,0,107,2,1.04,1,P2M,0
TXN103043,USR0056,6806.3,4000.0,1.702,7.2,69.3,14,Bengaluru,0,DEV_IOS_18,0,205,0,1.23,1,P2P,0
TXN103044,USR0053,1205.96,1779.0,0.678,27.2,266.9,10,Chennai,0,DEV_ANDROID_14,0,1811,0,1.31,0,P2P,0
TXN103045,USR0072,3436.18,4501.0,0.763,11.5,14.3,9,Kolkata,0,DEV_ANDROID_14,0,1363,0,0.9,1,P2M,0
TXN103046,USR0131,904.29,1330.0,0.68,26.7,765.3,16,Bengaluru,0,DEV_ANDROID_13,1,1029,0,1.23,1,P2P,0
TXN103047,USR0018,12643.04,1836.0,6.886,33.3,199.1,18,Chennai,0,DEV_ANDROID_14,0,1545,0,1.01,0,BILL_PAYMENT,0
TXN103048,USR0101,5120.3,4828.0,1.061,23.9,18.9,9,Mumbai,0,DEV_IOS_18,0,549,0,0.57,1,P2P,0
TXN103049,USR0062,3707.81,2948.0,1.258,10.4,31.2,9,Mumbai,0,DEV_ANDROID_14,0,217,0,1.95,1,P2P,0
TXN103050,USR0089,451.67,1008.0,0.448,13.2,247.4,7,Kolkata,0,DEV_ANDROID_14,0,948,0,1.25,1,BILL_PAYMENT,0
TXN103051,USR0072,3351.95,4501.0,0.745,5.9,403.4,9,Jaipur,1,DEV_ANDROID_14,0,1345,0,0.99,1,P2P,0
TXN103052,USR0149,6769.95,3318.0,2.04,21.2,130.7,6,Chandigarh,1,DEV_ANDROID_13,0,1442,0,2.87,0,INVESTMENT,0
TXN103053,USR0012,2605.39,1109.0,2.349,30.9,96.0,12,Kochi,1,DEV_IOS_18,0,1221,0,1.93,1,P2M,0
TXN103054,USR0135,2470.05,3326.0,0.743,9.7,377.4,9,Kolkata,0,DEV_IOS_18,0,1140,0,0.59,0,P2P,0
TXN103055,USR0126,1152.98,2090.0,0.552,23.8,92.5,21,Delhi,0,DEV_IOS_18,0,678,0,1.81,0,BILL_PAYMENT,0
TXN103056,USR0149,2599.1,3318.0,0.783,18.7,104.8,12,Chennai,0,DEV_ANDROID_13,0,1423,0,0.51,1,P2M,0
TXN103057,USR0130,2298.78,2863.0,0.803,37.1,117.4,12,Delhi,0,DEV_WEB_CHROME,1,1547,0,1.25,0,P2M,0
TXN103058,USR0067,2542.14,1825.0,1.393,24.0,18.9,14,Hyderabad,0,DEV_IOS_18,0,902,1,1.29,1,ONLINE_SHOPPING,0
TXN103059,USR0038,4612.39,2152.0,2.143,11.3,88.5,12,Bengaluru,0,DEV_ANDROID_14,0,569,0,1.23,0,P2P,0
TXN103060,USR0148,1591.34,1934.0,0.823,22.8,330.3,14,Chennai,0,DEV_ANDROID_13,0,1601,0,1.65,1,P2M,0
TXN103061,USR0103,3971.49,4267.0,0.931,25.8,691.7,18,Kolkata,0,DEV_ANDROID_13,0,1759,0,1.29,1,BILL_PAYMENT,0
TXN103062,USR0116,3292.01,2809.0,1.172,30.0,265.9,9,Bengaluru,0,DEV_ANDROID_13,0,199,0,1.88,1,P2P,0
TXN103063,USR0124,1863.02,1625.0,1.146,7.9,312.2,13,Hyderabad,0,DEV_ANDROID_14,0,301,0,1.62,1,P2P,0
TXN103064,USR0013,1371.53,2086.0,0.657,33.4,36.9,11,Kolkata,0,DEV_ANDROID_13,0,770,2,1.17,0,P2P,0
TXN103065,USR0116,2863.91,2809.0,1.02,33.3,182.6,9,Ahmedabad,1,DEV_ANDROID_13,0,268,0,1.88,1,BILL_PAYMENT,0
TXN103066,USR0018,1326.27,1836.0,0.722,31.8,100.5,17,Chennai,0,DEV_ANDROID_14,0,1514,0,1.09,1,P2M,0
TXN103067,USR0029,2850.99,1672.0,1.705,16.9,35.5,9,Kolkata,0,DEV_ANDROID_14,0,1843,0,1.06,1,P2M,0
TXN103068,USR0059,25380.28,4787.0,5.302,29.0,145.0,3,Mumbai,1,DEV_ANDROID_12,1,1044,1,3.73,0,P2P,1
TXN103069,USR0075,3370.45,2287.0,1.474,16.5,52.2,16,Bengaluru,0,DEV_IOS_18,0,1586,0,1.24,1,P2P,0
TXN103070,USR0149,5501.06,3318.0,1.658,12.3,24.8,23,Chennai,0,DEV_ANDROID_13,0,1422,0,0.58,1,BILL_PAYMENT,0
TXN103071,USR0134,13090.81,4359.0,3.003,30.8,383.7,21,Chennai,0,DEV_IOS_18,0,299,0,1.56,0,P2M,0
TXN103072,USR0040,963.34,942.0,1.023,19.9,140.7,14,Mumbai,0,DEV_IOS_18,0,1723,0,0.99,0,P2M,0
TXN103073,USR0072,3781.12,4501.0,0.84,7.1,176.0,11,Bengaluru,1,DEV_ANDROID_14,0,1382,0,1.35,0,P2M,0
TXN103074,USR0061,640.08,445.0,1.438,36.1,122.1,11,Bengaluru,0,DEV_ANDROID_13,0,1026,0,2.36,1,P2M,0
TXN103075,USR0018,948.12,1836.0,0.516,25.7,143.6,19,Chennai,0,DEV_ANDROID_14,0,1541,0,1.36,0,INVESTMENT,0
TXN103076,USR0040,1136.85,942.0,1.207,19.1,260.8,17,Mumbai,0,DEV_IOS_18,0,1785,0,0.13,1,P2M,0
TXN103077,USR0047,584.55,489.0,1.195,25.3,69.9,9,Bengaluru,0,DEV_ANDROID_13,0,901,0,1.34,1,P2M,0
TXN103078,USR0052,520.65,875.0,0.595,2.6,11.8,16,Mumbai,0,DEV_IOS_18,1,1074,0,0.7,1,P2M,0
TXN103079,USR0058,5000.4,3029.0,1.651,22.6,179.1,12,Kolkata,0,DEV_IOS_18,1,861,0,0.81,1,ONLINE_SHOPPING,0
TXN103080,USR0090,4881.82,4795.0,1.018,19.5,55.9,17,Hyderabad,0,DEV_ANDROID_14,0,519,0,0.75,1,P2P,0
TXN103081,USR0012,718.65,1109.0,0.648,22.4,590.7,12,Bengaluru,1,DEV_IOS_18,0,1233,0,0.95,1,P2P,0
TXN103082,USR0022,40934.67,3458.0,11.838,35.0,9.9,2,Jaipur,1,DEV_ANDROID_12,1,1273,4,6.78,0,P2P,1
TXN103083,USR0134,8499.17,4359.0,1.95,37.0,164.4,9,Chennai,0,DEV_IOS_18,0,253,0,0.74,1,P2P,0
TXN103084,USR0114,2616.44,1547.0,1.691,26.8,397.8,9,Delhi,0,DEV_ANDROID_14,0,1096,0,1.52,1,P2P,0
TXN103085,USR0043,25014.08,4029.0,6.209,50.0,31.6,7,Ahmedabad,1,DEV_UNKNOWN,1,1389,3,9.86,0,P2P,1
TXN103086,USR0036,856.81,1141.0,0.751,36.0,71.3,12,Bengaluru,0,DEV_ANDROID_13,0,917,0,0.91,1,P2P,0
TXN103087,USR0009,1350.92,3622.0,0.373,13.7,84.1,17,Mumbai,0,DEV_ANDROID_13,0,168,0,0.67,1,ONLINE_SHOPPING,0
TXN103088,USR0125,1026.65,1159.0,0.886,20.0,152.8,13,Bengaluru,0,DEV_IOS_18,0,1093,0,1.36,1,P2P,0
TXN103089,USR0024,856.91,1043.0,0.822,13.4,96.2,9,Hyderabad,0,DEV_ANDROID_14,0,289,0,1.32,0,BILL_PAYMENT,0
TXN103090,USR0021,18710.4,4102.0,4.561,35.0,14.9,10,Mumbai,1,DEV_UNKNOWN,1,1426,5,9.98,0,P2P,1
TXN103091,USR0098,1802.91,2841.0,0.635,27.0,59.1,17,Delhi,0,DEV_ANDROID_13,1,1095,0,0.84,1,P2P,0
TXN103092,USR0057,8374.02,3487.0,2.401,19.3,81.6,14,Delhi,0,DEV_IOS_18,0,850,0,0.77,0,P2M,0
TXN103093,USR0108,803.49,931.0,0.863,20.9,238.5,15,Mumbai,0,DEV_IOS_18,0,64,0,1.58,1,P2M,0
TXN103094,USR0114,909.33,1547.0,0.588,21.3,311.0,12,Delhi,0,DEV_ANDROID_14,0,1053,0,1.17,1,ONLINE_SHOPPING,0
TXN103095,USR0026,2763.04,3918.0,0.705,19.3,23.9,14,Hyderabad,0,DEV_ANDROID_14,0,1210,0,1.46,1,P2P,0
TXN103096,USR0016,1415.89,1443.0,0.981,24.2,102.3,17,Bengaluru,0,DEV_ANDROID_14,0,1233,0,1.18,0,P2P,0
TXN103097,USR0090,4469.72,4795.0,0.932,17.1,181.3,11,Hyderabad,0,DEV_ANDROID_14,0,552,0,1.3,1,P2P,0
TXN103098,USR0090,20752.48,4795.0,4.328,40.0,2.9,10,Jaipur,1,DEV_IOS_18,1,550,1,7.49,0,P2P,1
TXN103099,USR0046,1934.43,3064.0,0.631,21.3,296.4,12,Jaipur,1,DEV_ANDROID_13,0,333,0,1.65,0,P2P,0
TXN103100,USR0106,7804.8,1061.0,7.356,32.3,951.4,13,Delhi,0,DEV_ANDROID_13,0,1686,0,0.78,0,BILL_PAYMENT,0
TXN103101,USR0076,6749.08,3835.0,1.76,18.3,26.3,15,Mumbai,0,DEV_ANDROID_13,0,550,0,0.37,1,P2P,0
TXN103102,USR0062,3842.95,2948.0,1.304,12.3,268.3,10,Mumbai,0,DEV_ANDROID_14,0,225,0,1.54,1,BILL_PAYMENT,0
TXN103103,USR0116,1098.97,2809.0,0.391,33.3,75.0,9,Bengaluru,0,DEV_ANDROID_13,0,251,0,0.41,0,RECHARGE,0
TXN103104,USR0006,5244.8,4184.0,1.254,28.1,87.6,16,Hyderabad,0,DEV_IOS_18,0,814,0,0.35,1,P2P,0
TXN103105,USR0101,4148.58,4828.0,0.859,31.2,38.5,12,Chennai,1,DEV_IOS_18,0,497,0,0.35,0,P2M,0
TXN103106,USR0100,1752.46,2121.0,0.826,33.3,258.7,8,Bengaluru,0,DEV_ANDROID_14,0,769,0,1.68,0,P2M,0
TXN103107,USR0103,7727.21,4267.0,1.811,28.6,128.5,9,Kolkata,0,DEV_ANDROID_13,0,1712,0,0.62,0,P2P,0
TXN103108,USR0098,2992.47,2841.0,1.053,26.7,27.3,17,Chennai,1,DEV_IOS_18,0,1109,0,1.86,1,P2P,0
TXN103109,USR0106,1130.82,1061.0,1.066,26.0,56.6,21,Delhi,0,DEV_ANDROID_13,0,1703,0,1.3,1,P2P,0
TXN103110,USR0012,1086.6,1109.0,0.98,29.9,59.8,14,Kochi,1,DEV_IOS_18,0,1257,0,0.1,0,BILL_PAYMENT,0
TXN103111,USR0130,2798.13,2863.0,0.977,29.3,112.6,11,Delhi,0,DEV_IOS_18,0,1519,0,0.36,1,ONLINE_SHOPPING,0
TXN103112,USR0061,333.58,445.0,0.75,34.1,159.2,8,Bengaluru,0,DEV_ANDROID_13,0,982,0,1.58,1,P2M,0
TXN103113,USR0085,4008.69,3924.0,1.022,19.4,51.2,13,Kolkata,0,DEV_ANDROID_13,0,788,0,0.27,1,P2P,0
TXN103114,USR0146,777.27,803.0,0.968,18.6,46.8,11,Mumbai,0,DEV_ANDROID_13,0,1192,0,1.69,1,P2P,0
TXN103115,USR0067,898.07,1825.0,0.492,25.7,14.1,19,Hyderabad,0,DEV_IOS_18,0,830,0,1.51,1,RECHARGE,0
TXN103116,USR0046,3954.16,3064.0,1.291,21.1,6.8,21,Delhi,0,DEV_ANDROID_13,0,370,0,1.46,1,P2P,0
TXN103117,USR0074,1190.97,1853.0,0.643,2.0,78.6,10,Hyderabad,0,DEV_IOS_18,0,1442,0,1.21,1,P2M,0
TXN103118,USR0078,2939.86,4223.0,0.696,33.3,656.1,9,Mumbai,0,DEV_ANDROID_14,0,327,0,0.96,1,P2P,0
TXN103119,USR0046,4789.47,3064.0,1.563,13.3,182.2,13,Delhi,0,DEV_ANDROID_13,0,343,0,0.76,1,BILL_PAYMENT,0
TXN103120,USR0083,1914.55,1684.0,1.137,5.9,5.0,16,Delhi,0,DEV_ANDROID_14,0,76,0,1.53,1,P2P,0
TXN103121,USR0084,1701.02,960.0,1.772,13.5,278.8,10,Chennai,0,DEV_ANDROID_13,0,964,0,0.99,1,P2M,0
TXN103122,USR0032,3591.75,2962.0,1.213,16.2,122.0,17,Hyderabad,0,DEV_ANDROID_14,0,1453,0,1.59,1,RECHARGE,0
TXN103123,USR0029,1601.27,1672.0,0.958,14.9,463.5,17,Kolkata,0,DEV_ANDROID_14,0,1773,0,0.92,1,P2P,0
TXN103124,USR0058,18437.05,3029.0,6.087,39.0,13.6,17,Delhi,1,DEV_UNKNOWN,1,901,6,9.06,0,INVESTMENT,1
TXN103125,USR0087,4902.25,4199.0,1.167,13.0,1275.7,10,Mumbai,0,DEV_ANDROID_13,0,836,0,1.12,1,P2P,0
TXN103126,USR0030,1036.72,1476.0,0.702,32.2,990.2,20,Kolkata,0,DEV_ANDROID_14,0,147,0,1.46,1,RECHARGE,0
TXN103127,USR0131,22122.69,1330.0,16.634,33.0,16.8,16,Bengaluru,0,DEV_ANDROID_12,1,1017,5,8.04,0,P2P,1
TXN103128,USR0095,1896.15,2387.0,0.794,22.5,92.6,16,Chennai,0,DEV_ANDROID_13,0,1146,0,1.54,1,RECHARGE,0
TXN103129,USR0073,2489.04,1427.0,1.744,55.0,1.9,12,Kochi,1,DEV_WEB_CHROME,1,273,3,10.43,0,P2P,1
TXN103130,USR0056,3691.62,4000.0,0.923,9.5,5.0,23,Bengaluru,0,DEV_IOS_18,0,220,0,1.3,1,P2P,0
TXN103131,USR0129,12797.73,4329.0,2.956,14.3,152.1,8,Chennai,0,DEV_ANDROID_13,0,1373,0,1.05,1,P2M,0
TXN103132,USR0037,1529.81,2687.0,0.569,23.5,234.4,9,Kolkata,0,DEV_ANDROID_14,0,940,0,2.06,1,P2P,0
TXN103133,USR0041,3603.97,2677.0,1.346,27.5,504.7,13,Bengaluru,0,DEV_ANDROID_13,0,842,0,0.6,1,P2M,0
TXN103134,USR0038,14987.2,2152.0,6.964,14.5,131.6,16,Bengaluru,0,DEV_ANDROID_14,0,570,0,1.4,1,ONLINE_SHOPPING,0
TXN103135,USR0045,3295.81,3638.0,0.906,7.4,26.8,12,Mumbai,0,DEV_ANDROID_14,1,1340,0,1.28,1,P2M,0
TXN103136,USR0070,9071.97,4705.0,1.928,16.6,26.4,17,Delhi,0,DEV_ANDROID_13,0,349,0,2.48,1,P2M,0
TXN103137,USR0085,45228.5,3924.0,11.526,16.0,27.7,15,Jaipur,1,DEV_ANDROID_13,0,781,4,4.92,0,INVESTMENT,1
TXN103138,USR0091,1349.31,2696.0,0.5,6.5,106.3,14,Kolkata,0,DEV_ANDROID_13,0,1097,0,0.1,1,BILL_PAYMENT,0
TXN103139,USR0023,3209.01,2955.0,1.086,14.2,539.3,11,Delhi,0,DEV_ANDROID_13,0,960,0,0.45,0,P2M,0
TXN103140,USR0010,16192.69,4508.0,3.592,36.0,0.6,16,Ahmedabad,1,DEV_IOS_18,0,1438,1,6.01,0,P2P,1
TXN103141,USR0082,1285.51,1061.0,1.212,35.2,28.4,16,Hyderabad,0,DEV_IOS_18,0,65,0,0.88,0,P2M,0
TXN103142,USR0138,5636.77,3130.0,1.801,16.7,134.1,17,Chennai,0,DEV_IOS_18,0,1425,0,1.47,1,P2P,0
TXN103143,USR0124,27657.45,1625.0,17.02,47.0,4.6,22,Lucknow,1,DEV_ANDROID_12,1,258,5,6.07,0,INVESTMENT,1
TXN103144,USR0133,461.41,561.0,0.822,16.5,285.2,12,Bengaluru,1,DEV_ANDROID_13,0,1141,0,1.04,1,P2P,0
TXN103145,USR0075,2887.37,2287.0,1.263,10.7,49.7,15,Bengaluru,0,DEV_IOS_18,0,1622,0,0.55,1,P2P,0
TXN103146,USR0112,17407.18,4425.0,3.934,27.0,66.6,15,Hyderabad,0,DEV_ANDROID_13,0,1559,0,1.22,1,BILL_PAYMENT,0
TXN103147,USR0025,3295.22,3410.0,0.966,16.7,302.8,21,Bengaluru,0,DEV_ANDROID_13,0,1533,0,1.08,0,BILL_PAYMENT,0
TXN103148,USR0130,2500.79,2863.0,0.873,34.4,102.6,16,Delhi,0,DEV_IOS_18,0,1562,0,0.8,1,ONLINE_SHOPPING,0
TXN103149,USR0006,3396.89,4184.0,0.812,20.6,29.7,8,Hyderabad,0,DEV_IOS_18,0,854,0,1.2,1,ONLINE_SHOPPING,0
TXN103150,USR0005,2124.55,1239.0,1.715,30.8,108.0,16,Hyderabad,0,DEV_IOS_18,0,1398,0,1.16,1,P2M,0
TXN103151,USR0098,769.32,2841.0,0.271,23.6,421.2,6,Delhi,0,DEV_IOS_18,0,1137,2,0.59,1,P2P,0
TXN103152,USR0150,1047.96,1846.0,0.568,13.7,13.3,6,Bengaluru,0,DEV_IOS_18,0,342,0,0.96,1,P2M,0
TXN103153,USR0002,4151.72,3607.0,1.151,12.6,52.8,13,Kolkata,0,DEV_ANDROID_14,0,248,0,1.13,1,P2P,0
TXN103154,USR0061,470.94,445.0,1.058,30.8,104.4,13,Bengaluru,0,DEV_ANDROID_13,0,1047,0,0.9,0,BILL_PAYMENT,0
TXN103155,USR0066,765.21,572.0,1.338,7.6,118.0,17,Kochi,1,DEV_ANDROID_14,0,997,0,0.23,1,RECHARGE,0
TXN103156,USR0009,7783.35,3622.0,2.149,21.6,1047.3,10,Chennai,1,DEV_ANDROID_13,0,186,0,0.23,1,P2P,0
TXN103157,USR0119,1073.92,1503.0,0.715,33.6,325.9,17,Chennai,0,DEV_ANDROID_13,0,637,0,1.58,0,P2P,0
TXN103158,USR0027,523.39,816.0,0.641,24.0,255.0,15,Hyderabad,0,DEV_IOS_18,0,1454,0,1.16,1,ONLINE_SHOPPING,0
TXN103159,USR0128,11158.14,1765.0,6.322,15.0,265.0,5,Chennai,0,DEV_UNKNOWN,1,1749,2,4.18,0,P2P,1
TXN103160,USR0108,1825.21,931.0,1.96,23.8,497.1,11,Mumbai,0,DEV_IOS_18,0,107,0,2.07,1,P2P,0
TXN103161,USR0118,814.52,855.0,0.953,30.2,34.7,18,Hyderabad,1,DEV_ANDROID_13,0,1533,0,0.73,0,P2P,0
TXN103162,USR0137,5828.29,4815.0,1.21,30.1,88.4,10,Chennai,0,DEV_ANDROID_14,0,357,0,2.03,1,P2P,0
TXN103163,USR0017,1734.97,1139.0,1.523,22.5,5.0,16,Kolkata,0,DEV_IOS_18,0,1192,0,1.57,0,P2M,0
TXN103164,USR0033,12330.32,2282.0,5.403,33.0,221.0,2,Lucknow,1,DEV_ANDROID_14,1,757,2,5.04,0,P2P,1
TXN103165,USR0148,2478.86,1934.0,1.282,26.9,266.8,11,Chennai,0,DEV_ANDROID_13,0,1672,0,1.49,0,P2P,0
TXN103166,USR0050,3936.12,2312.0,1.702,28.1,728.2,11,Mumbai,0,DEV_ANDROID_13,0,150,0,1.64,1,P2M,0
TXN103167,USR0006,14469.6,4184.0,3.458,24.9,270.8,17,Hyderabad,0,DEV_IOS_18,0,820,0,1.38,1,P2P,0
TXN103168,USR0092,5165.13,3316.0,1.558,32.6,20.9,13,Hyderabad,0,DEV_ANDROID_14,0,252,0,2.03,1,P2P,0
TXN103169,USR0045,5774.93,3638.0,1.587,16.4,91.4,14,Mumbai,0,DEV_IOS_18,0,1355,0,0.1,0,P2M,0
TXN103170,USR0099,3391.98,3865.0,0.878,24.0,86.0,21,Kolkata,0,DEV_ANDROID_13,0,571,0,1.4,1,BILL_PAYMENT,0
TXN103171,USR0090,3326.45,4795.0,0.694,17.9,371.7,6,Hyderabad,0,DEV_ANDROID_14,0,580,0,1.32,0,P2P,0
TXN103172,USR0135,2678.39,3326.0,0.805,5.6,9.1,9,Kolkata,0,DEV_IOS_18,0,1145,0,1.21,0,P2P,0
TXN103173,USR0099,12111.78,3865.0,3.134,24.0,43.0,1,Ahmedabad,1,DEV_ANDROID_14,1,566,2,5.87,0,P2P,1
TXN103174,USR0130,2563.96,2863.0,0.896,32.6,37.9,14,Delhi,0,DEV_IOS_18,0,1559,0,1.18,1,P2P,0
TXN103175,USR0127,11430.0,2395.0,4.772,36.0,0.9,19,Ahmedabad,1,DEV_ANDROID_13,1,337,1,12.46,0,ONLINE_SHOPPING,1
TXN103176,USR0036,1152.84,1141.0,1.01,35.5,514.5,15,Bengaluru,0,DEV_ANDROID_13,0,896,0,1.23,1,P2P,0
TXN103177,USR0005,7463.53,1239.0,6.024,33.2,127.8,18,Hyderabad,0,DEV_IOS_18,0,1412,0,1.43,1,P2M,0
TXN103178,USR0019,4120.7,4271.0,0.965,13.5,27.4,15,Bengaluru,0,DEV_ANDROID_13,0,1670,0,0.42,0,BILL_PAYMENT,0
TXN103179,USR0126,1463.65,2090.0,0.7,14.9,5.0,14,Delhi,0,DEV_IOS_18,0,710,0,0.67,1,INVESTMENT,0
TXN103180,USR0027,5550.19,816.0,6.802,22.3,126.9,15,Hyderabad,0,DEV_IOS_18,0,1453,0,1.2,1,RECHARGE,0
TXN103181,USR0071,1685.9,1774.0,0.95,19.2,54.7,13,Hyderabad,0,DEV_ANDROID_14,0,1745,0,1.81,0,P2M,0
TXN103182,USR0133,1122.84,561.0,2.001,3.7,71.6,9,Delhi,0,DEV_ANDROID_13,0,1144,0,1.11,1,RECHARGE,0
TXN103183,USR0041,2024.56,2677.0,0.756,29.7,562.7,6,Bengaluru,0,DEV_ANDROID_13,0,821,0,0.6,1,BILL_PAYMENT,0
TXN103184,USR0144,33173.98,2663.0,12.457,31.0,2.7,17,Kochi,1,DEV_IOS_18,0,1077,2,8.73,0,P2M,1
TXN103185,USR0056,3441.91,4000.0,0.86,3.7,547.6,10,Bengaluru,0,DEV_IOS_18,0,221,0,1.67,1,P2P,0
TXN103186,USR0049,2136.91,835.0,2.559,35.0,12.6,18,Mumbai,0,DEV_UNKNOWN,1,1151,2,3.99,0,P2P,1
TXN103187,USR0037,4101.09,2687.0,1.526,28.9,94.9,9,Kolkata,0,DEV_ANDROID_14,0,957,0,1.22,1,ONLINE_SHOPPING,0
TXN103188,USR0043,8030.82,4029.0,1.993,21.0,83.4,8,Delhi,0,DEV_ANDROID_13,0,1334,0,0.27,0,ONLINE_SHOPPING,0
TXN103189,USR0001,4449.63,3411.0,1.304,18.2,329.5,9,Mumbai,0,DEV_ANDROID_13,0,795,0,1.74,1,P2P,0
TXN103190,USR0115,1299.75,1698.0,0.765,4.1,310.7,18,Jaipur,1,DEV_IOS_18,0,44,0,1.51,1,P2P,0
TXN103191,USR0055,1514.82,1096.0,1.382,26.8,593.1,17,Delhi,0,DEV_ANDROID_14,0,778,0,0.33,1,P2M,0
TXN103192,USR0097,2204.09,1552.0,1.42,25.9,387.1,9,Delhi,0,DEV_ANDROID_13,0,867,0,1.52,1,ONLINE_SHOPPING,0
TXN103193,USR0084,1510.22,960.0,1.573,17.2,119.9,17,Chennai,0,DEV_ANDROID_13,0,907,0,1.0,1,P2M,0
TXN103194,USR0023,2067.88,2955.0,0.7,20.0,87.4,17,Delhi,0,DEV_ANDROID_13,0,954,0,0.53,0,P2M,0
TXN103195,USR0088,3743.16,4666.0,0.802,6.4,49.9,13,Mumbai,0,DEV_IOS_18,0,780,0,0.7,0,P2M,0
TXN103196,USR0108,632.01,931.0,0.679,20.8,96.9,16,Mumbai,0,DEV_IOS_18,0,120,0,1.0,1,INVESTMENT,0
TXN103197,USR0090,2869.45,4795.0,0.598,20.4,513.4,20,Hyderabad,0,DEV_ANDROID_14,0,580,0,1.25,1,BILL_PAYMENT,0
TXN103198,USR0112,1793.85,4425.0,0.405,26.0,7.0,10,Hyderabad,0,DEV_ANDROID_13,0,1532,0,0.5,1,P2M,0
TXN103199,USR0004,720.04,989.0,0.728,33.0,19.0,10,Chennai,0,DEV_IOS_18,0,828,0,2.66,1,BILL_PAYMENT,0
TXN103200,USR0004,396.76,989.0,0.401,29.1,127.4,12,Chennai,0,DEV_IOS_18,0,881,0,0.8,1,P2M,0
TXN103201,USR0069,1893.42,3260.0,0.581,22.7,91.9,17,Hyderabad,0,DEV_ANDROID_14,0,1616,0,0.1,0,RECHARGE,0
TXN103202,USR0065,2797.72,3227.0,0.867,34.0,94.2,18,Delhi,0,DEV_ANDROID_14,0,1775,0,0.78,1,BILL_PAYMENT,0
TXN103203,USR0075,20223.04,2287.0,8.843,34.0,11.0,12,Mumbai,1,DEV_UNKNOWN,1,1579,7,9.55,0,INVESTMENT,1
TXN103204,USR0068,14900.04,1858.0,8.019,27.0,8.7,23,Jaipur,1,DEV_UNKNOWN,1,1766,6,6.43,0,P2P,1
TXN103205,USR0054,2924.68,1995.0,1.466,30.9,253.3,19,Jaipur,1,DEV_IOS_18,0,1123,0,1.37,1,P2M,0
TXN103206,USR0003,22592.84,3784.0,5.971,28.9,65.1,16,Hyderabad,0,DEV_ANDROID_13,0,1349,0,1.14,1,P2P,0
TXN103207,USR0141,2039.5,1171.0,1.742,6.0,142.3,10,Hyderabad,0,DEV_IOS_18,0,288,0,0.94,1,ONLINE_SHOPPING,0
TXN103208,USR0022,5917.31,3458.0,1.711,15.9,22.8,12,Chennai,0,DEV_ANDROID_13,0,1337,0,0.95,1,P2P,0
TXN103209,USR0045,5411.17,3638.0,1.487,12.7,34.5,7,Mumbai,0,DEV_IOS_18,0,1358,1,1.86,1,P2P,0
TXN103210,USR0148,9394.27,1934.0,4.857,32.0,32.0,4,Bengaluru,1,DEV_UNKNOWN,1,1609,1,6.08,0,P2P,1
TXN103211,USR0080,3473.51,1303.0,2.666,11.0,203.4,14,Kolkata,0,DEV_ANDROID_14,0,569,0,1.24,0,P2M,0
TXN103212,USR0142,1646.92,3033.0,0.543,15.5,102.9,17,Hyderabad,0,DEV_ANDROID_14,0,908,0,1.72,1,P2P,0
TXN103213,USR0003,2536.75,3784.0,0.67,28.2,117.9,9,Hyderabad,0,DEV_ANDROID_13,0,1285,0,1.9,0,P2M,0
TXN103214,USR0133,885.19,561.0,1.578,12.5,128.1,12,Delhi,0,DEV_ANDROID_13,0,1067,0,1.11,0,P2P,0
TXN103215,USR0059,3246.02,4787.0,0.678,12.1,190.9,16,Chennai,0,DEV_ANDROID_14,0,1039,0,2.22,0,P2P,0
TXN103216,USR0078,2891.32,4223.0,0.685,31.4,42.9,20,Mumbai,0,DEV_ANDROID_14,0,354,0,0.95,1,P2M,0
TXN103217,USR0089,1095.44,1008.0,1.087,22.1,73.8,7,Kolkata,0,DEV_ANDROID_14,0,975,0,1.19,1,P2P,0
TXN103218,USR0043,4795.83,4029.0,1.19,14.6,267.2,18,Delhi,0,DEV_ANDROID_13,0,1333,0,1.1,1,RECHARGE,0
TXN103219,USR0066,2580.57,572.0,4.511,8.3,79.8,22,Kolkata,1,DEV_ANDROID_14,0,1006,0,1.49,0,P2M,0
TXN103220,USR0124,3793.97,1625.0,2.335,9.0,128.5,12,Hyderabad,0,DEV_IOS_18,1,319,0,1.36,1,P2M,0
TXN103221,USR0047,217.45,489.0,0.445,25.5,20.6,10,Chennai,1,DEV_ANDROID_13,0,920,0,1.26,1,P2P,0
TXN103222,USR0061,428.02,445.0,0.962,27.8,5.9,15,Bengaluru,0,DEV_ANDROID_13,0,1012,0,1.04,1,P2P,0
TXN103223,USR0129,3578.15,4329.0,0.827,22.6,735.1,17,Chennai,0,DEV_ANDROID_13,0,1384,0,2.52,1,P2P,0
TXN103224,USR0125,9294.96,1159.0,8.02,33.0,25.5,13,Mumbai,1,DEV_UNKNOWN,1,1109,6,8.76,0,P2P,1
TXN103225,USR0024,1862.99,1043.0,1.786,6.8,32.9,19,Hyderabad,0,DEV_ANDROID_14,0,229,0,1.04,0,ONLINE_SHOPPING,0
TXN103226,USR0124,1959.32,1625.0,1.206,2.4,50.5,14,Hyderabad,0,DEV_ANDROID_14,0,261,0,2.39,1,P2M,0
TXN103227,USR0053,12174.36,1779.0,6.843,22.0,51.7,16,Jaipur,1,DEV_UNKNOWN,1,1835,7,4.26,0,P2P,1
TXN103228,USR0142,2614.16,3033.0,0.862,20.4,247.3,20,Hyderabad,0,DEV_ANDROID_14,0,867,0,1.26,1,ONLINE_SHOPPING,0
TXN103229,USR0103,2493.72,4267.0,0.584,27.4,48.1,14,Kolkata,0,DEV_ANDROID_13,0,1746,0,1.59,1,BILL_PAYMENT,0
TXN103230,USR0105,1015.3,1284.0,0.791,32.2,32.1,17,Bengaluru,0,DEV_ANDROID_14,0,643,0,0.33,1,BILL_PAYMENT,0
TXN103231,USR0018,2242.27,1836.0,1.221,27.7,730.4,11,Kochi,1,DEV_ANDROID_14,0,1529,0,1.57,1,P2M,0
TXN103232,USR0056,2565.07,4000.0,0.641,2.3,567.5,15,Bengaluru,0,DEV_IOS_18,0,164,0,1.37,1,P2P,0
TXN103233,USR0070,6508.85,4705.0,1.383,6.6,227.3,12,Delhi,0,DEV_ANDROID_13,0,377,0,1.01,1,ONLINE_SHOPPING,0
TXN103234,USR0123,4102.56,4007.0,1.024,20.5,180.2,9,Kolkata,0,DEV_IOS_18,0,1287,0,1.58,0,P2P,0
TXN103235,USR0095,2207.97,2387.0,0.925,22.9,464.8,14,Chennai,0,DEV_ANDROID_13,0,1146,0,1.58,1,P2M,0
TXN103236,USR0042,15299.75,4858.0,3.149,8.0,140.4,19,Delhi,0,DEV_ANDROID_13,0,1418,0,0.86,1,ONLINE_SHOPPING,0
TXN103237,USR0134,4004.62,4359.0,0.919,33.5,201.9,8,Chennai,0,DEV_IOS_18,0,250,0,1.61,1,INVESTMENT,0
TXN103238,USR0094,1814.31,3141.0,0.578,12.9,87.0,17,Chennai,1,DEV_ANDROID_14,0,1668,1,0.61,1,P2P,0
TXN103239,USR0023,1649.68,2955.0,0.558,18.1,95.6,7,Delhi,0,DEV_ANDROID_13,0,932,0,0.1,1,P2M,0
TXN103240,USR0107,685.83,1116.0,0.615,13.5,61.2,15,Hyderabad,0,DEV_ANDROID_14,0,1045,0,0.64,1,INVESTMENT,0
TXN103241,USR0049,685.68,835.0,0.821,25.4,60.8,18,Mumbai,0,DEV_IOS_18,0,1139,0,1.4,0,P2P,0
TXN103242,USR0085,11158.13,3924.0,2.844,17.0,109.0,3,Kolkata,0,DEV_UNKNOWN,1,759,2,6.01,0,P2P,1
TXN103243,USR0144,2470.55,2663.0,0.928,7.7,164.5,18,Chennai,0,DEV_IOS_18,0,1100,0,1.24,0,P2M,0
TXN103244,USR0004,667.06,989.0,0.674,34.8,301.9,20,Mumbai,1,DEV_IOS_18,0,821,0,1.65,1,P2P,0
TXN103245,USR0143,3671.88,3747.0,0.98,21.6,27.7,11,Chennai,0,DEV_IOS_18,0,1647,0,0.1,1,ONLINE_SHOPPING,0
TXN103246,USR0126,4469.15,2090.0,2.138,19.5,195.8,12,Delhi,0,DEV_IOS_18,0,681,0,1.11,1,BILL_PAYMENT,0
TXN103247,USR0027,1539.37,816.0,1.886,21.1,512.8,8,Hyderabad,0,DEV_IOS_18,0,1455,0,2.21,1,P2P,0
TXN103248,USR0094,6210.01,3141.0,1.977,7.6,218.1,8,Kolkata,0,DEV_ANDROID_14,0,1702,0,1.34,1,BILL_PAYMENT,0
TXN103249,USR0012,1149.34,1109.0,1.036,26.6,742.4,16,Mumbai,0,DEV_IOS_18,0,1234,0,1.95,0,P2P,0
TXN103250,USR0095,3562.55,2387.0,1.492,23.9,325.4,13,Chennai,0,DEV_ANDROID_13,0,1136,0,1.19,1,P2P,0
TXN103251,USR0103,4955.78,4267.0,1.161,29.7,49.4,6,Kolkata,0,DEV_IOS_18,1,1772,0,0.31,1,P2P,0
TXN103252,USR0122,3258.55,2765.0,1.178,31.2,153.0,8,Hyderabad,0,DEV_WEB_CHROME,1,1541,0,1.24,1,P2P,0
TXN103253,USR0054,2529.45,1995.0,1.268,24.7,282.6,11,Hyderabad,0,DEV_IOS_18,0,1112,0,2.08,1,P2P,0
TXN103254,USR0093,2719.92,3844.0,0.708,18.1,167.6,13,Chennai,0,DEV_ANDROID_14,0,97,0,1.05,1,P2P,0
TXN103255,USR0114,2435.2,1547.0,1.574,26.1,44.2,8,Delhi,0,DEV_ANDROID_14,0,1092,0,1.36,1,BILL_PAYMENT,0
TXN103256,USR0127,2140.48,2395.0,0.894,14.1,72.6,19,Chennai,0,DEV_ANDROID_14,0,397,0,0.63,1,P2P,0
TXN103257,USR0107,408.08,1116.0,0.366,10.9,355.3,11,Hyderabad,0,DEV_ANDROID_14,0,1110,0,1.06,1,ONLINE_SHOPPING,0
TXN103258,USR0145,4191.79,4287.0,0.978,9.0,208.2,8,Mumbai,0,DEV_ANDROID_13,0,1415,0,0.92,0,P2M,0
TXN103259,USR0020,4577.55,3539.0,1.293,24.9,26.6,9,Delhi,0,DEV_ANDROID_14,0,271,0,2.04,1,ONLINE_SHOPPING,0
TXN103260,USR0149,7869.52,3318.0,2.372,11.7,204.7,7,Chennai,0,DEV_ANDROID_13,0,1467,0,1.28,0,BILL_PAYMENT,0
TXN103261,USR0102,2210.65,1540.0,1.435,15.2,292.9,7,Bengaluru,0,DEV_IOS_18,0,430,0,1.58,1,P2M,0
TXN103262,USR0117,889.16,891.0,0.998,8.2,160.5,13,Mumbai,0,DEV_ANDROID_13,0,756,1,0.15,1,P2P,0
TXN103263,USR0042,5720.23,4858.0,1.177,6.4,200.8,15,Delhi,0,DEV_ANDROID_14,1,1438,0,0.47,0,P2P,0
TXN103264,USR0128,538.77,1765.0,0.305,25.4,17.6,17,Bengaluru,1,DEV_ANDROID_14,0,1696,0,1.47,1,P2P,0
TXN103265,USR0131,3771.8,1330.0,2.836,38.6,301.3,8,Bengaluru,0,DEV_IOS_18,0,1060,0,1.06,1,P2P,0
TXN103266,USR0122,2916.57,2765.0,1.055,31.2,62.8,17,Hyderabad,0,DEV_ANDROID_14,0,1535,0,0.82,1,P2P,0
TXN103267,USR0132,7097.87,3311.0,2.144,12.0,4.7,14,Hyderabad,0,DEV_UNKNOWN,1,583,1,4.42,0,P2P,1
TXN103268,USR0111,6233.95,4209.0,1.481,15.9,372.9,13,Chennai,0,DEV_IOS_18,0,1819,0,1.45,0,P2P,0
TXN103269,USR0062,1469.89,2948.0,0.499,9.5,64.4,16,Mumbai,0,DEV_ANDROID_14,0,267,0,0.88,1,P2M,0
TXN103270,USR0015,15323.5,2529.0,6.059,17.0,31.8,3,Ahmedabad,1,DEV_UNKNOWN,1,1257,7,7.1,0,INVESTMENT,1
TXN103271,USR0044,32487.6,843.0,38.538,35.0,33.7,9,Hyderabad,1,DEV_WEB_CHROME,1,1622,5,5.53,0,P2P,1
TXN103272,USR0053,1344.53,1779.0,0.756,31.0,492.6,14,Chennai,0,DEV_ANDROID_14,0,1816,0,2.4,0,P2M,0
TXN103273,USR0044,1049.22,843.0,1.245,17.4,12.9,16,Delhi,0,DEV_ANDROID_14,0,1680,0,1.26,1,P2P,0
TXN103274,USR0147,30611.41,4639.0,6.599,35.0,37.9,14,Chandigarh,1,DEV_UNKNOWN,1,450,3,5.63,0,P2P,1
TXN103275,USR0066,402.04,572.0,0.703,8.9,248.7,9,Delhi,0,DEV_ANDROID_13,1,1001,2,0.66,1,P2P,0
TXN103276,USR0087,3967.27,4199.0,0.945,8.7,148.6,8,Mumbai,0,DEV_ANDROID_13,0,830,0,1.23,0,P2P,0
TXN103277,USR0051,1680.35,1265.0,1.328,10.8,254.6,16,Delhi,0,DEV_WEB_CHROME,1,1248,0,2.44,1,P2P,0
TXN103278,USR0004,854.91,989.0,0.864,27.4,294.0,13,Chennai,0,DEV_IOS_18,0,847,0,1.29,1,P2P,0
TXN103279,USR0120,3707.81,3985.0,0.93,20.9,21.7,14,Chennai,0,DEV_IOS_18,0,1212,0,1.96,1,P2M,0
TXN103280,USR0106,1311.92,1061.0,1.236,34.1,116.6,14,Delhi,0,DEV_ANDROID_13,0,1665,0,0.34,0,P2P,0
TXN103281,USR0016,1413.35,1443.0,0.979,19.5,240.8,19,Bengaluru,0,DEV_IOS_18,1,1226,0,1.27,0,P2M,0
TXN103282,USR0042,4273.19,4858.0,0.88,13.4,474.7,9,Delhi,0,DEV_ANDROID_13,0,1435,0,0.9,0,BILL_PAYMENT,0
TXN103283,USR0005,3590.08,1239.0,2.898,30.4,149.6,14,Mumbai,1,DEV_ANDROID_13,1,1433,0,1.0,0,P2P,0
TXN103284,USR0105,732.76,1284.0,0.571,22.8,180.2,11,Bengaluru,0,DEV_ANDROID_14,0,594,0,1.64,1,P2M,0
TXN103285,USR0024,852.16,1043.0,0.817,11.2,109.7,18,Hyderabad,0,DEV_ANDROID_14,0,226,0,0.28,1,P2P,0
TXN103286,USR0115,2175.79,1698.0,1.281,4.9,15.9,17,Kolkata,0,DEV_IOS_18,0,38,0,1.55,1,P2P,0
TXN103287,USR0002,26986.07,3607.0,7.482,34.0,7.8,20,Delhi,1,DEV_ANDROID_12,1,198,5,8.92,0,P2P,1
TXN103288,USR0047,877.56,489.0,1.795,30.0,603.0,7,Bengaluru,0,DEV_ANDROID_13,0,916,0,1.3,1,P2P,0
TXN103289,USR0040,1245.4,942.0,1.322,18.6,136.0,13,Mumbai,0,DEV_IOS_18,0,1742,0,1.05,0,ONLINE_SHOPPING,0
TXN103290,USR0143,4124.7,3747.0,1.101,22.0,47.0,13,Delhi,1,DEV_IOS_18,0,1699,0,1.2,1,INVESTMENT,0
TXN103291,USR0091,3459.0,2696.0,1.283,8.6,357.2,20,Kolkata,0,DEV_IOS_18,1,1124,0,1.47,0,P2M,0
TXN103292,USR0049,1635.69,835.0,1.959,23.0,156.3,13,Mumbai,0,DEV_IOS_18,0,1166,0,1.59,1,P2P,0
TXN103293,USR0071,7298.48,1774.0,4.114,28.0,252.0,1,Lucknow,1,DEV_UNKNOWN,1,1759,0,2.64,0,P2P,1
TXN103294,USR0109,811.38,1296.0,0.626,11.7,192.0,14,Chennai,0,DEV_ANDROID_14,0,1547,0,0.87,1,BILL_PAYMENT,0
TXN103295,USR0002,5283.82,3607.0,1.465,7.2,316.5,16,Kolkata,0,DEV_WEB_CHROME,1,240,0,0.41,1,P2P,0
TXN103296,USR0132,2689.91,3311.0,0.812,9.2,328.6,9,Hyderabad,0,DEV_ANDROID_13,0,570,0,1.29,1,P2M,0
TXN103297,USR0122,7139.47,2765.0,2.582,30.0,32.6,12,Hyderabad,0,DEV_ANDROID_14,0,1561,0,1.41,0,P2P,0
TXN103298,USR0033,1083.92,2282.0,0.475,19.1,27.8,6,Kolkata,0,DEV_ANDROID_14,1,771,0,1.93,1,BILL_PAYMENT,0
TXN103299,USR0143,5707.96,3747.0,1.523,25.7,119.1,16,Chennai,0,DEV_IOS_18,0,1660,0,1.75,1,P2M,0
TXN103300,USR0076,9133.99,3835.0,2.382,13.8,98.8,14,Delhi,1,DEV_ANDROID_13,0,547,0,1.16,1,P2P,0
TXN103301,USR0006,4411.37,4184.0,1.054,18.1,58.4,15,Hyderabad,0,DEV_IOS_18,0,836,0,1.71,1,P2P,0
TXN103302,USR0088,6187.02,4666.0,1.326,1.8,341.5,16,Mumbai,0,DEV_IOS_18,0,750,0,0.97,1,P2P,0
TXN103303,USR0123,27560.3,4007.0,6.878,16.8,338.7,14,Lucknow,1,DEV_IOS_18,0,1233,0,0.52,1,BILL_PAYMENT,0
TXN103304,USR0086,4361.3,4098.0,1.064,3.6,117.8,10,Delhi,0,DEV_ANDROID_13,0,1283,0,1.31,1,P2M,0
TXN103305,USR0038,2255.07,2152.0,1.048,15.5,82.9,14,Bengaluru,0,DEV_ANDROID_14,0,557,0,1.8,0,P2M,0
TXN103306,USR0051,2512.96,1265.0,1.987,13.0,594.9,15,Delhi,0,DEV_IOS_18,0,1235,0,1.47,0,P2M,0
TXN103307,USR0133,2132.87,561.0,3.802,11.0,31.0,2,Lucknow,1,DEV_UNKNOWN,1,1073,3,3.07,0,P2P,1
TXN103308,USR0007,444.13,823.0,0.54,26.7,584.5,9,Bengaluru,0,DEV_ANDROID_14,0,1650,0,0.1,0,P2P,0
TXN103309,USR0105,1044.18,1284.0,0.813,31.8,70.9,15,Bengaluru,0,DEV_ANDROID_14,0,603,0,1.51,1,P2M,0
TXN103310,USR0027,819.78,816.0,1.005,23.6,292.7,12,Hyderabad,0,DEV_IOS_18,0,1490,0,1.56,1,P2P,0
TXN103311,USR0072,1214.3,4501.0,0.27,1.6,156.8,13,Lucknow,1,DEV_ANDROID_14,0,1383,0,0.69,1,P2M,0
TXN103312,USR0141,1744.12,1171.0,1.489,12.8,30.5,14,Hyderabad,0,DEV_IOS_18,0,268,0,1.52,1,P2M,0
TXN103313,USR0027,730.86,816.0,0.896,14.5,5.4,8,Hyderabad,0,DEV_IOS_18,0,1446,0,1.13,1,P2M,0
TXN103314,USR0044,1012.07,843.0,1.201,22.0,9.9,13,Delhi,0,DEV_ANDROID_14,0,1656,0,1.9,1,P2M,0
TXN103315,USR0075,1854.86,2287.0,0.811,16.1,93.6,20,Bengaluru,0,DEV_IOS_18,0,1602,0,1.89,1,BILL_PAYMENT,0
TXN103316,USR0126,1793.47,2090.0,0.858,17.1,410.2,11,Delhi,0,DEV_IOS_18,0,686,0,1.69,1,P2P,0
TXN103317,USR0045,3996.6,3638.0,1.099,7.2,106.8,9,Mumbai,0,DEV_IOS_18,0,1362,1,1.15,0,P2M,0
TXN103318,USR0101,42841.7,4828.0,8.874,28.0,33.5,14,Kochi,1,DEV_UNKNOWN,1,574,6,4.78,0,INVESTMENT,1
TXN103319,USR0009,2655.99,3622.0,0.733,12.5,267.7,15,Mumbai,0,DEV_ANDROID_13,0,137,0,0.5,0,P2P,0
TXN103320,USR0121,9237.69,3799.0,2.432,8.6,262.2,8,Bengaluru,1,DEV_ANDROID_13,0,1546,0,1.21,1,INVESTMENT,0
TXN103321,USR0041,1763.81,2677.0,0.659,20.8,125.8,16,Bengaluru,0,DEV_ANDROID_13,0,877,0,1.21,1,P2P,0
TXN103322,USR0138,2184.72,3130.0,0.698,20.0,74.4,10,Chennai,0,DEV_IOS_18,0,1428,0,1.33,1,P2M,0
TXN103323,USR0012,1134.77,1109.0,1.023,27.9,33.6,14,Mumbai,0,DEV_IOS_18,0,1259,0,1.76,0,P2P,0
TXN103324,USR0050,3104.92,2312.0,1.343,24.5,125.7,7,Mumbai,0,DEV_ANDROID_13,0,103,0,1.52,0,P2M,0
TXN103325,USR0126,1350.68,2090.0,0.646,21.7,252.6,21,Delhi,0,DEV_IOS_18,0,663,0,1.63,1,P2M,0
TXN103326,USR0149,1856.13,3318.0,0.559,12.0,5.0,11,Chennai,0,DEV_ANDROID_13,0,1490,0,1.38,1,P2P,0
TXN103327,USR0029,7289.41,1672.0,4.36,36.0,2.4,8,Lucknow,1,DEV_WEB_CHROME,1,1825,2,5.73,0,P2P,1
TXN103328,USR0081,1958.69,1873.0,1.046,37.6,40.5,11,Kolkata,0,DEV_ANDROID_13,0,950,0,1.78,1,P2P,0
TXN103329,USR0036,939.46,1141.0,0.823,30.0,147.8,16,Bengaluru,0,DEV_ANDROID_13,0,944,0,0.24,0,P2P,0
TXN103330,USR0139,3401.71,4684.0,0.726,31.5,58.4,8,Kolkata,0,DEV_ANDROID_13,0,210,0,0.77,1,P2P,0
TXN103331,USR0025,3285.23,3410.0,0.963,22.8,21.3,8,Bengaluru,0,DEV_ANDROID_13,0,1584,0,1.43,1,P2P,0
TXN103332,USR0058,2393.87,3029.0,0.79,21.9,32.1,13,Ahmedabad,1,DEV_ANDROID_14,0,851,0,0.42,1,P2P,0
TXN103333,USR0030,1155.74,1476.0,0.783,25.6,223.5,11,Kolkata,0,DEV_ANDROID_14,0,132,0,1.06,1,ONLINE_SHOPPING,0
TXN103334,USR0121,11238.8,3799.0,2.958,13.0,209.0,3,Jaipur,1,DEV_IOS_18,1,1528,2,2.23,0,P2P,1
TXN103335,USR0073,2613.73,1427.0,1.832,31.2,19.3,19,Kolkata,0,DEV_ANDROID_13,0,257,0,0.42,1,ONLINE_SHOPPING,0
TXN103336,USR0122,2503.64,2765.0,0.905,30.6,131.8,14,Hyderabad,0,DEV_ANDROID_14,0,1571,0,0.21,1,RECHARGE,0
TXN103337,USR0091,1916.26,2696.0,0.711,4.8,43.3,13,Kolkata,0,DEV_ANDROID_13,0,1095,0,1.12,0,P2P,0
TXN103338,USR0041,1100.66,2677.0,0.411,27.4,110.8,17,Bengaluru,0,DEV_ANDROID_13,0,852,0,0.64,1,ONLINE_SHOPPING,0
TXN103339,USR0146,5093.11,803.0,6.343,18.2,20.2,20,Hyderabad,1,DEV_ANDROID_13,0,1234,0,0.92,0,ONLINE_SHOPPING,0
TXN103340,USR0108,1063.5,931.0,1.142,16.7,131.2,17,Mumbai,0,DEV_IOS_18,0,108,0,0.79,1,P2P,0
TXN103341,USR0046,1756.45,3064.0,0.573,20.2,445.5,9,Delhi,0,DEV_ANDROID_13,0,387,0,2.82,1,BILL_PAYMENT,0
TXN103342,USR0012,1627.0,1109.0,1.467,28.5,5.0,9,Mumbai,0,DEV_IOS_18,0,1288,0,0.68,1,ONLINE_SHOPPING,0
TXN103343,USR0064,6422.92,3744.0,1.716,32.9,84.2,9,Hyderabad,0,DEV_ANDROID_13,0,1397,0,1.19,0,BILL_PAYMENT,0
TXN103344,USR0069,4815.26,3260.0,1.477,23.7,211.4,19,Hyderabad,0,DEV_ANDROID_14,0,1680,0,0.76,0,P2P,0
TXN103345,USR0046,4006.55,3064.0,1.308,24.2,67.7,8,Delhi,0,DEV_ANDROID_13,0,326,0,0.18,1,P2P,0
TXN103346,USR0150,2152.55,1846.0,1.166,12.8,22.8,12,Bengaluru,0,DEV_IOS_18,0,294,0,1.9,1,P2P,0
TXN103347,USR0056,2312.93,4000.0,0.578,2.7,37.5,8,Bengaluru,0,DEV_IOS_18,0,159,0,1.25,1,P2P,0
TXN103348,USR0033,1348.18,2282.0,0.591,13.0,458.5,23,Kolkata,0,DEV_IOS_18,0,776,0,1.04,1,P2M,0
TXN103349,USR0125,1382.8,1159.0,1.193,17.2,533.4,20,Lucknow,1,DEV_IOS_18,0,1079,0,1.14,0,P2P,0
TXN103350,USR0037,3521.58,2687.0,1.311,23.5,272.1,16,Ahmedabad,1,DEV_ANDROID_14,0,945,0,0.88,1,P2M,0
TXN103351,USR0034,1341.69,1168.0,1.149,14.2,182.4,8,Chennai,0,DEV_ANDROID_14,0,56,0,2.43,1,BILL_PAYMENT,0
TXN103352,USR0012,935.29,1109.0,0.843,27.8,172.0,11,Mumbai,0,DEV_IOS_18,0,1241,0,0.87,1,P2P,0
TXN103353,USR0114,1692.56,1547.0,1.094,22.0,52.3,23,Delhi,0,DEV_ANDROID_14,0,1070,0,1.69,1,P2P,0
TXN103354,USR0094,20582.79,3141.0,6.553,4.9,250.5,21,Kolkata,0,DEV_ANDROID_14,0,1720,0,1.14,1,P2P,0
TXN103355,USR0017,1153.01,1139.0,1.012,27.2,209.5,12,Kolkata,0,DEV_IOS_18,0,1167,0,1.52,1,INVESTMENT,0
TXN103356,USR0070,4574.78,4705.0,0.972,14.2,288.2,18,Delhi,0,DEV_ANDROID_13,0,346,0,0.58,1,INVESTMENT,0
TXN103357,USR0058,5498.98,3029.0,1.815,21.9,31.9,13,Jaipur,1,DEV_ANDROID_14,0,902,0,2.41,1,P2P,0
TXN103358,USR0033,1920.93,2282.0,0.842,16.1,684.9,8,Kolkata,0,DEV_IOS_18,0,762,0,1.23,0,BILL_PAYMENT,0
TXN103359,USR0025,2140.77,3410.0,0.628,18.8,232.7,17,Bengaluru,0,DEV_ANDROID_13,0,1546,0,0.83,1,P2M,0
TXN103360,USR0089,895.77,1008.0,0.889,22.5,135.9,10,Kolkata,0,DEV_ANDROID_14,0,962,0,1.51,1,P2P,0
TXN103361,USR0148,1520.99,1934.0,0.786,29.2,178.3,16,Ahmedabad,1,DEV_ANDROID_13,0,1658,0,1.53,1,P2P,0
TXN103362,USR0104,2776.09,706.0,3.932,19.8,13.5,18,Mumbai,0,DEV_ANDROID_13,0,1131,0,0.5,1,P2P,0
TXN103363,USR0007,1439.49,823.0,1.749,16.2,36.1,12,Bengaluru,0,DEV_ANDROID_14,0,1589,0,1.53,1,P2M,0
TXN103364,USR0092,1538.99,3316.0,0.464,25.4,591.8,16,Hyderabad,0,DEV_ANDROID_14,0,224,0,1.29,0,P2P,0
TXN103365,USR0132,6026.32,3311.0,1.82,10.4,54.2,20,Hyderabad,0,DEV_ANDROID_13,0,550,0,1.07,1,P2P,0
TXN103366,USR0149,3386.95,3318.0,1.021,15.5,99.2,14,Delhi,1,DEV_ANDROID_13,0,1420,0,1.82,1,P2P,0
TXN103367,USR0125,469.49,1159.0,0.405,21.0,113.4,14,Bengaluru,0,DEV_IOS_18,0,1079,0,0.26,1,RECHARGE,0
TXN103368,USR0137,5999.5,4815.0,1.246,32.1,249.9,23,Chennai,0,DEV_ANDROID_14,0,311,0,1.06,1,P2P,0
TXN103369,USR0054,8500.82,1995.0,4.261,17.2,8.3,19,Hyderabad,0,DEV_IOS_18,0,1083,0,1.18,0,P2P,0
TXN103370,USR0089,1298.31,1008.0,1.288,23.8,87.0,15,Kolkata,0,DEV_ANDROID_14,0,929,0,1.84,1,RECHARGE,0
TXN103371,USR0009,25077.81,3622.0,6.924,34.0,42.0,2,Pune,1,DEV_UNKNOWN,1,144,3,3.89,0,P2P,1
TXN103372,USR0131,2269.51,1330.0,1.706,28.8,302.6,9,Bengaluru,0,DEV_IOS_18,0,1042,0,1.25,1,P2P,0
TXN103373,USR0015,13510.41,2529.0,5.342,8.1,127.2,19,Chennai,0,DEV_ANDROID_14,0,1304,0,1.89,1,P2P,0
TXN103374,USR0004,2474.99,989.0,2.503,45.0,3.4,6,Jaipur,1,DEV_WEB_CHROME,1,868,2,9.4,1,ONLINE_SHOPPING,1
TXN103375,USR0146,758.7,803.0,0.945,18.6,5.5,11,Mumbai,0,DEV_ANDROID_13,0,1203,1,1.61,1,P2P,0
TXN103376,USR0045,2882.08,3638.0,0.792,15.2,96.5,13,Mumbai,0,DEV_IOS_18,0,1290,0,1.11,0,P2M,0
TXN103377,USR0049,666.5,835.0,0.798,27.1,136.9,17,Bengaluru,1,DEV_IOS_18,0,1172,0,1.41,0,RECHARGE,0
TXN103378,USR0068,4185.23,1858.0,2.253,15.9,77.7,13,Chennai,0,DEV_ANDROID_13,0,1755,0,1.71,1,P2M,0
TXN103379,USR0017,1141.74,1139.0,1.002,34.8,5.0,9,Kolkata,0,DEV_IOS_18,0,1130,0,1.26,0,P2M,0
TXN103380,USR0048,3698.49,2387.0,1.549,12.1,47.1,23,Chandigarh,1,DEV_IOS_18,0,1189,0,1.88,1,P2M,0
TXN103381,USR0068,1782.8,1858.0,0.96,6.9,109.8,11,Chennai,0,DEV_ANDROID_13,0,1772,0,1.68,1,P2P,0
TXN103382,USR0065,2051.85,3227.0,0.636,29.4,37.4,8,Delhi,0,DEV_ANDROID_14,0,1789,0,1.14,1,P2P,0
TXN103383,USR0042,8619.35,4858.0,1.774,18.2,109.1,16,Hyderabad,1,DEV_ANDROID_13,0,1428,0,1.14,1,P2P,0
TXN103384,USR0062,4399.53,2948.0,1.492,17.0,29.7,20,Chandigarh,1,DEV_ANDROID_14,0,202,0,0.82,1,BILL_PAYMENT,0
TXN103385,USR0070,2806.83,4705.0,0.597,3.5,33.3,22,Delhi,0,DEV_ANDROID_13,0,352,0,2.04,0,P2P,0
TXN103386,USR0037,2769.15,2687.0,1.031,28.4,183.1,14,Kolkata,0,DEV_ANDROID_14,0,923,0,0.78,1,P2M,0
TXN103387,USR0018,2046.35,1836.0,1.115,26.2,27.4,10,Chennai,0,DEV_ANDROID_14,0,1540,0,0.1,0,P2P,0
TXN103388,USR0147,3408.74,4639.0,0.735,27.0,209.4,13,Chennai,0,DEV_IOS_18,0,396,0,0.46,0,P2P,0
TXN103389,USR0010,25077.41,4508.0,5.563,31.2,114.8,13,Kolkata,0,DEV_IOS_18,0,1415,0,1.28,0,BILL_PAYMENT,0
TXN103390,USR0050,2775.68,2312.0,1.201,27.7,432.9,11,Mumbai,0,DEV_ANDROID_13,0,161,1,0.8,0,P2P,0
TXN103391,USR0077,4388.58,4759.0,0.922,14.2,134.3,14,Kolkata,1,DEV_ANDROID_13,0,141,0,2.42,1,P2P,0
TXN103392,USR0068,1877.73,1858.0,1.011,15.9,293.0,14,Chennai,0,DEV_ANDROID_13,0,1707,0,1.22,1,P2P,0
TXN103393,USR0085,20552.54,3924.0,5.238,26.1,489.6,10,Kolkata,0,DEV_ANDROID_13,0,799,1,0.79,0,P2M,0
TXN103394,USR0137,5921.06,4815.0,1.23,37.7,97.3,18,Chennai,0,DEV_ANDROID_14,0,386,0,1.76,1,P2M,0
TXN103395,USR0090,19951.5,4795.0,4.161,33.0,22.1,11,Hyderabad,0,DEV_ANDROID_14,0,593,0,3.52,0,P2P,1
TXN103396,USR0086,4688.92,4098.0,1.144,4.1,101.4,18,Delhi,0,DEV_ANDROID_13,0,1353,0,1.45,1,P2P,0
TXN103397,USR0069,3010.06,3260.0,0.923,14.2,105.7,13,Hyderabad,0,DEV_ANDROID_14,0,1617,0,0.88,1,P2P,0
TXN103398,USR0139,5222.99,4684.0,1.115,32.6,90.7,7,Kolkata,0,DEV_ANDROID_13,0,237,0,0.63,0,P2P,0
TXN103399,USR0101,9204.0,4828.0,1.906,25.6,34.8,22,Mumbai,0,DEV_IOS_18,0,570,0,0.94,0,P2M,0
TXN103400,USR0018,2465.51,1836.0,1.343,27.7,26.1,16,Chennai,0,DEV_ANDROID_14,0,1545,0,0.88,0,P2M,0
TXN103401,USR0082,1334.69,1061.0,1.258,33.1,126.4,13,Hyderabad,0,DEV_IOS_18,0,102,0,1.53,1,P2P,0
TXN103402,USR0148,9709.56,1934.0,5.02,22.0,54.0,5,Lucknow,1,DEV_UNKNOWN,1,1674,0,5.29,0,P2P,1
TXN103403,USR0003,15892.98,3784.0,4.2,29.3,344.5,16,Hyderabad,0,DEV_ANDROID_13,0,1313,0,1.18,1,P2P,0
TXN103404,USR0021,4385.7,4102.0,1.069,1.0,5.0,16,Chennai,0,DEV_ANDROID_14,0,1479,0,1.82,1,P2P,0
TXN103405,USR0011,3093.2,2073.0,1.492,16.0,38.1,12,Chennai,0,DEV_ANDROID_14,0,957,0,0.62,0,P2P,0
TXN103406,USR0132,4741.91,3311.0,1.432,10.0,371.1,12,Hyderabad,0,DEV_ANDROID_13,0,579,0,1.26,1,P2M,0
TXN103407,USR0091,2807.95,2696.0,1.042,4.1,276.4,12,Kolkata,0,DEV_IOS_18,1,1112,0,0.52,0,INVESTMENT,0
TXN103408,USR0114,1500.43,1547.0,0.97,16.5,341.9,12,Delhi,0,DEV_ANDROID_14,0,1051,0,0.1,1,P2M,0
TXN103409,USR0147,4538.63,4639.0,0.978,29.9,11.1,18,Chennai,0,DEV_IOS_18,0,435,0,1.42,1,P2P,0
TXN103410,USR0120,866.5,3985.0,0.217,26.3,175.8,17,Chennai,0,DEV_IOS_18,0,1191,0,1.33,1,P2M,0
TXN103411,USR0110,1717.54,3119.0,0.551,16.5,37.3,11,Mumbai,0,DEV_IOS_18,0,1259,0,1.4,1,BILL_PAYMENT,0
TXN103412,USR0054,2299.7,1995.0,1.153,18.1,167.9,10,Hyderabad,0,DEV_IOS_18,0,1114,0,0.9,0,P2P,0
TXN103413,USR0028,708.69,541.0,1.31,19.2,260.1,10,Delhi,0,DEV_IOS_18,0,829,0,0.7,0,P2M,0
TXN103414,USR0128,1257.58,1765.0,0.713,27.2,99.7,11,Chennai,0,DEV_ANDROID_14,0,1723,0,0.96,1,P2P,0
TXN103415,USR0003,3420.85,3784.0,0.904,26.2,587.8,14,Hyderabad,0,DEV_ANDROID_13,0,1306,0,1.49,1,P2M,0
TXN103416,USR0063,614.78,946.0,0.65,15.9,129.2,10,Hyderabad,0,DEV_ANDROID_13,0,494,0,2.09,0,P2M,0
TXN103417,USR0123,21034.21,4007.0,5.249,16.1,505.1,14,Kolkata,0,DEV_IOS_18,0,1286,0,0.62,0,RECHARGE,0
TXN103418,USR0006,33340.66,4184.0,7.969,36.0,9.4,1,Hyderabad,0,DEV_UNKNOWN,1,798,4,7.07,0,P2P,1
TXN103419,USR0068,2082.64,1858.0,1.121,11.8,16.8,18,Chennai,0,DEV_IOS_18,1,1718,0,1.48,0,P2M,0
TXN103420,USR0088,10083.78,4666.0,2.161,3.6,76.3,11,Mumbai,0,DEV_IOS_18,0,744,0,1.71,1,P2M,0
TXN103421,USR0137,6003.74,4815.0,1.247,33.4,130.3,9,Chennai,0,DEV_ANDROID_14,0,333,0,1.04,1,P2M,0
TXN103422,USR0116,11579.31,2809.0,4.122,37.6,174.0,11,Bengaluru,0,DEV_ANDROID_13,0,245,0,1.59,1,P2M,0
TXN103423,USR0075,11334.47,2287.0,4.956,17.0,57.3,5,Mumbai,1,DEV_UNKNOWN,1,1651,6,7.95,0,P2P,1
TXN103424,USR0055,1092.96,1096.0,0.997,30.0,398.4,19,Lucknow,1,DEV_ANDROID_14,0,801,0,1.49,1,P2M,0
TXN103425,USR0058,4653.51,3029.0,1.536,11.4,101.1,21,Kolkata,0,DEV_ANDROID_14,0,863,0,2.07,1,P2M,0
TXN103426,USR0046,11473.65,3064.0,3.745,25.5,44.7,14,Kochi,1,DEV_ANDROID_13,0,362,0,1.45,1,P2P,0
TXN103427,USR0117,1385.71,891.0,1.555,7.7,331.7,8,Mumbai,0,DEV_ANDROID_13,0,773,0,1.72,1,BILL_PAYMENT,0
TXN103428,USR0087,3696.45,4199.0,0.88,8.8,103.7,16,Mumbai,0,DEV_ANDROID_13,0,806,0,1.53,1,P2M,0
TXN103429,USR0054,6456.54,1995.0,3.236,11.0,288.0,1,Jaipur,1,DEV_UNKNOWN,1,1075,3,2.39,0,P2P,1
TXN103430,USR0017,602.77,1139.0,0.529,35.2,165.0,14,Kolkata,0,DEV_IOS_18,0,1201,0,1.25,1,P2P,0
TXN103431,USR0137,4304.47,4815.0,0.894,30.8,9.3,11,Chennai,0,DEV_ANDROID_14,0,353,0,0.2,1,P2M,0
TXN103432,USR0124,970.0,1625.0,0.597,6.6,176.7,11,Hyderabad,0,DEV_ANDROID_14,0,328,0,1.91,1,ONLINE_SHOPPING,0
TXN103433,USR0004,1478.02,989.0,1.494,28.6,5.0,14,Chennai,0,DEV_WEB_CHROME,1,813,0,1.88,1,P2P,0
TXN103434,USR0069,6061.9,3260.0,1.859,17.4,32.3,11,Hyderabad,0,DEV_IOS_18,1,1613,0,1.38,1,P2P,0
TXN103435,USR0134,4877.46,4359.0,1.119,32.4,483.3,12,Chennai,0,DEV_IOS_18,0,246,0,2.29,1,P2P,0
TXN103436,USR0011,9539.16,2073.0,4.602,29.0,277.0,1,Bengaluru,1,DEV_ANDROID_12,1,965,2,6.4,0,P2P,1
TXN103437,USR0129,39903.62,4329.0,9.218,41.0,6.8,8,Chennai,0,DEV_ANDROID_12,1,1375,5,7.6,0,INVESTMENT,1
TXN103438,USR0107,1479.42,1116.0,1.326,9.1,24.7,15,Delhi,1,DEV_ANDROID_14,0,1047,0,0.77,1,P2M,0
TXN103439,USR0048,4151.64,2387.0,1.739,18.5,181.9,17,Chennai,0,DEV_IOS_18,0,1154,0,1.61,1,ONLINE_SHOPPING,0
TXN103440,USR0051,2202.33,1265.0,1.741,10.7,152.0,23,Delhi,0,DEV_ANDROID_14,1,1194,0,2.13,1,BILL_PAYMENT,0
TXN103441,USR0110,3099.71,3119.0,0.994,18.5,68.2,12,Mumbai,0,DEV_IOS_18,0,1268,0,2.33,0,P2M,0
TXN103442,USR0043,4412.14,4029.0,1.095,19.8,235.1,15,Delhi,0,DEV_ANDROID_13,0,1389,0,1.73,1,P2M,0
TXN103443,USR0139,1835.68,4684.0,0.392,31.1,11.1,13,Kolkata,0,DEV_ANDROID_13,0,231,0,1.83,1,P2P,0
TXN103444,USR0123,2757.76,4007.0,0.688,17.6,59.8,14,Kolkata,0,DEV_IOS_18,0,1226,0,1.08,1,P2P,0
TXN103445,USR0095,1952.71,2387.0,0.818,18.9,286.4,19,Chennai,0,DEV_ANDROID_13,0,1170,0,2.05,0,P2M,0
TXN103446,USR0106,1555.48,1061.0,1.466,27.7,129.9,16,Delhi,0,DEV_ANDROID_13,0,1677,0,0.94,0,P2M,0
TXN103447,USR0135,2925.2,3326.0,0.879,7.8,278.0,23,Kolkata,0,DEV_ANDROID_13,1,1170,0,2.61,1,P2P,0
TXN103448,USR0066,922.3,572.0,1.612,8.6,34.3,16,Delhi,0,DEV_ANDROID_14,0,1051,0,1.0,1,P2M,0
TXN103449,USR0029,933.99,1672.0,0.559,12.4,96.0,8,Kolkata,0,DEV_ANDROID_14,0,1775,0,1.05,1,P2M,0
TXN103450,USR0099,6877.18,3865.0,1.779,25.7,31.9,21,Kolkata,0,DEV_ANDROID_13,0,545,0,0.69,0,ONLINE_SHOPPING,0
TXN103451,USR0004,523.41,989.0,0.529,20.2,137.8,12,Ahmedabad,1,DEV_IOS_18,0,884,0,0.99,1,RECHARGE,0
TXN103452,USR0146,702.15,803.0,0.874,19.2,803.5,10,Mumbai,0,DEV_ANDROID_13,0,1188,1,0.1,1,P2P,0
TXN103453,USR0011,1336.94,2073.0,0.645,16.1,167.9,10,Kochi,1,DEV_ANDROID_14,0,918,0,1.12,1,P2M,0
TXN103454,USR0037,1645.05,2687.0,0.612,25.8,14.5,14,Kolkata,0,DEV_ANDROID_14,0,948,0,0.82,1,P2P,0
TXN103455,USR0046,5093.27,3064.0,1.662,20.3,429.6,16,Delhi,0,DEV_ANDROID_13,0,323,0,0.98,1,P2M,0
TXN103456,USR0123,2647.68,4007.0,0.661,15.2,37.9,16,Kolkata,0,DEV_IOS_18,0,1259,0,1.68,1,P2P,0
TXN103457,USR0080,1583.22,1303.0,1.215,18.1,27.9,14,Kolkata,0,DEV_ANDROID_14,0,633,0,1.07,1,P2M,0
TXN103458,USR0144,2229.79,2663.0,0.837,16.5,160.5,12,Chennai,0,DEV_IOS_18,0,1131,1,0.57,0,BILL_PAYMENT,0
TXN103459,USR0072,3026.43,4501.0,0.672,1.0,207.0,15,Kolkata,0,DEV_ANDROID_14,0,1393,0,1.65,1,P2M,0
TXN103460,USR0128,1347.78,1765.0,0.764,30.0,798.8,13,Chennai,0,DEV_ANDROID_14,0,1728,0,1.3,1,BILL_PAYMENT,0
TXN103461,USR0098,2396.68,2841.0,0.844,31.6,343.6,16,Delhi,0,DEV_IOS_18,0,1159,0,0.26,1,ONLINE_SHOPPING,0
TXN103462,USR0050,1389.27,2312.0,0.601,38.8,80.0,15,Mumbai,0,DEV_ANDROID_13,0,159,0,1.24,1,P2M,0
TXN103463,USR0128,1544.75,1765.0,0.875,28.5,308.9,8,Chennai,0,DEV_ANDROID_13,1,1736,0,1.88,1,P2P,0
TXN103464,USR0143,2185.89,3747.0,0.583,24.2,65.0,18,Chennai,0,DEV_IOS_18,0,1696,0,0.63,1,P2M,0
TXN103465,USR0003,3262.78,3784.0,0.862,24.3,323.0,20,Lucknow,1,DEV_ANDROID_13,0,1285,0,1.49,0,BILL_PAYMENT,0
TXN103466,USR0116,5062.63,2809.0,1.802,32.3,540.1,13,Mumbai,1,DEV_ANDROID_13,0,238,0,1.67,0,P2P,0
TXN103467,USR0017,1390.89,1139.0,1.221,28.6,359.1,15,Kolkata,0,DEV_IOS_18,0,1144,0,1.05,1,P2P,0
TXN103468,USR0022,2845.38,3458.0,0.823,20.1,507.5,6,Chennai,0,DEV_ANDROID_13,0,1263,0,0.52,1,P2P,0
TXN103469,USR0065,3442.46,3227.0,1.067,22.7,299.8,12,Delhi,0,DEV_ANDROID_14,0,1762,0,1.18,1,P2P,0
TXN103470,USR0020,7831.71,3539.0,2.213,21.8,63.4,16,Delhi,0,DEV_WEB_CHROME,1,298,2,0.6,1,P2P,0
TXN103471,USR0032,1031.14,2962.0,0.348,16.3,94.6,13,Hyderabad,0,DEV_ANDROID_14,0,1398,0,0.46,1,P2M,0
TXN103472,USR0133,1642.46,561.0,2.928,16.0,20.1,14,Delhi,0,DEV_ANDROID_14,1,1131,0,1.61,1,BILL_PAYMENT,0
TXN103473,USR0124,4953.34,1625.0,3.048,12.0,212.0,1,Hyderabad,0,DEV_UNKNOWN,1,261,1,3.21,0,P2P,1
TXN103474,USR0023,2643.44,2955.0,0.895,17.5,290.7,10,Delhi,0,DEV_ANDROID_14,1,935,0,0.72,0,P2M,0
TXN103475,USR0025,1789.5,3410.0,0.525,16.1,130.9,14,Bengaluru,0,DEV_ANDROID_13,0,1552,0,0.6,1,P2P,0
TXN103476,USR0029,9191.07,1672.0,5.497,30.0,251.0,4,Kolkata,0,DEV_UNKNOWN,1,1834,1,2.44,0,P2P,1
TXN103477,USR0030,949.0,1476.0,0.643,37.6,323.8,20,Kolkata,0,DEV_ANDROID_14,0,118,0,0.79,0,BILL_PAYMENT,0
TXN103478,USR0008,1925.91,4207.0,0.458,11.8,165.0,7,Mumbai,0,DEV_ANDROID_13,0,1157,0,0.73,1,P2M,0
TXN103479,USR0061,503.77,445.0,1.132,30.8,87.3,11,Hyderabad,1,DEV_ANDROID_13,0,981,0,1.78,1,P2M,0
TXN103480,USR0001,3003.81,3411.0,0.881,18.7,349.0,19,Mumbai,0,DEV_ANDROID_13,0,830,0,2.0,1,ONLINE_SHOPPING,0
TXN103481,USR0063,863.26,946.0,0.913,13.7,69.1,12,Hyderabad,0,DEV_ANDROID_13,0,489,0,1.36,1,P2P,0
TXN103482,USR0028,424.56,541.0,0.785,14.8,51.5,11,Delhi,0,DEV_IOS_18,0,786,0,0.33,1,BILL_PAYMENT,0
TXN103483,USR0061,634.3,445.0,1.425,29.5,30.0,12,Bengaluru,0,DEV_ANDROID_13,0,1015,0,1.0,1,P2P,0
TXN103484,USR0139,8024.7,4684.0,1.713,34.3,184.1,15,Kolkata,0,DEV_ANDROID_13,0,226,0,1.56,0,P2M,0
TXN103485,USR0094,3163.87,3141.0,1.007,7.6,26.5,15,Kolkata,0,DEV_ANDROID_14,0,1732,0,0.5,1,P2M,0
TXN103486,USR0024,905.11,1043.0,0.868,10.1,401.5,10,Hyderabad,0,DEV_ANDROID_14,0,233,0,0.67,1,P2P,0
TXN103487,USR0069,6028.56,3260.0,1.849,19.2,8.3,12,Hyderabad,0,DEV_ANDROID_14,0,1670,0,1.14,0,P2M,0
TXN103488,USR0089,1513.99,1008.0,1.502,17.2,134.6,12,Kolkata,0,DEV_ANDROID_14,0,939,0,1.58,1,P2M,0
TXN103489,USR0075,4687.88,2287.0,2.05,25.7,189.8,17,Bengaluru,0,DEV_IOS_18,0,1599,0,1.26,1,P2P,0
TXN103490,USR0037,2003.9,2687.0,0.746,28.4,89.0,16,Kolkata,0,DEV_ANDROID_14,0,945,0,0.6,0,P2P,0
TXN103491,USR0145,7734.61,4287.0,1.804,4.2,268.2,20,Mumbai,0,DEV_ANDROID_13,0,1402,0,0.72,1,P2P,0
TXN103492,USR0128,1374.1,1765.0,0.779,26.1,74.7,14,Chennai,0,DEV_ANDROID_14,0,1725,0,1.96,1,P2M,0
TXN103493,USR0093,3392.59,3844.0,0.883,14.3,177.3,16,Chennai,0,DEV_ANDROID_14,0,80,0,0.75,0,ONLINE_SHOPPING,0
TXN103494,USR0062,1669.56,2948.0,0.566,11.3,13.2,8,Jaipur,1,DEV_WEB_CHROME,1,227,0,1.81,1,P2M,0
TXN103495,USR0023,3522.86,2955.0,1.192,17.4,15.2,19,Delhi,0,DEV_ANDROID_13,0,955,0,1.13,1,BILL_PAYMENT,0
TXN103496,USR0028,437.64,541.0,0.809,15.8,43.8,8,Delhi,0,DEV_IOS_18,0,810,0,0.55,0,P2M,0
TXN103497,USR0025,6709.53,3410.0,1.968,21.9,466.9,8,Bengaluru,0,DEV_ANDROID_13,0,1533,1,0.57,0,P2M,0
TXN103498,USR0120,6215.62,3985.0,1.56,23.4,6.5,9,Chennai,0,DEV_IOS_18,0,1220,0,2.56,1,P2M,0
TXN103499,USR0028,918.21,541.0,1.697,11.9,5.0,11,Delhi,0,DEV_IOS_18,0,804,0,1.02,0,P2M,0
TXN103500,USR0143,1824.78,3747.0,0.487,25.9,22.7,7,Chennai,0,DEV_IOS_18,0,1663,0,1.75,0,P2P,0
TXN103501,USR0070,5471.61,4705.0,1.163,9.9,10.6,14,Hyderabad,1,DEV_ANDROID_13,0,367,0,0.41,1,P2M,0
TXN103502,USR0143,3936.89,3747.0,1.051,21.1,105.9,23,Chennai,0,DEV_IOS_18,0,1695,0,0.58,1,INVESTMENT,0
TXN103503,USR0090,6917.52,4795.0,1.443,19.3,18.2,14,Hyderabad,0,DEV_ANDROID_14,0,555,0,0.82,1,P2M,0
TXN103504,USR0005,1566.65,1239.0,1.264,28.8,175.5,12,Hyderabad,0,DEV_IOS_18,0,1426,0,1.53,1,P2P,0
TXN103505,USR0089,1034.84,1008.0,1.027,25.4,630.2,8,Kolkata,0,DEV_ANDROID_14,0,925,0,0.39,1,P2M,0
TXN103506,USR0110,16816.48,3119.0,5.392,18.8,691.0,10,Bengaluru,1,DEV_IOS_18,0,1240,0,1.02,1,P2M,0
TXN103507,USR0041,3105.63,2677.0,1.16,28.2,286.6,16,Bengaluru,0,DEV_ANDROID_13,0,823,0,1.08,1,P2P,0
TXN103508,USR0059,5969.32,4787.0,1.247,14.6,482.7,13,Chennai,0,DEV_ANDROID_14,0,1021,0,0.77,0,P2P,0
TXN103509,USR0127,1920.78,2395.0,0.802,21.8,40.7,19,Chennai,0,DEV_ANDROID_14,0,401,0,0.94,0,P2M,0
TXN103510,USR0100,2433.02,2121.0,1.147,33.1,150.5,11,Bengaluru,0,DEV_ANDROID_14,0,834,0,2.67,0,P2M,0
TXN103511,USR0138,2665.34,3130.0,0.852,18.3,43.9,11,Chennai,0,DEV_IOS_18,0,1459,0,1.24,0,P2P,0
TXN103512,USR0043,4719.57,4029.0,1.171,14.4,5.0,20,Delhi,0,DEV_ANDROID_13,0,1352,0,0.82,1,P2M,0
TXN103513,USR0024,1954.04,1043.0,1.873,13.2,81.0,15,Hyderabad,0,DEV_ANDROID_14,0,236,0,1.31,1,P2M,0
TXN103514,USR0062,6209.11,2948.0,2.106,12.3,53.9,11,Mumbai,0,DEV_ANDROID_14,0,281,0,0.84,0,ONLINE_SHOPPING,0
TXN103515,USR0144,3173.03,2663.0,1.192,18.9,112.4,14,Chennai,0,DEV_IOS_18,0,1140,0,1.18,1,P2M,0
TXN103516,USR0071,951.74,1774.0,0.536,19.0,111.1,11,Hyderabad,0,DEV_ANDROID_14,0,1769,0,1.23,1,P2M,0
TXN103517,USR0072,6156.56,4501.0,1.368,12.0,57.1,13,Kolkata,0,DEV_ANDROID_14,0,1345,0,1.37,1,P2M,0
TXN103518,USR0017,5125.19,1139.0,4.5,26.6,189.7,15,Kolkata,0,DEV_IOS_18,0,1137,0,0.51,0,P2P,0
TXN103519,USR0049,1448.32,835.0,1.735,22.3,55.6,18,Mumbai,0,DEV_IOS_18,0,1181,0,1.37,1,P2M,0
TXN103520,USR0118,546.37,855.0,0.639,31.4,224.0,15,Kolkata,0,DEV_ANDROID_14,1,1552,0,0.87,0,P2P,0
TXN103521,USR0087,7431.06,4199.0,1.77,6.0,205.7,11,Mumbai,0,DEV_ANDROID_13,0,803,0,0.76,0,P2M,0
TXN103522,USR0025,1162.36,3410.0,0.341,11.7,209.2,15,Bengaluru,0,DEV_ANDROID_13,0,1578,0,0.53,1,P2M,0
TXN103523,USR0090,22278.53,4795.0,4.646,26.0,190.0,3,Lucknow,1,DEV_ANDROID_12,1,584,2,3.32,0,P2P,1
TXN103524,USR0119,3237.36,1503.0,2.154,57.0,2.3,11,Kolkata,1,DEV_WEB_CHROME,1,590,2,12.32,0,ONLINE_SHOPPING,1
TXN103525,USR0045,6133.07,3638.0,1.686,10.1,221.6,16,Mumbai,0,DEV_IOS_18,0,1344,0,0.65,1,P2M,0
TXN103526,USR0013,1769.78,2086.0,0.848,37.5,37.1,16,Kolkata,0,DEV_ANDROID_13,0,747,0,0.1,1,P2P,0
TXN103527,USR0014,1355.34,2104.0,0.644,10.4,27.7,8,Delhi,0,DEV_ANDROID_13,0,879,0,1.27,1,ONLINE_SHOPPING,0
TXN103528,USR0122,1348.82,2765.0,0.488,38.2,84.7,17,Hyderabad,0,DEV_ANDROID_14,0,1536,1,1.11,1,P2P,0
TXN103529,USR0123,1387.27,4007.0,0.346,15.8,18.7,11,Kolkata,0,DEV_IOS_18,0,1281,0,1.57,0,P2P,0
TXN103530,USR0073,861.96,1427.0,0.604,34.1,302.7,10,Kolkata,0,DEV_ANDROID_13,0,278,0,1.43,1,P2M,0
TXN103531,USR0127,11475.86,2395.0,4.792,21.2,605.0,9,Chennai,0,DEV_ANDROID_14,0,337,0,1.18,1,P2M,0
TXN103532,USR0121,16814.23,3799.0,4.426,17.0,143.0,5,Delhi,1,DEV_UNKNOWN,1,1544,0,5.95,0,P2P,1
TXN103533,USR0057,10879.43,3487.0,3.12,23.5,19.5,13,Delhi,0,DEV_IOS_18,0,813,0,1.73,0,BILL_PAYMENT,0
TXN103534,USR0094,21194.3,3141.0,6.748,22.0,19.4,11,Lucknow,1,DEV_UNKNOWN,1,1715,4,7.48,0,P2P,1
TXN103535,USR0113,1267.0,2668.0,0.475,6.3,184.6,15,Hyderabad,0,DEV_ANDROID_14,0,1620,0,1.59,0,P2P,0
TXN103536,USR0076,2675.5,3835.0,0.698,13.2,121.6,16,Mumbai,0,DEV_ANDROID_13,0,542,0,1.17,1,P2M,0
TXN103537,USR0138,1692.29,3130.0,0.541,27.3,22.5,13,Chennai,0,DEV_IOS_18,0,1467,0,0.72,0,P2M,0
TXN103538,USR0016,7721.08,1443.0,5.351,36.0,31.0,8,Chandigarh,1,DEV_UNKNOWN,1,1257,7,5.82,0,P2P,1
TXN103539,USR0038,2382.99,2152.0,1.107,12.0,347.4,15,Bengaluru,0,DEV_ANDROID_14,0,610,0,0.69,1,P2P,0
TXN103540,USR0103,2597.16,4267.0,0.609,30.3,79.4,14,Hyderabad,1,DEV_ANDROID_13,0,1734,0,2.06,0,P2P,0
TXN103541,USR0059,5935.96,4787.0,1.24,16.8,183.4,9,Chennai,0,DEV_ANDROID_14,0,985,0,0.56,1,P2M,0
TXN103542,USR0029,1227.1,1672.0,0.734,11.5,17.6,10,Kolkata,0,DEV_ANDROID_14,0,1829,0,1.94,0,P2P,0
TXN103543,USR0135,5775.4,3326.0,1.736,8.8,29.7,20,Kolkata,0,DEV_IOS_18,0,1158,0,1.91,0,P2M,0
TXN103544,USR0050,3588.36,2312.0,1.552,29.8,874.0,21,Mumbai,0,DEV_ANDROID_13,0,154,0,1.4,1,BILL_PAYMENT,0
TXN103545,USR0045,2798.74,3638.0,0.769,6.3,34.2,13,Mumbai,0,DEV_IOS_18,0,1329,0,0.57,1,P2P,0
TXN103546,USR0122,1799.44,2765.0,0.651,32.1,142.2,17,Hyderabad,0,DEV_ANDROID_14,0,1574,0,1.53,0,ONLINE_SHOPPING,0
TXN103547,USR0067,1852.4,1825.0,1.015,27.2,8.9,12,Hyderabad,0,DEV_IOS_18,0,896,0,0.99,1,P2P,0
TXN103548,USR0126,3000.73,2090.0,1.436,19.3,82.7,10,Delhi,0,DEV_IOS_18,0,675,0,2.27,1,P2P,0
TXN103549,USR0141,1707.01,1171.0,1.458,11.9,55.5,15,Hyderabad,0,DEV_IOS_18,0,311,0,1.15,1,RECHARGE,0
TXN103550,USR0100,2288.33,2121.0,1.079,36.3,137.6,13,Bengaluru,0,DEV_ANDROID_14,0,820,0,1.27,1,BILL_PAYMENT,0
TXN103551,USR0141,24923.66,1171.0,21.284,19.0,6.3,6,Lucknow,1,DEV_UNKNOWN,1,290,5,6.99,0,P2M,1
TXN103552,USR0150,2344.76,1846.0,1.27,13.2,27.8,9,Bengaluru,0,DEV_IOS_18,0,292,0,0.88,1,P2P,0
TXN103553,USR0122,4072.68,2765.0,1.473,37.3,230.9,17,Hyderabad,0,DEV_ANDROID_14,0,1553,0,1.14,0,BILL_PAYMENT,0
TXN103554,USR0119,1033.47,1503.0,0.688,39.3,261.2,17,Chennai,0,DEV_ANDROID_13,0,639,0,1.37,1,P2P,0
TXN103555,USR0060,2227.45,2418.0,0.921,18.0,101.7,10,Hyderabad,0,DEV_ANDROID_13,0,86,0,0.72,1,INVESTMENT,0
TXN103556,USR0121,3294.88,3799.0,0.867,7.6,35.9,13,Hyderabad,0,DEV_ANDROID_13,0,1544,0,2.24,0,P2M,0
TXN103557,USR0074,1783.91,1853.0,0.963,4.4,239.7,11,Hyderabad,0,DEV_IOS_18,0,1428,0,0.87,1,BILL_PAYMENT,0
TXN103558,USR0002,3335.44,3607.0,0.925,15.4,277.2,16,Kolkata,0,DEV_ANDROID_14,0,251,0,1.0,1,INVESTMENT,0
TXN103559,USR0054,4573.49,1995.0,2.292,27.0,13.5,18,Chandigarh,1,DEV_IOS_18,0,1103,0,4.63,0,P2P,1
TXN103560,USR0085,5136.81,3924.0,1.309,27.5,367.2,7,Kolkata,0,DEV_ANDROID_13,0,759,0,1.75,0,P2P,0
TXN103561,USR0066,819.52,572.0,1.433,5.9,145.9,11,Delhi,0,DEV_ANDROID_14,0,1025,0,1.01,1,BILL_PAYMENT,0
TXN103562,USR0119,30389.44,1503.0,20.219,28.0,44.4,19,Hyderabad,1,DEV_ANDROID_12,1,649,2,8.84,0,P2M,1
TXN103563,USR0124,1316.23,1625.0,0.81,6.0,72.2,15,Kochi,1,DEV_ANDROID_14,0,327,0,0.4,1,P2P,0
TXN103564,USR0130,1798.33,2863.0,0.628,30.3,418.5,11,Delhi,0,DEV_IOS_18,0,1531,0,0.38,1,P2P,0
TXN103565,USR0053,2052.7,1779.0,1.154,32.2,87.9,14,Chennai,0,DEV_ANDROID_14,0,1840,0,1.48,1,P2P,0
TXN103566,USR0081,2324.53,1873.0,1.241,37.0,278.7,15,Kolkata,0,DEV_ANDROID_13,0,929,0,1.04,1,BILL_PAYMENT,0
TXN103567,USR0007,3012.19,823.0,3.66,20.6,224.3,14,Bengaluru,0,DEV_ANDROID_14,0,1626,0,0.78,1,P2M,0
TXN103568,USR0115,1925.51,1698.0,1.134,9.3,29.8,8,Kolkata,0,DEV_IOS_18,0,95,0,1.47,0,P2P,0
TXN103569,USR0043,4698.02,4029.0,1.166,21.6,26.9,9,Pune,1,DEV_ANDROID_13,0,1314,0,1.41,0,P2P,0
TXN103570,USR0049,1589.56,835.0,1.904,27.4,502.3,15,Mumbai,0,DEV_IOS_18,0,1138,0,1.44,1,P2M,0
TXN103571,USR0034,3805.82,1168.0,3.258,16.3,22.4,17,Chennai,0,DEV_ANDROID_14,0,118,0,1.67,0,P2P,0
TXN103572,USR0025,24514.11,3410.0,7.189,15.7,510.5,10,Bengaluru,0,DEV_ANDROID_13,0,1528,0,1.67,1,P2P,0
TXN103573,USR0077,4633.97,4759.0,0.974,11.0,60.6,8,Mumbai,0,DEV_ANDROID_13,0,129,0,1.78,1,P2M,0
TXN103574,USR0065,3150.28,3227.0,0.976,27.1,173.1,14,Delhi,0,DEV_ANDROID_14,0,1796,0,1.4,0,P2P,0
TXN103575,USR0062,3180.51,2948.0,1.079,9.6,457.6,12,Mumbai,0,DEV_ANDROID_14,0,275,0,2.43,1,P2M,0
TXN103576,USR0041,2984.86,2677.0,1.115,22.8,528.9,12,Bengaluru,0,DEV_ANDROID_13,0,884,0,0.56,1,P2M,0
TXN103577,USR0062,3055.52,2948.0,1.036,17.4,5.0,13,Mumbai,0,DEV_ANDROID_14,0,250,0,1.19,1,P2P,0
TXN103578,USR0032,3580.1,2962.0,1.209,24.0,6.5,12,Hyderabad,0,DEV_ANDROID_14,0,1455,0,1.11,0,P2P,0
TXN103579,USR0146,472.16,803.0,0.588,11.9,439.2,20,Mumbai,0,DEV_ANDROID_13,0,1215,0,2.26,1,P2P,0
TXN103580,USR0098,5004.92,2841.0,1.762,21.2,108.5,9,Delhi,0,DEV_IOS_18,0,1149,0,1.49,0,P2P,0
TXN103581,USR0073,3254.77,1427.0,2.281,32.2,48.2,11,Kolkata,0,DEV_ANDROID_13,0,262,0,0.72,1,P2P,0
TXN103582,USR0049,1120.18,835.0,1.342,26.9,347.4,10,Mumbai,0,DEV_IOS_18,0,1140,0,1.14,1,P2M,0
TXN103583,USR0121,3100.69,3799.0,0.816,6.3,206.5,15,Hyderabad,0,DEV_ANDROID_13,0,1539,0,1.44,1,P2M,0
TXN103584,USR0034,1965.36,1168.0,1.683,14.3,75.0,13,Chennai,0,DEV_ANDROID_14,0,64,0,1.3,1,P2M,0
TXN103585,USR0033,1329.6,2282.0,0.583,18.6,326.5,18,Mumbai,1,DEV_IOS_18,0,771,0,0.1,1,P2P,0
TXN103586,USR0031,8026.46,4621.0,1.737,10.7,109.3,7,Kolkata,0,DEV_ANDROID_14,0,830,0,0.49,0,BILL_PAYMENT,0
TXN103587,USR0027,814.39,816.0,0.998,26.0,68.8,11,Kochi,1,DEV_IOS_18,0,1473,0,1.38,0,BILL_PAYMENT,0
TXN103588,USR0099,3455.04,3865.0,0.894,16.7,16.7,11,Kolkata,0,DEV_ANDROID_13,0,589,0,1.06,1,P2P,0
TXN103589,USR0138,3251.8,3130.0,1.039,18.5,265.3,10,Chennai,0,DEV_IOS_18,0,1399,0,0.84,1,P2P,0
TXN103590,USR0063,622.05,946.0,0.658,17.1,94.6,8,Hyderabad,0,DEV_ANDROID_13,0,510,0,1.64,0,P2M,0
TXN103591,USR0061,362.31,445.0,0.814,32.4,101.0,8,Bengaluru,0,DEV_ANDROID_13,0,977,0,1.35,0,P2P,0
TXN103592,USR0025,3598.19,3410.0,1.055,14.5,478.9,11,Bengaluru,0,DEV_ANDROID_13,0,1575,0,1.49,1,P2M,0
TXN103593,USR0094,1611.14,3141.0,0.513,12.4,268.6,12,Kolkata,0,DEV_ANDROID_14,0,1731,0,1.12,1,P2M,0
TXN103594,USR0018,8956.76,1836.0,4.878,24.0,187.0,12,Chennai,0,DEV_ANDROID_14,0,1507,0,0.38,0,BILL_PAYMENT,0
TXN103595,USR0004,760.47,989.0,0.769,29.7,163.6,9,Chennai,0,DEV_WEB_CHROME,1,815,0,1.47,1,P2P,0
TXN103596,USR0091,2577.27,2696.0,0.956,4.4,131.2,15,Kolkata,0,DEV_ANDROID_13,0,1083,0,2.09,1,ONLINE_SHOPPING,0
TXN103597,USR0065,3530.8,3227.0,1.094,35.8,188.7,21,Delhi,0,DEV_ANDROID_14,0,1805,0,0.75,0,BILL_PAYMENT,0
TXN103598,USR0017,923.99,1139.0,0.811,26.6,148.6,14,Kolkata,0,DEV_IOS_18,0,1195,0,1.11,1,BILL_PAYMENT,0
TXN103599,USR0088,4444.77,4666.0,0.953,5.4,165.5,11,Mumbai,0,DEV_IOS_18,0,726,0,1.24,1,P2P,0
TXN103600,USR0110,3922.49,3119.0,1.258,13.5,550.9,18,Mumbai,0,DEV_IOS_18,0,1255,0,0.93,1,P2P,0
TXN103601,USR0011,2307.91,2073.0,1.113,21.4,508.7,15,Chennai,0,DEV_ANDROID_14,0,948,1,1.64,1,P2P,0
TXN103602,USR0053,1913.26,1779.0,1.075,36.2,161.3,15,Chennai,0,DEV_ANDROID_14,0,1783,0,1.43,0,P2M,0
TXN103603,USR0039,3872.9,3193.0,1.213,26.0,104.4,10,Chennai,0,DEV_IOS_18,0,1734,0,0.37,1,BILL_PAYMENT,0
TXN103604,USR0039,1414.85,3193.0,0.443,12.8,93.9,14,Chennai,0,DEV_IOS_18,0,1767,0,1.49,0,P2P,0
TXN103605,USR0111,4858.21,4209.0,1.154,11.4,23.5,8,Chennai,0,DEV_IOS_18,0,1789,0,1.17,1,INVESTMENT,0
TXN103606,USR0063,575.42,946.0,0.608,15.6,73.8,19,Hyderabad,0,DEV_ANDROID_13,0,486,0,0.98,1,P2P,0
TXN103607,USR0074,1089.59,1853.0,0.588,8.7,5.0,9,Hyderabad,0,DEV_IOS_18,0,1397,0,1.02,1,P2P,0
TXN103608,USR0066,447.12,572.0,0.782,8.7,10.1,9,Delhi,0,DEV_ANDROID_14,0,1018,0,1.4,1,P2M,0
TXN103609,USR0084,388.61,960.0,0.405,11.5,304.8,11,Chennai,0,DEV_ANDROID_13,0,974,0,0.79,1,RECHARGE,0
TXN103610,USR0014,736.69,2104.0,0.35,4.8,160.9,13,Chennai,1,DEV_ANDROID_13,0,885,0,2.02,1,P2M,0
TXN103611,USR0119,10728.33,1503.0,7.138,41.0,28.2,7,Kolkata,1,DEV_ANDROID_13,0,608,3,5.51,0,P2M,1
TXN103612,USR0139,3828.7,4684.0,0.817,38.2,156.8,18,Mumbai,1,DEV_ANDROID_13,0,227,0,0.43,1,BILL_PAYMENT,0
TXN103613,USR0086,3467.58,4098.0,0.846,3.7,127.6,13,Delhi,0,DEV_ANDROID_13,0,1292,0,1.04,1,P2P,0
TXN103614,USR0074,1296.73,1853.0,0.7,11.5,54.9,16,Hyderabad,0,DEV_IOS_18,0,1407,0,1.48,0,ONLINE_SHOPPING,0
TXN103615,USR0031,27635.83,4621.0,5.98,17.1,151.2,15,Kolkata,0,DEV_ANDROID_14,0,831,0,1.74,1,P2M,0
TXN103616,USR0060,16945.4,2418.0,7.008,17.1,26.7,16,Hyderabad,0,DEV_ANDROID_13,0,67,0,1.18,1,P2M,0
TXN103617,USR0080,1007.38,1303.0,0.773,9.5,87.0,19,Kolkata,0,DEV_ANDROID_14,0,621,0,0.45,1,P2P,0
TXN103618,USR0127,13845.43,2395.0,5.781,20.7,455.2,12,Chennai,0,DEV_ANDROID_14,0,412,0,1.28,1,P2P,0
TXN103619,USR0068,1409.14,1858.0,0.758,4.5,300.3,7,Chennai,0,DEV_ANDROID_13,0,1706,0,1.78,0,P2M,0
TXN103620,USR0024,648.58,1043.0,0.622,13.9,243.5,10,Hyderabad,0,DEV_ANDROID_14,0,217,0,1.47,1,P2P,0
TXN103621,USR0082,960.53,1061.0,0.905,33.8,100.7,12,Bengaluru,1,DEV_IOS_18,0,45,0,0.61,1,P2P,0
TXN103622,USR0053,1768.61,1779.0,0.994,31.7,157.3,13,Chennai,0,DEV_ANDROID_14,0,1797,0,1.47,1,P2P,0
TXN103623,USR0078,5819.07,4223.0,1.378,32.8,97.0,7,Mumbai,0,DEV_ANDROID_14,0,296,0,1.79,0,P2P,0
TXN103624,USR0010,5770.8,4508.0,1.28,23.9,238.8,12,Kolkata,0,DEV_IOS_18,0,1446,0,1.75,0,P2M,0
TXN103625,USR0041,2046.67,2677.0,0.765,37.0,92.1,22,Bengaluru,0,DEV_ANDROID_13,0,891,0,1.08,1,P2P,0
TXN103626,USR0072,22369.55,4501.0,4.97,6.2,30.6,9,Kolkata,0,DEV_ANDROID_14,0,1389,0,1.06,1,ONLINE_SHOPPING,0
TXN103627,USR0136,3970.25,788.0,5.038,27.0,172.0,1,Chennai,0,DEV_UNKNOWN,1,1698,1,3.25,0,P2P,1
TXN103628,USR0116,2716.54,2809.0,0.967,31.6,40.0,10,Bengaluru,0,DEV_ANDROID_13,0,256,0,1.22,1,P2P,0
TXN103629,USR0102,2392.81,1540.0,1.554,9.6,442.8,13,Bengaluru,0,DEV_IOS_18,0,487,0,1.51,1,P2P,0
TXN103630,USR0082,5468.33,1061.0,5.154,30.0,7.1,17,Bengaluru,1,DEV_UNKNOWN,1,69,7,5.74,0,P2P,1
TXN103631,USR0016,2366.72,1443.0,1.64,22.1,197.3,9,Bengaluru,0,DEV_ANDROID_14,0,1200,0,1.55,1,BILL_PAYMENT,0
TXN103632,USR0110,9460.35,3119.0,3.033,17.5,315.3,12,Mumbai,0,DEV_IOS_18,0,1257,0,0.8,0,ONLINE_SHOPPING,0
TXN103633,USR0081,1470.78,1873.0,0.785,33.7,36.1,9,Kolkata,0,DEV_ANDROID_13,0,910,0,1.46,0,P2M,0
TXN103634,USR0148,4560.27,1934.0,2.358,39.0,3.2,6,Pune,1,DEV_UNKNOWN,1,1603,2,7.0,1,ONLINE_SHOPPING,1
TXN103635,USR0069,20728.31,3260.0,6.358,24.2,117.3,12,Hyderabad,0,DEV_ANDROID_14,0,1618,0,0.98,0,P2P,0
TXN103636,USR0083,1537.45,1684.0,0.913,10.4,393.4,10,Delhi,0,DEV_ANDROID_14,0,85,0,1.71,1,P2P,0
TXN103637,USR0107,791.16,1116.0,0.709,10.7,236.4,12,Hyderabad,0,DEV_ANDROID_14,0,1102,0,0.95,1,P2P,0
TXN103638,USR0130,21726.71,2863.0,7.589,19.0,9.2,16,Chandigarh,1,DEV_UNKNOWN,1,1590,4,7.96,0,INVESTMENT,1
TXN103639,USR0110,3401.36,3119.0,1.091,26.4,112.0,13,Delhi,1,DEV_IOS_18,0,1291,0,0.81,1,INVESTMENT,0
TXN103640,USR0123,4103.41,4007.0,1.024,18.3,310.5,9,Kolkata,0,DEV_IOS_18,0,1266,0,1.01,1,P2M,0
TXN103641,USR0051,1353.08,1265.0,1.07,15.5,282.8,14,Delhi,0,DEV_IOS_18,0,1252,0,0.56,0,P2P,0
TXN103642,USR0144,3113.13,2663.0,1.169,13.3,47.8,16,Chennai,0,DEV_IOS_18,0,1139,0,0.77,1,P2M,0
TXN103643,USR0096,814.95,482.0,1.691,27.1,110.4,23,Chandigarh,1,DEV_ANDROID_13,0,253,0,1.09,1,P2M,0
TXN103644,USR0107,857.03,1116.0,0.768,10.7,484.5,14,Hyderabad,0,DEV_ANDROID_14,0,1055,0,1.2,1,P2M,0
TXN103645,USR0022,2573.11,3458.0,0.744,17.6,216.0,23,Chennai,0,DEV_ANDROID_13,0,1276,0,0.92,0,P2P,0
TXN103646,USR0026,19533.37,3918.0,4.986,24.0,2.1,13,Chandigarh,1,DEV_ANDROID_13,1,1152,2,10.35,0,ONLINE_SHOPPING,1
TXN103647,USR0003,1562.82,3784.0,0.413,21.0,228.7,9,Hyderabad,0,DEV_ANDROID_13,0,1338,0,1.81,1,P2M,0
TXN103648,USR0103,3288.54,4267.0,0.771,32.5,165.6,17,Kolkata,0,DEV_ANDROID_13,0,1756,0,1.16,0,P2P,0
TXN103649,USR0097,33543.56,1552.0,21.613,48.0,14.8,20,Mumbai,1,DEV_UNKNOWN,1,867,2,5.37,0,P2M,1
TXN103650,USR0008,2294.49,4207.0,0.545,14.2,129.9,13,Mumbai,0,DEV_ANDROID_13,0,1174,0,0.62,0,BILL_PAYMENT,0
TXN103651,USR0149,2118.6,3318.0,0.639,11.0,35.1,18,Chennai,0,DEV_ANDROID_13,0,1463,0,1.21,0,P2M,0
TXN103652,USR0079,2022.78,2089.0,0.968,24.4,640.2,16,Chennai,0,DEV_ANDROID_14,0,1330,0,2.81,1,BILL_PAYMENT,0
TXN103653,USR0076,1926.02,3835.0,0.502,12.0,156.5,13,Mumbai,0,DEV_ANDROID_13,0,542,0,1.18,1,ONLINE_SHOPPING,0
TXN103654,USR0128,1932.63,1765.0,1.095,28.1,262.2,13,Chennai,0,DEV_ANDROID_14,0,1718,0,1.46,1,ONLINE_SHOPPING,0
TXN103655,USR0081,2835.29,1873.0,1.514,38.3,47.4,9,Kolkata,0,DEV_ANDROID_13,0,924,0,1.84,1,BILL_PAYMENT,0
TXN103656,USR0029,4836.64,1672.0,2.893,36.0,0.8,6,Hyderabad,1,DEV_WEB_CHROME,1,1810,3,6.04,0,P2P,1
TXN103657,USR0077,22354.8,4759.0,4.697,11.9,7.9,14,Mumbai,0,DEV_ANDROID_13,0,70,0,1.45,1,BILL_PAYMENT,0
TXN103658,USR0141,4300.81,1171.0,3.673,7.0,388.8,17,Hyderabad,0,DEV_IOS_18,0,279,0,0.28,1,P2P,0
TXN103659,USR0118,1564.1,855.0,1.829,29.5,60.8,11,Kolkata,0,DEV_ANDROID_13,0,1544,0,0.1,0,P2P,0
TXN103660,USR0023,2899.46,2955.0,0.981,12.5,56.3,11,Delhi,0,DEV_ANDROID_13,0,907,0,1.15,0,P2P,0
TXN103661,USR0048,13589.91,2387.0,5.693,18.0,132.0,3,Chennai,0,DEV_UNKNOWN,1,1122,2,5.65,0,P2P,1
TXN103662,USR0098,2318.68,2841.0,0.816,32.2,20.8,15,Jaipur,1,DEV_IOS_18,0,1113,0,1.04,0,P2P,0
TXN103663,USR0001,14613.67,3411.0,4.284,19.6,187.9,9,Mumbai,0,DEV_ANDROID_13,0,817,0,0.47,1,BILL_PAYMENT,0
TXN103664,USR0058,1839.13,3029.0,0.607,21.7,5.0,15,Kolkata,0,DEV_ANDROID_14,0,923,0,0.1,0,BILL_PAYMENT,0
TXN103665,USR0122,25661.28,2765.0,9.281,30.0,23.3,2,Hyderabad,0,DEV_ANDROID_14,0,1568,2,8.86,0,P2P,1
TXN103666,USR0115,704.83,1698.0,0.415,8.0,64.7,16,Kolkata,0,DEV_IOS_18,0,55,0,0.37,0,P2P,0
TXN103667,USR0001,5229.97,3411.0,1.533,20.8,455.7,17,Mumbai,0,DEV_ANDROID_13,0,850,0,1.52,1,P2M,0
TXN103668,USR0084,12163.07,960.0,12.67,29.0,22.0,19,Kochi,1,DEV_UNKNOWN,1,962,3,5.14,0,INVESTMENT,1
TXN103669,USR0042,4998.3,4858.0,1.029,8.7,91.9,12,Delhi,0,DEV_ANDROID_13,0,1465,0,2.37,1,P2M,0
TXN103670,USR0025,4498.76,3410.0,1.319,26.9,353.7,11,Bengaluru,0,DEV_ANDROID_13,0,1528,0,0.84,1,P2P,0
TXN103671,USR0134,3834.93,4359.0,0.88,28.2,134.7,9,Chennai,0,DEV_IOS_18,0,265,0,1.74,1,BILL_PAYMENT,0
TXN103672,USR0084,14852.45,960.0,15.471,13.0,22.2,3,Chennai,0,DEV_UNKNOWN,1,973,3,6.45,1,P2M,1
TXN103673,USR0095,3825.81,2387.0,1.603,21.6,77.8,21,Chennai,0,DEV_ANDROID_13,0,1136,0,2.11,1,P2P,0
TXN103674,USR0148,1498.84,1934.0,0.775,29.9,5.0,15,Chennai,0,DEV_ANDROID_13,0,1653,0,2.03,1,P2P,0
TXN103675,USR0010,9296.51,4508.0,2.062,10.0,20.3,14,Kolkata,0,DEV_UNKNOWN,1,1428,1,5.39,0,P2P,1
TXN103676,USR0141,846.66,1171.0,0.723,7.6,133.7,19,Hyderabad,0,DEV_IOS_18,0,258,0,1.39,1,P2M,0
TXN103677,USR0140,20874.51,3114.0,6.703,10.2,28.6,19,Delhi,0,DEV_ANDROID_13,0,214,0,1.5,1,BILL_PAYMENT,0
TXN103678,USR0029,1559.73,1672.0,0.933,15.0,51.6,13,Kolkata,0,DEV_ANDROID_14,0,1818,0,0.64,0,P2P,0
TXN103679,USR0096,394.45,482.0,0.818,25.2,5.0,12,Chennai,0,DEV_ANDROID_13,0,204,0,0.88,1,P2M,0
TXN103680,USR0082,4045.31,1061.0,3.813,34.0,17.8,15,Hyderabad,0,DEV_UNKNOWN,1,45,0,3.16,0,P2P,1
TXN103681,USR0084,5442.59,960.0,5.669,42.0,36.3,23,Jaipur,1,DEV_UNKNOWN,1,961,5,4.81,0,INVESTMENT,1
TXN103682,USR0114,708.47,1547.0,0.458,29.9,87.5,13,Delhi,0,DEV_ANDROID_14,0,1093,0,0.85,1,ONLINE_SHOPPING,0
TXN103683,USR0144,10368.73,2663.0,3.894,11.0,23.2,14,Chennai,0,DEV_IOS_18,0,1087,1,3.47,0,P2P,1
TXN103684,USR0060,9281.09,2418.0,3.838,10.3,543.5,6,Hyderabad,0,DEV_ANDROID_13,0,61,0,0.91,1,ONLINE_SHOPPING,0
TXN103685,USR0079,6398.38,2089.0,3.063,18.4,5.0,14,Chennai,0,DEV_ANDROID_14,0,1351,0,2.55,0,P2M,0
TXN103686,USR0105,1189.22,1284.0,0.926,25.1,145.6,13,Bengaluru,0,DEV_ANDROID_14,0,607,0,0.75,1,P2M,0
TXN103687,USR0109,964.2,1296.0,0.744,11.6,172.1,17,Chennai,0,DEV_ANDROID_14,0,1504,0,1.36,1,P2M,0
TXN103688,USR0046,5128.31,3064.0,1.674,22.5,310.0,9,Delhi,0,DEV_ANDROID_13,0,360,0,0.94,1,P2M,0
TXN103689,USR0003,23147.35,3784.0,6.117,24.3,189.1,7,Hyderabad,0,DEV_ANDROID_13,0,1329,2,1.22,0,P2M,0
TXN103690,USR0060,1900.17,2418.0,0.786,14.8,27.8,10,Hyderabad,0,DEV_WEB_CHROME,1,55,0,1.19,0,P2P,0
TXN103691,USR0085,8061.15,3924.0,2.054,17.1,10.1,12,Bengaluru,1,DEV_ANDROID_13,0,757,0,2.09,1,P2P,0
TXN103692,USR0090,4887.63,4795.0,1.019,23.8,44.5,12,Mumbai,1,DEV_ANDROID_14,0,561,0,0.94,0,BILL_PAYMENT,0
TXN103693,USR0080,1173.69,1303.0,0.901,16.2,252.1,22,Kolkata,0,DEV_WEB_CHROME,1,617,0,1.47,1,P2P,0
TXN103694,USR0123,5894.03,4007.0,1.471,23.7,72.2,9,Mumbai,1,DEV_IOS_18,0,1276,0,1.62,0,P2M,0
TXN103695,USR0001,22197.87,3411.0,6.508,28.0,67.0,2,Bengaluru,1,DEV_UNKNOWN,1,848,1,2.87,0,P2P,1
TXN103696,USR0057,4465.64,3487.0,1.281,17.3,63.7,8,Delhi,0,DEV_IOS_18,0,829,0,1.93,1,P2P,0
TXN103697,USR0015,1700.39,2529.0,0.672,5.0,57.8,12,Chennai,0,DEV_ANDROID_14,0,1249,0,1.28,1,P2P,0
TXN103698,USR0055,900.0,1096.0,0.821,27.8,15.4,10,Delhi,0,DEV_ANDROID_14,0,826,0,1.66,1,P2P,0
TXN103699,USR0023,1895.52,2955.0,0.641,19.6,20.9,10,Delhi,0,DEV_ANDROID_13,0,967,0,0.79,1,P2M,0
TXN103700,USR0072,4377.78,4501.0,0.973,15.2,274.5,10,Kolkata,0,DEV_ANDROID_14,0,1356,0,1.67,1,P2P,0
TXN103701,USR0142,1163.62,3033.0,0.384,13.0,511.1,13,Hyderabad,0,DEV_ANDROID_14,0,886,0,0.72,1,ONLINE_SHOPPING,0
TXN103702,USR0034,3650.46,1168.0,3.125,14.7,152.2,9,Chennai,0,DEV_ANDROID_14,0,81,0,1.46,1,P2M,0
TXN103703,USR0068,1389.95,1858.0,0.748,7.7,81.9,17,Chennai,0,DEV_ANDROID_13,0,1739,0,1.73,1,BILL_PAYMENT,0
TXN103704,USR0002,2380.74,3607.0,0.66,7.8,148.4,15,Kolkata,0,DEV_ANDROID_14,0,225,0,1.06,0,P2P,0
TXN103705,USR0003,3395.66,3784.0,0.897,23.6,446.4,12,Hyderabad,0,DEV_ANDROID_13,0,1307,0,1.64,1,P2P,0
TXN103706,USR0042,3366.06,4858.0,0.693,11.9,162.2,10,Delhi,0,DEV_ANDROID_13,0,1435,0,0.72,1,P2P,0
TXN103707,USR0102,858.55,1540.0,0.557,5.0,65.2,19,Bengaluru,0,DEV_IOS_18,0,487,0,0.5,1,BILL_PAYMENT,0
TXN103708,USR0091,1898.94,2696.0,0.704,7.6,108.7,14,Kolkata,0,DEV_ANDROID_13,0,1085,0,1.21,1,P2P,0
TXN103709,USR0005,1301.58,1239.0,1.051,33.0,38.7,17,Ahmedabad,1,DEV_IOS_18,0,1401,0,1.32,1,P2P,0
TXN103710,USR0043,2050.3,4029.0,0.509,17.7,45.9,11,Delhi,0,DEV_ANDROID_13,0,1358,0,2.4,1,P2P,0
TXN103711,USR0017,1207.16,1139.0,1.06,34.9,76.5,18,Kolkata,0,DEV_IOS_18,0,1190,0,0.12,1,P2M,0
TXN103712,USR0038,1785.66,2152.0,0.83,11.0,170.9,16,Bengaluru,0,DEV_ANDROID_14,0,572,0,1.59,0,P2M,0
TXN103713,USR0116,2227.95,2809.0,0.793,32.2,129.3,11,Bengaluru,0,DEV_ANDROID_13,0,236,0,1.99,1,P2P,0
TXN103714,USR0045,3189.07,3638.0,0.877,11.8,158.8,17,Mumbai,0,DEV_IOS_18,0,1288,0,1.53,1,BILL_PAYMENT,0
TXN103715,USR0014,1605.78,2104.0,0.763,5.2,77.2,13,Delhi,0,DEV_ANDROID_13,0,904,0,1.37,1,P2M,0
TXN103716,USR0079,3557.02,2089.0,1.703,20.4,290.4,13,Chennai,0,DEV_IOS_18,1,1363,0,1.52,1,P2M,0
TXN103717,USR0031,8541.48,4621.0,1.848,6.7,187.4,14,Kolkata,0,DEV_ANDROID_14,0,786,0,0.41,1,P2P,0
TXN103718,USR0006,4760.36,4184.0,1.138,17.9,189.2,10,Hyderabad,0,DEV_IOS_18,0,863,2,1.01,1,P2M,0
TXN103719,USR0140,2499.48,3114.0,0.803,3.0,115.3,21,Delhi,0,DEV_ANDROID_13,0,198,0,0.36,1,ONLINE_SHOPPING,0
TXN103720,USR0031,7886.34,4621.0,1.707,17.3,63.9,13,Kolkata,0,DEV_ANDROID_14,0,807,0,0.89,1,P2M,0
TXN103721,USR0149,2393.89,3318.0,0.721,12.4,38.7,17,Chennai,0,DEV_ANDROID_13,0,1479,0,2.17,1,P2P,0
TXN103722,USR0017,5777.25,1139.0,5.072,34.8,309.5,18,Kolkata,0,DEV_IOS_18,0,1185,0,0.1,1,P2P,0
TXN103723,USR0137,4331.08,4815.0,0.899,35.9,123.7,12,Chennai,0,DEV_ANDROID_14,0,382,0,1.32,1,P2P,0
TXN103724,USR0004,976.48,989.0,0.987,26.1,63.6,13,Chennai,0,DEV_IOS_18,0,849,1,2.33,1,BILL_PAYMENT,0
TXN103725,USR0107,1126.83,1116.0,1.01,12.6,321.3,21,Hyderabad,0,DEV_ANDROID_14,0,1089,0,0.65,0,RECHARGE,0
TXN103726,USR0087,7481.24,4199.0,1.782,14.3,455.2,16,Kolkata,1,DEV_ANDROID_13,0,820,0,1.19,1,P2P,0
TXN103727,USR0127,2407.87,2395.0,1.005,14.1,135.6,16,Chennai,0,DEV_ANDROID_14,0,355,0,0.76,1,P2M,0
TXN103728,USR0081,2496.26,1873.0,1.333,30.5,37.6,13,Kolkata,0,DEV_ANDROID_13,0,923,0,1.68,1,P2M,0
TXN103729,USR0132,2274.33,3311.0,0.687,10.4,202.7,16,Hyderabad,0,DEV_ANDROID_13,0,570,0,0.6,0,P2M,0
TXN103730,USR0050,4387.56,2312.0,1.898,26.5,72.0,15,Mumbai,0,DEV_ANDROID_13,0,90,1,0.87,0,P2P,0
TXN103731,USR0103,3839.71,4267.0,0.9,31.1,69.2,23,Kolkata,0,DEV_ANDROID_13,0,1777,0,2.12,1,BILL_PAYMENT,0
TXN103732,USR0011,3232.63,2073.0,1.559,17.6,67.4,14,Chennai,0,DEV_ANDROID_13,1,968,0,2.49,0,P2P,0
TXN103733,USR0068,1618.34,1858.0,0.871,11.2,305.7,9,Chennai,0,DEV_ANDROID_13,0,1740,0,2.48,1,BILL_PAYMENT,0
TXN103734,USR0076,5549.64,3835.0,1.447,18.0,225.3,14,Mumbai,0,DEV_ANDROID_13,0,500,0,1.45,0,P2P,0
TXN103735,USR0107,6346.17,1116.0,5.687,15.1,243.3,8,Hyderabad,0,DEV_IOS_18,1,1101,1,0.73,1,P2P,0
TXN103736,USR0128,11076.67,1765.0,6.276,17.0,33.6,22,Kolkata,1,DEV_UNKNOWN,1,1711,5,10.47,0,P2P,1
TXN103737,USR0064,3777.26,3744.0,1.009,34.2,23.7,15,Hyderabad,0,DEV_WEB_CHROME,1,1423,0,1.1,1,P2M,0
TXN103738,USR0143,9910.36,3747.0,2.645,24.7,475.5,11,Chennai,0,DEV_IOS_18,0,1686,0,1.02,1,RECHARGE,0
TXN103739,USR0029,1616.59,1672.0,0.967,11.5,835.3,21,Kolkata,0,DEV_ANDROID_14,0,1780,0,0.42,1,P2P,0
TXN103740,USR0041,2141.18,2677.0,0.8,23.9,123.3,13,Bengaluru,0,DEV_ANDROID_13,0,888,0,0.29,1,P2P,0
TXN103741,USR0136,594.85,788.0,0.755,19.7,9.4,7,Chennai,0,DEV_WEB_CHROME,1,1705,0,1.75,1,P2M,0
TXN103742,USR0043,6414.55,4029.0,1.592,17.4,337.7,13,Delhi,0,DEV_ANDROID_13,0,1373,0,1.92,1,P2P,0
TXN103743,USR0045,16742.19,3638.0,4.602,9.0,799.1,13,Mumbai,0,DEV_ANDROID_13,1,1327,0,0.32,0,BILL_PAYMENT,0
TXN103744,USR0024,1222.7,1043.0,1.172,13.4,32.0,9,Hyderabad,0,DEV_ANDROID_14,0,269,0,0.71,0,P2P,0
TXN103745,USR0073,1342.24,1427.0,0.941,36.9,754.2,11,Kolkata,0,DEV_ANDROID_13,0,229,0,0.98,1,P2P,0
TXN103746,USR0045,2040.0,3638.0,0.561,15.0,212.8,12,Mumbai,0,DEV_IOS_18,0,1308,0,1.26,1,P2M,0
TXN103747,USR0101,2929.62,4828.0,0.607,29.3,92.1,19,Mumbai,0,DEV_IOS_18,0,568,0,0.84,1,P2P,0
TXN103748,USR0110,2983.58,3119.0,0.957,20.8,86.4,12,Lucknow,1,DEV_IOS_18,0,1276,0,1.41,1,BILL_PAYMENT,0
TXN103749,USR0065,32460.19,3227.0,10.059,35.0,4.7,15,Jaipur,1,DEV_WEB_CHROME,1,1756,2,7.2,0,INVESTMENT,1
TXN103750,USR0005,1321.19,1239.0,1.066,24.4,78.7,15,Hyderabad,0,DEV_IOS_18,0,1436,0,0.79,1,BILL_PAYMENT,0
TXN103751,USR0035,7436.6,3949.0,1.883,27.9,343.1,17,Mumbai,0,DEV_ANDROID_14,0,1281,0,1.29,0,BILL_PAYMENT,0
TXN103752,USR0085,4159.61,3924.0,1.06,23.8,56.2,16,Kolkata,0,DEV_ANDROID_13,0,827,0,1.35,0,P2M,0
TXN103753,USR0143,2149.53,3747.0,0.574,23.7,446.9,15,Chennai,0,DEV_ANDROID_14,1,1699,0,0.71,1,P2P,0
TXN103754,USR0022,19592.76,3458.0,5.666,24.7,64.3,12,Chennai,0,DEV_ANDROID_13,0,1332,0,0.83,0,P2M,0
TXN103755,USR0004,713.78,989.0,0.722,23.1,118.8,21,Chennai,0,DEV_IOS_18,0,886,0,1.89,1,BILL_PAYMENT,0
TXN103756,USR0112,2165.34,4425.0,0.489,23.2,93.9,17,Hyderabad,0,DEV_ANDROID_13,0,1556,0,0.87,1,P2M,0
TXN103757,USR0091,3270.25,2696.0,1.213,9.1,160.8,15,Kolkata,0,DEV_ANDROID_13,0,1110,0,0.33,1,ONLINE_SHOPPING,0
TXN103758,USR0068,1662.79,1858.0,0.895,7.3,52.6,21,Chennai,0,DEV_ANDROID_13,0,1752,0,2.02,1,INVESTMENT,0
TXN103759,USR0119,1385.26,1503.0,0.922,32.2,33.2,11,Chennai,0,DEV_WEB_CHROME,1,599,0,1.1,1,P2P,0
TXN103760,USR0081,1274.89,1873.0,0.681,32.0,84.5,16,Kolkata,0,DEV_ANDROID_13,0,952,0,1.26,0,ONLINE_SHOPPING,0
TXN103761,USR0141,570.16,1171.0,0.487,8.7,80.3,13,Hyderabad,0,DEV_IOS_18,0,256,0,1.46,1,P2P,0
TXN103762,USR0143,2178.62,3747.0,0.581,23.8,503.9,12,Chennai,0,DEV_IOS_18,0,1662,0,1.79,1,P2M,0
TXN103763,USR0043,2204.21,4029.0,0.547,17.0,39.1,16,Pune,1,DEV_WEB_CHROME,1,1327,0,2.06,0,P2P,0
TXN103764,USR0049,1173.75,835.0,1.406,21.8,90.9,20,Mumbai,0,DEV_IOS_18,0,1147,0,0.61,1,P2M,0
TXN103765,USR0149,2744.48,3318.0,0.827,9.6,40.4,10,Chennai,0,DEV_WEB_CHROME,1,1457,0,1.01,0,P2M,0
TXN103766,USR0142,1933.56,3033.0,0.638,24.9,97.2,14,Delhi,1,DEV_ANDROID_14,0,887,0,0.98,1,P2P,0
TXN103767,USR0129,11274.28,4329.0,2.604,33.0,3.9,14,Chennai,0,DEV_ANDROID_12,1,1435,4,10.77,0,ONLINE_SHOPPING,1
TXN103768,USR0077,8779.1,4759.0,1.845,11.8,296.5,6,Mumbai,0,DEV_ANDROID_13,0,124,0,1.38,1,P2M,0
TXN103769,USR0013,11098.52,2086.0,5.32,31.0,669.2,16,Kolkata,0,DEV_ANDROID_13,0,762,0,1.1,0,P2P,0
TXN103770,USR0081,3949.34,1873.0,2.109,27.9,663.3,14,Kolkata,0,DEV_ANDROID_13,0,967,0,1.22,0,P2P,0
TXN103771,USR0006,4850.73,4184.0,1.159,25.7,939.4,20,Kochi,1,DEV_IOS_18,0,831,0,0.98,1,P2M,0
TXN103772,USR0134,2347.7,4359.0,0.539,26.5,342.6,17,Chennai,0,DEV_IOS_18,0,262,0,1.05,1,P2M,0
TXN103773,USR0105,854.37,1284.0,0.665,24.5,159.8,10,Bengaluru,0,DEV_ANDROID_14,0,646,0,0.85,0,BILL_PAYMENT,0
TXN103774,USR0125,1024.13,1159.0,0.884,21.2,18.4,14,Bengaluru,0,DEV_IOS_18,0,1109,0,1.42,1,P2M,0
TXN103775,USR0017,1427.95,1139.0,1.254,30.7,85.1,17,Kolkata,0,DEV_IOS_18,0,1127,0,0.75,1,P2M,0
TXN103776,USR0083,1098.07,1684.0,0.652,13.0,97.6,6,Delhi,0,DEV_ANDROID_14,0,79,0,0.1,1,P2P,0
TXN103777,USR0009,2862.8,3622.0,0.79,16.6,410.3,11,Mumbai,0,DEV_ANDROID_13,0,136,0,1.77,0,BILL_PAYMENT,0
TXN103778,USR0012,1242.56,1109.0,1.12,34.2,422.9,7,Mumbai,0,DEV_IOS_18,0,1290,0,2.29,1,P2M,0
TXN103779,USR0084,787.67,960.0,0.82,16.1,6.5,13,Chennai,0,DEV_ANDROID_13,0,985,0,0.94,1,P2M,0
TXN103780,USR0119,1184.6,1503.0,0.788,30.8,30.6,11,Hyderabad,1,DEV_ANDROID_13,0,613,0,0.65,1,P2M,0
TXN103781,USR0024,828.56,1043.0,0.794,13.1,624.9,15,Hyderabad,0,DEV_ANDROID_14,0,229,0,1.1,1,P2P,0
TXN103782,USR0013,4179.79,2086.0,2.004,36.2,42.1,8,Kolkata,0,DEV_ANDROID_13,0,754,0,0.88,0,P2M,0
TXN103783,USR0072,10718.83,4501.0,2.381,7.2,851.1,6,Kolkata,0,DEV_ANDROID_14,0,1406,0,1.33,1,P2P,0
TXN103784,USR0048,21467.71,2387.0,8.994,47.0,24.9,6,Ahmedabad,1,DEV_UNKNOWN,1,1124,7,10.51,0,P2P,1
TXN103785,USR0112,6067.83,4425.0,1.371,31.6,342.9,6,Hyderabad,0,DEV_ANDROID_13,0,1568,0,1.53,1,P2M,0
TXN103786,USR0013,592.63,2086.0,0.284,31.1,296.2,7,Kolkata,0,DEV_ANDROID_13,0,777,0,2.23,0,P2M,0
TXN103787,USR0101,3748.53,4828.0,0.776,31.8,5.0,12,Mumbai,0,DEV_IOS_18,0,519,0,0.54,1,P2M,0
TXN103788,USR0043,3199.2,4029.0,0.794,18.4,5.0,22,Delhi,0,DEV_ANDROID_13,0,1375,0,0.1,1,P2P,0
TXN103789,USR0120,3031.17,3985.0,0.761,23.8,20.5,13,Chennai,0,DEV_IOS_18,0,1159,0,1.13,1,P2P,0
TXN103790,USR0059,27587.15,4787.0,5.763,17.0,11.1,10,Pune,1,DEV_UNKNOWN,1,1045,5,6.2,0,INVESTMENT,1
TXN103791,USR0098,3749.84,2841.0,1.32,26.1,106.2,18,Ahmedabad,1,DEV_IOS_18,0,1085,0,1.02,1,P2M,0
TXN103792,USR0050,2154.34,2312.0,0.932,35.0,5.7,12,Mumbai,0,DEV_ANDROID_13,0,120,0,1.11,1,P2P,0
TXN103793,USR0072,5208.66,4501.0,1.157,3.6,267.4,9,Kolkata,0,DEV_ANDROID_13,1,1375,0,0.91,0,ONLINE_SHOPPING,0
TXN103794,USR0092,3099.61,3316.0,0.935,28.3,120.3,7,Hyderabad,0,DEV_ANDROID_14,0,265,0,0.46,0,P2P,0
TXN103795,USR0084,1022.83,960.0,1.065,16.0,363.1,16,Chennai,0,DEV_ANDROID_13,0,960,0,1.55,1,P2M,0
TXN103796,USR0086,5013.02,4098.0,1.223,3.0,195.8,12,Delhi,0,DEV_ANDROID_13,0,1287,0,1.78,1,BILL_PAYMENT,0
TXN103797,USR0144,2484.05,2663.0,0.933,12.1,121.4,14,Chennai,0,DEV_ANDROID_14,1,1132,0,2.22,0,BILL_PAYMENT,0
TXN103798,USR0138,2297.56,3130.0,0.734,20.0,207.5,12,Chandigarh,1,DEV_IOS_18,0,1439,0,2.65,0,P2M,0
TXN103799,USR0145,18103.12,4287.0,4.223,4.2,131.5,11,Mumbai,0,DEV_ANDROID_13,0,1447,0,1.12,0,P2P,0
TXN103800,USR0111,4678.2,4209.0,1.111,9.6,242.9,17,Chennai,0,DEV_IOS_18,0,1814,0,1.65,1,P2P,0
TXN103801,USR0033,2959.54,2282.0,1.297,22.0,346.6,12,Kolkata,0,DEV_IOS_18,0,784,0,0.7,0,P2M,0
TXN103802,USR0002,14709.56,3607.0,4.078,43.0,0.3,4,Kochi,1,DEV_IOS_18,1,223,4,8.84,0,P2P,1
TXN103803,USR0060,1196.02,2418.0,0.495,12.9,45.7,8,Hyderabad,0,DEV_ANDROID_13,0,54,0,1.87,1,P2M,0
TXN103804,USR0139,3753.25,4684.0,0.801,28.6,11.9,16,Kolkata,0,DEV_ANDROID_13,0,213,0,0.77,1,P2P,0
TXN103805,USR0002,1761.14,3607.0,0.488,6.2,250.0,21,Kolkata,0,DEV_ANDROID_14,0,192,0,1.73,1,P2P,0
TXN103806,USR0128,1557.69,1765.0,0.883,26.2,579.0,13,Chennai,0,DEV_ANDROID_14,0,1696,0,1.6,0,RECHARGE,0
TXN103807,USR0049,1411.52,835.0,1.69,22.8,103.1,8,Mumbai,0,DEV_IOS_18,0,1177,0,0.68,1,P2P,0
TXN103808,USR0091,860.95,2696.0,0.319,3.4,86.4,17,Kolkata,0,DEV_ANDROID_13,0,1089,0,0.52,0,P2M,0
TXN103809,USR0021,5366.65,4102.0,1.308,3.7,135.6,12,Kolkata,1,DEV_ANDROID_14,0,1446,0,1.34,1,P2P,0
TXN103810,USR0010,6020.29,4508.0,1.335,35.2,268.5,13,Kolkata,0,DEV_IOS_18,0,1432,0,1.74,1,P2P,0
TXN103811,USR0019,4940.73,4271.0,1.157,13.2,113.2,8,Bengaluru,0,DEV_ANDROID_13,0,1670,0,0.1,1,P2P,0
TXN103812,USR0001,3599.99,3411.0,1.055,20.6,435.5,7,Mumbai,0,DEV_ANDROID_13,0,785,0,0.94,1,P2P,0
TXN103813,USR0114,2505.51,1547.0,1.62,23.7,234.9,12,Delhi,0,DEV_ANDROID_14,0,1079,0,1.09,0,BILL_PAYMENT,0
TXN103814,USR0016,3801.16,1443.0,2.634,24.1,86.6,13,Bengaluru,0,DEV_ANDROID_14,0,1214,0,1.32,1,INVESTMENT,0
TXN103815,USR0025,2643.38,3410.0,0.775,16.9,11.1,16,Bengaluru,0,DEV_ANDROID_13,0,1555,0,0.43,0,P2M,0
TXN103816,USR0120,6863.33,3985.0,1.722,16.2,27.8,10,Chennai,0,DEV_IOS_18,0,1209,0,0.98,1,P2M,0
TXN103817,USR0120,1909.89,3985.0,0.479,24.1,38.6,8,Bengaluru,1,DEV_IOS_18,0,1203,0,1.61,1,P2P,0
TXN103818,USR0044,1793.82,843.0,2.128,38.0,3.5,6,Kochi,1,DEV_ANDROID_13,1,1612,5,8.89,1,P2P,1
TXN103819,USR0149,2441.61,3318.0,0.736,11.2,64.8,11,Chennai,0,DEV_ANDROID_13,0,1430,0,1.01,1,P2P,0
TXN103820,USR0022,3159.77,3458.0,0.914,13.6,70.4,21,Pune,1,DEV_ANDROID_13,0,1304,0,0.93,1,P2P,0
TXN103821,USR0087,28967.94,4199.0,6.899,8.7,553.9,16,Mumbai,0,DEV_ANDROID_13,0,852,0,1.55,1,P2P,0
TXN103822,USR0077,7014.13,4759.0,1.474,4.4,135.3,11,Mumbai,0,DEV_ANDROID_13,0,70,0,1.66,1,P2M,0
TXN103823,USR0047,233.31,489.0,0.477,32.5,32.3,16,Bengaluru,0,DEV_ANDROID_13,0,938,0,1.33,1,P2P,0
TXN103824,USR0064,4125.75,3744.0,1.102,29.7,128.1,13,Hyderabad,0,DEV_ANDROID_13,0,1407,0,1.01,1,RECHARGE,0
TXN103825,USR0003,3548.62,3784.0,0.938,29.0,346.1,9,Hyderabad,0,DEV_ANDROID_13,0,1291,0,2.03,1,P2P,0
TXN103826,USR0047,306.81,489.0,0.627,26.0,371.3,19,Bengaluru,0,DEV_ANDROID_13,0,901,0,1.32,1,RECHARGE,0
TXN103827,USR0008,1744.67,4207.0,0.415,11.2,165.2,16,Mumbai,0,DEV_ANDROID_13,0,1130,0,1.6,1,P2M,0
TXN103828,USR0076,26631.58,3835.0,6.944,8.0,220.0,5,Chennai,1,DEV_UNKNOWN,1,514,1,6.3,0,P2P,1
TXN103829,USR0139,10336.81,4684.0,2.207,30.6,262.7,16,Kolkata,0,DEV_ANDROID_13,0,179,0,1.11,1,RECHARGE,0
TXN103830,USR0126,2997.07,2090.0,1.434,14.8,664.6,13,Delhi,0,DEV_IOS_18,0,674,0,1.08,1,P2M,0
TXN103831,USR0110,3181.96,3119.0,1.02,22.9,523.6,6,Mumbai,0,DEV_IOS_18,0,1255,0,0.93,0,P2P,0
TXN103832,USR0098,3091.88,2841.0,1.088,27.3,261.0,10,Delhi,0,DEV_IOS_18,0,1106,0,0.67,1,P2P,0
TXN103833,USR0074,863.87,1853.0,0.466,9.1,263.9,11,Hyderabad,0,DEV_IOS_18,0,1402,0,1.18,0,P2M,0
TXN103834,USR0109,1225.2,1296.0,0.945,10.7,350.2,17,Chennai,0,DEV_ANDROID_14,0,1507,0,2.13,1,ONLINE_SHOPPING,0
TXN103835,USR0038,2220.26,2152.0,1.032,12.8,73.1,21,Bengaluru,0,DEV_ANDROID_14,0,610,0,0.6,1,P2P,0
TXN103836,USR0021,5579.97,4102.0,1.36,3.4,7.2,15,Chennai,0,DEV_ANDROID_14,0,1490,1,0.77,0,BILL_PAYMENT,0
TXN103837,USR0072,15014.13,4501.0,3.336,61.0,2.3,4,Ahmedabad,1,DEV_IOS_18,1,1383,1,12.84,0,ONLINE_SHOPPING,1
TXN103838,USR0081,848.28,1873.0,0.453,30.6,32.0,9,Kolkata,0,DEV_ANDROID_13,0,903,0,0.34,1,P2P,0
TXN103839,USR0106,1520.99,1061.0,1.434,31.9,18.6,8,Delhi,0,DEV_ANDROID_13,0,1709,0,1.93,1,P2P,0
TXN103840,USR0070,3251.47,4705.0,0.691,8.5,121.8,18,Delhi,0,DEV_ANDROID_13,0,301,0,1.84,0,P2M,0
TXN103841,USR0121,4377.35,3799.0,1.152,9.1,211.6,18,Pune,1,DEV_ANDROID_13,0,1517,0,2.59,1,P2M,0
TXN103842,USR0122,2841.02,2765.0,1.027,37.4,187.3,14,Pune,1,DEV_ANDROID_14,0,1595,0,2.01,1,P2M,0
TXN103843,USR0048,2496.66,2387.0,1.046,10.9,143.7,19,Chennai,0,DEV_IOS_18,0,1162,0,0.1,1,P2P,0
TXN103844,USR0129,3927.03,4329.0,0.907,19.4,39.5,17,Chandigarh,1,DEV_ANDROID_13,0,1376,0,0.97,1,ONLINE_SHOPPING,0
TXN103845,USR0027,353.74,816.0,0.433,27.7,48.0,15,Hyderabad,0,DEV_IOS_18,0,1485,0,0.68,1,ONLINE_SHOPPING,0
TXN103846,USR0119,8016.37,1503.0,5.334,34.4,144.9,17,Chennai,0,DEV_ANDROID_13,0,651,0,1.14,1,P2M,0
TXN103847,USR0021,8805.44,4102.0,2.147,5.8,138.0,17,Chennai,0,DEV_ANDROID_14,0,1426,0,1.09,1,P2P,0
TXN103848,USR0004,885.77,989.0,0.896,31.6,5.0,10,Chennai,0,DEV_IOS_18,0,856,0,1.33,1,P2M,0
TXN103849,USR0100,1134.42,2121.0,0.535,23.6,18.3,9,Bengaluru,0,DEV_ANDROID_14,0,810,0,1.08,1,P2M,0
TXN103850,USR0062,4334.69,2948.0,1.47,13.6,511.7,18,Mumbai,0,DEV_ANDROID_14,0,276,0,0.55,1,P2P,0
TXN103851,USR0088,5372.45,4666.0,1.151,8.4,48.1,20,Mumbai,0,DEV_IOS_18,0,790,0,0.57,0,P2M,0
TXN103852,USR0106,2028.71,1061.0,1.912,30.5,94.5,18,Delhi,0,DEV_ANDROID_13,0,1650,0,0.49,1,P2P,0
TXN103853,USR0148,1686.58,1934.0,0.872,30.9,73.1,12,Chennai,0,DEV_ANDROID_13,0,1675,0,0.48,1,P2P,0
TXN103854,USR0009,5136.8,3622.0,1.418,12.0,74.2,22,Mumbai,0,DEV_ANDROID_13,0,133,0,2.4,0,P2P,0
TXN103855,USR0078,2621.03,4223.0,0.621,30.6,346.3,21,Mumbai,0,DEV_ANDROID_14,0,351,0,0.61,1,P2M,0
TXN103856,USR0150,1373.22,1846.0,0.744,15.4,5.0,17,Bengaluru,0,DEV_IOS_18,0,346,0,0.69,1,P2P,0
TXN103857,USR0048,2487.23,2387.0,1.042,16.0,289.1,14,Chennai,0,DEV_IOS_18,0,1153,0,1.64,1,P2M,0
TXN103858,USR0050,26111.04,2312.0,11.294,20.0,11.6,6,Hyderabad,1,DEV_ANDROID_12,1,111,5,5.1,0,INVESTMENT,1
TXN103859,USR0045,5395.78,3638.0,1.483,10.3,94.1,19,Mumbai,0,DEV_IOS_18,0,1292,0,1.03,0,P2P,0
TXN103860,USR0076,6632.98,3835.0,1.73,14.9,191.4,23,Mumbai,0,DEV_ANDROID_13,0,480,0,1.14,0,P2P,0
TXN103861,USR0113,1876.61,2668.0,0.703,9.9,141.9,10,Hyderabad,0,DEV_ANDROID_14,0,1642,0,1.41,1,RECHARGE,0
TXN103862,USR0003,2577.36,3784.0,0.681,25.1,140.3,15,Hyderabad,0,DEV_ANDROID_13,0,1324,0,0.67,1,BILL_PAYMENT,0
TXN103863,USR0016,1009.3,1443.0,0.699,15.2,378.8,23,Bengaluru,0,DEV_ANDROID_14,0,1270,0,1.23,0,P2P,0
TXN103864,USR0105,6305.26,1284.0,4.911,53.0,2.0,6,Delhi,1,DEV_WEB_CHROME,1,633,5,9.2,1,ONLINE_SHOPPING,1
TXN103865,USR0075,14490.57,2287.0,6.336,15.1,792.7,13,Bengaluru,0,DEV_IOS_18,0,1583,0,1.39,1,P2P,0
TXN103866,USR0144,3043.44,2663.0,1.143,18.2,85.0,11,Chennai,0,DEV_IOS_18,0,1132,0,2.16,0,P2M,0
TXN103867,USR0088,22166.44,4666.0,4.751,39.0,22.8,11,Delhi,1,DEV_UNKNOWN,1,760,4,3.53,1,P2P,1
TXN103868,USR0119,1071.88,1503.0,0.713,38.1,61.5,20,Chennai,0,DEV_ANDROID_13,0,619,0,1.04,1,P2P,0
TXN103869,USR0027,2125.29,816.0,2.605,22.5,91.8,18,Hyderabad,0,DEV_IOS_18,0,1459,0,1.28,1,P2M,0
TXN103870,USR0022,1592.45,3458.0,0.461,19.4,61.0,14,Chennai,0,DEV_ANDROID_13,0,1304,0,0.25,0,ONLINE_SHOPPING,0
TXN103871,USR0055,33754.64,1096.0,30.798,45.0,17.5,18,Chandigarh,1,DEV_ANDROID_12,1,768,3,5.32,0,P2P,1
TXN103872,USR0023,3488.53,2955.0,1.181,23.3,90.8,19,Delhi,0,DEV_IOS_18,1,930,0,0.73,1,BILL_PAYMENT,0
TXN103873,USR0013,2551.06,2086.0,1.223,35.4,100.0,12,Kolkata,0,DEV_ANDROID_13,0,756,0,2.08,0,ONLINE_SHOPPING,0
TXN103874,USR0045,1932.7,3638.0,0.531,8.1,556.1,14,Mumbai,0,DEV_IOS_18,0,1299,0,1.41,0,P2M,0
TXN103875,USR0132,10926.24,3311.0,3.3,9.0,211.4,6,Hyderabad,0,DEV_ANDROID_13,0,562,0,1.29,1,P2M,0
TXN103876,USR0054,2128.46,1995.0,1.067,20.1,134.8,8,Hyderabad,0,DEV_IOS_18,0,1065,0,1.28,1,P2P,0
TXN103877,USR0070,5935.17,4705.0,1.261,11.0,253.2,19,Delhi,0,DEV_ANDROID_13,0,334,0,1.16,1,BILL_PAYMENT,0
TXN103878,USR0052,684.58,875.0,0.782,2.4,329.8,16,Mumbai,0,DEV_ANDROID_13,0,1077,0,0.29,0,P2M,0
TXN103879,USR0050,2620.98,2312.0,1.134,31.0,51.6,16,Mumbai,0,DEV_ANDROID_13,0,131,0,1.73,1,P2M,0
TXN103880,USR0072,3920.69,4501.0,0.871,6.3,159.3,11,Kolkata,0,DEV_ANDROID_14,0,1352,0,0.97,0,P2P,0
TXN103881,USR0108,1380.74,931.0,1.483,20.3,86.0,12,Mumbai,0,DEV_IOS_18,0,101,0,0.53,1,P2M,0
TXN103882,USR0104,1243.86,706.0,1.762,18.9,258.2,6,Mumbai,0,DEV_ANDROID_13,0,1138,0,1.22,0,P2P,0
TXN103883,USR0128,1639.09,1765.0,0.929,30.6,12.4,9,Chennai,0,DEV_ANDROID_14,0,1708,0,1.22,1,P2P,0
TXN103884,USR0068,2339.82,1858.0,1.259,15.1,45.0,10,Chennai,0,DEV_ANDROID_13,0,1746,0,1.38,0,P2M,0
TXN103885,USR0024,2333.11,1043.0,2.237,10.0,11.0,17,Hyderabad,0,DEV_ANDROID_14,0,233,0,4.2,0,P2P,1
TXN103886,USR0055,440.63,1096.0,0.402,30.1,41.2,23,Delhi,0,DEV_ANDROID_14,0,825,0,1.19,0,P2P,0
TXN103887,USR0058,3107.6,3029.0,1.026,18.2,258.3,8,Kolkata,0,DEV_ANDROID_14,0,897,0,0.62,1,BILL_PAYMENT,0
TXN103888,USR0054,9690.14,1995.0,4.857,49.0,31.5,23,Chandigarh,1,DEV_UNKNOWN,1,1095,4,10.62,0,INVESTMENT,1
TXN103889,USR0011,2319.82,2073.0,1.119,14.3,296.9,15,Chennai,0,DEV_ANDROID_14,0,908,0,0.42,1,P2P,0
TXN103890,USR0142,3481.42,3033.0,1.148,19.7,37.6,8,Hyderabad,0,DEV_ANDROID_14,0,904,0,0.97,1,P2M,0
TXN103891,USR0002,4480.9,3607.0,1.242,4.4,141.2,11,Kolkata,0,DEV_ANDROID_14,0,178,0,2.16,0,P2M,0
TXN103892,USR0084,2085.48,960.0,2.172,5.4,718.2,12,Chennai,0,DEV_ANDROID_13,0,943,0,0.43,1,P2P,0
TXN103893,USR0046,1713.01,3064.0,0.559,26.3,233.9,10,Delhi,0,DEV_ANDROID_13,0,344,0,2.06,1,P2M,0
TXN103894,USR0059,3529.1,4787.0,0.737,12.6,177.8,12,Chennai,0,DEV_ANDROID_14,0,1044,0,1.52,1,P2P,0
TXN103895,USR0133,636.68,561.0,1.135,4.7,5.4,14,Delhi,0,DEV_ANDROID_13,0,1079,0,1.48,1,P2P,0
TXN103896,USR0110,1656.02,3119.0,0.531,23.4,97.0,17,Mumbai,0,DEV_IOS_18,0,1274,0,0.57,1,P2M,0
TXN103897,USR0143,4013.81,3747.0,1.071,29.3,57.4,12,Bengaluru,1,DEV_IOS_18,0,1687,0,1.13,0,ONLINE_SHOPPING,0
TXN103898,USR0028,231.33,541.0,0.428,16.8,206.9,18,Delhi,0,DEV_IOS_18,0,815,0,0.9,1,P2M,0
TXN103899,USR0072,32910.65,4501.0,7.312,51.0,57.2,6,Chandigarh,1,DEV_UNKNOWN,1,1397,5,7.3,0,INVESTMENT,1
TXN103900,USR0116,13030.83,2809.0,4.639,30.1,334.3,9,Bengaluru,0,DEV_ANDROID_13,0,231,0,0.89,0,P2P,0
TXN103901,USR0013,2085.38,2086.0,1.0,33.6,133.0,20,Kolkata,0,DEV_ANDROID_13,0,758,0,1.61,1,BILL_PAYMENT,0
TXN103902,USR0028,449.29,541.0,0.83,18.9,73.8,20,Lucknow,1,DEV_IOS_18,0,834,0,1.18,1,BILL_PAYMENT,0
TXN103903,USR0034,836.55,1168.0,0.716,18.3,315.0,8,Chennai,0,DEV_ANDROID_14,0,114,0,0.93,1,P2P,0
TXN103904,USR0024,936.41,1043.0,0.898,8.4,224.6,19,Hyderabad,0,DEV_ANDROID_14,0,250,0,0.91,1,ONLINE_SHOPPING,0
TXN103905,USR0008,3005.64,4207.0,0.714,16.5,28.3,15,Mumbai,0,DEV_ANDROID_13,0,1189,0,1.25,1,P2M,0
TXN103906,USR0052,937.74,875.0,1.072,9.7,5.0,10,Mumbai,0,DEV_ANDROID_13,0,1112,0,1.66,1,P2M,0
TXN103907,USR0065,4638.23,3227.0,1.437,32.2,30.1,13,Delhi,0,DEV_ANDROID_14,0,1776,0,1.75,1,P2P,0
TXN103908,USR0032,17308.31,2962.0,5.843,33.0,58.0,2,Pune,1,DEV_UNKNOWN,1,1460,0,4.68,0,P2P,1
TXN103909,USR0013,1713.2,2086.0,0.821,34.8,64.7,10,Kolkata,0,DEV_ANDROID_13,0,785,0,0.1,1,P2P,0
TXN103910,USR0107,793.04,1116.0,0.711,11.3,243.2,16,Hyderabad,0,DEV_ANDROID_14,0,1032,0,1.86,1,ONLINE_SHOPPING,0
TXN103911,USR0057,24082.74,3487.0,6.906,23.1,106.8,9,Delhi,0,DEV_IOS_18,0,802,0,1.22,1,BILL_PAYMENT,0
TXN103912,USR0096,7587.45,482.0,15.742,17.0,38.7,2,Bengaluru,1,DEV_WEB_CHROME,1,278,2,9.46,1,P2M,1
TXN103913,USR0032,6104.77,2962.0,2.061,15.4,10.3,17,Chandigarh,1,DEV_IOS_18,1,1397,0,1.55,1,P2M,0
TXN103914,USR0056,2799.52,4000.0,0.7,7.2,69.3,14,Chandigarh,1,DEV_WEB_CHROME,1,169,0,0.99,1,RECHARGE,0
TXN103915,USR0122,4460.75,2765.0,1.613,33.9,274.7,8,Hyderabad,0,DEV_ANDROID_14,0,1562,0,1.23,1,P2P,0
TXN103916,USR0064,2906.86,3744.0,0.776,24.7,63.8,14,Hyderabad,0,DEV_ANDROID_13,0,1404,0,0.34,1,BILL_PAYMENT,0
TXN103917,USR0132,3247.92,3311.0,0.981,12.1,152.1,12,Hyderabad,0,DEV_WEB_CHROME,1,532,1,0.46,1,BILL_PAYMENT,0
TXN103918,USR0107,1190.51,1116.0,1.067,12.1,164.1,17,Hyderabad,0,DEV_ANDROID_14,0,1064,0,0.37,1,P2P,0
TXN103919,USR0088,5159.57,4666.0,1.106,5.3,191.1,12,Mumbai,0,DEV_IOS_18,0,763,0,1.55,0,INVESTMENT,0
TXN103920,USR0055,705.21,1096.0,0.643,31.9,203.5,12,Delhi,0,DEV_ANDROID_13,1,815,0,1.45,1,P2M,0
TXN103921,USR0121,4541.88,3799.0,1.196,4.5,127.1,11,Hyderabad,0,DEV_ANDROID_13,0,1498,0,1.34,1,ONLINE_SHOPPING,0
TXN103922,USR0037,1983.35,2687.0,0.738,32.5,52.5,15,Kolkata,0,DEV_ANDROID_14,0,903,0,2.01,1,P2P,0
TXN103923,USR0043,2554.12,4029.0,0.634,18.0,395.8,21,Delhi,0,DEV_ANDROID_13,0,1381,0,1.81,1,BILL_PAYMENT,0
TXN103924,USR0053,2687.36,1779.0,1.511,28.4,97.8,8,Chennai,0,DEV_ANDROID_14,0,1835,0,2.16,1,P2M,0
TXN103925,USR0064,2732.3,3744.0,0.73,33.1,300.1,14,Hyderabad,0,DEV_WEB_CHROME,1,1430,0,0.71,0,P2M,0
TXN103926,USR0128,2536.73,1765.0,1.437,34.6,206.0,17,Chennai,0,DEV_ANDROID_14,0,1748,0,0.92,1,P2M,0
TXN103927,USR0055,1049.01,1096.0,0.957,33.1,660.6,15,Delhi,0,DEV_ANDROID_14,0,751,0,0.63,1,P2P,0
TXN103928,USR0088,3652.5,4666.0,0.783,9.8,161.1,11,Mumbai,0,DEV_IOS_18,0,736,0,1.12,1,BILL_PAYMENT,0
TXN103929,USR0101,3260.06,4828.0,0.675,34.1,79.0,17,Mumbai,0,DEV_IOS_18,0,539,0,1.78,0,BILL_PAYMENT,0
TXN103930,USR0014,1982.0,2104.0,0.942,9.6,76.8,10,Hyderabad,1,DEV_ANDROID_13,0,905,0,1.41,1,BILL_PAYMENT,0
TXN103931,USR0076,5525.28,3835.0,1.441,22.0,63.3,10,Mumbai,0,DEV_ANDROID_13,0,510,0,1.0,1,P2P,0
TXN103932,USR0105,750.6,1284.0,0.585,25.8,96.2,9,Bengaluru,0,DEV_ANDROID_14,0,587,0,1.38,1,RECHARGE,0
TXN103933,USR0089,1310.12,1008.0,1.3,24.1,130.7,10,Kolkata,0,DEV_ANDROID_14,0,947,0,1.27,1,P2M,0
TXN103934,USR0088,26349.37,4666.0,5.647,13.0,141.4,14,Mumbai,0,DEV_IOS_18,0,724,0,1.58,1,ONLINE_SHOPPING,0
TXN103935,USR0072,2164.14,4501.0,0.481,8.4,37.0,10,Kolkata,0,DEV_ANDROID_14,0,1384,0,0.83,1,P2P,0
TXN103936,USR0135,3172.12,3326.0,0.954,2.6,158.9,13,Kolkata,0,DEV_IOS_18,0,1148,0,0.54,0,BILL_PAYMENT,0
TXN103937,USR0127,2061.51,2395.0,0.861,15.5,72.4,7,Chennai,0,DEV_ANDROID_14,0,347,0,1.71,0,RECHARGE,0
TXN103938,USR0054,1704.65,1995.0,0.854,15.1,199.2,8,Hyderabad,0,DEV_ANDROID_14,1,1092,0,0.99,1,P2P,0
TXN103939,USR0015,2151.23,2529.0,0.851,6.0,100.3,20,Chennai,0,DEV_ANDROID_14,0,1281,0,1.88,0,BILL_PAYMENT,0
TXN103940,USR0031,3651.07,4621.0,0.79,12.4,47.0,8,Kolkata,0,DEV_ANDROID_14,0,828,0,1.28,1,P2P,0
TXN103941,USR0121,20753.22,3799.0,5.463,1.0,94.8,18,Hyderabad,0,DEV_ANDROID_13,0,1494,0,0.69,1,P2P,0
TXN103942,USR0127,1621.88,2395.0,0.677,13.4,43.5,17,Chennai,0,DEV_ANDROID_14,0,365,0,1.46,1,RECHARGE,0
TXN103943,USR0018,2234.82,1836.0,1.217,28.5,20.7,22,Chennai,0,DEV_ANDROID_14,0,1522,0,1.03,1,P2M,0
TXN103944,USR0108,739.09,931.0,0.794,25.4,189.0,10,Mumbai,0,DEV_IOS_18,0,50,0,2.34,0,P2M,0
TXN103945,USR0082,6762.69,1061.0,6.374,34.6,118.2,12,Hyderabad,0,DEV_ANDROID_14,1,55,0,0.26,1,P2P,0
TXN103946,USR0105,1548.03,1284.0,1.206,28.7,225.9,8,Bengaluru,0,DEV_ANDROID_14,0,617,0,0.96,1,P2M,0
TXN103947,USR0006,1313.82,4184.0,0.314,21.1,140.8,13,Hyderabad,0,DEV_IOS_18,0,866,0,1.77,1,P2M,0
TXN103948,USR0128,2157.0,1765.0,1.222,26.8,50.0,14,Chennai,0,DEV_ANDROID_14,0,1768,0,1.09,0,P2P,0
TXN103949,USR0050,3268.95,2312.0,1.414,22.8,71.3,16,Mumbai,0,DEV_ANDROID_13,0,112,0,0.1,1,P2P,0
TXN103950,USR0041,2601.36,2677.0,0.972,26.5,251.2,17,Bengaluru,0,DEV_WEB_CHROME,1,881,0,1.44,1,ONLINE_SHOPPING,0
TXN103951,USR0120,2076.26,3985.0,0.521,23.7,99.4,14,Chennai,0,DEV_IOS_18,0,1225,0,1.4,0,ONLINE_SHOPPING,0
TXN103952,USR0082,1862.48,1061.0,1.755,28.4,30.1,19,Hyderabad,0,DEV_IOS_18,0,65,1,2.16,1,P2P,0
TXN103953,USR0133,454.53,561.0,0.81,8.3,74.2,20,Delhi,0,DEV_ANDROID_13,0,1080,0,0.43,1,P2P,0
TXN103954,USR0119,2146.48,1503.0,1.428,41.9,75.3,18,Ahmedabad,1,DEV_ANDROID_13,0,640,0,2.43,1,P2M,0
TXN103955,USR0091,1635.2,2696.0,0.607,4.4,97.3,8,Kolkata,0,DEV_ANDROID_13,0,1072,0,1.33,0,P2M,0
TXN103956,USR0105,1085.74,1284.0,0.846,25.7,149.0,18,Bengaluru,0,DEV_ANDROID_14,0,610,0,1.21,1,P2M,0
TXN103957,USR0079,5749.96,2089.0,2.752,12.0,4.8,10,Chennai,0,DEV_UNKNOWN,1,1344,0,3.53,0,P2P,1
TXN103958,USR0141,1914.54,1171.0,1.635,12.1,106.4,14,Hyderabad,0,DEV_IOS_18,0,241,0,1.45,1,BILL_PAYMENT,0
TXN103959,USR0113,3005.63,2668.0,1.127,10.8,388.1,7,Hyderabad,0,DEV_ANDROID_14,0,1616,1,1.51,1,P2P,0
TXN103960,USR0149,3585.97,3318.0,1.081,7.2,24.2,20,Kochi,1,DEV_IOS_18,1,1442,0,1.43,1,P2M,0
TXN103961,USR0077,2994.56,4759.0,0.629,12.4,101.4,13,Mumbai,0,DEV_ANDROID_13,0,121,0,1.56,1,P2P,0
TXN103962,USR0138,2378.95,3130.0,0.76,16.8,392.6,13,Chennai,0,DEV_IOS_18,0,1403,0,0.96,1,P2M,0
TXN103963,USR0111,8239.38,4209.0,1.958,19.9,17.5,11,Chennai,0,DEV_IOS_18,0,1775,0,0.35,1,RECHARGE,0
TXN103964,USR0094,11583.58,3141.0,3.688,6.4,22.5,10,Kolkata,0,DEV_WEB_CHROME,1,1710,0,1.17,0,P2M,0
TXN103965,USR0053,2195.3,1779.0,1.234,31.4,102.9,15,Chennai,0,DEV_ANDROID_14,0,1813,0,0.99,0,P2P,0
TXN103966,USR0067,1987.27,1825.0,1.089,26.1,20.2,15,Hyderabad,0,DEV_WEB_CHROME,1,856,0,2.49,1,ONLINE_SHOPPING,0
TXN103967,USR0044,396.94,843.0,0.471,18.3,34.8,17,Delhi,0,DEV_ANDROID_14,0,1657,0,0.93,1,BILL_PAYMENT,0
TXN103968,USR0062,2414.3,2948.0,0.819,19.9,325.5,11,Mumbai,0,DEV_ANDROID_14,0,237,0,1.25,1,P2P,0
TXN103969,USR0033,3260.96,2282.0,1.429,13.8,46.5,7,Kolkata,0,DEV_IOS_18,0,787,1,1.59,0,P2P,0
TXN103970,USR0019,3876.87,4271.0,0.908,19.5,190.5,21,Bengaluru,0,DEV_ANDROID_13,0,1619,0,1.55,1,P2M,0
TXN103971,USR0070,4340.45,4705.0,0.923,5.6,50.1,17,Delhi,0,DEV_ANDROID_13,0,302,0,1.16,0,P2P,0
TXN103972,USR0121,3039.47,3799.0,0.8,8.2,104.9,11,Kochi,1,DEV_ANDROID_13,0,1473,0,0.98,1,INVESTMENT,0
TXN103973,USR0062,2455.08,2948.0,0.833,14.9,99.9,19,Mumbai,0,DEV_WEB_CHROME,1,268,0,0.86,0,P2M,0
TXN103974,USR0063,629.55,946.0,0.665,16.2,21.0,11,Hyderabad,0,DEV_ANDROID_13,0,483,0,1.89,1,ONLINE_SHOPPING,0
TXN103975,USR0007,626.03,823.0,0.761,22.9,57.8,15,Lucknow,1,DEV_ANDROID_14,0,1624,0,1.62,1,P2P,0
TXN103976,USR0071,3148.83,1774.0,1.775,19.4,77.0,7,Hyderabad,0,DEV_ANDROID_14,0,1758,0,0.49,1,P2M,0
TXN103977,USR0088,3486.88,4666.0,0.747,6.3,108.9,13,Mumbai,0,DEV_IOS_18,0,715,0,0.58,1,P2M,0
TXN103978,USR0084,1607.21,960.0,1.674,14.1,112.4,15,Chandigarh,1,DEV_ANDROID_13,0,952,0,1.34,0,P2M,0
TXN103979,USR0045,18143.21,3638.0,4.987,10.3,270.0,15,Mumbai,0,DEV_IOS_18,0,1289,0,2.17,0,P2M,0
TXN103980,USR0100,1063.67,2121.0,0.501,35.3,105.7,10,Bengaluru,0,DEV_ANDROID_14,0,805,0,1.15,0,P2P,0
TXN103981,USR0061,357.04,445.0,0.802,26.7,38.7,11,Bengaluru,0,DEV_ANDROID_14,1,1046,0,0.4,1,P2P,0
TXN103982,USR0111,9954.48,4209.0,2.365,13.6,236.0,15,Chennai,0,DEV_IOS_18,0,1791,0,2.75,0,P2P,0
TXN103983,USR0109,1923.34,1296.0,1.484,8.7,135.2,13,Chennai,0,DEV_ANDROID_14,0,1497,0,1.68,1,P2P,0
TXN103984,USR0059,7143.35,4787.0,1.492,17.2,305.3,8,Chennai,0,DEV_ANDROID_14,0,982,0,1.69,1,P2P,0
TXN103985,USR0033,4013.96,2282.0,1.759,24.6,292.7,15,Kolkata,0,DEV_IOS_18,0,766,0,1.39,1,ONLINE_SHOPPING,0
TXN103986,USR0147,5479.42,4639.0,1.181,20.4,91.6,18,Chennai,0,DEV_IOS_18,0,401,0,0.36,1,P2P,0
TXN103987,USR0015,2540.8,2529.0,1.005,7.1,130.2,10,Chennai,0,DEV_ANDROID_14,0,1260,0,0.6,1,ONLINE_SHOPPING,0
TXN103988,USR0088,19274.73,4666.0,4.131,13.3,344.0,13,Mumbai,0,DEV_IOS_18,0,761,0,0.77,1,BILL_PAYMENT,0
TXN103989,USR0084,787.2,960.0,0.82,10.5,53.8,17,Chennai,0,DEV_ANDROID_13,0,930,0,0.8,0,P2M,0
TXN103990,USR0096,391.81,482.0,0.813,23.8,53.8,20,Chennai,0,DEV_ANDROID_13,0,248,0,1.68,0,P2P,0
TXN103991,USR0137,6006.85,4815.0,1.248,33.9,45.3,22,Chennai,0,DEV_ANDROID_14,0,335,1,0.8,1,P2M,0
TXN103992,USR0139,2916.77,4684.0,0.623,36.3,55.7,11,Kolkata,0,DEV_ANDROID_13,0,187,0,0.96,1,BILL_PAYMENT,0
TXN103993,USR0046,3540.16,3064.0,1.155,20.9,5.0,15,Delhi,0,DEV_ANDROID_13,0,331,0,2.11,1,P2P,0
TXN103994,USR0046,2966.47,3064.0,0.968,20.7,211.8,13,Delhi,0,DEV_ANDROID_13,0,385,0,2.65,1,P2M,0
TXN103995,USR0039,4978.76,3193.0,1.559,15.5,5.5,8,Chennai,0,DEV_ANDROID_13,1,1731,0,2.42,1,BILL_PAYMENT,0
TXN103996,USR0021,3011.39,4102.0,0.734,2.1,200.0,13,Chennai,0,DEV_ANDROID_14,0,1495,0,0.9,1,P2P,0
TXN103997,USR0070,4727.94,4705.0,1.005,9.5,38.6,9,Delhi,0,DEV_ANDROID_13,0,344,0,1.04,1,P2P,0
TXN103998,USR0014,2168.12,2104.0,1.03,10.9,364.5,20,Delhi,0,DEV_ANDROID_13,0,861,0,1.68,1,P2P,0
TXN103999,USR0052,2970.05,875.0,3.394,9.2,401.2,13,Jaipur,1,DEV_ANDROID_13,0,1108,1,0.6,1,P2M,0
TXN104000,USR0090,3523.26,4795.0,0.735,18.0,33.6,11,Hyderabad,0,DEV_ANDROID_14,0,582,0,1.19,0,P2M,0
TXN104001,USR0119,715.14,1503.0,0.476,34.7,352.8,17,Chennai,0,DEV_ANDROID_13,0,620,0,1.4,1,P2P,0
TXN104002,USR0005,1383.76,1239.0,1.117,34.3,251.2,9,Hyderabad,0,DEV_IOS_18,0,1451,0,2.82,1,P2M,0
TXN104003,USR0018,1782.01,1836.0,0.971,26.6,178.0,9,Chennai,0,DEV_ANDROID_14,0,1550,0,0.93,1,P2M,0
TXN104004,USR0023,1327.46,2955.0,0.449,19.6,70.1,10,Delhi,0,DEV_ANDROID_13,0,944,0,1.43,1,P2P,0
TXN104005,USR0143,5395.37,3747.0,1.44,24.8,28.4,17,Pune,1,DEV_IOS_18,0,1701,0,1.25,1,P2M,0
TXN104006,USR0060,1680.13,2418.0,0.695,9.2,144.0,16,Hyderabad,0,DEV_ANDROID_13,0,80,0,0.65,1,P2P,0
TXN104007,USR0089,4268.09,1008.0,4.234,19.6,415.5,12,Kolkata,0,DEV_IOS_18,1,966,0,1.5,0,P2P,0
TXN104008,USR0103,2934.54,4267.0,0.688,28.6,18.1,19,Kolkata,0,DEV_ANDROID_13,0,1743,0,1.6,1,P2M,0
TXN104009,USR0073,478.86,1427.0,0.336,21.0,173.3,16,Kolkata,0,DEV_ANDROID_13,0,250,0,1.18,0,P2P,0
TXN104010,USR0145,3841.02,4287.0,0.896,13.0,351.3,18,Mumbai,0,DEV_ANDROID_13,0,1477,0,1.78,1,P2M,0
TXN104011,USR0080,1167.9,1303.0,0.896,13.7,21.6,16,Kolkata,0,DEV_ANDROID_14,0,609,0,1.48,0,BILL_PAYMENT,0
TXN104012,USR0089,647.28,1008.0,0.642,25.1,388.7,14,Kolkata,0,DEV_ANDROID_14,0,928,0,0.28,1,P2M,0
TXN104013,USR0104,976.45,706.0,1.383,23.1,108.3,14,Mumbai,0,DEV_ANDROID_13,0,1074,0,0.15,1,P2M,0
TXN104014,USR0018,3292.79,1836.0,1.793,24.4,111.1,11,Chandigarh,1,DEV_IOS_18,1,1549,0,0.82,1,P2M,0
TXN104015,USR0020,2796.31,3539.0,0.79,24.2,300.5,14,Delhi,0,DEV_ANDROID_14,0,290,0,1.52,1,P2P,0
TXN104016,USR0050,2393.66,2312.0,1.035,26.1,253.3,16,Mumbai,0,DEV_ANDROID_13,0,145,0,1.01,1,BILL_PAYMENT,0
TXN104017,USR0118,730.57,855.0,0.854,31.4,507.4,12,Kolkata,0,DEV_ANDROID_13,0,1565,0,1.33,1,RECHARGE,0
TXN104018,USR0040,4238.72,942.0,4.5,25.0,15.4,19,Mumbai,0,DEV_UNKNOWN,1,1776,0,6.0,0,P2P,1
TXN104019,USR0106,1369.05,1061.0,1.29,27.5,47.6,18,Delhi,0,DEV_ANDROID_13,0,1705,0,1.63,1,P2M,0
TXN104020,USR0132,2964.38,3311.0,0.895,3.1,83.7,11,Hyderabad,0,DEV_ANDROID_13,0,551,0,1.42,0,BILL_PAYMENT,0
TXN104021,USR0047,635.66,489.0,1.3,32.0,201.6,10,Bengaluru,0,DEV_IOS_18,1,911,0,1.35,1,P2P,0
TXN104022,USR0038,1305.36,2152.0,0.607,11.4,20.8,15,Bengaluru,0,DEV_ANDROID_14,0,554,0,1.24,1,P2M,0
TXN104023,USR0110,2334.19,3119.0,0.748,21.4,149.2,10,Mumbai,0,DEV_IOS_18,0,1243,0,0.76,0,BILL_PAYMENT,0
TXN104024,USR0034,670.96,1168.0,0.574,14.4,445.0,17,Chennai,0,DEV_ANDROID_14,0,64,0,1.03,1,P2P,0
TXN104025,USR0106,704.89,1061.0,0.664,30.3,18.1,7,Delhi,0,DEV_ANDROID_13,0,1653,0,0.55,1,P2P,0
TXN104026,USR0039,2691.68,3193.0,0.843,18.3,171.2,19,Chennai,0,DEV_IOS_18,0,1763,0,1.05,1,P2P,0
TXN104027,USR0003,2692.81,3784.0,0.712,29.8,96.2,11,Hyderabad,0,DEV_ANDROID_13,0,1357,0,2.52,0,P2M,0
TXN104028,USR0104,664.48,706.0,0.941,17.7,438.5,12,Mumbai,0,DEV_ANDROID_13,0,1133,0,2.22,1,P2P,0
TXN104029,USR0142,16825.08,3033.0,5.547,33.0,88.0,1,Pune,1,DEV_UNKNOWN,1,912,0,5.17,0,P2P,1
TXN104030,USR0134,33740.69,4359.0,7.74,40.0,26.1,1,Bengaluru,1,DEV_UNKNOWN,1,260,5,4.94,0,P2P,1
TXN104031,USR0120,3934.7,3985.0,0.987,21.9,93.7,16,Chennai,0,DEV_IOS_18,0,1218,0,1.88,1,INVESTMENT,0
TXN104032,USR0126,4300.85,2090.0,2.058,19.2,10.7,13,Ahmedabad,1,DEV_IOS_18,0,696,2,0.13,0,P2M,0
TXN104033,USR0051,7704.69,1265.0,6.091,8.5,269.8,16,Delhi,0,DEV_ANDROID_14,1,1253,0,0.48,1,P2M,0
TXN104034,USR0121,3131.82,3799.0,0.824,11.3,233.6,18,Hyderabad,0,DEV_ANDROID_13,0,1504,0,0.9,1,P2M,0
TXN104035,USR0023,2783.8,2955.0,0.942,13.5,15.3,13,Delhi,0,DEV_ANDROID_13,0,962,0,1.33,0,BILL_PAYMENT,0
TXN104036,USR0060,2766.03,2418.0,1.144,12.0,1093.3,13,Hyderabad,0,DEV_ANDROID_13,0,86,0,1.37,1,P2M,0
TXN104037,USR0096,205.61,482.0,0.427,24.1,148.1,12,Chennai,0,DEV_ANDROID_13,0,273,0,1.09,1,P2P,0
TXN104038,USR0136,796.18,788.0,1.01,22.3,206.0,12,Chennai,0,DEV_IOS_18,0,1686,0,0.46,1,P2M,0
TXN104039,USR0006,5140.64,4184.0,1.229,22.0,42.4,9,Delhi,1,DEV_IOS_18,0,798,0,0.89,1,P2P,0
TXN104040,USR0108,2146.44,931.0,2.306,40.0,3.4,9,Lucknow,1,DEV_IOS_18,0,63,1,5.63,0,ONLINE_SHOPPING,1
TXN104041,USR0017,2498.61,1139.0,2.194,31.1,5.0,11,Kolkata,0,DEV_IOS_18,0,1194,0,1.36,1,P2M,0
TXN104042,USR0009,4344.7,3622.0,1.2,17.7,143.3,11,Mumbai,0,DEV_ANDROID_13,0,178,0,2.12,1,P2M,0
TXN104043,USR0106,887.25,1061.0,0.836,29.8,149.5,15,Delhi,0,DEV_ANDROID_13,0,1691,0,1.37,0,P2P,0
TXN104044,USR0078,3600.59,4223.0,0.853,31.5,135.8,12,Mumbai,0,DEV_WEB_CHROME,1,288,0,1.85,1,P2M,0
TXN104045,USR0125,1799.79,1159.0,1.553,17.2,248.9,15,Bengaluru,0,DEV_IOS_18,0,1101,0,1.44,1,ONLINE_SHOPPING,0
TXN104046,USR0043,5785.97,4029.0,1.436,10.3,155.5,12,Kolkata,1,DEV_ANDROID_13,0,1347,0,1.22,1,P2P,0
TXN104047,USR0085,4936.84,3924.0,1.258,26.0,7.5,12,Chandigarh,1,DEV_ANDROID_13,0,808,0,1.26,1,BILL_PAYMENT,0
TXN104048,USR0090,5765.26,4795.0,1.202,24.8,298.7,12,Hyderabad,0,DEV_ANDROID_14,0,561,0,0.47,0,BILL_PAYMENT,0
TXN104049,USR0120,4184.04,3985.0,1.05,24.7,283.3,6,Chennai,0,DEV_IOS_18,0,1148,0,1.51,1,P2M,0
TXN104050,USR0028,384.78,541.0,0.711,12.4,191.9,12,Lucknow,1,DEV_IOS_18,0,822,0,1.7,1,P2P,0
TXN104051,USR0061,827.8,445.0,1.86,33.0,55.4,22,Bengaluru,0,DEV_ANDROID_13,0,989,0,1.46,1,P2P,0
TXN104052,USR0068,3567.15,1858.0,1.92,12.6,460.0,14,Chennai,0,DEV_ANDROID_13,0,1707,2,1.05,0,P2M,0
TXN104053,USR0060,14573.6,2418.0,6.027,17.8,333.6,10,Hyderabad,0,DEV_ANDROID_13,0,116,0,1.82,1,P2P,0
TXN104054,USR0005,1641.2,1239.0,1.325,29.9,780.7,8,Hyderabad,0,DEV_IOS_18,0,1403,0,0.86,0,P2M,0
TXN104055,USR0090,7574.7,4795.0,1.58,19.6,120.1,10,Chandigarh,1,DEV_ANDROID_14,0,582,0,1.72,1,P2P,0
TXN104056,USR0074,1463.12,1853.0,0.79,3.7,12.1,15,Hyderabad,0,DEV_IOS_18,0,1444,0,0.26,1,BILL_PAYMENT,0
TXN104057,USR0141,2614.88,1171.0,2.233,9.2,39.2,9,Hyderabad,0,DEV_IOS_18,0,245,0,2.41,1,BILL_PAYMENT,0
TXN104058,USR0125,1817.25,1159.0,1.568,13.9,7.5,14,Bengaluru,0,DEV_ANDROID_13,1,1140,0,0.92,1,RECHARGE,0
TXN104059,USR0033,7987.0,2282.0,3.5,13.0,51.2,14,Kolkata,0,DEV_IOS_18,0,771,0,2.52,1,P2M,0
TXN104060,USR0111,6116.8,4209.0,1.453,16.8,274.2,12,Chennai,0,DEV_IOS_18,0,1828,0,1.32,1,P2P,0
TXN104061,USR0136,984.71,788.0,1.25,19.6,124.3,13,Chennai,0,DEV_IOS_18,0,1714,0,0.47,1,P2P,0
TXN104062,USR0116,2145.6,2809.0,0.764,31.6,5.0,19,Ahmedabad,1,DEV_ANDROID_13,0,192,0,1.8,1,P2P,0
TXN104063,USR0003,1277.24,3784.0,0.338,27.5,201.5,7,Hyderabad,0,DEV_IOS_18,1,1335,0,1.63,1,ONLINE_SHOPPING,0
TXN104064,USR0041,1034.08,2677.0,0.386,21.5,390.5,18,Bengaluru,0,DEV_ANDROID_13,0,856,0,1.78,1,P2M,0
TXN104065,USR0096,521.16,482.0,1.081,23.6,45.0,14,Chennai,0,DEV_ANDROID_13,0,260,0,2.26,0,P2M,0
TXN104066,USR0038,1319.21,2152.0,0.613,8.7,147.2,16,Bengaluru,0,DEV_WEB_CHROME,1,607,0,0.81,1,P2M,0
TXN104067,USR0030,720.57,1476.0,0.488,31.2,10.7,13,Chandigarh,1,DEV_ANDROID_14,0,132,0,1.87,1,P2P,0
TXN104068,USR0109,1309.24,1296.0,1.01,10.1,163.6,10,Chennai,0,DEV_ANDROID_14,0,1516,0,1.22,1,BILL_PAYMENT,0
TXN104069,USR0098,23478.04,2841.0,8.264,46.0,36.7,1,Chandigarh,1,DEV_ANDROID_12,1,1134,4,5.77,0,INVESTMENT,1
TXN104070,USR0037,17517.94,2687.0,6.52,32.0,120.0,1,Kolkata,0,DEV_ANDROID_12,1,904,0,5.3,0,P2P,1
TXN104071,USR0110,3880.65,3119.0,1.244,23.2,37.2,9,Mumbai,0,DEV_ANDROID_14,1,1256,0,1.37,0,P2M,0
TXN104072,USR0139,29679.02,4684.0,6.336,34.6,123.0,10,Kolkata,0,DEV_ANDROID_13,0,188,0,1.7,1,P2M,0
TXN104073,USR0064,2864.54,3744.0,0.765,40.4,272.8,11,Chandigarh,1,DEV_ANDROID_13,0,1429,0,1.26,1,P2P,0
TXN104074,USR0032,7766.77,2962.0,2.622,39.0,11.5,18,Hyderabad,0,DEV_ANDROID_14,0,1433,2,6.48,0,P2P,1
TXN104075,USR0076,3774.48,3835.0,0.984,15.2,17.7,19,Mumbai,0,DEV_ANDROID_13,0,476,0,1.25,0,BILL_PAYMENT,0
TXN104076,USR0102,1484.85,1540.0,0.964,12.3,616.4,17,Bengaluru,0,DEV_IOS_18,0,436,0,1.43,0,P2M,0
TXN104077,USR0146,874.2,803.0,1.089,19.3,375.9,17,Mumbai,0,DEV_ANDROID_13,0,1200,0,1.5,1,P2P,0
TXN104078,USR0020,3847.2,3539.0,1.087,21.5,155.3,23,Lucknow,1,DEV_ANDROID_14,0,263,1,0.72,1,P2P,0
TXN104079,USR0115,2875.62,1698.0,1.694,4.1,283.9,12,Pune,1,DEV_IOS_18,0,34,0,1.23,1,BILL_PAYMENT,0
TXN104080,USR0030,1186.44,1476.0,0.804,33.7,128.7,16,Chandigarh,1,DEV_ANDROID_14,0,157,0,1.33,1,P2M,0
TXN104081,USR0133,1240.16,561.0,2.211,12.6,28.0,19,Delhi,0,DEV_ANDROID_13,0,1115,0,1.57,1,BILL_PAYMENT,0
TXN104082,USR0045,4735.83,3638.0,1.302,11.5,127.7,9,Mumbai,0,DEV_IOS_18,0,1326,0,0.73,1,BILL_PAYMENT,0
TXN104083,USR0144,9371.53,2663.0,3.519,28.0,237.0,4,Pune,1,DEV_UNKNOWN,1,1104,2,5.53,0,P2P,1
TXN104084,USR0035,6238.79,3949.0,1.58,27.3,109.1,17,Mumbai,0,DEV_ANDROID_14,0,1313,0,1.03,1,P2M,0
TXN104085,USR0079,7427.1,2089.0,3.555,19.0,15.1,11,Delhi,1,DEV_ANDROID_14,0,1343,1,4.13,0,P2P,1
TXN104086,USR0105,5691.39,1284.0,4.433,46.0,25.9,5,Lucknow,1,DEV_UNKNOWN,1,614,6,8.72,0,P2P,1
TXN104087,USR0055,1375.26,1096.0,1.255,34.8,379.9,15,Delhi,0,DEV_ANDROID_14,0,751,0,0.99,0,BILL_PAYMENT,0
TXN104088,USR0116,18818.36,2809.0,6.699,32.1,506.3,14,Bengaluru,0,DEV_ANDROID_13,0,223,0,1.31,0,P2P,0
TXN104089,USR0039,5532.21,3193.0,1.733,17.1,106.5,11,Chennai,0,DEV_IOS_18,0,1758,0,1.04,0,ONLINE_SHOPPING,0
TXN104090,USR0046,9487.62,3064.0,3.096,19.0,176.0,3,Lucknow,1,DEV_UNKNOWN,1,357,0,2.53,0,P2P,1
TXN104091,USR0148,1945.25,1934.0,1.006,27.0,170.6,15,Chennai,0,DEV_ANDROID_13,0,1633,0,1.72,1,P2M,0
TXN104092,USR0055,12506.53,1096.0,11.411,27.0,4.5,7,Bengaluru,1,DEV_ANDROID_12,1,803,2,5.62,1,INVESTMENT,1
TXN104093,USR0098,20864.89,2841.0,7.344,28.0,27.3,19,Jaipur,1,DEV_ANDROID_12,1,1110,2,5.94,0,P2P,1
TXN104094,USR0011,2665.61,2073.0,1.286,15.5,386.1,6,Chennai,0,DEV_ANDROID_14,0,900,0,1.28,0,P2M,0
TXN104095,USR0053,2082.34,1779.0,1.171,30.0,109.2,13,Chennai,0,DEV_ANDROID_14,0,1793,0,0.22,1,ONLINE_SHOPPING,0
TXN104096,USR0147,7673.6,4639.0,1.654,29.5,36.6,10,Chennai,0,DEV_IOS_18,0,422,0,0.3,0,P2P,0
TXN104097,USR0046,2772.11,3064.0,0.905,19.0,45.7,15,Ahmedabad,1,DEV_ANDROID_13,0,354,0,1.12,1,P2M,0
TXN104098,USR0090,3944.05,4795.0,0.823,18.2,20.7,17,Hyderabad,0,DEV_ANDROID_14,0,537,0,1.0,1,P2P,0
TXN104099,USR0094,23531.52,3141.0,7.492,15.0,13.8,15,Kolkata,0,DEV_ANDROID_12,1,1731,2,8.96,1,P2M,1
TXN104100,USR0141,410.86,1171.0,0.351,14.4,97.0,8,Hyderabad,0,DEV_IOS_18,0,239,0,2.0,1,P2P,0
TXN104101,USR0097,1604.37,1552.0,1.034,30.1,90.7,10,Delhi,0,DEV_ANDROID_13,0,894,0,1.08,0,BILL_PAYMENT,0
TXN104102,USR0017,5220.11,1139.0,4.583,46.0,1.7,11,Kochi,1,DEV_ANDROID_14,1,1138,5,8.71,0,P2P,1
TXN104103,USR0136,848.31,788.0,1.077,22.4,100.1,9,Chennai,0,DEV_IOS_18,0,1669,0,1.17,1,P2M,0
TXN104104,USR0142,4728.39,3033.0,1.559,16.1,260.8,17,Hyderabad,0,DEV_ANDROID_14,0,863,0,1.48,0,P2M,0
TXN104105,USR0077,5520.78,4759.0,1.16,7.0,24.2,13,Mumbai,0,DEV_ANDROID_13,0,85,1,0.97,0,P2M,0
TXN104106,USR0083,10262.9,1684.0,6.094,6.7,57.1,17,Delhi,0,DEV_ANDROID_14,0,89,0,1.37,0,P2M,0
TXN104107,USR0035,3534.88,3949.0,0.895,25.5,5.0,13,Mumbai,0,DEV_ANDROID_14,0,1274,0,1.54,1,ONLINE_SHOPPING,0
TXN104108,USR0072,13064.05,4501.0,2.902,9.6,98.8,18,Kolkata,0,DEV_ANDROID_14,0,1394,0,0.88,1,P2M,0
TXN104109,USR0114,1808.34,1547.0,1.169,24.2,153.0,18,Delhi,0,DEV_ANDROID_14,0,1044,0,1.31,0,P2P,0
TXN104110,USR0085,2342.86,3924.0,0.597,23.9,454.5,8,Kolkata,0,DEV_ANDROID_13,0,781,0,1.28,0,P2P,0
TXN104111,USR0037,13353.34,2687.0,4.97,29.0,2.2,18,Delhi,1,DEV_IOS_18,1,938,5,8.06,0,ONLINE_SHOPPING,1
TXN104112,USR0006,7018.67,4184.0,1.678,23.8,27.3,9,Hyderabad,0,DEV_IOS_18,0,872,0,0.9,1,P2M,0
TXN104113,USR0096,563.74,482.0,1.17,26.5,363.4,13,Chennai,0,DEV_IOS_18,1,214,0,0.64,1,P2P,0
TXN104114,USR0110,1920.27,3119.0,0.616,20.8,81.2,11,Mumbai,0,DEV_IOS_18,0,1293,0,0.6,1,P2M,0
TXN104115,USR0074,1963.08,1853.0,1.059,1.1,60.1,11,Hyderabad,0,DEV_IOS_18,0,1436,0,0.1,1,INVESTMENT,0
TXN104116,USR0111,6701.46,4209.0,1.592,17.3,119.0,18,Chennai,0,DEV_IOS_18,0,1829,0,1.44,1,P2P,0
TXN104117,USR0079,3460.55,2089.0,1.657,20.4,146.5,19,Pune,1,DEV_ANDROID_14,0,1363,0,1.46,1,P2P,0
TXN104118,USR0079,3185.15,2089.0,1.525,20.0,5.0,14,Chennai,0,DEV_ANDROID_14,0,1294,0,1.25,1,ONLINE_SHOPPING,0
TXN104119,USR0048,3487.99,2387.0,1.461,13.9,126.0,20,Chennai,0,DEV_IOS_18,0,1193,0,0.69,0,P2P,0
TXN104120,USR0137,4299.77,4815.0,0.893,39.3,87.2,15,Chennai,0,DEV_ANDROID_14,0,370,0,2.06,1,BILL_PAYMENT,0
TXN104121,USR0006,6290.64,4184.0,1.503,22.1,579.6,7,Hyderabad,0,DEV_IOS_18,0,798,0,1.44,1,BILL_PAYMENT,0
TXN104122,USR0148,1327.79,1934.0,0.687,29.8,103.7,16,Chennai,0,DEV_ANDROID_13,0,1629,0,1.63,0,P2P,0
TXN104123,USR0066,821.52,572.0,1.436,7.0,87.2,16,Delhi,0,DEV_ANDROID_14,0,1004,0,1.12,1,P2M,0
TXN104124,USR0027,718.12,816.0,0.88,23.2,313.1,14,Hyderabad,0,DEV_IOS_18,0,1430,0,1.35,1,BILL_PAYMENT,0
TXN104125,USR0061,511.9,445.0,1.15,30.3,351.6,6,Bengaluru,0,DEV_ANDROID_13,0,1035,0,0.55,0,P2P,0
TXN104126,USR0097,4804.6,1552.0,3.096,27.4,22.2,14,Delhi,0,DEV_ANDROID_13,0,839,0,1.75,1,P2P,0
TXN104127,USR0139,10251.93,4684.0,2.189,31.3,33.1,7,Kolkata,0,DEV_ANDROID_13,0,234,0,1.51,0,BILL_PAYMENT,0
TXN104128,USR0139,4821.88,4684.0,1.029,37.7,562.6,9,Kolkata,0,DEV_ANDROID_13,0,220,0,1.78,0,P2M,0
TXN104129,USR0114,3518.97,1547.0,2.275,39.0,2.6,5,Bengaluru,1,DEV_ANDROID_14,0,1095,1,7.56,0,P2P,1
TXN104130,USR0102,2619.86,1540.0,1.701,11.8,99.5,17,Bengaluru,0,DEV_IOS_18,0,443,0,2.57,1,P2P,0
TXN104131,USR0006,4754.16,4184.0,1.136,18.8,205.3,17,Hyderabad,0,DEV_IOS_18,0,836,0,1.18,1,P2M,0
TXN104132,USR0101,3991.56,4828.0,0.827,33.9,44.2,7,Mumbai,0,DEV_IOS_18,0,536,0,1.92,1,P2M,0
TXN104133,USR0043,2877.0,4029.0,0.714,16.5,86.9,23,Delhi,0,DEV_ANDROID_13,0,1314,0,0.59,1,P2M,0
TXN104134,USR0016,2152.05,1443.0,1.491,17.5,132.0,8,Bengaluru,0,DEV_ANDROID_14,0,1263,0,1.38,1,BILL_PAYMENT,0
TXN104135,USR0131,1018.0,1330.0,0.765,36.1,40.2,9,Bengaluru,0,DEV_IOS_18,0,1016,0,1.81,1,P2M,0
TXN104136,USR0108,1524.82,931.0,1.638,21.0,129.1,11,Mumbai,0,DEV_IOS_18,0,76,0,0.43,1,P2M,0
TXN104137,USR0084,789.84,960.0,0.823,12.1,23.0,6,Chennai,0,DEV_ANDROID_13,0,920,0,1.71,1,P2M,0
TXN104138,USR0140,5875.42,3114.0,1.887,4.7,431.0,17,Kochi,1,DEV_ANDROID_13,0,202,0,1.81,1,P2M,0
TXN104139,USR0048,611.12,2387.0,0.256,17.0,16.5,9,Chennai,0,DEV_IOS_18,0,1128,0,0.42,1,ONLINE_SHOPPING,0
TXN104140,USR0038,2464.14,2152.0,1.145,10.5,130.8,18,Bengaluru,0,DEV_ANDROID_14,0,581,0,0.81,0,P2M,0
TXN104141,USR0041,3207.09,2677.0,1.198,32.4,13.8,20,Bengaluru,0,DEV_ANDROID_13,0,884,0,1.9,1,P2M,0
TXN104142,USR0116,4258.52,2809.0,1.516,33.2,233.8,11,Bengaluru,0,DEV_IOS_18,1,191,0,0.97,1,P2M,0
TXN104143,USR0123,8403.55,4007.0,2.097,25.0,16.8,9,Kolkata,0,DEV_IOS_18,0,1267,0,0.61,1,P2M,0
TXN104144,USR0092,1508.84,3316.0,0.455,36.1,57.7,14,Hyderabad,0,DEV_ANDROID_14,0,217,0,0.91,0,P2M,0
TXN104145,USR0098,2663.31,2841.0,0.937,30.6,83.5,19,Delhi,0,DEV_IOS_18,0,1144,0,0.44,1,ONLINE_SHOPPING,0
TXN104146,USR0029,2068.16,1672.0,1.237,23.1,5.0,16,Kolkata,0,DEV_ANDROID_14,0,1824,0,0.43,1,BILL_PAYMENT,0
TXN104147,USR0070,3733.57,4705.0,0.794,7.7,5.0,11,Delhi,0,DEV_ANDROID_13,0,347,0,1.2,1,P2P,0
TXN104148,USR0008,5061.3,4207.0,1.203,12.6,283.5,13,Mumbai,0,DEV_ANDROID_13,0,1172,0,0.55,1,INVESTMENT,0
TXN104149,USR0102,1237.46,1540.0,0.804,7.5,173.1,10,Bengaluru,0,DEV_IOS_18,0,444,0,1.67,0,P2P,0
TXN104150,USR0084,983.32,960.0,1.024,9.9,22.9,6,Chennai,0,DEV_ANDROID_13,0,985,0,2.47,1,P2P,0
TXN104151,USR0146,610.61,803.0,0.76,12.4,26.5,17,Mumbai,0,DEV_ANDROID_13,0,1202,0,1.77,1,P2P,0
TXN104152,USR0038,1978.67,2152.0,0.919,11.2,180.3,23,Bengaluru,0,DEV_ANDROID_14,0,573,0,1.69,1,P2M,0
TXN104153,USR0061,3276.95,445.0,7.364,30.1,175.8,7,Bengaluru,0,DEV_ANDROID_13,0,1016,0,0.35,0,P2P,0
TXN104154,USR0062,2688.28,2948.0,0.912,7.0,70.0,16,Mumbai,0,DEV_ANDROID_13,1,234,0,0.25,1,P2P,0
TXN104155,USR0084,3876.49,960.0,4.038,22.0,123.0,3,Chennai,0,DEV_UNKNOWN,1,919,2,5.69,0,P2P,1
TXN104156,USR0024,1339.06,1043.0,1.284,12.0,24.2,9,Hyderabad,0,DEV_ANDROID_14,0,274,0,2.07,1,P2P,0
TXN104157,USR0098,3536.06,2841.0,1.245,28.1,48.4,16,Delhi,0,DEV_IOS_18,0,1142,0,1.13,1,P2P,0
TXN104158,USR0088,5639.04,4666.0,1.209,6.1,124.3,16,Jaipur,1,DEV_IOS_18,0,722,0,1.36,0,P2P,0
TXN104159,USR0147,2286.86,4639.0,0.493,28.6,56.5,19,Chennai,0,DEV_IOS_18,0,428,1,1.11,0,P2M,0
TXN104160,USR0073,4581.33,1427.0,3.21,27.0,0.8,8,Ahmedabad,1,DEV_WEB_CHROME,1,259,4,8.58,0,ONLINE_SHOPPING,1
TXN104161,USR0035,27900.35,3949.0,7.065,29.7,380.0,18,Mumbai,0,DEV_ANDROID_13,1,1295,0,1.29,1,P2P,0
TXN104162,USR0113,6939.09,2668.0,2.601,13.8,156.2,7,Hyderabad,0,DEV_IOS_18,1,1609,0,0.4,1,P2M,0
TXN104163,USR0148,2207.09,1934.0,1.141,29.9,41.2,8,Chennai,0,DEV_ANDROID_13,0,1679,0,0.93,0,ONLINE_SHOPPING,0
TXN104164,USR0072,21718.87,4501.0,4.825,10.4,254.0,17,Chennai,1,DEV_ANDROID_14,0,1404,1,1.31,0,BILL_PAYMENT,0
TXN104165,USR0070,7566.61,4705.0,1.608,14.9,5.0,18,Delhi,0,DEV_ANDROID_13,0,368,0,0.99,0,P2P,0
TXN104166,USR0040,898.71,942.0,0.954,7.8,318.9,15,Mumbai,0,DEV_IOS_18,0,1753,0,2.21,1,P2M,0
TXN104167,USR0077,20778.97,4759.0,4.366,8.0,78.5,17,Mumbai,0,DEV_ANDROID_13,0,85,0,1.19,0,ONLINE_SHOPPING,0
TXN104168,USR0021,6458.42,4102.0,1.574,4.7,289.8,7,Chennai,0,DEV_ANDROID_14,0,1478,0,1.35,1,P2M,0
TXN104169,USR0120,1945.66,3985.0,0.488,23.5,468.2,10,Chennai,0,DEV_ANDROID_13,1,1205,0,0.82,1,P2P,0
TXN104170,USR0088,6523.58,4666.0,1.398,8.0,71.4,17,Mumbai,0,DEV_IOS_18,0,748,0,1.38,1,P2M,0
TXN104171,USR0105,3192.17,1284.0,2.486,42.0,0.3,15,Lucknow,1,DEV_UNKNOWN,1,644,4,11.54,0,P2P,1
TXN104172,USR0095,2079.41,2387.0,0.871,16.9,211.4,18,Chennai,0,DEV_ANDROID_13,0,1210,0,0.36,1,P2M,0
TXN104173,USR0071,9194.17,1774.0,5.183,9.0,232.0,1,Chennai,1,DEV_UNKNOWN,1,1752,2,7.26,0,P2P,1
TXN104174,USR0081,2890.57,1873.0,1.543,38.6,287.2,14,Kolkata,0,DEV_ANDROID_13,0,896,0,1.33,1,P2M,0
TXN104175,USR0103,5720.23,4267.0,1.341,34.7,585.8,12,Kolkata,0,DEV_ANDROID_13,0,1775,0,1.08,1,ONLINE_SHOPPING,0
TXN104176,USR0021,2026.13,4102.0,0.494,1.9,108.9,17,Chennai,0,DEV_ANDROID_13,1,1450,0,1.39,1,ONLINE_SHOPPING,0
TXN104177,USR0122,5493.89,2765.0,1.987,34.5,873.6,14,Hyderabad,0,DEV_ANDROID_14,0,1592,0,1.05,1,P2P,0
TXN104178,USR0015,9886.07,2529.0,3.909,35.0,0.2,4,Bengaluru,1,DEV_ANDROID_13,1,1253,3,5.55,0,P2P,1
TXN104179,USR0130,5137.94,2863.0,1.795,32.1,203.2,9,Delhi,0,DEV_IOS_18,0,1519,0,0.99,1,P2M,0
TXN104180,USR0053,2122.47,1779.0,1.193,33.8,74.8,14,Chennai,0,DEV_ANDROID_14,0,1785,0,1.49,0,P2P,0
TXN104181,USR0090,6634.3,4795.0,1.384,24.2,20.4,19,Hyderabad,0,DEV_ANDROID_14,0,539,0,1.02,1,P2P,0
TXN104182,USR0057,2493.61,3487.0,0.715,15.7,314.0,15,Delhi,0,DEV_IOS_18,0,839,0,2.14,1,P2P,0
TXN104183,USR0145,2881.37,4287.0,0.672,6.9,188.5,12,Mumbai,0,DEV_ANDROID_13,0,1478,0,1.25,0,P2M,0
TXN104184,USR0012,1227.05,1109.0,1.106,33.9,483.0,7,Mumbai,0,DEV_IOS_18,0,1228,0,1.48,1,BILL_PAYMENT,0
TXN104185,USR0019,3730.63,4271.0,0.873,13.3,171.5,7,Bengaluru,0,DEV_ANDROID_13,0,1638,0,2.03,1,BILL_PAYMENT,0
TXN104186,USR0023,3859.79,2955.0,1.306,19.1,137.0,16,Delhi,0,DEV_ANDROID_13,0,952,0,0.1,1,P2P,0
TXN104187,USR0145,6476.32,4287.0,1.511,11.7,516.2,9,Mumbai,0,DEV_ANDROID_13,0,1405,0,1.03,1,P2P,0
TXN104188,USR0147,6502.13,4639.0,1.402,33.6,248.4,12,Chennai,0,DEV_IOS_18,0,405,0,0.98,0,P2P,0
TXN104189,USR0034,2712.22,1168.0,2.322,9.0,342.4,14,Pune,1,DEV_ANDROID_14,0,84,0,1.49,0,P2P,0
TXN104190,USR0148,1241.83,1934.0,0.642,24.3,193.3,12,Chennai,0,DEV_ANDROID_13,0,1645,0,1.26,1,P2P,0
TXN104191,USR0097,7134.84,1552.0,4.597,28.1,24.5,14,Delhi,0,DEV_ANDROID_13,0,907,0,1.78,0,P2M,0
TXN104192,USR0105,1454.97,1284.0,1.133,34.3,63.7,9,Bengaluru,0,DEV_ANDROID_14,0,593,0,1.47,1,P2P,0
TXN104193,USR0136,2574.44,788.0,3.267,12.0,20.6,13,Delhi,1,DEV_UNKNOWN,1,1669,2,5.77,0,P2P,1
TXN104194,USR0020,18070.83,3539.0,5.106,20.8,221.6,15,Delhi,0,DEV_ANDROID_14,0,322,0,1.6,1,P2P,0
TXN104195,USR0039,1557.66,3193.0,0.488,16.9,217.6,12,Chennai,0,DEV_IOS_18,0,1752,0,1.1,1,P2P,0
TXN104196,USR0043,4977.23,4029.0,1.235,17.0,348.8,7,Delhi,0,DEV_ANDROID_13,0,1377,0,1.07,1,INVESTMENT,0
TXN104197,USR0052,1551.62,875.0,1.773,12.3,87.6,14,Mumbai,0,DEV_ANDROID_13,0,1086,0,0.68,1,P2M,0
TXN104198,USR0120,4304.53,3985.0,1.08,25.1,511.1,9,Chennai,0,DEV_WEB_CHROME,1,1205,0,1.06,1,P2P,0
TXN104199,USR0146,798.77,803.0,0.995,13.8,693.3,13,Mumbai,0,DEV_ANDROID_13,0,1227,0,1.31,1,P2M,0
TXN104200,USR0068,7597.1,1858.0,4.089,19.0,7.2,16,Chennai,0,DEV_UNKNOWN,1,1746,2,4.1,0,P2P,1
TXN104201,USR0068,1784.72,1858.0,0.961,9.2,155.7,14,Chennai,0,DEV_ANDROID_13,0,1707,0,1.19,0,P2P,0
TXN104202,USR0044,2340.36,843.0,2.776,17.3,127.8,20,Delhi,0,DEV_ANDROID_14,0,1669,0,1.28,1,P2P,0
TXN104203,USR0014,1064.39,2104.0,0.506,10.8,104.4,13,Delhi,0,DEV_ANDROID_13,0,867,1,0.64,1,P2P,0
TXN104204,USR0049,880.17,835.0,1.054,27.6,260.3,12,Mumbai,0,DEV_IOS_18,0,1195,0,1.5,0,ONLINE_SHOPPING,0
TXN104205,USR0076,1732.66,3835.0,0.452,13.6,431.5,10,Mumbai,0,DEV_ANDROID_13,0,493,0,0.42,1,P2P,0
TXN104206,USR0028,291.14,541.0,0.538,11.8,46.9,13,Delhi,0,DEV_IOS_18,0,801,0,1.03,1,BILL_PAYMENT,0
TXN104207,USR0147,20081.99,4639.0,4.329,33.0,1.4,9,Lucknow,1,DEV_ANDROID_14,1,452,1,6.64,1,P2P,1
TXN104208,USR0038,7710.23,2152.0,3.583,18.1,204.3,17,Bengaluru,0,DEV_ANDROID_14,0,604,0,1.96,1,P2M,0
TXN104209,USR0030,2938.03,1476.0,1.991,30.8,135.9,17,Kolkata,0,DEV_ANDROID_14,0,126,0,0.43,0,P2M,0
TXN104210,USR0112,3501.89,4425.0,0.791,31.3,215.0,15,Hyderabad,0,DEV_ANDROID_13,0,1578,0,0.67,1,ONLINE_SHOPPING,0
TXN104211,USR0008,31401.86,4207.0,7.464,28.0,35.7,15,Mumbai,0,DEV_ANDROID_13,0,1128,1,5.25,0,INVESTMENT,1
TXN104212,USR0117,892.18,891.0,1.001,2.3,10.3,16,Mumbai,0,DEV_ANDROID_14,1,731,0,0.85,0,P2M,0
TXN104213,USR0148,1558.16,1934.0,0.806,28.5,153.1,13,Chennai,0,DEV_ANDROID_13,0,1653,0,0.79,0,ONLINE_SHOPPING,0
TXN104214,USR0018,12068.19,1836.0,6.573,23.0,10.1,13,Chennai,0,DEV_ANDROID_14,0,1539,0,1.77,1,P2M,0
TXN104215,USR0059,2117.73,4787.0,0.442,14.6,76.1,18,Chennai,0,DEV_ANDROID_14,0,1015,0,1.56,1,P2M,0
TXN104216,USR0019,3871.45,4271.0,0.906,16.1,383.2,15,Bengaluru,0,DEV_ANDROID_13,0,1602,0,0.23,1,P2M,0
TXN104217,USR0019,1888.06,4271.0,0.442,17.2,772.9,10,Bengaluru,0,DEV_ANDROID_13,0,1672,0,1.03,1,P2M,0
TXN104218,USR0058,2134.27,3029.0,0.705,16.4,191.8,14,Kolkata,0,DEV_ANDROID_14,0,882,0,1.07,1,ONLINE_SHOPPING,0
TXN104219,USR0089,1474.78,1008.0,1.463,11.0,118.4,7,Kolkata,0,DEV_ANDROID_14,0,911,0,0.14,1,INVESTMENT,0
TXN104220,USR0074,756.12,1853.0,0.408,2.7,45.8,10,Hyderabad,0,DEV_IOS_18,0,1401,0,1.97,1,P2M,0
TXN104221,USR0119,1994.9,1503.0,1.327,39.5,586.9,11,Chennai,0,DEV_ANDROID_13,0,587,0,1.11,1,RECHARGE,0
TXN104222,USR0025,2335.5,3410.0,0.685,15.0,30.2,12,Bengaluru,0,DEV_ANDROID_13,0,1532,0,1.76,1,P2M,0
TXN104223,USR0141,911.6,1171.0,0.778,14.0,37.3,16,Hyderabad,0,DEV_IOS_18,0,249,0,2.25,1,ONLINE_SHOPPING,0
TXN104224,USR0134,7544.71,4359.0,1.731,36.3,71.5,11,Chennai,0,DEV_IOS_18,0,322,0,1.85,1,ONLINE_SHOPPING,0
TXN104225,USR0132,10887.98,3311.0,3.288,26.0,259.0,4,Jaipur,1,DEV_UNKNOWN,1,595,1,5.51,0,P2P,1
TXN104226,USR0112,4181.22,4425.0,0.945,31.9,5.5,10,Hyderabad,0,DEV_ANDROID_13,0,1561,0,0.32,1,P2P,0
TXN104227,USR0030,2778.72,1476.0,1.883,30.0,136.0,19,Pune,1,DEV_ANDROID_14,0,190,0,0.57,0,P2P,0
TXN104228,USR0027,562.88,816.0,0.69,17.3,114.8,12,Hyderabad,0,DEV_IOS_18,0,1487,0,0.98,1,P2M,0
TXN104229,USR0144,4112.29,2663.0,1.544,9.2,599.2,10,Chennai,0,DEV_IOS_18,0,1082,0,1.18,1,P2M,0
TXN104230,USR0078,21328.88,4223.0,5.051,18.0,202.0,1,Kochi,1,DEV_UNKNOWN,1,334,3,2.0,0,P2P,1
TXN104231,USR0125,1468.97,1159.0,1.267,18.9,52.0,10,Bengaluru,0,DEV_IOS_18,0,1117,0,0.34,1,RECHARGE,0
TXN104232,USR0068,1049.89,1858.0,0.565,9.7,129.4,13,Chennai,0,DEV_ANDROID_13,0,1723,0,1.2,1,P2M,0
TXN104233,USR0034,832.44,1168.0,0.713,11.7,56.2,7,Chennai,0,DEV_ANDROID_14,0,77,2,0.3,1,ONLINE_SHOPPING,0
TXN104234,USR0003,4171.1,3784.0,1.102,35.8,224.1,14,Kochi,1,DEV_ANDROID_13,0,1301,0,2.1,1,P2P,0
TXN104235,USR0042,4108.71,4858.0,0.846,10.6,26.6,9,Delhi,0,DEV_ANDROID_13,0,1397,0,0.32,1,BILL_PAYMENT,0
TXN104236,USR0091,3641.57,2696.0,1.351,1.0,342.9,19,Hyderabad,1,DEV_ANDROID_13,0,1104,0,0.63,1,P2M,0
TXN104237,USR0052,2627.77,875.0,3.003,30.0,1.2,15,Hyderabad,1,DEV_ANDROID_12,1,1064,3,10.5,0,P2P,1
TXN104238,USR0021,4927.63,4102.0,1.201,2.4,175.1,15,Chennai,0,DEV_ANDROID_14,0,1436,0,2.09,1,P2M,0
TXN104239,USR0035,3630.41,3949.0,0.919,26.1,53.1,17,Mumbai,0,DEV_ANDROID_14,0,1290,0,0.76,1,P2P,0
TXN104240,USR0120,1530.65,3985.0,0.384,25.4,123.3,7,Chennai,0,DEV_IOS_18,0,1160,0,1.1,1,P2P,0
TXN104241,USR0003,7116.58,3784.0,1.881,30.3,165.3,20,Hyderabad,0,DEV_ANDROID_13,0,1329,0,1.51,1,ONLINE_SHOPPING,0
TXN104242,USR0111,3354.56,4209.0,0.797,13.3,248.8,12,Chennai,0,DEV_IOS_18,0,1784,0,1.17,0,ONLINE_SHOPPING,0
TXN104243,USR0069,4147.87,3260.0,1.272,23.9,41.2,17,Hyderabad,0,DEV_ANDROID_14,0,1612,0,1.53,1,P2M,0
TXN104244,USR0141,937.68,1171.0,0.801,7.7,5.0,15,Hyderabad,0,DEV_IOS_18,0,292,0,1.01,0,P2P,0
TXN104245,USR0149,3730.21,3318.0,1.124,17.5,324.1,14,Chennai,0,DEV_ANDROID_13,0,1423,0,0.74,1,P2M,0
TXN104246,USR0063,1199.65,946.0,1.268,12.9,258.2,8,Hyderabad,0,DEV_WEB_CHROME,1,451,0,0.4,0,P2M,0
TXN104247,USR0107,1539.18,1116.0,1.379,17.8,104.1,13,Hyderabad,0,DEV_ANDROID_14,0,1059,0,2.01,0,P2P,0
TXN104248,USR0047,1052.32,489.0,2.152,29.5,176.9,12,Bengaluru,0,DEV_ANDROID_13,0,912,0,1.01,1,INVESTMENT,0
TXN104249,USR0003,6671.55,3784.0,1.763,30.1,51.6,14,Hyderabad,0,DEV_ANDROID_13,0,1304,0,1.74,1,P2M,0
TXN104250,USR0106,6924.46,1061.0,6.526,29.0,219.0,2,Chandigarh,1,DEV_UNKNOWN,1,1672,2,4.7,0,P2P,1
TXN104251,USR0048,3424.37,2387.0,1.435,13.9,39.4,14,Chennai,0,DEV_IOS_18,0,1179,0,1.03,1,RECHARGE,0
TXN104252,USR0086,4893.15,4098.0,1.194,3.8,24.8,6,Delhi,0,DEV_ANDROID_13,0,1348,0,0.62,1,P2P,0
TXN104253,USR0053,635.92,1779.0,0.357,30.8,313.7,9,Mumbai,1,DEV_WEB_CHROME,1,1791,0,1.86,1,ONLINE_SHOPPING,0
TXN104254,USR0039,4308.2,3193.0,1.349,11.9,16.0,15,Chennai,0,DEV_IOS_18,0,1770,0,1.22,1,P2M,0
TXN104255,USR0054,3545.55,1995.0,1.777,14.6,531.4,20,Hyderabad,0,DEV_IOS_18,0,1096,0,0.82,1,P2P,0
TXN104256,USR0114,2885.23,1547.0,1.865,15.0,12.5,10,Delhi,0,DEV_UNKNOWN,1,1029,0,5.96,0,P2P,1
TXN104257,USR0072,8871.01,4501.0,1.971,5.7,239.6,10,Kolkata,0,DEV_ANDROID_14,0,1346,0,0.78,1,P2P,0
TXN104258,USR0084,800.9,960.0,0.834,17.2,109.9,11,Chennai,0,DEV_ANDROID_13,0,935,0,1.23,1,INVESTMENT,0
TXN104259,USR0131,3008.46,1330.0,2.262,33.3,147.3,23,Bengaluru,0,DEV_IOS_18,0,992,0,0.44,1,ONLINE_SHOPPING,0
TXN104260,USR0054,1596.34,1995.0,0.8,20.9,119.0,13,Hyderabad,0,DEV_IOS_18,0,1079,0,0.6,1,P2M,0
TXN104261,USR0012,1928.35,1109.0,1.739,23.6,65.3,11,Mumbai,0,DEV_IOS_18,0,1229,0,0.24,1,INVESTMENT,0
TXN104262,USR0127,2214.3,2395.0,0.925,7.5,141.0,6,Chennai,0,DEV_ANDROID_14,0,409,0,0.96,1,INVESTMENT,0
TXN104263,USR0085,3066.85,3924.0,0.782,25.3,144.6,9,Kolkata,0,DEV_ANDROID_13,0,811,0,1.57,1,P2P,0
TXN104264,USR0004,3633.45,989.0,3.674,29.0,0.3,14,Jaipur,1,DEV_ANDROID_12,1,838,2,12.06,0,ONLINE_SHOPPING,1
TXN104265,USR0002,3740.07,3607.0,1.037,16.1,17.3,12,Kolkata,0,DEV_ANDROID_14,0,235,0,0.62,1,ONLINE_SHOPPING,0
TXN104266,USR0110,4028.4,3119.0,1.292,18.7,28.9,15,Mumbai,0,DEV_IOS_18,0,1229,0,1.23,0,P2P,0
TXN104267,USR0056,3944.46,4000.0,0.986,10.5,125.5,9,Bengaluru,0,DEV_IOS_18,0,181,0,0.1,1,P2P,0
TXN104268,USR0016,1293.93,1443.0,0.897,16.8,145.3,10,Bengaluru,0,DEV_ANDROID_14,0,1226,0,0.72,0,P2M,0
TXN104269,USR0023,4135.45,2955.0,1.399,18.3,38.6,15,Delhi,0,DEV_ANDROID_13,0,922,0,1.77,1,BILL_PAYMENT,0
TXN104270,USR0053,1451.97,1779.0,0.816,36.3,133.0,7,Chennai,0,DEV_ANDROID_14,0,1791,0,1.41,1,ONLINE_SHOPPING,0
TXN104271,USR0147,2059.71,4639.0,0.444,26.6,125.3,19,Chennai,0,DEV_IOS_18,0,412,0,1.06,0,P2M,0
TXN104272,USR0070,2202.17,4705.0,0.468,9.7,98.4,15,Delhi,0,DEV_ANDROID_13,0,352,0,1.77,0,P2M,0
TXN104273,USR0111,4157.75,4209.0,0.988,9.0,166.3,13,Chennai,0,DEV_IOS_18,0,1792,1,1.52,1,P2P,0
TXN104274,USR0111,8213.01,4209.0,1.951,9.7,21.3,12,Jaipur,1,DEV_IOS_18,0,1828,0,1.78,1,RECHARGE,0
TXN104275,USR0012,7294.97,1109.0,6.578,31.2,234.6,14,Mumbai,0,DEV_IOS_18,0,1274,0,2.17,1,INVESTMENT,0
TXN104276,USR0120,4053.34,3985.0,1.017,13.2,469.1,15,Chennai,0,DEV_IOS_18,0,1165,0,1.47,1,P2P,0
TXN104277,USR0056,7988.5,4000.0,1.997,6.7,102.7,7,Bengaluru,0,DEV_IOS_18,0,227,0,1.28,1,BILL_PAYMENT,0
TXN104278,USR0094,3305.96,3141.0,1.053,12.3,309.3,9,Kolkata,0,DEV_ANDROID_14,0,1740,0,1.3,1,P2P,0
TXN104279,USR0087,7533.3,4199.0,1.794,3.9,77.6,12,Mumbai,0,DEV_ANDROID_13,0,805,0,1.17,1,P2P,0
TXN104280,USR0108,713.6,931.0,0.766,20.6,462.4,6,Mumbai,0,DEV_IOS_18,0,113,0,0.76,1,P2M,0
TXN104281,USR0032,3229.77,2962.0,1.09,17.7,30.5,15,Chandigarh,1,DEV_ANDROID_14,0,1463,0,0.96,1,P2P,0
TXN104282,USR0107,555.07,1116.0,0.497,13.8,267.4,7,Hyderabad,0,DEV_ANDROID_14,0,1053,0,1.92,1,P2M,0
TXN104283,USR0139,5531.38,4684.0,1.181,29.9,239.8,12,Kolkata,0,DEV_ANDROID_13,0,177,0,2.11,0,BILL_PAYMENT,0
TXN104284,USR0029,1327.8,1672.0,0.794,17.1,76.9,16,Kolkata,0,DEV_ANDROID_14,0,1775,0,0.69,1,P2P,0
TXN104285,USR0015,915.68,2529.0,0.362,6.3,327.3,19,Chennai,0,DEV_ANDROID_14,0,1301,0,1.75,1,P2P,0
TXN104286,USR0045,2327.04,3638.0,0.64,3.2,165.4,17,Mumbai,0,DEV_IOS_18,0,1348,0,1.58,1,BILL_PAYMENT,0
TXN104287,USR0123,26538.15,4007.0,6.623,21.3,40.8,21,Kolkata,0,DEV_IOS_18,0,1299,0,0.62,0,ONLINE_SHOPPING,0
TXN104288,USR0145,26451.91,4287.0,6.17,31.0,20.3,4,Kochi,1,DEV_ANDROID_12,1,1420,2,9.14,0,P2P,1
TXN104289,USR0013,1652.13,2086.0,0.792,30.8,742.6,11,Kolkata,0,DEV_ANDROID_13,0,803,0,0.84,0,ONLINE_SHOPPING,0
TXN104290,USR0027,645.22,816.0,0.791,18.5,332.5,16,Hyderabad,0,DEV_IOS_18,0,1495,1,2.11,1,P2M,0
TXN104291,USR0130,3585.81,2863.0,1.252,30.6,134.2,10,Delhi,0,DEV_IOS_18,0,1569,0,0.1,1,ONLINE_SHOPPING,0
TXN104292,USR0015,12368.39,2529.0,4.891,31.0,231.0,3,Lucknow,1,DEV_UNKNOWN,1,1277,3,5.53,0,P2P,1
TXN104293,USR0025,3282.95,3410.0,0.963,16.5,63.2,9,Bengaluru,0,DEV_ANDROID_13,0,1550,0,1.91,1,P2M,0
TXN104294,USR0133,1010.93,561.0,1.802,13.0,145.7,18,Delhi,0,DEV_ANDROID_13,0,1128,0,1.45,1,P2M,0
TXN104295,USR0053,1277.8,1779.0,0.718,25.1,52.8,15,Chennai,0,DEV_ANDROID_14,0,1787,0,0.5,0,P2M,0
TXN104296,USR0054,2257.72,1995.0,1.132,23.9,441.8,15,Hyderabad,0,DEV_IOS_18,0,1133,0,1.08,0,P2M,0
TXN104297,USR0096,915.06,482.0,1.898,23.4,413.2,10,Bengaluru,1,DEV_ANDROID_13,0,235,0,1.61,1,P2M,0
TXN104298,USR0023,2983.6,2955.0,1.01,22.0,224.1,15,Delhi,0,DEV_ANDROID_13,0,952,0,1.64,1,RECHARGE,0
TXN104299,USR0087,8351.75,4199.0,1.989,18.3,93.9,12,Mumbai,0,DEV_ANDROID_13,0,794,0,0.84,0,P2P,0
TXN104300,USR0022,3848.62,3458.0,1.113,13.1,13.0,9,Chennai,0,DEV_ANDROID_13,0,1272,0,0.4,1,P2P,0
TXN104301,USR0078,1848.93,4223.0,0.438,37.6,790.8,12,Mumbai,0,DEV_ANDROID_13,1,307,0,1.65,0,P2P,0
TXN104302,USR0017,689.44,1139.0,0.605,29.4,213.7,10,Kolkata,0,DEV_IOS_18,0,1200,0,0.3,1,P2P,0
TXN104303,USR0012,710.12,1109.0,0.64,27.5,89.7,10,Mumbai,0,DEV_ANDROID_13,1,1248,0,0.98,0,P2P,0
TXN104304,USR0138,3328.75,3130.0,1.063,21.0,37.2,18,Chennai,0,DEV_IOS_18,0,1421,0,0.98,1,P2M,0
TXN104305,USR0020,3965.81,3539.0,1.121,24.5,129.5,16,Delhi,0,DEV_ANDROID_14,0,306,0,0.66,1,P2M,0
TXN104306,USR0138,9211.61,3130.0,2.943,8.5,49.7,13,Chennai,0,DEV_IOS_18,0,1408,0,0.86,1,BILL_PAYMENT,0
TXN104307,USR0067,1161.83,1825.0,0.637,25.0,33.9,15,Hyderabad,0,DEV_IOS_18,0,852,0,0.67,1,P2P,0
TXN104308,USR0059,3097.04,4787.0,0.647,16.1,31.9,12,Kolkata,1,DEV_ANDROID_14,0,1039,0,1.64,1,P2P,0
TXN104309,USR0136,1035.5,788.0,1.314,23.6,210.5,11,Chennai,0,DEV_IOS_18,0,1677,0,0.71,1,P2P,0
TXN104310,USR0099,2599.55,3865.0,0.673,22.7,14.6,12,Kolkata,0,DEV_ANDROID_13,0,578,0,2.48,1,BILL_PAYMENT,0
TXN104311,USR0124,2834.25,1625.0,1.744,6.6,168.3,17,Hyderabad,0,DEV_ANDROID_14,0,316,0,1.25,0,P2P,0
TXN104312,USR0144,4779.85,2663.0,1.795,10.0,87.2,10,Pune,1,DEV_IOS_18,0,1104,0,1.36,1,P2P,0
TXN104313,USR0036,6564.32,1141.0,5.753,31.8,73.7,15,Bengaluru,0,DEV_ANDROID_13,0,908,0,1.49,1,BILL_PAYMENT,0
TXN104314,USR0070,2624.73,4705.0,0.558,12.1,297.6,8,Pune,1,DEV_ANDROID_13,0,365,0,0.95,1,BILL_PAYMENT,0
TXN104315,USR0079,5897.29,2089.0,2.823,27.0,0.5,20,Delhi,1,DEV_ANDROID_14,0,1285,3,10.52,1,ONLINE_SHOPPING,1
TXN104316,USR0059,5867.79,4787.0,1.226,9.2,253.3,19,Chennai,0,DEV_ANDROID_14,0,1025,0,0.83,1,P2P,0
TXN104317,USR0149,4246.81,3318.0,1.28,8.9,369.4,14,Chennai,0,DEV_ANDROID_13,0,1424,0,0.95,0,P2M,0
TXN104318,USR0112,6503.85,4425.0,1.47,22.0,5.0,19,Hyderabad,0,DEV_ANDROID_13,0,1587,1,2.14,1,P2P,0
TXN104319,USR0134,5607.79,4359.0,1.286,24.9,146.6,14,Chennai,0,DEV_IOS_18,0,260,0,0.29,1,RECHARGE,0
TXN104320,USR0054,1308.28,1995.0,0.656,26.8,60.3,16,Hyderabad,0,DEV_IOS_18,0,1111,0,1.74,1,P2P,0
TXN104321,USR0045,2476.4,3638.0,0.681,9.0,262.6,10,Mumbai,0,DEV_IOS_18,0,1351,0,1.01,0,P2P,0
TXN104322,USR0065,1560.14,3227.0,0.483,33.8,480.0,7,Delhi,0,DEV_ANDROID_14,0,1765,0,1.02,0,P2P,0
TXN104323,USR0108,1539.69,931.0,1.654,20.9,559.0,15,Mumbai,0,DEV_ANDROID_13,1,61,0,1.6,0,P2M,0
TXN104324,USR0098,1357.77,2841.0,0.478,23.1,213.4,9,Delhi,0,DEV_IOS_18,0,1125,0,0.63,0,ONLINE_SHOPPING,0
TXN104325,USR0109,1526.3,1296.0,1.178,10.4,30.5,9,Chennai,0,DEV_WEB_CHROME,1,1510,0,0.65,1,P2P,0
TXN104326,USR0046,19650.19,3064.0,6.413,31.0,17.0,11,Jaipur,1,DEV_ANDROID_13,0,334,2,7.49,0,P2M,1
TXN104327,USR0104,1042.52,706.0,1.477,17.7,298.0,16,Mumbai,0,DEV_ANDROID_14,1,1102,0,2.36,0,P2M,0
TXN104328,USR0062,24949.0,2948.0,8.463,43.0,16.5,20,Delhi,1,DEV_UNKNOWN,1,253,4,6.78,0,INVESTMENT,1
TXN104329,USR0089,758.45,1008.0,0.752,21.6,593.0,14,Kolkata,0,DEV_ANDROID_14,0,973,0,1.0,1,P2P,0
TXN104330,USR0053,2476.89,1779.0,1.392,39.9,188.7,8,Chennai,0,DEV_ANDROID_14,0,1806,0,0.69,1,P2P,0
TXN104331,USR0066,2133.74,572.0,3.73,31.0,6.8,19,Delhi,0,DEV_ANDROID_14,0,1010,2,4.18,0,P2P,1
TXN104332,USR0123,2816.02,4007.0,0.703,16.2,21.3,16,Chennai,1,DEV_IOS_18,0,1261,0,1.39,0,P2M,0
TXN104333,USR0099,2152.53,3865.0,0.557,20.6,5.0,12,Kolkata,0,DEV_ANDROID_13,0,540,0,2.24,1,ONLINE_SHOPPING,0
TXN104334,USR0069,20141.85,3260.0,6.178,26.5,164.6,6,Hyderabad,0,DEV_ANDROID_14,0,1681,0,1.03,1,P2M,0
TXN104335,USR0073,924.69,1427.0,0.648,33.9,172.0,15,Kolkata,0,DEV_ANDROID_13,0,258,0,1.88,0,P2M,0
TXN104336,USR0132,5525.85,3311.0,1.669,7.1,254.8,17,Hyderabad,0,DEV_ANDROID_13,0,571,0,1.43,1,P2P,0
TXN104337,USR0136,865.77,788.0,1.099,24.7,29.2,20,Chennai,0,DEV_IOS_18,0,1731,1,0.1,1,ONLINE_SHOPPING,0
TXN104338,USR0018,3916.51,1836.0,2.133,28.9,231.1,18,Chennai,0,DEV_ANDROID_14,0,1521,0,1.93,1,P2P,0
TXN104339,USR0019,5461.03,4271.0,1.279,19.2,434.0,12,Bengaluru,0,DEV_ANDROID_13,0,1666,0,1.23,0,P2P,0
TXN104340,USR0007,4885.34,823.0,5.936,31.0,103.0,3,Hyderabad,1,DEV_UNKNOWN,1,1632,2,5.66,0,P2P,1
TXN104341,USR0134,3815.87,4359.0,0.875,26.2,5.0,11,Chennai,0,DEV_IOS_18,0,312,1,0.28,1,P2P,0
TXN104342,USR0106,2149.29,1061.0,2.026,31.2,329.9,16,Delhi,0,DEV_ANDROID_13,0,1655,0,1.4,1,P2M,0
TXN104343,USR0115,1281.25,1698.0,0.755,2.5,7.9,7,Lucknow,1,DEV_IOS_18,0,65,0,1.32,1,P2P,0
TXN104344,USR0089,555.97,1008.0,0.552,18.2,181.4,6,Kolkata,0,DEV_ANDROID_14,0,943,0,1.1,1,P2M,0
TXN104345,USR0091,18429.77,2696.0,6.836,26.0,39.0,4,Kochi,1,DEV_UNKNOWN,1,1122,1,4.44,0,P2P,1
TXN104346,USR0144,3277.98,2663.0,1.231,12.5,279.2,17,Chennai,0,DEV_IOS_18,0,1129,0,1.2,0,BILL_PAYMENT,0
TXN104347,USR0048,1658.29,2387.0,0.695,18.1,179.2,11,Chennai,0,DEV_IOS_18,0,1165,0,1.29,0,P2P,0
TXN104348,USR0136,828.76,788.0,1.052,16.2,31.2,18,Chennai,0,DEV_IOS_18,0,1730,0,1.41,1,P2M,0
TXN104349,USR0146,1340.23,803.0,1.669,22.5,62.2,17,Mumbai,0,DEV_ANDROID_13,0,1244,0,1.11,1,P2M,0
TXN104350,USR0066,667.07,572.0,1.166,12.1,42.6,11,Delhi,0,DEV_ANDROID_14,0,1025,0,0.74,1,P2P,0
TXN104351,USR0036,698.58,1141.0,0.612,31.5,335.2,10,Bengaluru,0,DEV_ANDROID_13,0,902,0,0.1,1,P2M,0
TXN104352,USR0139,15055.17,4684.0,3.214,34.0,48.0,1,Jaipur,1,DEV_IOS_18,1,191,0,2.73,0,P2P,1
TXN104353,USR0051,1044.84,1265.0,0.826,12.8,249.3,14,Delhi,0,DEV_ANDROID_14,1,1181,0,0.88,1,P2P,0
TXN104354,USR0117,591.11,891.0,0.663,4.5,24.7,21,Mumbai,0,DEV_ANDROID_13,0,748,0,0.91,1,P2M,0
TXN104355,USR0089,690.53,1008.0,0.685,19.0,128.7,11,Kolkata,0,DEV_ANDROID_14,0,969,0,0.1,1,P2M,0
TXN104356,USR0074,906.02,1853.0,0.489,12.2,206.8,17,Hyderabad,0,DEV_IOS_18,0,1416,0,0.96,1,BILL_PAYMENT,0
TXN104357,USR0072,25213.36,4501.0,5.602,1.0,147.6,12,Kolkata,0,DEV_ANDROID_14,0,1390,0,0.55,1,P2M,0
TXN104358,USR0038,2069.57,2152.0,0.962,14.2,409.5,17,Bengaluru,0,DEV_WEB_CHROME,1,621,0,1.13,1,P2P,0
TXN104359,USR0040,1084.97,942.0,1.152,9.6,400.5,18,Mumbai,0,DEV_IOS_18,0,1735,0,1.76,1,P2P,0
TXN104360,USR0015,2830.55,2529.0,1.119,5.0,16.5,7,Chennai,0,DEV_ANDROID_14,0,1260,0,1.32,1,P2P,0
TXN104361,USR0017,2019.67,1139.0,1.773,28.8,95.5,16,Kolkata,0,DEV_IOS_18,0,1156,0,1.8,0,P2P,0
TXN104362,USR0023,4641.48,2955.0,1.571,13.9,38.1,9,Delhi,0,DEV_ANDROID_13,0,972,0,1.67,1,P2M,0
TXN104363,USR0146,971.8,803.0,1.21,20.6,82.6,7,Mumbai,0,DEV_ANDROID_13,0,1242,0,0.1,1,P2P,0
TXN104364,USR0015,1247.27,2529.0,0.493,10.6,39.4,20,Pune,1,DEV_ANDROID_14,0,1300,0,0.94,0,P2M,0
TXN104365,USR0120,18212.38,3985.0,4.57,18.0,99.0,2,Chennai,0,DEV_UNKNOWN,1,1220,2,2.81,0,P2P,1
TXN104366,USR0071,795.41,1774.0,0.448,15.9,297.1,12,Hyderabad,0,DEV_WEB_CHROME,1,1755,0,1.86,1,P2P,0
TXN104367,USR0057,3104.75,3487.0,0.89,16.2,123.0,7,Delhi,0,DEV_IOS_18,0,797,0,0.66,1,P2M,0
TXN104368,USR0072,3303.7,4501.0,0.734,4.3,329.0,11,Kolkata,0,DEV_ANDROID_14,0,1366,0,0.59,1,P2P,0
TXN104369,USR0031,4298.89,4621.0,0.93,16.1,288.7,8,Kolkata,0,DEV_ANDROID_14,0,843,0,1.06,1,P2P,0
TXN104370,USR0141,640.03,1171.0,0.547,11.3,65.8,13,Hyderabad,0,DEV_IOS_18,0,288,0,1.72,1,P2M,0
TXN104371,USR0013,1740.54,2086.0,0.834,29.1,101.9,19,Kolkata,0,DEV_ANDROID_13,0,742,0,0.33,0,P2P,0
TXN104372,USR0062,7671.37,2948.0,2.602,37.0,2.6,2,Chandigarh,1,DEV_ANDROID_13,1,222,1,8.2,1,P2P,1
TXN104373,USR0059,26781.18,4787.0,5.595,9.1,91.7,12,Chennai,0,DEV_ANDROID_14,0,1040,0,1.28,1,RECHARGE,0
TXN104374,USR0074,5943.58,1853.0,3.208,41.0,1.9,11,Bengaluru,1,DEV_UNKNOWN,1,1389,1,9.73,0,P2P,1
TXN104375,USR0135,3298.95,3326.0,0.992,6.3,215.8,21,Ahmedabad,1,DEV_WEB_CHROME,1,1161,0,1.43,1,P2M,0
TXN104376,USR0105,1364.73,1284.0,1.063,26.3,482.0,10,Bengaluru,0,DEV_ANDROID_14,0,650,0,2.05,0,P2P,0
TXN104377,USR0088,2974.44,4666.0,0.637,7.9,68.7,15,Mumbai,0,DEV_IOS_18,0,731,0,1.83,1,P2M,0
TXN104378,USR0038,2092.44,2152.0,0.972,8.8,12.7,15,Mumbai,1,DEV_ANDROID_14,0,566,0,1.48,0,P2P,0
TXN104379,USR0142,7379.31,3033.0,2.433,16.0,278.6,12,Hyderabad,0,DEV_ANDROID_14,0,891,0,0.26,1,P2M,0
TXN104380,USR0117,723.97,891.0,0.813,7.7,198.9,11,Mumbai,0,DEV_ANDROID_13,0,754,0,1.74,0,P2P,0
TXN104381,USR0088,19915.78,4666.0,4.268,44.0,0.3,6,Kolkata,1,DEV_ANDROID_13,1,766,2,9.22,0,ONLINE_SHOPPING,1
TXN104382,USR0142,4307.91,3033.0,1.42,15.1,258.0,8,Hyderabad,0,DEV_ANDROID_14,0,864,0,1.92,1,ONLINE_SHOPPING,0
TXN104383,USR0042,4142.65,4858.0,0.853,16.5,429.0,18,Delhi,0,DEV_ANDROID_13,0,1437,0,1.98,0,RECHARGE,0
TXN104384,USR0018,1499.74,1836.0,0.817,23.8,129.7,17,Chennai,0,DEV_ANDROID_13,1,1538,0,1.32,1,P2P,0
TXN104385,USR0018,8788.3,1836.0,4.787,42.0,54.2,12,Mumbai,1,DEV_UNKNOWN,1,1529,4,10.29,0,P2P,1
TXN104386,USR0065,4737.15,3227.0,1.468,33.5,235.1,7,Chennai,1,DEV_ANDROID_14,0,1778,0,1.62,0,P2P,0
TXN104387,USR0107,1682.77,1116.0,1.508,8.5,149.1,18,Hyderabad,0,DEV_WEB_CHROME,1,1093,1,0.9,1,P2P,0
TXN104388,USR0045,5822.38,3638.0,1.6,12.2,514.5,16,Mumbai,0,DEV_ANDROID_13,1,1355,0,0.38,1,P2P,0
TXN104389,USR0124,3623.95,1625.0,2.23,11.3,125.3,13,Hyderabad,0,DEV_ANDROID_14,0,300,0,2.01,1,ONLINE_SHOPPING,0
TXN104390,USR0070,3956.06,4705.0,0.841,12.4,27.3,14,Ahmedabad,1,DEV_ANDROID_13,0,324,0,0.99,1,P2P,0
TXN104391,USR0100,1930.08,2121.0,0.91,34.5,98.8,15,Bengaluru,0,DEV_ANDROID_14,0,789,0,1.65,1,P2M,0
TXN104392,USR0113,1708.29,2668.0,0.64,13.2,24.7,12,Hyderabad,0,DEV_ANDROID_14,0,1630,0,0.83,0,P2M,0
TXN104393,USR0146,744.85,803.0,0.928,12.4,34.6,18,Mumbai,0,DEV_ANDROID_13,0,1191,0,1.5,0,P2P,0
TXN104394,USR0130,3046.93,2863.0,1.064,33.9,54.6,16,Delhi,0,DEV_ANDROID_14,1,1521,0,1.19,1,P2M,0
TXN104395,USR0081,2824.99,1873.0,1.508,31.1,30.7,9,Kolkata,0,DEV_ANDROID_13,0,912,0,0.14,0,BILL_PAYMENT,0
TXN104396,USR0044,625.05,843.0,0.741,12.6,189.4,6,Delhi,0,DEV_IOS_18,1,1664,0,1.86,1,P2P,0
TXN104397,USR0014,1753.87,2104.0,0.834,7.9,5.8,18,Delhi,0,DEV_IOS_18,1,898,0,2.32,1,ONLINE_SHOPPING,0
TXN104398,USR0112,6453.34,4425.0,1.458,33.3,174.1,16,Hyderabad,0,DEV_ANDROID_13,0,1523,0,0.77,1,P2P,0
TXN104399,USR0019,1869.11,4271.0,0.438,15.2,120.6,13,Bengaluru,0,DEV_ANDROID_14,1,1631,0,0.57,1,P2M,0
TXN104400,USR0102,6010.76,1540.0,3.903,36.0,22.9,8,Bengaluru,0,DEV_IOS_18,0,451,1,5.76,0,P2P,1
TXN104401,USR0027,1185.86,816.0,1.453,24.4,298.9,16,Hyderabad,0,DEV_IOS_18,0,1465,0,2.52,0,RECHARGE,0
TXN104402,USR0048,2714.76,2387.0,1.137,16.9,412.5,11,Chennai,0,DEV_IOS_18,0,1167,0,2.04,0,P2M,0
TXN104403,USR0113,1956.68,2668.0,0.733,10.1,247.1,12,Hyderabad,0,DEV_ANDROID_14,0,1632,0,1.88,1,P2M,0
TXN104404,USR0115,1431.26,1698.0,0.843,6.5,98.1,17,Mumbai,1,DEV_IOS_18,0,99,0,1.28,1,P2M,0
TXN104405,USR0052,3739.82,875.0,4.274,15.6,60.5,17,Mumbai,0,DEV_ANDROID_13,0,1108,0,0.82,1,ONLINE_SHOPPING,0
TXN104406,USR0130,5247.67,2863.0,1.833,31.2,39.1,14,Delhi,0,DEV_ANDROID_14,1,1576,0,0.26,1,P2P,0
TXN104407,USR0075,6558.36,2287.0,2.868,61.0,1.0,0,Hyderabad,1,DEV_WEB_CHROME,1,1591,5,7.29,0,P2P,1
TXN104408,USR0046,2764.34,3064.0,0.902,24.4,34.6,21,Delhi,0,DEV_ANDROID_13,0,401,0,1.38,0,P2P,0
TXN104409,USR0024,1589.08,1043.0,1.524,13.0,156.9,12,Hyderabad,0,DEV_ANDROID_14,0,226,0,0.1,0,ONLINE_SHOPPING,0
TXN104410,USR0021,2121.35,4102.0,0.517,11.3,82.1,16,Chennai,0,DEV_ANDROID_14,0,1454,0,0.86,1,BILL_PAYMENT,0
TXN104411,USR0084,1184.52,960.0,1.234,15.2,266.1,12,Chennai,0,DEV_ANDROID_13,0,964,0,1.51,1,P2M,0
TXN104412,USR0118,4742.12,855.0,5.546,27.8,12.6,8,Kolkata,0,DEV_ANDROID_13,0,1520,0,1.15,1,P2P,0
TXN104413,USR0102,5376.17,1540.0,3.491,21.0,8.1,9,Bengaluru,0,DEV_IOS_18,0,463,2,6.48,0,P2P,1
TXN104414,USR0121,13790.78,3799.0,3.63,23.0,12.0,14,Ahmedabad,1,DEV_UNKNOWN,1,1532,0,5.91,0,P2P,1
TXN104415,USR0004,7153.5,989.0,7.233,32.0,30.8,22,Kolkata,1,DEV_UNKNOWN,1,860,3,8.14,0,P2P,1
TXN104416,USR0096,2422.74,482.0,5.026,19.7,633.4,9,Chennai,0,DEV_ANDROID_13,0,247,0,1.28,1,P2M,0
TXN104417,USR0117,4224.42,891.0,4.741,36.0,1.1,21,Kochi,1,DEV_ANDROID_12,1,775,1,11.47,0,P2P,1
TXN104418,USR0059,16174.93,4787.0,3.379,10.0,204.0,2,Mumbai,1,DEV_UNKNOWN,1,1020,3,3.96,0,P2P,1
TXN104419,USR0027,3631.48,816.0,4.45,20.4,63.8,17,Mumbai,1,DEV_IOS_18,0,1488,0,1.17,0,P2M,0
TXN104420,USR0042,5626.93,4858.0,1.158,7.8,48.5,10,Delhi,0,DEV_ANDROID_13,0,1462,0,1.36,0,RECHARGE,0
TXN104421,USR0097,20446.82,1552.0,13.174,35.0,7.9,17,Ahmedabad,1,DEV_WEB_CHROME,1,853,1,9.08,0,INVESTMENT,1
TXN104422,USR0111,4171.02,4209.0,0.991,13.4,113.9,11,Chennai,0,DEV_IOS_18,0,1792,0,1.91,1,P2M,0
TXN104423,USR0059,3113.09,4787.0,0.65,13.0,34.8,18,Chennai,0,DEV_ANDROID_14,0,1010,0,0.29,1,P2M,0
TXN104424,USR0007,741.28,823.0,0.901,16.7,196.1,16,Bengaluru,0,DEV_ANDROID_13,1,1631,0,0.46,1,P2M,0
TXN104425,USR0101,6875.67,4828.0,1.424,29.7,201.1,11,Mumbai,0,DEV_IOS_18,0,519,0,0.63,1,P2P,0
TXN104426,USR0128,1864.42,1765.0,1.056,31.7,72.7,13,Chennai,0,DEV_ANDROID_14,0,1702,0,1.15,1,P2M,0
TXN104427,USR0021,2811.47,4102.0,0.685,2.2,59.4,12,Chandigarh,1,DEV_ANDROID_14,0,1430,0,0.83,1,P2P,0
TXN104428,USR0095,2285.43,2387.0,0.957,18.1,136.5,16,Chennai,0,DEV_ANDROID_13,0,1171,0,1.35,1,P2M,0
TXN104429,USR0019,8421.33,4271.0,1.972,14.5,75.1,12,Bengaluru,0,DEV_ANDROID_13,0,1617,0,1.15,0,ONLINE_SHOPPING,0
TXN104430,USR0070,6652.17,4705.0,1.414,10.8,163.8,11,Lucknow,1,DEV_ANDROID_13,0,369,0,0.28,1,P2M,0
TXN104431,USR0061,420.81,445.0,0.946,31.1,221.1,13,Bengaluru,0,DEV_ANDROID_13,0,1009,0,0.69,1,BILL_PAYMENT,0
TXN104432,USR0150,1174.45,1846.0,0.636,20.1,30.2,17,Bengaluru,0,DEV_IOS_18,0,340,1,0.98,1,BILL_PAYMENT,0
TXN104433,USR0127,8347.82,2395.0,3.486,19.4,154.5,17,Chennai,0,DEV_ANDROID_14,0,361,0,0.38,1,P2P,0
TXN104434,USR0081,2611.62,1873.0,1.394,27.3,119.7,6,Ahmedabad,1,DEV_ANDROID_13,0,937,0,1.02,1,ONLINE_SHOPPING,0
TXN104435,USR0135,4124.26,3326.0,1.24,7.7,83.7,8,Kolkata,0,DEV_IOS_18,0,1182,0,2.03,0,P2P,0
TXN104436,USR0141,1159.3,1171.0,0.99,9.4,50.5,17,Hyderabad,0,DEV_IOS_18,0,291,0,1.61,1,P2M,0
TXN104437,USR0134,2879.62,4359.0,0.661,35.8,139.5,17,Chennai,0,DEV_IOS_18,0,260,0,0.23,1,P2P,0
TXN104438,USR0139,18508.46,4684.0,3.951,12.0,109.0,3,Mumbai,1,DEV_UNKNOWN,1,247,3,2.4,0,P2P,1
TXN104439,USR0025,3027.0,3410.0,0.888,12.6,211.9,15,Bengaluru,0,DEV_ANDROID_13,0,1600,0,1.37,1,P2P,0
TXN104440,USR0113,2947.46,2668.0,1.105,11.6,33.0,13,Hyderabad,0,DEV_ANDROID_14,0,1587,0,1.77,1,BILL_PAYMENT,0
TXN104441,USR0028,390.89,541.0,0.723,12.3,664.1,18,Delhi,0,DEV_IOS_18,0,853,0,1.5,1,P2P,0
TXN104442,USR0043,4398.66,4029.0,1.092,19.4,46.5,7,Delhi,0,DEV_ANDROID_13,0,1327,1,0.68,1,P2M,0
TXN104443,USR0071,1426.42,1774.0,0.804,18.7,377.6,9,Hyderabad,0,DEV_ANDROID_14,0,1788,0,1.68,1,P2P,0
TXN104444,USR0114,3142.79,1547.0,2.032,25.3,34.9,13,Delhi,0,DEV_ANDROID_14,0,1067,0,0.9,1,INVESTMENT,0
TXN104445,USR0092,4541.8,3316.0,1.37,20.9,5.0,16,Hyderabad,0,DEV_ANDROID_14,0,259,0,1.95,1,RECHARGE,0
TXN104446,USR0078,5270.14,4223.0,1.248,30.1,47.4,13,Mumbai,0,DEV_ANDROID_14,0,311,0,0.1,0,P2M,0
TXN104447,USR0064,4097.44,3744.0,1.094,39.5,174.4,15,Ahmedabad,1,DEV_ANDROID_13,0,1392,1,2.1,1,BILL_PAYMENT,0
TXN104448,USR0043,2424.91,4029.0,0.602,14.7,158.2,15,Delhi,0,DEV_ANDROID_13,0,1372,0,2.18,1,P2M,0
TXN104449,USR0072,16028.33,4501.0,3.561,33.0,269.0,2,Hyderabad,1,DEV_UNKNOWN,1,1345,3,2.96,0,P2P,1
TXN104450,USR0139,2902.2,4684.0,0.62,32.2,229.6,7,Pune,1,DEV_ANDROID_13,0,202,0,1.1,1,P2M,0
TXN104451,USR0044,1452.82,843.0,1.723,22.0,39.2,14,Delhi,0,DEV_ANDROID_14,0,1631,0,1.04,1,ONLINE_SHOPPING,0
TXN104452,USR0023,4497.91,2955.0,1.522,19.4,106.8,16,Delhi,0,DEV_ANDROID_13,0,953,0,1.16,0,P2M,0
TXN104453,USR0010,4562.74,4508.0,1.012,27.1,81.5,18,Kolkata,0,DEV_WEB_CHROME,1,1452,0,0.4,1,P2M,0
TXN104454,USR0026,2925.33,3918.0,0.747,16.7,41.4,12,Hyderabad,0,DEV_ANDROID_14,0,1198,0,1.65,1,BILL_PAYMENT,0
TXN104455,USR0111,7813.77,4209.0,1.856,15.4,163.9,18,Chennai,0,DEV_IOS_18,0,1761,0,1.46,1,RECHARGE,0
TXN104456,USR0005,1407.91,1239.0,1.136,28.9,482.1,7,Hyderabad,0,DEV_IOS_18,0,1454,0,1.22,1,ONLINE_SHOPPING,0
TXN104457,USR0032,6838.08,2962.0,2.309,40.0,1.3,0,Lucknow,1,DEV_ANDROID_13,1,1425,5,12.62,0,P2P,1
TXN104458,USR0117,1226.42,891.0,1.376,3.9,55.5,18,Mumbai,0,DEV_ANDROID_13,0,754,0,0.1,1,P2M,0
TXN104459,USR0019,5593.33,4271.0,1.31,11.1,152.7,7,Bengaluru,0,DEV_ANDROID_13,0,1643,0,1.15,1,P2M,0
TXN104460,USR0126,1502.17,2090.0,0.719,22.3,37.5,9,Delhi,0,DEV_IOS_18,0,696,0,1.44,1,P2M,0
TXN104461,USR0145,5640.73,4287.0,1.316,5.5,36.7,10,Mumbai,0,DEV_ANDROID_13,0,1451,0,1.0,1,RECHARGE,0
TXN104462,USR0102,1838.78,1540.0,1.194,8.7,795.0,11,Bengaluru,0,DEV_IOS_18,0,475,0,1.21,1,P2M,0
TXN104463,USR0005,1177.45,1239.0,0.95,38.4,5.8,8,Hyderabad,0,DEV_IOS_18,0,1456,0,0.13,1,P2P,0
TXN104464,USR0010,2763.71,4508.0,0.613,25.3,6.0,16,Kolkata,0,DEV_IOS_18,0,1437,0,2.38,1,RECHARGE,0
TXN104465,USR0057,15985.73,3487.0,4.584,63.0,3.8,2,Chennai,1,DEV_ANDROID_13,1,793,4,11.67,1,P2P,1
TXN104466,USR0146,1224.66,803.0,1.525,13.5,49.9,21,Kolkata,1,DEV_ANDROID_13,0,1215,0,0.68,1,P2P,0
TXN104467,USR0143,4585.58,3747.0,1.224,25.9,123.2,13,Chennai,0,DEV_IOS_18,0,1680,0,1.1,1,P2M,0
TXN104468,USR0142,3848.72,3033.0,1.269,20.0,38.8,14,Hyderabad,0,DEV_ANDROID_14,0,856,0,0.71,0,P2P,0
TXN104469,USR0028,1893.5,541.0,3.5,17.5,135.8,15,Delhi,0,DEV_IOS_18,0,825,0,0.13,1,P2P,0
TXN104470,USR0109,627.89,1296.0,0.484,12.3,122.2,15,Hyderabad,1,DEV_ANDROID_14,0,1556,0,1.28,1,P2P,0
TXN104471,USR0018,2725.11,1836.0,1.484,26.1,53.2,14,Ahmedabad,1,DEV_ANDROID_14,0,1551,0,0.76,1,P2P,0
TXN104472,USR0035,26450.13,3949.0,6.698,29.1,15.9,8,Mumbai,0,DEV_ANDROID_14,0,1278,0,1.55,0,P2M,0
TXN104473,USR0123,3181.13,4007.0,0.794,12.5,5.0,22,Kolkata,0,DEV_IOS_18,0,1251,0,1.34,0,P2P,0
TXN104474,USR0108,1899.07,931.0,2.04,18.9,110.7,11,Mumbai,0,DEV_IOS_18,0,61,0,2.53,1,P2M,0
TXN104475,USR0059,5642.98,4787.0,1.179,11.7,618.1,8,Chennai,0,DEV_ANDROID_13,1,1042,0,0.16,0,P2P,0
TXN104476,USR0070,3647.85,4705.0,0.775,10.9,289.5,23,Mumbai,1,DEV_ANDROID_13,0,318,0,0.41,1,P2P,0
TXN104477,USR0033,3860.72,2282.0,1.692,21.0,79.6,13,Kolkata,0,DEV_IOS_18,0,823,0,1.02,0,P2M,0
TXN104478,USR0012,898.63,1109.0,0.81,29.2,92.1,12,Mumbai,0,DEV_IOS_18,0,1243,0,1.04,1,P2M,0
TXN104479,USR0076,3316.06,3835.0,0.865,14.3,140.8,20,Mumbai,0,DEV_ANDROID_13,0,489,0,2.12,1,P2M,0
TXN104480,USR0036,23951.33,1141.0,20.992,23.0,16.6,5,Kolkata,1,DEV_WEB_CHROME,1,947,2,7.84,0,P2P,1
TXN104481,USR0080,571.49,1303.0,0.439,11.8,53.7,16,Kolkata,0,DEV_ANDROID_14,0,629,0,1.3,0,P2M,0
TXN104482,USR0030,10426.57,1476.0,7.064,31.4,98.6,11,Kolkata,0,DEV_ANDROID_14,0,125,0,0.38,1,P2M,0
TXN104483,USR0002,4966.36,3607.0,1.377,16.3,155.3,13,Kolkata,0,DEV_IOS_18,1,190,0,0.64,1,ONLINE_SHOPPING,0
TXN104484,USR0034,1585.46,1168.0,1.357,18.6,405.1,6,Chennai,0,DEV_ANDROID_14,0,61,0,1.54,1,P2P,0
TXN104485,USR0007,466.2,823.0,0.566,23.5,163.6,9,Bengaluru,0,DEV_ANDROID_14,0,1660,1,1.07,0,ONLINE_SHOPPING,0
TXN104486,USR0072,8285.94,4501.0,1.841,3.1,362.4,18,Kolkata,0,DEV_ANDROID_14,0,1358,0,2.11,1,P2P,0
TXN104487,USR0021,19059.78,4102.0,4.646,9.7,282.7,16,Chennai,0,DEV_ANDROID_14,0,1435,0,0.74,0,P2M,0
TXN104488,USR0010,4359.65,4508.0,0.967,29.0,68.6,16,Kolkata,0,DEV_IOS_18,0,1465,0,2.12,0,P2P,0
TXN104489,USR0031,3393.18,4621.0,0.734,11.8,311.0,7,Kolkata,0,DEV_ANDROID_14,0,825,0,1.55,1,P2M,0
TXN104490,USR0061,324.95,445.0,0.73,33.7,84.7,7,Bengaluru,0,DEV_ANDROID_13,0,1020,0,2.3,1,P2P,0
TXN104491,USR0018,3647.67,1836.0,1.987,22.4,65.0,14,Chennai,0,DEV_ANDROID_14,0,1518,0,1.68,1,P2M,0
TXN104492,USR0057,2852.12,3487.0,0.818,21.1,116.0,21,Delhi,0,DEV_WEB_CHROME,1,807,0,1.24,0,ONLINE_SHOPPING,0
TXN104493,USR0110,5525.55,3119.0,1.772,22.1,55.9,11,Mumbai,0,DEV_IOS_18,0,1284,0,1.22,1,P2P,0
TXN104494,USR0013,1816.77,2086.0,0.871,32.5,95.3,14,Kolkata,0,DEV_ANDROID_13,0,796,0,0.98,1,P2M,0
TXN104495,USR0040,684.06,942.0,0.726,23.6,165.2,12,Mumbai,0,DEV_IOS_18,0,1732,0,0.42,0,P2M,0
TXN104496,USR0104,713.95,706.0,1.011,21.5,57.9,8,Mumbai,0,DEV_ANDROID_13,0,1116,0,0.71,1,P2P,0
TXN104497,USR0135,23136.05,3326.0,6.956,6.8,86.2,16,Kolkata,0,DEV_IOS_18,0,1120,0,0.22,1,RECHARGE,0
TXN104498,USR0057,14392.7,3487.0,4.128,48.0,0.2,13,Hyderabad,1,DEV_ANDROID_13,1,796,3,11.53,0,P2P,1
TXN104499,USR0142,1645.75,3033.0,0.543,17.3,274.8,11,Hyderabad,0,DEV_ANDROID_14,0,881,0,1.12,1,P2M,0
TXN104500,USR0146,701.7,803.0,0.874,22.8,265.9,15,Mumbai,0,DEV_ANDROID_13,0,1211,0,1.06,1,P2M,0
TXN104501,USR0083,1423.23,1684.0,0.845,8.3,386.7,11,Delhi,0,DEV_ANDROID_14,0,43,0,0.64,1,P2M,0
TXN104502,USR0062,3290.96,2948.0,1.116,15.5,297.0,16,Mumbai,0,DEV_ANDROID_14,0,270,0,0.93,0,ONLINE_SHOPPING,0
TXN104503,USR0145,1624.44,4287.0,0.379,6.6,550.3,17,Mumbai,0,DEV_ANDROID_13,0,1412,0,1.07,0,P2M,0
TXN104504,USR0134,14921.71,4359.0,3.423,38.0,16.3,17,Kolkata,1,DEV_UNKNOWN,1,252,2,4.77,0,P2P,1
TXN104505,USR0079,6826.46,2089.0,3.268,32.0,7.4,8,Bengaluru,1,DEV_UNKNOWN,1,1319,0,5.08,0,P2P,1
TXN104506,USR0079,2183.38,2089.0,1.045,16.0,206.2,22,Chennai,0,DEV_ANDROID_14,0,1359,0,1.06,1,P2P,0
TXN104507,USR0032,2046.38,2962.0,0.691,19.1,118.8,18,Hyderabad,0,DEV_ANDROID_14,0,1421,0,0.23,0,P2M,0
TXN104508,USR0087,4265.22,4199.0,1.016,10.2,185.7,17,Mumbai,0,DEV_ANDROID_13,0,822,0,1.07,1,P2M,0
TXN104509,USR0039,7653.43,3193.0,2.397,17.1,166.3,15,Chennai,0,DEV_IOS_18,0,1717,0,1.89,1,BILL_PAYMENT,0
TXN104510,USR0133,357.07,561.0,0.636,14.3,66.7,15,Delhi,0,DEV_ANDROID_13,0,1070,0,1.2,1,P2M,0
TXN104511,USR0084,659.52,960.0,0.687,16.5,152.2,15,Chennai,0,DEV_ANDROID_13,0,984,0,1.25,1,P2M,0
TXN104512,USR0070,5582.4,4705.0,1.186,11.3,157.7,16,Jaipur,1,DEV_ANDROID_13,0,364,0,1.34,0,P2P,0
TXN104513,USR0132,3191.52,3311.0,0.964,8.2,5.0,6,Hyderabad,0,DEV_ANDROID_13,0,596,0,0.59,1,P2P,0
TXN104514,USR0023,2936.51,2955.0,0.994,18.3,19.4,17,Delhi,0,DEV_ANDROID_13,0,954,0,1.2,1,RECHARGE,0
TXN104515,USR0124,1211.19,1625.0,0.745,4.2,21.9,17,Hyderabad,0,DEV_ANDROID_14,0,288,1,0.81,0,P2M,0
TXN104516,USR0125,8697.03,1159.0,7.504,36.0,19.9,4,Chennai,1,DEV_UNKNOWN,1,1140,7,5.86,0,INVESTMENT,1
TXN104517,USR0108,823.38,931.0,0.884,21.1,45.2,7,Mumbai,0,DEV_IOS_18,0,92,0,0.54,0,P2M,0
TXN104518,USR0044,676.22,843.0,0.802,17.0,37.4,8,Delhi,0,DEV_ANDROID_14,0,1636,0,1.19,1,P2P,0
TXN104519,USR0056,8658.53,4000.0,2.165,9.1,230.1,9,Bengaluru,0,DEV_IOS_18,0,200,0,1.5,1,P2P,0
TXN104520,USR0001,4956.48,3411.0,1.453,22.5,266.4,13,Mumbai,0,DEV_ANDROID_13,0,779,2,1.81,1,P2M,0
TXN104521,USR0109,1615.13,1296.0,1.246,20.7,141.9,18,Chennai,0,DEV_ANDROID_14,0,1550,0,0.96,1,P2P,0
TXN104522,USR0125,23274.12,1159.0,20.081,20.0,23.9,11,Kochi,1,DEV_WEB_CHROME,1,1129,2,6.22,0,P2M,1
TXN104523,USR0027,630.11,816.0,0.772,18.4,11.2,17,Hyderabad,0,DEV_IOS_18,0,1467,0,0.1,1,ONLINE_SHOPPING,0
TXN104524,USR0109,2446.49,1296.0,1.888,9.1,226.2,9,Chennai,0,DEV_ANDROID_14,0,1516,1,1.87,0,P2M,0
TXN104525,USR0080,1735.84,1303.0,1.332,14.4,81.0,20,Kolkata,0,DEV_ANDROID_14,0,561,0,2.06,1,P2P,0
TXN104526,USR0034,750.09,1168.0,0.642,11.1,408.8,8,Chennai,0,DEV_ANDROID_14,0,65,0,0.71,1,ONLINE_SHOPPING,0
TXN104527,USR0092,2338.78,3316.0,0.705,23.4,69.4,16,Hyderabad,0,DEV_ANDROID_13,1,264,0,0.1,1,BILL_PAYMENT,0
TXN104528,USR0148,2237.66,1934.0,1.157,25.5,136.6,11,Chennai,0,DEV_ANDROID_13,0,1643,0,0.73,1,BILL_PAYMENT,0
TXN104529,USR0078,11125.27,4223.0,2.634,27.5,22.2,16,Delhi,1,DEV_ANDROID_14,0,296,0,0.9,1,P2P,0
TXN104530,USR0093,3839.59,3844.0,0.999,10.8,77.9,6,Chennai,0,DEV_ANDROID_14,0,64,0,0.8,1,P2P,0
TXN104531,USR0067,1260.97,1825.0,0.691,29.4,26.6,18,Hyderabad,0,DEV_IOS_18,0,894,0,1.9,1,INVESTMENT,0
TXN104532,USR0066,896.04,572.0,1.567,13.2,8.7,10,Delhi,0,DEV_ANDROID_14,0,1042,0,0.69,0,P2P,0
TXN104533,USR0054,1571.43,1995.0,0.788,23.0,282.8,19,Hyderabad,0,DEV_IOS_18,0,1110,0,2.26,1,P2M,0
TXN104534,USR0114,1219.51,1547.0,0.788,28.8,356.7,11,Delhi,0,DEV_ANDROID_14,0,1039,0,0.91,1,INVESTMENT,0
TXN104535,USR0147,9199.36,4639.0,1.983,33.0,6.9,10,Lucknow,1,DEV_UNKNOWN,1,427,2,4.6,0,P2P,1
TXN104536,USR0006,4935.9,4184.0,1.18,22.8,183.0,10,Hyderabad,0,DEV_IOS_18,0,838,0,1.35,0,BILL_PAYMENT,0
TXN104537,USR0126,2140.41,2090.0,1.024,22.8,17.2,21,Delhi,0,DEV_IOS_18,0,730,0,1.51,1,P2P,0
TXN104538,USR0023,20166.59,2955.0,6.825,18.5,24.5,20,Delhi,0,DEV_ANDROID_13,0,951,0,1.23,1,P2P,0
TXN104539,USR0053,1342.37,1779.0,0.755,29.4,125.0,18,Chennai,0,DEV_ANDROID_14,0,1830,0,1.42,1,BILL_PAYMENT,0
TXN104540,USR0125,2801.12,1159.0,2.417,22.4,34.1,17,Bengaluru,0,DEV_IOS_18,0,1155,0,1.74,0,ONLINE_SHOPPING,0
TXN104541,USR0143,4435.84,3747.0,1.184,24.7,5.3,10,Chennai,0,DEV_IOS_18,0,1644,0,1.45,1,P2M,0
TXN104542,USR0105,1314.39,1284.0,1.024,23.4,821.1,11,Bengaluru,0,DEV_ANDROID_14,0,642,0,2.55,0,P2P,0
TXN104543,USR0117,1636.51,891.0,1.837,5.6,157.6,8,Mumbai,0,DEV_ANDROID_13,0,739,0,2.38,0,P2P,0
TXN104544,USR0037,1253.59,2687.0,0.467,27.5,153.3,12,Kolkata,0,DEV_ANDROID_14,0,946,0,0.42,0,P2M,0
TXN104545,USR0139,9381.55,4684.0,2.003,36.4,59.1,17,Kolkata,0,DEV_ANDROID_13,0,237,0,1.48,1,P2M,0
TXN104546,USR0119,1095.18,1503.0,0.729,35.3,48.5,10,Chennai,0,DEV_ANDROID_13,0,622,0,1.21,1,P2M,0
TXN104547,USR0111,4780.34,4209.0,1.136,14.6,49.9,8,Chennai,0,DEV_IOS_18,0,1809,0,0.51,1,P2P,0
TXN104548,USR0076,14227.0,3835.0,3.71,19.7,17.3,12,Mumbai,0,DEV_ANDROID_13,0,485,0,1.13,1,P2P,0
TXN104549,USR0003,2764.91,3784.0,0.731,30.8,149.0,15,Hyderabad,0,DEV_ANDROID_13,0,1345,0,0.88,1,BILL_PAYMENT,0
TXN104550,USR0144,3553.94,2663.0,1.335,6.6,143.8,13,Chennai,0,DEV_IOS_18,0,1106,0,0.24,0,P2P,0
TXN104551,USR0114,1941.61,1547.0,1.255,26.4,42.1,15,Delhi,0,DEV_IOS_18,1,1023,1,1.04,0,P2P,0
TXN104552,USR0141,1488.28,1171.0,1.271,8.7,5.0,9,Hyderabad,0,DEV_IOS_18,0,314,0,1.54,0,P2M,0
TXN104553,USR0058,3431.02,3029.0,1.133,19.1,39.1,11,Kolkata,0,DEV_ANDROID_14,0,895,0,1.35,1,P2M,0
TXN104554,USR0081,872.11,1873.0,0.466,34.8,254.3,14,Kolkata,0,DEV_ANDROID_13,0,918,0,1.41,0,P2P,0
TXN104555,USR0046,3240.73,3064.0,1.058,14.9,133.8,18,Delhi,0,DEV_ANDROID_13,0,370,0,1.35,1,ONLINE_SHOPPING,0
TXN104556,USR0066,628.14,572.0,1.098,6.3,98.7,16,Delhi,0,DEV_ANDROID_14,0,1050,0,0.34,1,P2P,0
TXN104557,USR0001,13453.22,3411.0,3.944,22.0,35.1,16,Jaipur,1,DEV_UNKNOWN,1,818,3,6.57,0,INVESTMENT,1
TXN104558,USR0110,1952.33,3119.0,0.626,18.1,508.3,13,Chennai,1,DEV_IOS_18,0,1218,0,0.73,1,P2P,0
TXN104559,USR0135,4516.63,3326.0,1.358,5.8,303.0,12,Kolkata,0,DEV_WEB_CHROME,1,1174,0,0.61,1,BILL_PAYMENT,0
TXN104560,USR0147,24290.53,4639.0,5.236,48.0,18.1,7,Ahmedabad,1,DEV_UNKNOWN,1,387,7,10.45,0,INVESTMENT,1
TXN104561,USR0016,2242.47,1443.0,1.554,19.2,348.7,13,Bengaluru,0,DEV_ANDROID_14,0,1257,0,1.18,1,P2P,0
TXN104562,USR0020,3745.26,3539.0,1.058,23.6,374.7,19,Delhi,0,DEV_ANDROID_14,0,281,0,1.7,1,P2P,0
TXN104563,USR0100,1770.36,2121.0,0.835,32.4,13.4,8,Bengaluru,0,DEV_ANDROID_14,0,810,0,1.59,1,P2P,0
TXN104564,USR0035,5482.0,3949.0,1.388,25.4,78.6,17,Mumbai,0,DEV_ANDROID_14,0,1308,0,1.7,1,P2M,0
TXN104565,USR0040,1230.58,942.0,1.306,15.9,82.8,17,Mumbai,0,DEV_IOS_18,0,1725,0,0.57,1,P2M,0
TXN104566,USR0034,823.94,1168.0,0.705,12.8,44.1,9,Chennai,0,DEV_IOS_18,1,128,0,0.25,1,P2M,0
TXN104567,USR0128,5130.4,1765.0,2.907,26.5,438.8,7,Chandigarh,1,DEV_WEB_CHROME,1,1731,0,0.17,1,ONLINE_SHOPPING,0
TXN104568,USR0142,3118.49,3033.0,1.028,18.9,149.0,12,Pune,1,DEV_ANDROID_14,0,894,0,0.73,0,P2P,0
TXN104569,USR0022,10144.6,3458.0,2.934,33.0,22.2,21,Chennai,0,DEV_UNKNOWN,1,1288,1,5.9,0,P2P,1
TXN104570,USR0086,3420.29,4098.0,0.835,9.0,408.7,8,Delhi,0,DEV_IOS_18,1,1343,0,1.17,1,P2M,0
TXN104571,USR0043,3363.41,4029.0,0.835,24.1,315.7,8,Delhi,0,DEV_ANDROID_13,0,1323,0,0.71,1,P2M,0
TXN104572,USR0043,2690.04,4029.0,0.668,22.2,182.5,13,Delhi,0,DEV_ANDROID_13,0,1361,0,2.4,0,BILL_PAYMENT,0
TXN104573,USR0147,6175.03,4639.0,1.331,37.4,289.8,12,Chennai,0,DEV_IOS_18,0,401,0,1.12,0,RECHARGE,0
TXN104574,USR0023,2757.0,2955.0,0.933,24.6,33.0,12,Hyderabad,1,DEV_ANDROID_13,0,914,0,0.36,1,P2M,0
TXN104575,USR0136,1147.83,788.0,1.457,16.6,42.0,12,Chennai,0,DEV_IOS_18,0,1696,0,1.07,1,P2P,0
TXN104576,USR0121,10447.79,3799.0,2.75,13.8,172.0,15,Hyderabad,0,DEV_ANDROID_13,0,1548,0,1.31,1,P2P,0
TXN104577,USR0058,2615.55,3029.0,0.864,23.6,180.4,9,Kolkata,0,DEV_ANDROID_14,0,860,0,0.1,1,INVESTMENT,0
TXN104578,USR0060,2776.67,2418.0,1.148,11.2,5.5,13,Chennai,1,DEV_ANDROID_13,0,64,0,0.79,1,BILL_PAYMENT,0
TXN104579,USR0124,981.87,1625.0,0.604,5.4,494.1,20,Hyderabad,0,DEV_ANDROID_14,0,266,0,1.16,0,P2M,0
TXN104580,USR0073,2326.0,1427.0,1.63,33.6,156.2,14,Kolkata,0,DEV_ANDROID_13,0,267,0,0.1,1,P2P,0
TXN104581,USR0020,2888.79,3539.0,0.816,24.8,5.0,20,Delhi,0,DEV_ANDROID_14,0,300,0,1.25,1,ONLINE_SHOPPING,0
TXN104582,USR0031,5153.57,4621.0,1.115,9.9,24.6,10,Chandigarh,1,DEV_ANDROID_14,0,780,0,0.87,1,RECHARGE,0
TXN104583,USR0136,653.96,788.0,0.83,22.6,128.4,9,Chennai,0,DEV_IOS_18,0,1675,0,1.61,1,P2M,0
TXN104584,USR0022,13031.98,3458.0,3.769,28.6,45.4,11,Chennai,0,DEV_ANDROID_13,0,1271,0,1.02,1,P2M,0
TXN104585,USR0095,1568.14,2387.0,0.657,16.6,159.1,10,Chennai,0,DEV_ANDROID_13,0,1154,0,1.18,1,P2M,0
TXN104586,USR0039,2363.71,3193.0,0.74,21.4,30.9,11,Lucknow,1,DEV_IOS_18,0,1749,0,1.58,0,BILL_PAYMENT,0
TXN104587,USR0125,1392.68,1159.0,1.202,18.4,50.4,16,Bengaluru,0,DEV_IOS_18,0,1151,0,1.58,1,BILL_PAYMENT,0
TXN104588,USR0043,4814.67,4029.0,1.195,18.1,308.2,13,Delhi,0,DEV_ANDROID_13,0,1318,0,0.1,0,ONLINE_SHOPPING,0
TXN104589,USR0123,18114.04,4007.0,4.521,47.0,32.7,7,Pune,1,DEV_WEB_CHROME,1,1237,1,4.23,1,P2M,1
TXN104590,USR0102,1716.33,1540.0,1.114,14.1,140.3,8,Bengaluru,0,DEV_IOS_18,0,454,0,0.89,0,P2M,0
TXN104591,USR0075,1359.67,2287.0,0.595,15.1,61.2,20,Bengaluru,0,DEV_IOS_18,0,1599,0,1.01,0,P2P,0
TXN104592,USR0039,2417.68,3193.0,0.757,12.1,239.5,12,Chennai,0,DEV_IOS_18,0,1716,0,0.47,1,P2P,0
TXN104593,USR0001,6841.7,3411.0,2.006,18.1,60.3,15,Mumbai,0,DEV_ANDROID_13,0,793,0,0.59,0,P2P,0
TXN104594,USR0070,1955.6,4705.0,0.416,11.5,37.5,11,Delhi,0,DEV_ANDROID_13,0,310,0,1.77,1,P2P,0
TXN104595,USR0095,3263.66,2387.0,1.367,21.6,8.8,18,Chennai,0,DEV_ANDROID_13,0,1181,0,1.1,1,P2M,0
TXN104596,USR0025,8586.93,3410.0,2.518,40.0,0.5,16,Delhi,1,DEV_IOS_18,1,1553,4,13.26,0,ONLINE_SHOPPING,1
TXN104597,USR0050,3154.91,2312.0,1.365,28.0,230.0,19,Hyderabad,1,DEV_ANDROID_13,0,111,0,1.3,1,P2M,0
TXN104598,USR0073,803.22,1427.0,0.563,34.6,182.0,19,Kolkata,0,DEV_ANDROID_13,0,236,0,2.27,1,P2P,0
TXN104599,USR0015,2207.59,2529.0,0.873,4.1,129.3,20,Chennai,0,DEV_ANDROID_14,0,1280,0,1.72,1,P2P,0
TXN104600,USR0147,3168.79,4639.0,0.683,36.1,157.8,9,Chennai,0,DEV_IOS_18,0,448,0,1.0,1,P2M,0
TXN104601,USR0083,2158.31,1684.0,1.282,1.0,123.6,15,Delhi,0,DEV_ANDROID_14,0,88,0,1.71,1,P2P,0
TXN104602,USR0039,4065.18,3193.0,1.273,15.5,638.9,9,Chennai,0,DEV_IOS_18,0,1727,0,0.74,0,ONLINE_SHOPPING,0
TXN104603,USR0116,4785.26,2809.0,1.704,32.8,176.4,17,Bengaluru,0,DEV_ANDROID_13,0,245,0,2.18,1,P2P,0
TXN104604,USR0051,2082.96,1265.0,1.647,19.9,24.7,11,Chandigarh,1,DEV_IOS_18,0,1195,0,0.97,1,ONLINE_SHOPPING,0
TXN104605,USR0017,445.96,1139.0,0.392,25.8,22.4,12,Kolkata,0,DEV_IOS_18,0,1157,0,1.77,1,P2M,0
TXN104606,USR0080,1305.2,1303.0,1.002,11.8,28.6,8,Kolkata,0,DEV_ANDROID_14,0,612,0,0.74,1,ONLINE_SHOPPING,0
TXN104607,USR0102,1124.7,1540.0,0.73,11.0,42.2,9,Bengaluru,0,DEV_IOS_18,0,466,0,0.43,1,P2P,0
TXN104608,USR0042,9805.5,4858.0,2.018,8.0,30.3,22,Delhi,0,DEV_ANDROID_13,0,1388,0,1.97,1,ONLINE_SHOPPING,0
TXN104609,USR0107,641.09,1116.0,0.574,17.9,20.3,21,Mumbai,1,DEV_ANDROID_14,0,1045,0,2.02,1,P2M,0
TXN104610,USR0090,3741.71,4795.0,0.78,21.1,28.2,15,Hyderabad,0,DEV_IOS_18,1,572,0,1.05,0,P2M,0
TXN104611,USR0084,624.48,960.0,0.65,9.7,249.2,16,Chennai,0,DEV_ANDROID_13,0,936,0,0.39,1,P2M,0
TXN104612,USR0028,2342.37,541.0,4.33,33.0,13.2,8,Hyderabad,1,DEV_IOS_18,0,795,1,3.9,0,P2P,1
TXN104613,USR0020,3464.38,3539.0,0.979,28.0,81.1,9,Delhi,0,DEV_ANDROID_14,0,334,0,0.1,1,P2M,0
TXN104614,USR0038,4405.4,2152.0,2.047,13.1,165.5,16,Bengaluru,0,DEV_ANDROID_14,0,589,0,1.13,1,BILL_PAYMENT,0
TXN104615,USR0064,2722.6,3744.0,0.727,32.4,420.2,17,Hyderabad,0,DEV_ANDROID_13,0,1371,0,1.5,1,P2M,0
TXN104616,USR0065,6124.37,3227.0,1.898,64.0,3.2,10,Jaipur,1,DEV_ANDROID_12,1,1783,3,9.43,1,ONLINE_SHOPPING,1
TXN104617,USR0021,3835.65,4102.0,0.935,9.4,134.1,17,Chennai,0,DEV_ANDROID_14,0,1468,0,1.48,1,P2P,0
TXN104618,USR0137,2835.31,4815.0,0.589,34.2,527.4,13,Chennai,0,DEV_ANDROID_14,0,364,0,1.12,1,P2P,0
TXN104619,USR0150,1524.33,1846.0,0.826,11.2,389.6,20,Bengaluru,0,DEV_IOS_18,0,311,0,0.81,1,P2M,0
TXN104620,USR0059,3469.03,4787.0,0.725,18.3,118.8,20,Chennai,0,DEV_ANDROID_14,0,1032,0,1.48,1,RECHARGE,0
TXN104621,USR0082,714.76,1061.0,0.674,38.1,5.0,11,Hyderabad,0,DEV_IOS_18,0,80,0,1.3,0,P2M,0
TXN104622,USR0057,3108.77,3487.0,0.892,23.2,484.3,16,Delhi,0,DEV_IOS_18,0,857,0,0.92,1,P2P,0
TXN104623,USR0013,2767.51,2086.0,1.327,39.5,352.8,15,Kolkata,0,DEV_ANDROID_13,0,759,0,0.61,0,RECHARGE,0
TXN104624,USR0071,3488.73,1774.0,1.967,16.5,145.7,15,Hyderabad,0,DEV_ANDROID_14,0,1748,0,2.1,1,ONLINE_SHOPPING,0
TXN104625,USR0134,4317.36,4359.0,0.99,32.9,21.9,10,Chennai,0,DEV_ANDROID_14,1,309,0,1.11,1,P2P,0
TXN104626,USR0040,561.26,942.0,0.596,13.1,15.6,16,Pune,1,DEV_IOS_18,0,1721,0,1.09,1,P2M,0
TXN104627,USR0108,4296.61,931.0,4.615,22.5,9.9,13,Mumbai,0,DEV_IOS_18,0,107,0,0.77,1,P2P,0
TXN104628,USR0066,462.48,572.0,0.809,6.6,253.4,16,Delhi,0,DEV_ANDROID_14,0,1000,0,1.85,1,P2P,0
TXN104629,USR0079,1309.15,2089.0,0.627,17.7,213.2,17,Chennai,0,DEV_ANDROID_14,0,1357,0,0.98,1,BILL_PAYMENT,0
TXN104630,USR0130,1773.73,2863.0,0.62,40.2,136.4,16,Ahmedabad,1,DEV_IOS_18,0,1550,0,2.6,0,RECHARGE,0
TXN104631,USR0055,769.56,1096.0,0.702,30.7,480.3,17,Delhi,0,DEV_ANDROID_14,0,783,0,1.44,1,P2M,0
TXN104632,USR0019,14991.88,4271.0,3.51,14.0,18.4,13,Bengaluru,0,DEV_ANDROID_13,0,1638,2,3.84,0,P2P,1
TXN104633,USR0056,4629.14,4000.0,1.157,10.6,195.1,11,Hyderabad,1,DEV_IOS_18,0,220,0,1.1,0,P2M,0
TXN104634,USR0147,16236.5,4639.0,3.5,34.2,216.0,6,Chennai,0,DEV_IOS_18,0,388,0,0.87,1,INVESTMENT,0
TXN104635,USR0104,1620.56,706.0,2.295,17.3,101.3,11,Mumbai,0,DEV_ANDROID_13,0,1081,1,0.1,1,P2P,0
TXN104636,USR0055,848.66,1096.0,0.774,30.1,83.1,16,Delhi,0,DEV_ANDROID_14,0,752,0,1.98,1,ONLINE_SHOPPING,0
TXN104637,USR0024,447.16,1043.0,0.429,12.4,468.1,14,Hyderabad,0,DEV_ANDROID_14,0,274,0,1.59,1,P2P,0
TXN104638,USR0090,20169.81,4795.0,4.206,28.0,30.9,22,Jaipur,1,DEV_UNKNOWN,1,523,4,10.47,0,P2P,1
TXN104639,USR0149,16080.05,3318.0,4.846,11.9,281.0,17,Chennai,0,DEV_ANDROID_13,0,1418,0,0.73,0,P2P,0
TXN104640,USR0088,3759.91,4666.0,0.806,5.8,119.9,9,Mumbai,0,DEV_IOS_18,0,738,0,0.71,1,P2M,0
TXN104641,USR0129,9735.6,4329.0,2.249,16.1,23.1,16,Chennai,0,DEV_ANDROID_13,0,1408,0,0.19,0,P2M,0
TXN104642,USR0003,6719.29,3784.0,1.776,23.0,125.9,13,Hyderabad,0,DEV_ANDROID_13,0,1348,0,1.5,1,P2M,0
TXN104643,USR0070,5940.13,4705.0,1.263,11.0,241.1,15,Delhi,0,DEV_ANDROID_13,0,330,0,1.22,1,P2P,0
TXN104644,USR0122,21499.57,2765.0,7.776,28.0,11.1,16,Kochi,1,DEV_ANDROID_12,1,1589,5,5.31,0,INVESTMENT,1
TXN104645,USR0005,813.14,1239.0,0.656,30.1,747.9,6,Hyderabad,0,DEV_IOS_18,0,1416,0,1.63,0,BILL_PAYMENT,0
TXN104646,USR0104,980.24,706.0,1.388,23.7,207.6,7,Mumbai,0,DEV_ANDROID_13,0,1084,0,0.55,1,P2M,0
TXN104647,USR0139,5049.39,4684.0,1.078,35.3,29.2,20,Kolkata,0,DEV_ANDROID_13,0,241,1,0.41,1,P2M,0
TXN104648,USR0117,1154.87,891.0,1.296,13.5,256.5,19,Mumbai,0,DEV_ANDROID_13,0,739,0,0.14,1,P2P,0
TXN104649,USR0129,8394.31,4329.0,1.939,12.6,130.7,14,Chennai,0,DEV_ANDROID_13,0,1421,0,1.18,1,P2P,0
TXN104650,USR0006,2468.7,4184.0,0.59,13.5,60.0,18,Hyderabad,0,DEV_IOS_18,0,866,0,2.21,1,ONLINE_SHOPPING,0
TXN104651,USR0013,29767.0,2086.0,14.27,25.0,41.9,6,Hyderabad,1,DEV_WEB_CHROME,1,768,5,5.34,0,P2M,1
TXN104652,USR0123,5474.04,4007.0,1.366,21.5,88.1,12,Kolkata,0,DEV_IOS_18,0,1290,0,1.4,1,P2P,0
TXN104653,USR0089,30122.02,1008.0,29.883,26.0,35.9,21,Kolkata,0,DEV_ANDROID_12,1,932,4,4.56,0,P2M,1
TXN104654,USR0011,11316.12,2073.0,5.459,12.0,73.8,18,Chennai,0,DEV_ANDROID_14,0,931,0,2.65,1,P2M,0
TXN104655,USR0119,1220.37,1503.0,0.812,33.7,520.9,17,Chennai,0,DEV_ANDROID_13,0,642,0,3.3,1,P2M,0
TXN104656,USR0113,5494.72,2668.0,2.059,7.0,6.8,11,Hyderabad,0,DEV_ANDROID_14,0,1595,0,0.62,1,P2M,0
TXN104657,USR0059,4875.14,4787.0,1.018,10.8,5.0,16,Chennai,0,DEV_ANDROID_14,0,1037,0,1.85,1,P2M,0
TXN104658,USR0140,4577.54,3114.0,1.47,1.0,261.2,18,Delhi,0,DEV_ANDROID_13,0,241,0,0.1,1,P2M,0
TXN104659,USR0021,25983.01,4102.0,6.334,13.0,43.0,5,Mumbai,1,DEV_IOS_18,1,1484,3,2.69,0,P2P,1
TXN104660,USR0073,1070.86,1427.0,0.75,30.9,71.2,14,Hyderabad,1,DEV_ANDROID_13,0,245,0,0.91,0,P2P,0
TXN104661,USR0068,2904.42,1858.0,1.563,8.5,540.5,10,Chennai,0,DEV_ANDROID_13,0,1764,0,0.67,1,P2M,0
TXN104662,USR0109,5921.49,1296.0,4.569,29.0,2.2,5,Chandigarh,1,DEV_ANDROID_14,0,1545,4,8.51,0,P2P,1
TXN104663,USR0144,2224.69,2663.0,0.835,17.1,21.0,17,Chennai,0,DEV_IOS_18,0,1072,0,0.96,1,P2M,0
TXN104664,USR0087,3475.04,4199.0,0.828,9.0,79.3,7,Mumbai,0,DEV_ANDROID_14,1,824,0,1.84,1,BILL_PAYMENT,0
TXN104665,USR0121,6143.04,3799.0,1.617,6.8,35.2,8,Hyderabad,0,DEV_ANDROID_13,0,1475,0,1.78,1,P2P,0
TXN104666,USR0078,29497.73,4223.0,6.985,13.0,100.0,5,Chandigarh,1,DEV_IOS_18,1,313,3,4.68,0,P2P,1
TXN104667,USR0024,1198.03,1043.0,1.149,13.0,52.5,13,Hyderabad,0,DEV_ANDROID_14,0,286,0,2.0,1,BILL_PAYMENT,0
TXN104668,USR0030,1212.19,1476.0,0.821,30.4,84.6,18,Kolkata,0,DEV_ANDROID_14,0,170,0,1.99,0,ONLINE_SHOPPING,0
TXN104669,USR0134,4777.48,4359.0,1.096,30.7,34.9,17,Chennai,0,DEV_IOS_18,0,282,0,0.1,1,P2P,0
TXN104670,USR0096,593.31,482.0,1.231,23.8,59.7,13,Chennai,0,DEV_ANDROID_13,0,247,0,1.67,1,BILL_PAYMENT,0
TXN104671,USR0030,1542.21,1476.0,1.045,30.0,232.7,14,Kolkata,0,DEV_ANDROID_14,0,183,0,1.21,0,P2M,0
TXN104672,USR0131,1429.61,1330.0,1.075,35.3,9.4,16,Chennai,1,DEV_IOS_18,0,1063,0,1.66,1,P2M,0
TXN104673,USR0103,2897.67,4267.0,0.679,33.4,227.5,22,Kolkata,0,DEV_ANDROID_13,0,1728,0,2.34,1,P2P,0
TXN104674,USR0071,3433.37,1774.0,1.935,21.3,142.0,12,Kolkata,1,DEV_ANDROID_14,0,1756,0,0.85,1,P2M,0
TXN104675,USR0061,313.32,445.0,0.704,36.8,87.8,20,Bengaluru,0,DEV_ANDROID_13,0,1027,0,1.29,1,P2M,0
TXN104676,USR0080,702.93,1303.0,0.539,8.4,7.1,12,Kolkata,0,DEV_ANDROID_14,0,608,0,1.14,1,P2M,0
TXN104677,USR0055,1372.67,1096.0,1.252,33.8,821.8,8,Pune,1,DEV_ANDROID_14,0,801,0,1.13,1,P2P,0
TXN104678,USR0091,3166.26,2696.0,1.174,8.8,430.4,8,Kolkata,0,DEV_ANDROID_13,0,1098,0,1.01,1,ONLINE_SHOPPING,0
TXN104679,USR0103,29396.0,4267.0,6.889,30.8,17.1,15,Lucknow,1,DEV_ANDROID_14,1,1774,0,1.34,1,ONLINE_SHOPPING,0
TXN104680,USR0061,239.35,445.0,0.538,29.5,24.2,11,Bengaluru,0,DEV_ANDROID_13,0,986,0,1.47,1,P2P,0
TXN104681,USR0038,27796.04,2152.0,12.916,40.0,30.7,20,Delhi,1,DEV_WEB_CHROME,1,619,5,6.59,0,P2P,1
TXN104682,USR0030,840.74,1476.0,0.57,32.6,222.9,6,Kolkata,0,DEV_ANDROID_14,0,119,0,0.99,0,P2M,0
TXN104683,USR0104,729.12,706.0,1.033,16.0,282.7,15,Mumbai,0,DEV_ANDROID_13,0,1103,0,0.1,1,P2M,0
TXN104684,USR0016,1112.09,1443.0,0.771,22.9,45.9,13,Bengaluru,0,DEV_ANDROID_14,0,1245,0,1.36,1,P2M,0
TXN104685,USR0073,2274.19,1427.0,1.594,30.7,5.0,13,Kolkata,0,DEV_ANDROID_13,0,227,0,1.84,1,P2P,0
TXN104686,USR0111,7174.14,4209.0,1.704,6.5,22.4,13,Chennai,0,DEV_IOS_18,0,1761,0,1.68,0,P2P,0
TXN104687,USR0116,3470.55,2809.0,1.236,28.7,59.4,16,Bengaluru,0,DEV_ANDROID_13,0,259,0,1.85,0,BILL_PAYMENT,0
TXN104688,USR0115,674.29,1698.0,0.397,10.2,178.6,13,Kolkata,0,DEV_IOS_18,0,42,0,2.45,1,ONLINE_SHOPPING,0
TXN104689,USR0013,550.71,2086.0,0.264,33.3,5.0,23,Kolkata,0,DEV_ANDROID_13,0,811,0,1.32,1,P2M,0
TXN104690,USR0120,6360.18,3985.0,1.596,22.9,214.5,15,Chennai,0,DEV_IOS_18,0,1166,0,1.95,0,P2M,0
TXN104691,USR0134,4476.27,4359.0,1.027,29.8,28.6,13,Chennai,0,DEV_IOS_18,0,273,0,0.63,1,BILL_PAYMENT,0
TXN104692,USR0070,3527.42,4705.0,0.75,10.7,47.9,12,Delhi,0,DEV_ANDROID_13,0,312,0,0.62,1,P2P,0
TXN104693,USR0119,28565.57,1503.0,19.006,43.0,40.8,3,Bengaluru,1,DEV_ANDROID_13,0,606,3,6.52,0,INVESTMENT,1
TXN104694,USR0053,1203.86,1779.0,0.677,33.0,41.5,12,Chennai,0,DEV_ANDROID_14,0,1804,0,1.97,1,P2M,0
TXN104695,USR0051,7312.69,1265.0,5.781,14.4,5.6,14,Delhi,0,DEV_IOS_18,0,1189,0,1.41,0,P2M,0
TXN104696,USR0070,5690.01,4705.0,1.209,9.6,362.2,11,Delhi,0,DEV_ANDROID_13,0,351,0,1.49,0,P2M,0
TXN104697,USR0128,1340.12,1765.0,0.759,32.3,17.8,13,Chennai,0,DEV_ANDROID_14,0,1734,0,0.11,1,P2M,0
TXN104698,USR0118,882.42,855.0,1.032,28.2,28.6,12,Kolkata,0,DEV_ANDROID_13,0,1579,0,1.05,0,ONLINE_SHOPPING,0
TXN104699,USR0137,8573.98,4815.0,1.781,28.7,10.2,17,Chennai,0,DEV_ANDROID_14,0,366,0,1.26,1,P2M,0
TXN104700,USR0001,6193.83,3411.0,1.816,18.1,509.8,10,Mumbai,0,DEV_ANDROID_13,0,829,1,1.44,1,ONLINE_SHOPPING,0
TXN104701,USR0080,1098.16,1303.0,0.843,14.9,96.3,15,Kolkata,0,DEV_IOS_18,1,603,0,0.65,0,P2M,0
TXN104702,USR0125,1251.51,1159.0,1.08,18.8,72.6,10,Bengaluru,0,DEV_IOS_18,0,1148,0,1.52,0,BILL_PAYMENT,0
TXN104703,USR0098,4788.28,2841.0,1.685,23.6,83.0,16,Delhi,0,DEV_IOS_18,0,1132,0,1.85,0,P2M,0
TXN104704,USR0094,4464.45,3141.0,1.421,11.1,56.0,17,Kolkata,0,DEV_ANDROID_14,0,1673,0,0.8,0,P2M,0
TXN104705,USR0031,6512.13,4621.0,1.409,14.3,19.5,13,Kolkata,0,DEV_ANDROID_14,0,815,0,2.23,0,P2P,0
TXN104706,USR0100,1733.81,2121.0,0.817,31.1,96.8,14,Bengaluru,0,DEV_ANDROID_14,0,807,0,1.17,0,P2P,0
TXN104707,USR0139,2826.82,4684.0,0.604,33.3,89.5,16,Kolkata,0,DEV_ANDROID_13,0,200,0,1.93,1,P2M,0
TXN104708,USR0009,3078.94,3622.0,0.85,16.3,190.3,17,Mumbai,0,DEV_ANDROID_13,0,170,0,0.78,1,P2M,0
TXN104709,USR0088,6060.8,4666.0,1.299,5.9,534.0,15,Mumbai,0,DEV_IOS_18,0,729,0,1.18,1,P2M,0
TXN104710,USR0142,2145.39,3033.0,0.707,24.1,285.5,18,Hyderabad,0,DEV_ANDROID_14,0,908,0,0.79,1,P2P,0
TXN104711,USR0094,2299.3,3141.0,0.732,3.2,106.4,12,Kolkata,0,DEV_ANDROID_14,0,1661,0,1.81,1,P2P,0
TXN104712,USR0002,4907.01,3607.0,1.36,11.0,95.2,18,Kolkata,0,DEV_ANDROID_14,0,237,0,1.01,1,P2P,0
TXN104713,USR0033,1735.92,2282.0,0.761,14.7,566.9,10,Kolkata,0,DEV_IOS_18,0,760,0,1.26,1,P2P,0
TXN104714,USR0118,311.96,855.0,0.365,27.1,40.5,17,Kolkata,0,DEV_ANDROID_13,0,1537,0,1.15,0,P2P,0
TXN104715,USR0072,13655.96,4501.0,3.034,40.0,1.7,10,Delhi,1,DEV_UNKNOWN,1,1365,2,8.3,1,ONLINE_SHOPPING,1
TXN104716,USR0091,3122.37,2696.0,1.158,3.1,5.0,8,Kolkata,0,DEV_ANDROID_13,0,1139,0,1.22,1,ONLINE_SHOPPING,0
TXN104717,USR0032,5546.67,2962.0,1.873,22.4,118.0,8,Hyderabad,0,DEV_ANDROID_13,1,1407,0,0.39,1,ONLINE_SHOPPING,0
TXN104718,USR0081,2284.88,1873.0,1.22,25.8,24.8,13,Kolkata,0,DEV_ANDROID_13,0,922,0,1.19,1,P2P,0
TXN104719,USR0079,1249.79,2089.0,0.598,28.7,120.7,19,Chennai,0,DEV_ANDROID_14,0,1337,0,1.01,0,P2P,0
TXN104720,USR0069,5924.09,3260.0,1.817,17.9,11.0,18,Hyderabad,0,DEV_ANDROID_14,0,1622,0,1.25,1,P2M,0
TXN104721,USR0109,4932.18,1296.0,3.806,5.1,38.0,12,Chennai,0,DEV_ANDROID_14,0,1553,0,0.1,1,ONLINE_SHOPPING,0
TXN104722,USR0022,6144.22,3458.0,1.777,19.9,270.7,11,Chennai,0,DEV_ANDROID_13,0,1304,0,0.38,1,P2M,0
TXN104723,USR0014,6748.75,2104.0,3.208,35.0,22.9,20,Delhi,0,DEV_ANDROID_13,0,862,1,4.06,0,P2P,1
TXN104724,USR0106,2004.41,1061.0,1.889,29.1,335.3,13,Delhi,0,DEV_ANDROID_13,0,1655,0,1.06,1,P2M,0
TXN104725,USR0108,735.39,931.0,0.79,24.5,375.9,9,Mumbai,0,DEV_IOS_18,0,112,0,0.92,1,P2M,0
TXN104726,USR0037,4974.26,2687.0,1.851,19.7,247.4,12,Kolkata,0,DEV_ANDROID_14,0,896,0,1.0,0,P2P,0
TXN104727,USR0070,2756.37,4705.0,0.586,12.9,129.6,10,Chandigarh,1,DEV_ANDROID_13,0,370,0,0.59,1,P2M,0
TXN104728,USR0042,9452.32,4858.0,1.946,14.4,663.4,11,Delhi,0,DEV_ANDROID_13,0,1409,0,0.47,1,P2P,0
TXN104729,USR0138,3765.08,3130.0,1.203,17.4,17.5,16,Chennai,0,DEV_IOS_18,0,1464,0,1.42,1,P2P,0
TXN104730,USR0136,679.57,788.0,0.862,23.7,399.9,16,Hyderabad,1,DEV_IOS_18,0,1726,0,1.42,1,P2M,0
TXN104731,USR0123,12706.51,4007.0,3.171,16.3,142.4,13,Kolkata,0,DEV_IOS_18,0,1242,0,0.92,0,P2M,0
TXN104732,USR0101,7651.02,4828.0,1.585,30.3,47.8,21,Mumbai,0,DEV_IOS_18,0,501,0,1.97,0,BILL_PAYMENT,0
TXN104733,USR0111,9066.17,4209.0,2.154,15.3,518.0,19,Chennai,0,DEV_IOS_18,0,1765,0,0.83,1,P2P,0
TXN104734,USR0132,3036.56,3311.0,0.917,5.4,7.9,16,Hyderabad,0,DEV_ANDROID_13,0,587,0,1.57,0,P2M,0
TXN104735,USR0074,1124.08,1853.0,0.607,2.2,51.4,8,Hyderabad,0,DEV_IOS_18,0,1407,0,1.99,0,P2M,0
TXN104736,USR0050,1796.0,2312.0,0.777,36.3,58.2,11,Chennai,1,DEV_ANDROID_13,0,150,0,1.91,1,P2P,0
TXN104737,USR0112,5923.49,4425.0,1.339,24.7,5.0,11,Hyderabad,0,DEV_ANDROID_13,0,1552,0,1.33,1,P2P,0
TXN104738,USR0003,3937.12,3784.0,1.04,23.6,31.5,13,Lucknow,1,DEV_ANDROID_13,0,1347,0,0.92,1,P2P,0
TXN104739,USR0101,6498.25,4828.0,1.346,29.7,51.2,15,Mumbai,0,DEV_IOS_18,0,565,1,0.7,1,P2M,0
TXN104740,USR0099,4783.39,3865.0,1.238,25.7,336.1,10,Kolkata,0,DEV_ANDROID_13,0,583,0,0.81,1,P2P,0
TXN104741,USR0055,7358.35,1096.0,6.714,31.5,149.9,14,Kochi,1,DEV_ANDROID_14,0,794,0,1.58,1,ONLINE_SHOPPING,0
TXN104742,USR0117,640.76,891.0,0.719,6.5,219.4,7,Mumbai,0,DEV_ANDROID_13,0,799,0,0.88,1,P2M,0
TXN104743,USR0104,2858.25,706.0,4.049,20.0,9.3,12,Chandigarh,1,DEV_ANDROID_13,0,1129,0,4.76,0,P2P,1
TXN104744,USR0147,2177.37,4639.0,0.469,29.2,176.7,15,Chennai,0,DEV_IOS_18,0,425,0,0.49,1,BILL_PAYMENT,0
TXN104745,USR0060,2682.11,2418.0,1.109,13.7,9.6,10,Hyderabad,0,DEV_ANDROID_13,0,48,1,0.54,1,P2M,0
TXN104746,USR0115,6800.29,1698.0,4.005,24.0,9.2,16,Kolkata,0,DEV_IOS_18,0,72,0,3.48,0,P2P,1
TXN104747,USR0132,7445.8,3311.0,2.249,15.3,106.2,18,Hyderabad,0,DEV_ANDROID_13,0,572,0,1.08,1,P2P,0
TXN104748,USR0078,23715.1,4223.0,5.616,31.0,29.2,13,Mumbai,0,DEV_ANDROID_14,0,334,0,2.54,1,P2M,0
TXN104749,USR0146,865.08,803.0,1.077,13.8,76.0,21,Mumbai,0,DEV_ANDROID_13,0,1253,0,0.86,1,P2P,0
TXN104750,USR0055,780.53,1096.0,0.712,34.3,91.5,15,Delhi,0,DEV_ANDROID_14,0,805,0,0.24,1,P2M,0
TXN104751,USR0003,37882.86,3784.0,10.011,41.0,25.8,2,Mumbai,1,DEV_ANDROID_12,1,1311,5,8.68,1,P2P,1
TXN104752,USR0126,3879.02,2090.0,1.856,19.3,28.1,17,Delhi,0,DEV_IOS_18,0,730,0,1.33,1,P2P,0
TXN104753,USR0016,2913.76,1443.0,2.019,12.0,14.2,17,Bengaluru,0,DEV_ANDROID_14,0,1264,2,4.5,0,P2P,1
TXN104754,USR0118,3039.23,855.0,3.555,29.1,72.7,22,Kolkata,0,DEV_ANDROID_13,0,1543,0,1.67,1,P2M,0
TXN104755,USR0094,2093.98,3141.0,0.667,2.5,23.7,13,Kolkata,0,DEV_ANDROID_14,0,1687,0,0.47,1,ONLINE_SHOPPING,0
TXN104756,USR0120,4768.29,3985.0,1.197,23.8,270.1,8,Chennai,0,DEV_IOS_18,0,1218,0,1.54,1,P2P,0
TXN104757,USR0096,453.96,482.0,0.942,23.9,156.5,10,Chennai,0,DEV_ANDROID_13,0,252,0,1.47,1,P2P,0
TXN104758,USR0067,1392.16,1825.0,0.763,27.3,709.1,11,Hyderabad,0,DEV_IOS_18,0,877,0,0.86,1,BILL_PAYMENT,0
TXN104759,USR0080,846.72,1303.0,0.65,15.3,652.0,14,Pune,1,DEV_WEB_CHROME,1,570,0,1.04,0,INVESTMENT,0
TXN104760,USR0005,930.26,1239.0,0.751,37.4,467.0,14,Hyderabad,0,DEV_IOS_18,0,1409,0,2.32,0,ONLINE_SHOPPING,0
TXN104761,USR0084,786.25,960.0,0.819,8.6,91.1,12,Chennai,0,DEV_ANDROID_13,0,972,0,1.57,1,P2M,0
TXN104762,USR0101,5319.3,4828.0,1.102,36.9,129.8,15,Mumbai,0,DEV_IOS_18,0,529,0,0.6,1,P2M,0
TXN104763,USR0034,799.3,1168.0,0.684,16.7,82.4,9,Chennai,0,DEV_WEB_CHROME,1,86,0,1.11,1,P2M,0
TXN104764,USR0038,1499.72,2152.0,0.697,12.6,110.3,11,Bengaluru,0,DEV_ANDROID_14,0,617,0,1.53,1,INVESTMENT,0
TXN104765,USR0115,1325.91,1698.0,0.781,10.4,84.1,18,Kolkata,0,DEV_IOS_18,0,44,0,0.77,1,P2M,0
TXN104766,USR0041,2270.46,2677.0,0.848,28.5,66.3,13,Bengaluru,0,DEV_ANDROID_13,0,891,0,0.64,1,BILL_PAYMENT,0
TXN104767,USR0043,2216.12,4029.0,0.55,16.1,530.9,12,Delhi,0,DEV_ANDROID_13,0,1360,0,0.1,0,RECHARGE,0
TXN104768,USR0010,27563.19,4508.0,6.114,20.6,103.1,15,Kolkata,0,DEV_IOS_18,0,1387,0,0.98,1,P2M,0
TXN104769,USR0027,508.28,816.0,0.623,20.6,131.6,12,Hyderabad,0,DEV_IOS_18,0,1458,0,1.71,1,P2M,0
TXN104770,USR0087,3130.5,4199.0,0.746,9.3,420.5,19,Mumbai,0,DEV_ANDROID_13,0,852,0,0.85,1,BILL_PAYMENT,0
TXN104771,USR0038,2823.5,2152.0,1.312,12.5,342.1,10,Bengaluru,0,DEV_ANDROID_14,0,574,0,0.25,1,P2M,0
TXN104772,USR0111,28500.73,4209.0,6.771,13.8,49.1,9,Chennai,0,DEV_IOS_18,0,1772,0,0.41,1,BILL_PAYMENT,0
TXN104773,USR0050,816.21,2312.0,0.353,27.8,19.9,12,Mumbai,0,DEV_ANDROID_13,0,91,0,1.37,1,P2P,0
TXN104774,USR0144,2305.91,2663.0,0.866,14.9,392.8,10,Chennai,0,DEV_IOS_18,0,1118,0,1.32,1,P2P,0
TXN104775,USR0027,963.65,816.0,1.181,19.0,68.7,17,Hyderabad,0,DEV_IOS_18,0,1444,0,0.97,0,P2P,0
TXN104776,USR0095,16192.14,2387.0,6.783,20.7,45.0,13,Chennai,0,DEV_ANDROID_13,0,1144,0,1.42,1,P2P,0
TXN104777,USR0028,460.09,541.0,0.85,13.2,689.9,18,Delhi,0,DEV_IOS_18,0,798,0,1.42,1,BILL_PAYMENT,0
TXN104778,USR0123,4150.1,4007.0,1.036,14.8,41.5,8,Kolkata,0,DEV_IOS_18,0,1284,0,0.73,1,ONLINE_SHOPPING,0
TXN104779,USR0027,1063.89,816.0,1.304,24.2,226.2,16,Hyderabad,0,DEV_IOS_18,0,1444,0,1.38,0,BILL_PAYMENT,0
TXN104780,USR0046,4963.91,3064.0,1.62,22.5,391.2,15,Delhi,0,DEV_ANDROID_13,0,327,0,0.1,1,P2P,0
TXN104781,USR0133,516.18,561.0,0.92,1.1,200.0,16,Delhi,0,DEV_ANDROID_13,0,1079,0,0.76,0,P2P,0
TXN104782,USR0071,897.04,1774.0,0.506,18.6,314.2,12,Hyderabad,0,DEV_ANDROID_14,0,1777,0,1.01,1,P2P,0
TXN104783,USR0060,2514.37,2418.0,1.04,11.3,601.8,12,Hyderabad,0,DEV_ANDROID_13,0,49,0,1.23,1,BILL_PAYMENT,0
TXN104784,USR0005,1298.76,1239.0,1.048,35.3,62.6,16,Hyderabad,0,DEV_ANDROID_14,1,1410,0,1.69,1,P2P,0
TXN104785,USR0020,4993.31,3539.0,1.411,24.4,376.9,15,Delhi,0,DEV_ANDROID_14,0,295,0,1.15,0,P2M,0
TXN104786,USR0033,1020.68,2282.0,0.447,23.8,12.9,15,Kolkata,0,DEV_IOS_18,0,823,0,1.3,1,ONLINE_SHOPPING,0
TXN104787,USR0062,2062.15,2948.0,0.7,20.5,658.2,18,Mumbai,0,DEV_ANDROID_14,0,254,0,1.36,1,P2P,0
TXN104788,USR0148,2726.9,1934.0,1.41,23.2,6.3,9,Chennai,0,DEV_ANDROID_13,0,1670,2,1.21,0,BILL_PAYMENT,0
TXN104789,USR0138,19576.81,3130.0,6.255,22.1,518.8,17,Chennai,0,DEV_WEB_CHROME,1,1472,0,1.21,1,P2P,0
TXN104790,USR0005,559.99,1239.0,0.452,27.8,55.3,9,Hyderabad,0,DEV_IOS_18,0,1417,0,1.63,0,P2M,0
TXN104791,USR0058,2951.01,3029.0,0.974,17.8,38.9,9,Kolkata,0,DEV_ANDROID_14,0,901,0,2.07,1,BILL_PAYMENT,0
TXN104792,USR0033,4515.7,2282.0,1.979,18.7,40.2,9,Kolkata,0,DEV_ANDROID_14,1,757,0,1.75,1,ONLINE_SHOPPING,0
TXN104793,USR0121,11817.73,3799.0,3.111,37.0,1.4,19,Hyderabad,0,DEV_UNKNOWN,1,1472,3,6.84,1,ONLINE_SHOPPING,1
TXN104794,USR0150,4853.49,1846.0,2.629,40.0,2.9,23,Pune,1,DEV_IOS_18,0,318,3,13.64,1,ONLINE_SHOPPING,1
TXN104795,USR0072,2469.22,4501.0,0.549,3.7,21.8,13,Kolkata,0,DEV_ANDROID_14,0,1369,0,0.81,0,BILL_PAYMENT,0
TXN104796,USR0030,9247.04,1476.0,6.265,27.1,415.3,14,Lucknow,1,DEV_ANDROID_14,0,128,0,2.08,1,P2M,0
TXN104797,USR0051,1847.25,1265.0,1.46,16.0,47.9,9,Delhi,0,DEV_IOS_18,0,1226,0,0.74,0,P2P,0
TXN104798,USR0106,1460.02,1061.0,1.376,32.5,283.2,15,Pune,1,DEV_ANDROID_13,0,1706,0,1.26,0,P2M,0
TXN104799,USR0092,4094.94,3316.0,1.235,34.1,328.1,13,Bengaluru,1,DEV_ANDROID_13,1,232,0,1.02,0,P2P,0
TXN104800,USR0046,2140.5,3064.0,0.699,22.7,27.3,13,Delhi,0,DEV_ANDROID_13,0,339,0,0.98,1,P2M,0
TXN104801,USR0053,1359.75,1779.0,0.764,36.9,113.9,16,Chennai,0,DEV_ANDROID_14,0,1817,0,1.16,1,BILL_PAYMENT,0
TXN104802,USR0106,662.11,1061.0,0.624,30.8,445.7,14,Delhi,0,DEV_ANDROID_13,0,1660,0,1.03,1,P2M,0
TXN104803,USR0142,4120.09,3033.0,1.358,19.6,39.0,19,Hyderabad,0,DEV_ANDROID_14,0,842,0,0.6,0,P2P,0
TXN104804,USR0105,1181.78,1284.0,0.92,28.2,648.6,15,Bengaluru,0,DEV_ANDROID_14,0,592,0,0.74,1,P2M,0
TXN104805,USR0055,595.84,1096.0,0.544,31.6,265.3,11,Mumbai,1,DEV_ANDROID_14,0,763,0,1.58,1,P2P,0
TXN104806,USR0097,2067.92,1552.0,1.332,29.6,127.1,16,Delhi,0,DEV_ANDROID_13,0,849,0,1.53,1,P2M,0
TXN104807,USR0099,6354.08,3865.0,1.644,28.3,55.9,14,Kolkata,0,DEV_ANDROID_13,0,554,0,1.19,1,P2P,0
TXN104808,USR0143,7071.19,3747.0,1.887,17.0,11.0,8,Chennai,0,DEV_UNKNOWN,1,1639,0,4.96,0,P2P,1
TXN104809,USR0054,1718.33,1995.0,0.861,22.0,85.8,9,Jaipur,1,DEV_IOS_18,0,1105,0,0.56,0,RECHARGE,0
TXN104810,USR0095,2386.28,2387.0,1.0,21.0,658.0,11,Chennai,0,DEV_ANDROID_13,0,1190,0,1.24,1,P2P,0
TXN104811,USR0049,700.47,835.0,0.839,21.5,71.7,9,Mumbai,0,DEV_IOS_18,0,1183,0,0.92,1,P2P,0
TXN104812,USR0071,703.76,1774.0,0.397,20.5,128.8,10,Hyderabad,0,DEV_ANDROID_14,0,1797,0,0.58,1,P2M,0
TXN104813,USR0102,4361.4,1540.0,2.832,16.4,114.2,17,Hyderabad,1,DEV_IOS_18,0,460,0,2.1,1,ONLINE_SHOPPING,0
TXN104814,USR0019,6133.0,4271.0,1.436,16.7,25.4,17,Bengaluru,0,DEV_ANDROID_13,0,1631,0,1.58,1,P2P,0
TXN104815,USR0096,346.91,482.0,0.72,23.9,5.0,19,Chennai,0,DEV_ANDROID_13,0,260,0,0.57,0,P2M,0
TXN104816,USR0072,3626.13,4501.0,0.806,9.6,5.0,13,Kolkata,0,DEV_ANDROID_14,0,1413,0,1.68,1,P2M,0
TXN104817,USR0050,1785.58,2312.0,0.772,25.4,173.0,12,Mumbai,0,DEV_ANDROID_13,0,140,0,2.08,1,P2M,0
TXN104818,USR0096,475.06,482.0,0.986,18.4,765.6,16,Chennai,0,DEV_ANDROID_13,0,245,0,0.99,1,P2P,0
TXN104819,USR0099,6165.81,3865.0,1.595,25.3,52.4,12,Kolkata,0,DEV_ANDROID_13,0,553,0,1.78,1,ONLINE_SHOPPING,0
TXN104820,USR0032,16651.42,2962.0,5.622,32.0,64.0,1,Chennai,1,DEV_ANDROID_14,0,1404,3,2.62,0,P2P,1
TXN104821,USR0133,1135.75,561.0,2.025,12.5,538.6,23,Delhi,0,DEV_IOS_18,1,1108,0,1.19,1,BILL_PAYMENT,0
TXN104822,USR0065,2063.58,3227.0,0.639,36.7,165.0,10,Delhi,0,DEV_ANDROID_14,0,1779,0,1.94,1,BILL_PAYMENT,0
TXN104823,USR0126,1723.85,2090.0,0.825,22.9,176.6,15,Delhi,0,DEV_IOS_18,0,700,0,1.28,1,P2M,0
TXN104824,USR0117,619.54,891.0,0.695,7.0,77.5,8,Mumbai,0,DEV_ANDROID_13,0,784,0,0.78,1,ONLINE_SHOPPING,0
TXN104825,USR0103,4091.77,4267.0,0.959,30.5,7.9,9,Kolkata,0,DEV_ANDROID_13,0,1724,0,1.06,1,P2P,0
TXN104826,USR0127,1106.1,2395.0,0.462,12.6,263.3,16,Chennai,0,DEV_ANDROID_14,0,391,0,2.4,1,P2M,0
TXN104827,USR0106,1117.53,1061.0,1.053,32.0,66.9,15,Ahmedabad,1,DEV_ANDROID_13,0,1663,0,2.37,1,P2P,0
TXN104828,USR0083,2479.22,1684.0,1.472,12.8,118.3,9,Delhi,0,DEV_ANDROID_14,0,101,0,2.05,1,P2P,0
TXN104829,USR0120,2865.28,3985.0,0.719,26.3,673.6,15,Chennai,0,DEV_IOS_18,0,1156,0,0.1,0,ONLINE_SHOPPING,0
TXN104830,USR0148,943.0,1934.0,0.488,26.4,40.0,6,Chennai,0,DEV_ANDROID_14,1,1658,0,0.18,1,RECHARGE,0
TXN104831,USR0108,401.4,931.0,0.431,23.2,137.2,10,Mumbai,0,DEV_IOS_18,0,89,0,0.83,1,P2M,0
TXN104832,USR0088,5219.81,4666.0,1.119,9.0,252.3,17,Mumbai,0,DEV_IOS_18,0,784,0,1.35,0,P2P,0
TXN104833,USR0012,677.88,1109.0,0.611,27.3,15.1,12,Mumbai,0,DEV_IOS_18,0,1253,0,0.1,1,P2M,0
TXN104834,USR0093,5625.87,3844.0,1.464,17.5,338.9,9,Chennai,0,DEV_ANDROID_14,0,53,0,1.27,1,P2P,0
TXN104835,USR0084,3360.0,960.0,3.5,13.5,208.7,19,Chennai,0,DEV_ANDROID_13,0,971,0,0.94,1,P2P,0
TXN104836,USR0026,4511.46,3918.0,1.151,18.9,11.9,10,Hyderabad,0,DEV_ANDROID_14,0,1171,0,1.24,1,BILL_PAYMENT,0
TXN104837,USR0084,1187.06,960.0,1.237,9.6,33.4,19,Chennai,0,DEV_ANDROID_13,0,966,0,1.06,0,BILL_PAYMENT,0
TXN104838,USR0034,543.56,1168.0,0.465,19.1,607.5,11,Jaipur,1,DEV_ANDROID_14,0,69,0,1.31,1,P2P,0
TXN104839,USR0084,626.63,960.0,0.653,14.2,125.1,14,Chennai,0,DEV_ANDROID_13,0,958,0,0.83,0,P2P,0
TXN104840,USR0115,2079.8,1698.0,1.225,8.3,604.3,12,Jaipur,1,DEV_IOS_18,0,94,0,1.14,0,BILL_PAYMENT,0
TXN104841,USR0032,2115.22,2962.0,0.714,22.7,13.3,10,Hyderabad,0,DEV_ANDROID_14,0,1399,0,1.44,1,BILL_PAYMENT,0
TXN104842,USR0015,2022.41,2529.0,0.8,3.0,211.0,14,Chennai,0,DEV_ANDROID_14,0,1263,0,1.89,1,P2M,0
TXN104843,USR0089,6939.31,1008.0,6.884,15.1,53.7,11,Kolkata,0,DEV_ANDROID_14,0,960,0,2.64,1,P2P,0
TXN104844,USR0062,2995.29,2948.0,1.016,13.6,40.5,13,Mumbai,0,DEV_ANDROID_14,0,244,0,1.61,1,P2P,0
TXN104845,USR0001,16006.69,3411.0,4.693,15.2,59.8,8,Mumbai,0,DEV_ANDROID_13,0,845,0,1.23,0,P2M,0
TXN104846,USR0099,5036.79,3865.0,1.303,19.3,37.3,15,Kolkata,0,DEV_ANDROID_13,0,579,0,1.27,1,ONLINE_SHOPPING,0
TXN104847,USR0122,6732.79,2765.0,2.435,11.0,11.0,20,Bengaluru,1,DEV_ANDROID_14,0,1559,1,4.41,0,P2P,1
TXN104848,USR0054,3601.66,1995.0,1.805,19.9,13.7,22,Hyderabad,0,DEV_IOS_18,0,1058,0,1.26,1,P2P,0
TXN104849,USR0074,3412.11,1853.0,1.841,2.0,209.8,19,Hyderabad,0,DEV_IOS_18,0,1380,0,1.21,1,BILL_PAYMENT,0
TXN104850,USR0009,4270.28,3622.0,1.179,11.0,63.6,16,Kochi,1,DEV_IOS_18,1,130,0,0.52,1,P2M,0
TXN104851,USR0040,636.32,942.0,0.676,14.6,53.0,13,Mumbai,0,DEV_WEB_CHROME,1,1744,0,1.93,1,P2P,0
TXN104852,USR0057,5076.33,3487.0,1.456,24.1,218.2,10,Delhi,0,DEV_ANDROID_14,1,819,0,0.4,1,P2M,0
TXN104853,USR0065,4160.24,3227.0,1.289,36.4,16.0,12,Delhi,0,DEV_ANDROID_14,0,1791,0,0.61,0,P2M,0
TXN104854,USR0038,3015.26,2152.0,1.401,10.0,13.6,19,Bengaluru,0,DEV_ANDROID_14,0,598,0,2.06,1,P2P,0
TXN104855,USR0128,2929.33,1765.0,1.66,31.6,383.0,14,Pune,1,DEV_ANDROID_14,0,1751,0,1.81,1,P2P,0
TXN104856,USR0114,6936.98,1547.0,4.484,10.0,193.0,4,Kochi,1,DEV_UNKNOWN,1,1033,0,7.12,0,P2P,1
TXN104857,USR0113,5347.94,2668.0,2.004,27.0,5.7,11,Kochi,1,DEV_ANDROID_14,0,1636,2,3.77,0,P2P,1
TXN104858,USR0075,2947.82,2287.0,1.289,17.3,401.2,9,Bengaluru,0,DEV_IOS_18,0,1635,0,1.64,1,P2M,0
TXN104859,USR0020,1107.59,3539.0,0.313,22.5,50.8,17,Delhi,0,DEV_IOS_18,1,279,0,1.56,1,P2P,0
TXN104860,USR0130,1322.5,2863.0,0.462,35.9,228.0,13,Delhi,0,DEV_IOS_18,0,1583,0,0.81,1,P2M,0
TXN104861,USR0045,9127.67,3638.0,2.509,34.0,3.2,10,Mumbai,0,DEV_IOS_18,0,1308,0,4.44,0,P2P,1
TXN104862,USR0073,1146.79,1427.0,0.804,34.4,79.3,11,Ahmedabad,1,DEV_ANDROID_13,0,274,0,0.74,1,P2P,0
TXN104863,USR0106,3753.9,1061.0,3.538,31.0,48.6,20,Mumbai,1,DEV_UNKNOWN,1,1695,5,8.39,0,INVESTMENT,1
TXN104864,USR0070,4272.86,4705.0,0.908,10.8,245.5,14,Delhi,0,DEV_WEB_CHROME,1,343,0,0.53,1,ONLINE_SHOPPING,0
TXN104865,USR0060,3529.35,2418.0,1.46,11.1,352.8,19,Hyderabad,0,DEV_ANDROID_13,0,86,0,1.56,1,P2P,0
TXN104866,USR0080,870.52,1303.0,0.668,13.6,33.0,19,Kolkata,0,DEV_ANDROID_14,0,559,0,1.04,1,P2M,0
TXN104867,USR0133,607.11,561.0,1.082,7.6,39.8,9,Delhi,0,DEV_ANDROID_13,0,1068,0,2.06,1,P2M,0
TXN104868,USR0051,1114.81,1265.0,0.881,4.6,227.4,7,Delhi,0,DEV_IOS_18,0,1212,0,0.27,1,BILL_PAYMENT,0
TXN104869,USR0139,28398.57,4684.0,6.063,16.0,130.0,5,Mumbai,1,DEV_ANDROID_12,1,233,2,4.06,0,P2P,1
TXN104870,USR0135,6302.51,3326.0,1.895,5.5,171.8,9,Kolkata,0,DEV_IOS_18,0,1151,0,1.22,0,RECHARGE,0
TXN104871,USR0031,3201.32,4621.0,0.693,14.6,143.6,13,Kolkata,0,DEV_ANDROID_14,0,784,0,1.3,1,P2P,0
TXN104872,USR0040,5907.13,942.0,6.271,16.0,183.3,13,Mumbai,0,DEV_IOS_18,0,1757,0,1.46,1,P2P,0
TXN104873,USR0054,1582.2,1995.0,0.793,21.4,36.1,10,Hyderabad,0,DEV_IOS_18,0,1128,0,1.21,1,BILL_PAYMENT,0
TXN104874,USR0093,1923.85,3844.0,0.5,16.8,5.0,13,Chennai,0,DEV_ANDROID_14,0,98,0,1.06,1,P2M,0
TXN104875,USR0024,769.94,1043.0,0.738,11.7,179.7,13,Hyderabad,0,DEV_ANDROID_14,0,291,0,1.42,0,P2P,0
TXN104876,USR0053,1712.89,1779.0,0.963,26.8,106.6,17,Chennai,0,DEV_ANDROID_13,1,1795,0,1.41,1,P2M,0
TXN104877,USR0122,1362.88,2765.0,0.493,36.6,125.2,13,Hyderabad,0,DEV_ANDROID_14,0,1594,0,2.44,1,P2P,0
TXN104878,USR0147,4555.16,4639.0,0.982,28.3,304.8,11,Chennai,0,DEV_IOS_18,0,410,0,0.66,1,P2M,0
TXN104879,USR0067,1976.23,1825.0,1.083,38.6,478.1,11,Hyderabad,0,DEV_IOS_18,0,892,0,0.77,1,BILL_PAYMENT,0
TXN104880,USR0012,1438.79,1109.0,1.297,26.0,139.3,16,Mumbai,0,DEV_IOS_18,0,1259,0,0.88,1,BILL_PAYMENT,0
TXN104881,USR0103,9868.91,4267.0,2.313,27.3,5.0,11,Kolkata,0,DEV_ANDROID_13,0,1776,0,0.99,1,P2M,0
TXN104882,USR0027,390.18,816.0,0.478,20.5,87.5,12,Hyderabad,0,DEV_IOS_18,0,1490,0,1.0,0,P2P,0
TXN104883,USR0116,1553.98,2809.0,0.553,25.9,372.0,15,Bengaluru,0,DEV_ANDROID_13,0,268,0,1.65,0,ONLINE_SHOPPING,0
TXN104884,USR0104,371.36,706.0,0.526,17.5,18.9,12,Mumbai,0,DEV_ANDROID_13,0,1104,0,0.8,1,BILL_PAYMENT,0
TXN104885,USR0116,3147.51,2809.0,1.121,36.6,42.2,7,Bengaluru,0,DEV_ANDROID_13,0,229,0,0.12,0,P2P,0
TXN104886,USR0083,2365.45,1684.0,1.405,12.7,130.0,15,Chandigarh,1,DEV_ANDROID_14,0,107,0,1.51,1,P2P,0
TXN104887,USR0025,2738.13,3410.0,0.803,18.4,32.2,8,Bengaluru,0,DEV_ANDROID_13,0,1571,0,2.24,1,P2M,0
TXN104888,USR0139,6162.44,4684.0,1.316,30.8,216.8,13,Kolkata,0,DEV_ANDROID_13,0,236,0,1.85,1,P2P,0
TXN104889,USR0072,3256.72,4501.0,0.724,7.2,5.2,17,Kolkata,0,DEV_ANDROID_14,0,1412,0,2.16,1,ONLINE_SHOPPING,0
TXN104890,USR0083,737.73,1684.0,0.438,6.1,158.3,18,Delhi,0,DEV_ANDROID_14,0,48,0,0.6,1,P2P,0
TXN104891,USR0010,14132.84,4508.0,3.135,27.4,5.6,8,Kolkata,0,DEV_IOS_18,0,1428,0,1.89,1,P2P,0
TXN104892,USR0047,2275.36,489.0,4.653,26.5,77.0,7,Bengaluru,0,DEV_ANDROID_13,0,930,0,0.64,1,P2P,0
TXN104893,USR0026,1524.63,3918.0,0.389,20.5,145.0,18,Hyderabad,0,DEV_ANDROID_14,0,1142,0,0.76,1,ONLINE_SHOPPING,0
TXN104894,USR0075,2511.22,2287.0,1.098,13.3,171.4,13,Bengaluru,0,DEV_IOS_18,0,1655,0,1.86,0,P2M,0
TXN104895,USR0048,2188.3,2387.0,0.917,13.9,180.5,11,Chandigarh,1,DEV_WEB_CHROME,1,1136,0,1.27,1,INVESTMENT,0
TXN104896,USR0106,1399.47,1061.0,1.319,29.8,213.0,12,Delhi,0,DEV_ANDROID_13,0,1651,0,2.22,1,P2M,0
TXN104897,USR0131,1193.35,1330.0,0.897,27.9,297.2,22,Chennai,1,DEV_IOS_18,0,1017,0,0.79,1,P2P,0
TXN104898,USR0048,3643.31,2387.0,1.526,21.0,204.5,10,Chennai,0,DEV_IOS_18,0,1155,0,0.56,0,P2P,0
TXN104899,USR0065,16989.78,3227.0,5.265,43.0,13.0,7,Delhi,0,DEV_WEB_CHROME,1,1812,3,5.63,0,P2M,1
TXN104900,USR0067,1425.63,1825.0,0.781,25.7,61.2,14,Hyderabad,0,DEV_IOS_18,0,877,0,0.92,0,P2P,0
TXN104901,USR0077,3162.73,4759.0,0.665,13.7,38.2,15,Mumbai,0,DEV_ANDROID_13,0,75,0,1.52,1,P2P,0
TXN104902,USR0010,4594.97,4508.0,1.019,24.8,12.8,19,Kolkata,0,DEV_IOS_18,0,1463,0,2.8,1,P2P,0
TXN104903,USR0118,731.19,855.0,0.855,30.2,82.3,16,Kolkata,0,DEV_ANDROID_13,0,1536,0,1.62,1,P2M,0
TXN104904,USR0014,1941.55,2104.0,0.923,2.5,12.3,15,Delhi,0,DEV_ANDROID_13,0,884,0,1.32,0,P2P,0
TXN104905,USR0048,2231.57,2387.0,0.935,10.0,155.1,17,Chennai,0,DEV_IOS_18,0,1175,0,1.6,0,BILL_PAYMENT,0
TXN104906,USR0002,2887.47,3607.0,0.801,10.4,120.1,8,Kolkata,0,DEV_ANDROID_14,0,244,0,1.09,0,P2M,0
TXN104907,USR0049,765.24,835.0,0.916,29.7,619.8,13,Mumbai,0,DEV_IOS_18,0,1145,0,1.89,1,P2M,0
TXN104908,USR0130,2710.67,2863.0,0.947,39.7,412.2,10,Delhi,0,DEV_IOS_18,0,1529,0,1.35,1,P2P,0
TXN104909,USR0007,471.68,823.0,0.573,16.5,115.5,11,Bengaluru,0,DEV_ANDROID_14,0,1629,0,0.72,1,ONLINE_SHOPPING,0
TXN104910,USR0068,1791.98,1858.0,0.964,16.0,97.3,11,Chennai,0,DEV_ANDROID_13,0,1753,0,0.1,0,ONLINE_SHOPPING,0
TXN104911,USR0033,1751.12,2282.0,0.767,18.6,90.2,12,Kolkata,0,DEV_IOS_18,0,802,0,1.05,1,BILL_PAYMENT,0
TXN104912,USR0140,4548.11,3114.0,1.461,4.7,183.2,12,Delhi,0,DEV_WEB_CHROME,1,206,0,0.66,0,ONLINE_SHOPPING,0
TXN104913,USR0011,8363.89,2073.0,4.035,41.0,31.4,21,Kolkata,1,DEV_UNKNOWN,1,931,5,4.87,0,INVESTMENT,1
TXN104914,USR0141,1415.88,1171.0,1.209,7.3,114.8,11,Chandigarh,1,DEV_IOS_18,0,291,0,1.55,1,P2P,0
TXN104915,USR0109,18625.93,1296.0,14.372,43.0,4.8,8,Delhi,1,DEV_UNKNOWN,1,1536,1,8.81,0,P2M,1
TXN104916,USR0065,5231.01,3227.0,1.621,31.2,204.2,13,Delhi,0,DEV_ANDROID_14,0,1773,0,1.2,1,P2P,0
TXN104917,USR0147,4138.1,4639.0,0.892,22.8,37.8,19,Chennai,0,DEV_IOS_18,0,407,0,0.89,1,P2P,0
TXN104918,USR0061,170.56,445.0,0.383,32.5,315.7,13,Bengaluru,0,DEV_ANDROID_13,0,1015,0,1.48,0,ONLINE_SHOPPING,0
TXN104919,USR0109,3982.08,1296.0,3.073,38.0,18.0,9,Chennai,0,DEV_ANDROID_14,0,1547,0,4.91,0,P2P,1
TXN104920,USR0091,9569.87,2696.0,3.55,36.0,7.9,5,Delhi,1,DEV_UNKNOWN,1,1068,3,4.32,0,P2P,1
TXN104921,USR0126,1845.16,2090.0,0.883,25.8,29.4,13,Delhi,0,DEV_IOS_18,0,730,0,1.42,1,P2P,0
TXN104922,USR0015,14404.52,2529.0,5.696,21.0,55.0,5,Chennai,0,DEV_UNKNOWN,1,1284,2,3.8,0,P2P,1
TXN104923,USR0005,825.53,1239.0,0.666,35.5,163.1,19,Hyderabad,0,DEV_IOS_18,0,1458,0,1.03,1,P2P,0
TXN104924,USR0109,1400.26,1296.0,1.08,7.3,87.3,8,Chennai,0,DEV_ANDROID_14,0,1552,0,0.92,1,P2P,0
TXN104925,USR0120,5116.64,3985.0,1.284,24.0,396.2,17,Pune,1,DEV_IOS_18,0,1153,0,0.97,1,P2P,0
TXN104926,USR0003,4778.34,3784.0,1.263,24.1,28.7,8,Hyderabad,0,DEV_ANDROID_13,0,1314,0,1.59,0,P2P,0
TXN104927,USR0145,2714.46,4287.0,0.633,8.2,193.2,8,Kolkata,1,DEV_ANDROID_13,0,1444,0,2.39,1,P2P,0
TXN104928,USR0085,10416.63,3924.0,2.655,22.1,66.4,13,Kolkata,0,DEV_ANDROID_13,0,796,0,1.17,0,P2M,0
TXN104929,USR0090,3779.07,4795.0,0.788,16.9,259.1,10,Hyderabad,0,DEV_ANDROID_14,0,518,0,1.67,1,P2P,0
TXN104930,USR0034,537.42,1168.0,0.46,8.9,5.0,6,Chennai,0,DEV_ANDROID_14,0,91,0,1.0,0,P2M,0
TXN104931,USR0131,774.78,1330.0,0.583,28.4,209.4,11,Bengaluru,0,DEV_IOS_18,0,1066,0,0.13,1,BILL_PAYMENT,0
TXN104932,USR0021,5945.52,4102.0,1.449,10.9,120.8,13,Chennai,0,DEV_ANDROID_14,0,1484,0,1.48,1,P2P,0
TXN104933,USR0086,4846.43,4098.0,1.183,4.9,76.9,7,Delhi,0,DEV_ANDROID_13,0,1342,0,0.1,1,P2P,0
TXN104934,USR0096,1470.4,482.0,3.051,15.7,122.6,14,Chennai,0,DEV_ANDROID_13,0,211,0,0.62,1,P2M,0
TXN104935,USR0066,842.56,572.0,1.473,12.8,50.1,16,Delhi,0,DEV_ANDROID_14,0,1008,0,1.47,1,P2M,0
TXN104936,USR0098,1774.94,2841.0,0.625,27.9,66.8,15,Delhi,0,DEV_IOS_18,0,1130,0,0.82,0,ONLINE_SHOPPING,0
TXN104937,USR0059,7514.7,4787.0,1.57,14.8,27.2,16,Chennai,0,DEV_ANDROID_14,0,1018,0,1.11,0,P2P,0
TXN104938,USR0041,2643.79,2677.0,0.988,21.4,930.7,17,Bengaluru,0,DEV_WEB_CHROME,1,846,0,0.86,1,P2M,0
TXN104939,USR0034,1149.42,1168.0,0.984,16.4,222.7,17,Chennai,0,DEV_ANDROID_14,0,53,0,2.33,1,P2P,0
TXN104940,USR0081,1588.16,1873.0,0.848,31.3,279.2,15,Chandigarh,1,DEV_ANDROID_13,0,895,0,1.22,0,RECHARGE,0
TXN104941,USR0020,4841.35,3539.0,1.368,23.3,209.9,11,Delhi,0,DEV_ANDROID_14,0,288,0,1.24,1,P2M,0
TXN104942,USR0050,1786.06,2312.0,0.773,33.5,40.7,10,Mumbai,0,DEV_ANDROID_13,0,154,0,0.79,1,P2P,0
TXN104943,USR0081,1889.23,1873.0,1.009,37.2,278.1,9,Kolkata,0,DEV_ANDROID_13,0,965,0,1.07,1,P2M,0
TXN104944,USR0077,3579.97,4759.0,0.752,16.5,109.7,17,Mumbai,0,DEV_ANDROID_13,0,123,0,0.81,1,BILL_PAYMENT,0
TXN104945,USR0028,474.95,541.0,0.878,13.4,92.6,12,Delhi,0,DEV_IOS_18,0,860,0,0.25,0,ONLINE_SHOPPING,0
TXN104946,USR0117,429.92,891.0,0.483,4.5,166.5,20,Mumbai,0,DEV_ANDROID_13,0,792,0,0.96,1,P2P,0
TXN104947,USR0100,2357.42,2121.0,1.111,27.8,146.6,12,Bengaluru,0,DEV_WEB_CHROME,1,769,0,0.91,1,P2M,0
TXN104948,USR0058,1998.0,3029.0,0.66,16.5,27.0,13,Kolkata,0,DEV_ANDROID_14,0,895,0,1.92,1,P2M,0
TXN104949,USR0133,609.87,561.0,1.087,13.0,110.1,15,Delhi,0,DEV_ANDROID_13,0,1071,0,0.71,1,P2M,0
TXN104950,USR0134,6704.43,4359.0,1.538,26.6,321.8,21,Chennai,0,DEV_IOS_18,0,311,0,0.73,1,P2M,0
TXN104951,USR0014,2448.09,2104.0,1.164,7.0,216.1,19,Delhi,0,DEV_ANDROID_13,0,858,0,0.59,1,P2P,0
TXN104952,USR0077,4940.17,4759.0,1.038,14.2,746.2,8,Delhi,1,DEV_ANDROID_13,0,139,0,1.33,1,BILL_PAYMENT,0
TXN104953,USR0034,681.1,1168.0,0.583,12.5,110.4,17,Chennai,0,DEV_ANDROID_14,0,75,1,1.68,1,P2M,0
TXN104954,USR0087,11812.84,4199.0,2.813,17.0,15.8,18,Ahmedabad,1,DEV_ANDROID_13,0,851,0,3.69,0,P2P,1
TXN104955,USR0056,3653.5,4000.0,0.913,5.8,117.7,7,Bengaluru,0,DEV_IOS_18,0,220,0,1.24,0,P2P,0
TXN104956,USR0006,5632.14,4184.0,1.346,28.5,104.4,12,Hyderabad,0,DEV_IOS_18,0,815,0,0.86,1,ONLINE_SHOPPING,0
TXN104957,USR0128,1318.88,1765.0,0.747,30.2,459.4,17,Chennai,0,DEV_ANDROID_14,0,1715,0,1.68,1,BILL_PAYMENT,0
TXN104958,USR0122,3465.43,2765.0,1.253,39.7,29.2,9,Hyderabad,0,DEV_IOS_18,1,1557,0,1.46,0,RECHARGE,0
TXN104959,USR0021,6149.48,4102.0,1.499,7.5,5.0,10,Chennai,0,DEV_ANDROID_14,0,1425,0,0.7,0,P2M,0
TXN104960,USR0049,365.12,835.0,0.437,29.9,507.9,17,Delhi,1,DEV_IOS_18,0,1152,0,0.74,1,P2P,0
TXN104961,USR0057,12345.28,3487.0,3.54,30.0,113.0,2,Ahmedabad,1,DEV_UNKNOWN,1,845,1,4.9,0,P2P,1
TXN104962,USR0098,3821.78,2841.0,1.345,31.6,271.6,11,Delhi,0,DEV_IOS_18,0,1105,0,0.36,1,BILL_PAYMENT,0
TXN104963,USR0008,6894.35,4207.0,1.639,9.5,110.8,13,Lucknow,1,DEV_ANDROID_13,0,1140,0,2.29,1,RECHARGE,0
TXN104964,USR0067,1674.69,1825.0,0.918,20.4,475.3,20,Hyderabad,0,DEV_IOS_18,0,857,0,1.11,0,RECHARGE,0
TXN104965,USR0081,1935.4,1873.0,1.033,36.0,257.9,17,Kolkata,0,DEV_ANDROID_13,0,922,0,1.82,1,P2M,0
TXN104966,USR0039,13479.59,3193.0,4.222,38.0,58.9,6,Ahmedabad,1,DEV_UNKNOWN,1,1726,6,10.51,0,P2P,1
TXN104967,USR0149,5063.21,3318.0,1.526,13.1,58.7,9,Chennai,0,DEV_ANDROID_13,0,1496,0,2.11,1,P2P,0
TXN104968,USR0103,7855.42,4267.0,1.841,36.0,202.6,22,Kolkata,0,DEV_ANDROID_13,0,1781,0,1.57,1,BILL_PAYMENT,0
TXN104969,USR0066,3836.03,572.0,6.706,8.4,77.3,14,Delhi,0,DEV_ANDROID_14,0,1006,0,1.44,1,P2P,0
TXN104970,USR0143,2336.58,3747.0,0.624,27.7,99.6,16,Chennai,0,DEV_IOS_18,0,1701,0,1.53,1,P2M,0
TXN104971,USR0004,637.53,989.0,0.645,31.6,110.1,16,Delhi,1,DEV_IOS_18,0,847,0,1.39,1,P2M,0
TXN104972,USR0110,5519.36,3119.0,1.77,24.6,27.6,15,Mumbai,0,DEV_IOS_18,0,1275,0,1.31,1,ONLINE_SHOPPING,0
TXN104973,USR0011,2069.66,2073.0,0.998,17.1,111.4,11,Chennai,0,DEV_ANDROID_14,0,920,0,0.99,0,P2P,0
TXN104974,USR0035,5076.1,3949.0,1.285,28.9,34.9,16,Mumbai,0,DEV_ANDROID_14,0,1261,0,1.55,1,P2P,0
TXN104975,USR0103,10217.86,4267.0,2.395,33.2,96.4,15,Kolkata,0,DEV_ANDROID_13,0,1740,0,0.61,1,P2P,0
TXN104976,USR0081,1744.97,1873.0,0.932,29.8,188.6,11,Kolkata,0,DEV_ANDROID_14,1,955,1,1.61,0,P2P,0
TXN104977,USR0102,1334.15,1540.0,0.866,13.3,171.0,8,Bengaluru,0,DEV_IOS_18,0,490,0,1.61,1,P2M,0
TXN104978,USR0149,3710.71,3318.0,1.118,19.5,13.6,12,Chennai,0,DEV_ANDROID_13,0,1474,0,1.74,1,P2P,0
TXN104979,USR0066,979.55,572.0,1.712,6.9,411.2,12,Delhi,0,DEV_ANDROID_14,0,1071,0,0.77,0,P2M,0
TXN104980,USR0110,2646.68,3119.0,0.849,25.1,80.6,20,Mumbai,0,DEV_IOS_18,0,1287,0,1.0,1,P2P,0
TXN104981,USR0008,5052.0,4207.0,1.201,10.4,152.7,17,Bengaluru,1,DEV_ANDROID_13,0,1188,0,1.01,1,P2P,0
TXN104982,USR0014,2398.07,2104.0,1.14,8.4,136.6,15,Delhi,0,DEV_ANDROID_13,0,860,0,1.22,1,P2P,0
TXN104983,USR0018,2381.12,1836.0,1.297,30.0,85.6,15,Ahmedabad,1,DEV_ANDROID_14,0,1499,0,0.51,1,P2P,0
TXN104984,USR0096,447.6,482.0,0.929,25.8,474.1,9,Chennai,0,DEV_ANDROID_13,0,241,0,1.55,1,BILL_PAYMENT,0
TXN104985,USR0100,1694.67,2121.0,0.799,29.3,118.0,16,Bengaluru,0,DEV_ANDROID_14,0,829,0,1.1,1,P2M,0
TXN104986,USR0020,2797.67,3539.0,0.791,22.5,64.9,12,Delhi,0,DEV_ANDROID_14,0,275,0,0.31,1,P2P,0
TXN104987,USR0052,907.52,875.0,1.037,18.5,13.2,19,Mumbai,0,DEV_ANDROID_13,0,1069,0,0.58,1,P2M,0
TXN104988,USR0002,4372.95,3607.0,1.212,14.7,119.8,6,Jaipur,1,DEV_ANDROID_14,0,222,0,0.83,1,P2M,0
TXN104989,USR0125,560.28,1159.0,0.483,16.7,6.1,18,Bengaluru,0,DEV_IOS_18,0,1102,0,1.34,1,ONLINE_SHOPPING,0
TXN104990,USR0114,4366.78,1547.0,2.823,43.0,3.8,6,Jaipur,1,DEV_ANDROID_13,1,1046,1,13.14,1,P2P,1
TXN104991,USR0033,1851.49,2282.0,0.811,20.9,140.9,10,Kolkata,0,DEV_IOS_18,0,807,0,1.67,1,P2M,0
TXN104992,USR0117,947.05,891.0,1.063,9.9,761.4,14,Mumbai,0,DEV_ANDROID_14,1,735,0,0.75,0,P2P,0
TXN104993,USR0068,13084.77,1858.0,7.042,13.6,338.5,23,Chennai,0,DEV_ANDROID_13,0,1715,1,0.69,1,P2P,0
TXN104994,USR0088,32932.32,4666.0,7.058,15.0,36.3,19,Delhi,1,DEV_IOS_18,0,742,4,4.7,0,P2M,1
TXN104995,USR0150,1510.15,1846.0,0.818,18.5,433.2,10,Bengaluru,0,DEV_IOS_18,0,288,0,1.51,1,BILL_PAYMENT,0
TXN104996,USR0146,3751.03,803.0,4.671,23.0,191.0,3,Mumbai,0,DEV_ANDROID_14,1,1251,1,4.29,0,P2P,1
TXN104997,USR0103,5547.21,4267.0,1.3,20.6,6.3,16,Kolkata,0,DEV_ANDROID_13,0,1722,0,0.72,1,RECHARGE,0
TXN104998,USR0085,3106.46,3924.0,0.792,22.4,238.4,13,Kolkata,0,DEV_ANDROID_13,0,787,0,1.35,0,P2M,0
TXN104999,USR0032,4168.06,2962.0,1.407,16.4,11.4,16,Hyderabad,0,DEV_ANDROID_14,0,1438,0,1.52,1,P2M,0
TXN105000,USR0034,1149.53,1168.0,0.984,14.1,42.0,10,Chennai,0,DEV_ANDROID_14,0,89,0,1.2,1,P2M,0
TXN105001,USR0106,1012.21,1061.0,0.954,32.9,605.3,10,Delhi,0,DEV_ANDROID_13,0,1712,0,1.58,1,P2M,0
TXN105002,USR0049,792.39,835.0,0.949,28.0,276.9,13,Mumbai,0,DEV_IOS_18,0,1189,2,1.41,1,P2P,0
TXN105003,USR0091,3995.74,2696.0,1.482,8.1,80.2,10,Ahmedabad,1,DEV_ANDROID_13,0,1119,0,2.21,1,BILL_PAYMENT,0
TXN105004,USR0124,1465.22,1625.0,0.902,1.0,73.7,9,Hyderabad,0,DEV_IOS_18,1,274,0,2.08,1,P2M,0
TXN105005,USR0121,4918.99,3799.0,1.295,7.5,73.4,13,Hyderabad,0,DEV_ANDROID_13,0,1489,1,1.06,1,BILL_PAYMENT,0
TXN105006,USR0118,2568.64,855.0,3.004,11.0,25.0,8,Chennai,1,DEV_UNKNOWN,1,1539,2,3.75,0,P2P,1
TXN105007,USR0038,1616.95,2152.0,0.751,16.3,152.9,14,Bengaluru,0,DEV_ANDROID_14,0,587,0,0.66,1,P2P,0
TXN105008,USR0057,1972.86,3487.0,0.566,16.9,150.3,16,Delhi,0,DEV_IOS_18,0,859,0,1.52,1,P2P,0
TXN105009,USR0072,7913.6,4501.0,1.758,13.9,436.9,10,Jaipur,1,DEV_ANDROID_14,0,1358,0,1.15,1,BILL_PAYMENT,0
TXN105010,USR0116,10031.16,2809.0,3.571,53.0,58.0,14,Delhi,1,DEV_UNKNOWN,1,221,5,4.29,0,P2P,1
TXN105011,USR0056,7855.06,4000.0,1.964,8.0,171.5,8,Bengaluru,0,DEV_IOS_18,0,231,0,0.1,0,P2M,0
TXN105012,USR0143,4730.67,3747.0,1.263,26.4,107.5,12,Chennai,0,DEV_IOS_18,0,1713,0,2.18,1,P2M,0
TXN105013,USR0069,1876.66,3260.0,0.576,19.0,85.0,14,Hyderabad,0,DEV_IOS_18,1,1628,0,1.69,1,P2P,0
TXN105014,USR0120,3341.08,3985.0,0.838,20.0,159.9,6,Chennai,0,DEV_ANDROID_13,1,1158,0,1.37,0,P2P,0
TXN105015,USR0122,11004.22,2765.0,3.98,31.5,443.3,15,Hyderabad,0,DEV_ANDROID_14,0,1539,0,0.28,1,ONLINE_SHOPPING,0
TXN105016,USR0018,1730.15,1836.0,0.942,32.7,513.9,14,Chennai,0,DEV_ANDROID_14,0,1527,0,0.99,1,P2P,0
TXN105017,USR0148,1080.53,1934.0,0.559,31.1,62.8,13,Kolkata,1,DEV_ANDROID_13,0,1601,0,0.99,1,ONLINE_SHOPPING,0
TXN105018,USR0123,2635.5,4007.0,0.658,19.8,235.6,18,Kolkata,0,DEV_IOS_18,0,1252,0,1.79,1,P2M,0
TXN105019,USR0057,2515.28,3487.0,0.721,21.4,323.9,14,Delhi,0,DEV_IOS_18,0,852,0,0.96,1,P2M,0
TXN105020,USR0074,11938.64,1853.0,6.443,34.0,278.0,1,Ahmedabad,1,DEV_UNKNOWN,1,1427,0,5.71,0,P2P,1
TXN105021,USR0131,655.69,1330.0,0.493,30.4,364.5,10,Bengaluru,0,DEV_ANDROID_14,1,1047,0,1.07,0,P2P,0
TXN105022,USR0135,14891.67,3326.0,4.477,15.0,55.7,11,Jaipur,1,DEV_UNKNOWN,1,1136,3,9.29,0,P2P,1
TXN105023,USR0069,2887.14,3260.0,0.886,24.7,386.3,11,Hyderabad,0,DEV_ANDROID_14,0,1613,0,1.19,1,P2P,0
TXN105024,USR0124,1926.26,1625.0,1.185,7.0,193.1,12,Hyderabad,0,DEV_ANDROID_14,0,286,0,1.13,1,P2P,0
TXN105025,USR0132,17091.21,3311.0,5.162,11.1,434.5,11,Hyderabad,0,DEV_ANDROID_13,0,567,0,1.64,1,INVESTMENT,0
TXN105026,USR0144,2124.32,2663.0,0.798,9.1,42.8,15,Kolkata,1,DEV_IOS_18,0,1104,0,0.37,1,P2M,0
TXN105027,USR0028,313.52,541.0,0.58,16.7,142.6,13,Delhi,0,DEV_IOS_18,0,806,0,2.29,0,P2M,0
TXN105028,USR0025,39514.66,3410.0,11.588,30.0,43.0,11,Delhi,1,DEV_ANDROID_13,0,1526,5,4.13,0,P2P,1
TXN105029,USR0124,835.61,1625.0,0.514,5.9,363.0,17,Hyderabad,0,DEV_ANDROID_14,0,298,0,2.26,1,P2M,0
TXN105030,USR0071,4005.77,1774.0,2.258,23.0,2.8,20,Kolkata,1,DEV_ANDROID_13,1,1791,4,8.82,0,ONLINE_SHOPPING,1
TXN105031,USR0011,1545.88,2073.0,0.746,20.1,190.2,7,Chennai,0,DEV_ANDROID_14,0,951,0,1.73,1,P2P,0
TXN105032,USR0026,3895.5,3918.0,0.994,24.7,192.3,13,Hyderabad,0,DEV_ANDROID_14,0,1152,0,1.29,1,P2P,0
TXN105033,USR0106,2419.73,1061.0,2.281,32.3,57.1,9,Delhi,0,DEV_ANDROID_13,0,1706,0,1.27,0,P2P,0
TXN105034,USR0102,5390.0,1540.0,3.5,18.2,5.0,14,Bengaluru,0,DEV_IOS_18,0,436,0,1.08,1,P2M,0
TXN105035,USR0050,9331.31,2312.0,4.036,29.5,30.0,14,Mumbai,0,DEV_ANDROID_13,0,139,0,0.63,0,P2M,0
TXN105036,USR0118,1292.15,855.0,1.511,29.1,63.3,11,Pune,1,DEV_ANDROID_13,0,1580,0,0.74,1,P2P,0
TXN105037,USR0053,1352.11,1779.0,0.76,31.3,167.2,17,Chennai,0,DEV_ANDROID_14,0,1775,0,1.24,1,P2P,0
TXN105038,USR0104,768.16,706.0,1.088,15.5,161.4,6,Mumbai,0,DEV_ANDROID_13,0,1110,0,1.29,0,P2P,0
TXN105039,USR0119,1000.54,1503.0,0.666,30.1,291.4,9,Chennai,0,DEV_ANDROID_13,0,629,0,0.1,1,P2P,0
TXN105040,USR0017,636.84,1139.0,0.559,31.1,337.1,16,Kolkata,0,DEV_IOS_18,0,1133,0,0.88,1,P2M,0
TXN105041,USR0056,5033.78,4000.0,1.258,6.7,122.5,11,Bengaluru,0,DEV_ANDROID_13,1,212,0,0.55,1,BILL_PAYMENT,0
TXN105042,USR0079,1787.43,2089.0,0.856,25.6,220.4,19,Chennai,0,DEV_ANDROID_14,0,1300,0,0.9,1,BILL_PAYMENT,0
TXN105043,USR0041,2995.04,2677.0,1.119,26.2,44.6,14,Bengaluru,0,DEV_ANDROID_13,0,826,0,1.91,0,P2P,0
TXN105044,USR0074,1985.99,1853.0,1.072,4.3,145.7,14,Hyderabad,0,DEV_IOS_18,0,1391,0,1.87,1,P2P,0
TXN105045,USR0098,14183.21,2841.0,4.992,50.0,1.0,6,Chandigarh,1,DEV_IOS_18,0,1103,5,12.88,0,ONLINE_SHOPPING,1
TXN105046,USR0136,470.94,788.0,0.598,16.6,152.2,8,Chennai,0,DEV_IOS_18,0,1668,0,1.49,1,P2M,0
TXN105047,USR0102,2805.48,1540.0,1.822,21.9,119.5,11,Bengaluru,0,DEV_IOS_18,0,469,0,1.49,1,P2M,0
TXN105048,USR0119,11057.18,1503.0,7.357,38.9,94.3,14,Chennai,0,DEV_ANDROID_13,0,651,0,1.59,1,P2M,0
TXN105049,USR0102,2298.46,1540.0,1.493,9.5,110.3,20,Jaipur,1,DEV_IOS_18,0,485,0,0.94,1,P2P,0
TXN105050,USR0117,627.41,891.0,0.704,2.4,189.1,11,Mumbai,0,DEV_ANDROID_13,0,736,0,0.91,1,P2M,0
TXN105051,USR0117,198.43,891.0,0.223,2.4,42.4,19,Mumbai,0,DEV_ANDROID_13,0,742,0,1.59,1,P2P,0
TXN105052,USR0075,2278.09,2287.0,0.996,20.9,137.6,18,Bengaluru,0,DEV_ANDROID_14,1,1639,0,1.15,1,P2P,0
TXN105053,USR0099,3727.98,3865.0,0.965,29.9,172.7,19,Kolkata,0,DEV_ANDROID_13,0,576,0,1.52,1,P2M,0
TXN105054,USR0118,593.8,855.0,0.695,33.7,5.0,17,Kolkata,0,DEV_ANDROID_13,0,1527,1,0.22,1,P2P,0
TXN105055,USR0067,452.6,1825.0,0.248,33.7,433.6,7,Hyderabad,0,DEV_IOS_18,0,860,0,2.37,1,P2P,0
TXN105056,USR0110,1435.78,3119.0,0.46,20.4,341.0,18,Mumbai,0,DEV_IOS_18,0,1260,1,0.78,1,P2P,0
TXN105057,USR0150,2692.37,1846.0,1.458,9.5,143.5,16,Bengaluru,0,DEV_IOS_18,0,347,0,1.5,1,BILL_PAYMENT,0
TXN105058,USR0062,17377.39,2948.0,5.895,10.0,38.2,11,Mumbai,0,DEV_ANDROID_14,0,257,0,1.4,0,P2P,0
TXN105059,USR0084,717.72,960.0,0.748,15.4,56.1,8,Chennai,0,DEV_ANDROID_13,0,932,0,0.2,0,INVESTMENT,0
TXN105060,USR0052,647.32,875.0,0.74,4.7,133.9,14,Mumbai,0,DEV_ANDROID_13,0,1111,0,1.61,1,P2P,0
TXN105061,USR0132,2613.23,3311.0,0.789,4.7,126.7,16,Mumbai,1,DEV_ANDROID_13,0,527,0,1.15,1,P2M,0
TXN105062,USR0032,25235.04,2962.0,8.52,49.0,20.1,1,Kochi,1,DEV_UNKNOWN,1,1476,3,10.39,0,INVESTMENT,1
TXN105063,USR0034,6939.72,1168.0,5.942,37.0,14.0,13,Hyderabad,1,DEV_UNKNOWN,1,105,4,4.9,0,INVESTMENT,1
TXN105064,USR0053,710.93,1779.0,0.4,32.6,245.4,14,Chennai,0,DEV_ANDROID_14,0,1780,0,0.54,1,P2P,0
TXN105065,USR0130,3206.84,2863.0,1.12,36.5,97.5,12,Delhi,0,DEV_IOS_18,0,1534,0,0.51,1,P2P,0
TXN105066,USR0014,9793.49,2104.0,4.655,23.0,1.7,8,Pune,1,DEV_UNKNOWN,1,842,4,13.74,0,P2P,1
TXN105067,USR0024,1143.43,1043.0,1.096,11.5,213.9,10,Hyderabad,0,DEV_ANDROID_14,0,271,0,0.9,1,P2P,0
TXN105068,USR0115,969.57,1698.0,0.571,7.7,298.6,23,Kolkata,0,DEV_IOS_18,0,90,0,1.64,1,RECHARGE,0
TXN105069,USR0047,368.51,489.0,0.754,26.7,71.6,7,Bengaluru,0,DEV_ANDROID_13,0,951,0,1.13,1,P2M,0
TXN105070,USR0054,1399.96,1995.0,0.702,19.4,154.9,14,Hyderabad,0,DEV_IOS_18,0,1067,0,2.12,1,P2P,0
TXN105071,USR0018,1089.76,1836.0,0.594,29.3,29.7,19,Chennai,0,DEV_WEB_CHROME,1,1496,0,1.02,1,P2M,0
TXN105072,USR0140,12698.07,3114.0,4.078,26.0,34.1,4,Ahmedabad,1,DEV_UNKNOWN,1,197,3,7.14,0,INVESTMENT,1
TXN105073,USR0032,26492.72,2962.0,8.944,33.0,19.6,21,Mumbai,1,DEV_UNKNOWN,1,1456,7,9.19,0,INVESTMENT,1
TXN105074,USR0086,3001.98,4098.0,0.733,1.0,81.4,10,Delhi,0,DEV_ANDROID_13,0,1314,0,1.07,1,P2P,0
TXN105075,USR0013,1218.77,2086.0,0.584,36.8,121.9,11,Kolkata,0,DEV_ANDROID_13,0,751,1,1.58,1,RECHARGE,0
TXN105076,USR0125,777.8,1159.0,0.671,15.9,37.6,12,Bengaluru,0,DEV_IOS_18,0,1108,0,0.1,1,P2M,0
TXN105077,USR0087,3173.3,4199.0,0.756,3.8,271.8,15,Mumbai,0,DEV_ANDROID_13,0,827,0,1.51,1,P2P,0
TXN105078,USR0101,4739.79,4828.0,0.982,35.5,32.2,18,Mumbai,0,DEV_IOS_18,0,499,0,1.2,1,P2P,0
TXN105079,USR0127,1961.16,2395.0,0.819,19.0,261.4,17,Chennai,0,DEV_ANDROID_14,0,370,0,1.29,1,P2M,0
TXN105080,USR0027,1026.92,816.0,1.258,21.2,69.3,21,Hyderabad,0,DEV_IOS_18,0,1472,0,0.8,1,ONLINE_SHOPPING,0
TXN105081,USR0021,5866.01,4102.0,1.43,1.4,303.4,23,Chennai,0,DEV_ANDROID_14,0,1465,0,1.87,1,INVESTMENT,0
TXN105082,USR0146,247.65,803.0,0.308,17.6,331.3,23,Mumbai,0,DEV_ANDROID_13,0,1233,0,1.28,1,P2P,0
TXN105083,USR0063,1796.19,946.0,1.899,16.7,56.8,22,Hyderabad,0,DEV_ANDROID_13,0,506,0,1.53,1,BILL_PAYMENT,0
TXN105084,USR0070,1969.57,4705.0,0.419,5.7,44.0,21,Delhi,0,DEV_ANDROID_13,0,340,0,1.42,0,BILL_PAYMENT,0
TXN105085,USR0103,8132.47,4267.0,1.906,24.7,159.0,12,Kolkata,0,DEV_ANDROID_13,0,1709,0,0.9,1,BILL_PAYMENT,0
TXN105086,USR0080,2077.67,1303.0,1.595,18.8,195.6,8,Kolkata,0,DEV_ANDROID_14,0,576,0,0.34,0,P2P,0
TXN105087,USR0029,1722.7,1672.0,1.03,20.0,152.2,19,Pune,1,DEV_ANDROID_14,0,1798,0,0.64,0,P2M,0
TXN105088,USR0121,4245.87,3799.0,1.118,6.6,439.3,13,Hyderabad,0,DEV_ANDROID_13,0,1491,0,0.68,1,P2M,0
TXN105089,USR0075,1871.04,2287.0,0.818,13.8,130.7,18,Bengaluru,0,DEV_IOS_18,0,1604,0,1.87,0,P2M,0
TXN105090,USR0109,2012.51,1296.0,1.553,6.6,159.7,10,Pune,1,DEV_ANDROID_14,0,1495,0,1.19,1,P2P,0
TXN105091,USR0053,10517.63,1779.0,5.912,32.9,529.5,8,Chennai,0,DEV_ANDROID_14,0,1808,0,1.5,1,P2P,0
TXN105092,USR0149,3009.92,3318.0,0.907,8.2,43.8,10,Chennai,0,DEV_ANDROID_13,0,1452,0,1.53,1,P2M,0
TXN105093,USR0033,1814.24,2282.0,0.795,24.8,5.0,9,Kolkata,0,DEV_IOS_18,0,779,0,1.68,1,P2P,0
TXN105094,USR0068,2566.98,1858.0,1.382,14.9,123.1,9,Chennai,0,DEV_ANDROID_13,0,1775,0,0.97,0,P2P,0
TXN105095,USR0067,7909.88,1825.0,4.334,30.0,19.3,14,Hyderabad,0,DEV_IOS_18,0,895,0,1.95,1,P2M,0
TXN105096,USR0121,5420.02,3799.0,1.427,12.4,529.8,16,Hyderabad,0,DEV_ANDROID_13,0,1494,0,0.79,1,P2P,0
TXN105097,USR0064,4926.86,3744.0,1.316,33.9,187.2,6,Hyderabad,0,DEV_ANDROID_13,0,1421,0,1.32,0,P2M,0
TXN105098,USR0074,1625.87,1853.0,0.877,10.0,239.3,12,Hyderabad,0,DEV_IOS_18,0,1436,0,2.17,1,P2M,0
TXN105099,USR0072,3537.69,4501.0,0.786,10.4,302.6,10,Pune,1,DEV_ANDROID_14,0,1348,0,1.07,1,P2M,0
TXN105100,USR0062,2006.53,2948.0,0.681,9.2,31.5,12,Mumbai,0,DEV_ANDROID_13,1,221,0,1.42,1,P2P,0
TXN105101,USR0063,1885.84,946.0,1.993,13.0,53.3,18,Hyderabad,0,DEV_ANDROID_13,0,480,0,0.57,1,P2M,0
TXN105102,USR0094,21151.53,3141.0,6.734,27.0,22.9,14,Bengaluru,1,DEV_UNKNOWN,1,1730,6,6.37,0,P2P,1
TXN105103,USR0104,1441.97,706.0,2.042,17.0,6.2,23,Mumbai,0,DEV_ANDROID_13,0,1093,0,0.73,1,P2M,0
TXN105104,USR0073,1196.55,1427.0,0.839,26.7,59.1,19,Kolkata,0,DEV_ANDROID_13,0,249,0,0.1,1,INVESTMENT,0
TXN105105,USR0035,9736.4,3949.0,2.466,23.2,226.1,15,Hyderabad,1,DEV_ANDROID_14,0,1265,0,0.1,1,ONLINE_SHOPPING,0
TXN105106,USR0128,5506.41,1765.0,3.12,26.0,11.7,16,Pune,1,DEV_UNKNOWN,1,1701,0,3.28,0,P2P,1
TXN105107,USR0102,1239.88,1540.0,0.805,14.8,42.9,10,Bengaluru,0,DEV_IOS_18,0,433,0,1.37,1,P2M,0
TXN105108,USR0008,3574.07,4207.0,0.85,12.4,85.3,11,Mumbai,0,DEV_ANDROID_14,1,1135,0,0.1,1,BILL_PAYMENT,0
TXN105109,USR0098,3474.6,2841.0,1.223,27.9,33.6,10,Delhi,0,DEV_IOS_18,0,1124,0,1.75,1,P2P,0
TXN105110,USR0054,5261.34,1995.0,2.637,26.2,133.8,11,Hyderabad,0,DEV_IOS_18,0,1070,0,1.18,1,P2P,0
TXN105111,USR0107,909.05,1116.0,0.815,11.3,440.5,17,Hyderabad,0,DEV_ANDROID_13,1,1096,1,1.66,1,ONLINE_SHOPPING,0
TXN105112,USR0134,6105.74,4359.0,1.401,28.2,158.5,17,Chennai,0,DEV_ANDROID_14,1,314,0,1.71,1,P2P,0
TXN105113,USR0076,3743.57,3835.0,0.976,20.6,73.8,12,Mumbai,0,DEV_IOS_18,1,536,0,2.14,1,P2P,0
TXN105114,USR0092,3845.7,3316.0,1.16,26.0,158.9,19,Hyderabad,0,DEV_ANDROID_14,0,248,0,0.98,0,P2M,0
TXN105115,USR0094,3604.11,3141.0,1.147,7.2,372.6,17,Kolkata,0,DEV_ANDROID_14,0,1688,0,0.97,1,RECHARGE,0
TXN105116,USR0058,22310.92,3029.0,7.366,22.7,329.2,10,Kolkata,0,DEV_ANDROID_14,0,856,0,0.1,1,P2P,0
TXN105117,USR0055,1181.13,1096.0,1.078,31.5,26.7,11,Delhi,0,DEV_ANDROID_14,0,759,0,1.73,1,P2P,0
TXN105118,USR0072,4363.01,4501.0,0.969,9.0,335.2,22,Kolkata,0,DEV_ANDROID_14,0,1361,0,0.1,1,P2P,0
TXN105119,USR0005,1103.58,1239.0,0.891,32.8,420.5,20,Hyderabad,0,DEV_IOS_18,0,1401,0,1.42,0,BILL_PAYMENT,0
TXN105120,USR0136,555.03,788.0,0.704,17.9,73.1,8,Chennai,0,DEV_IOS_18,0,1699,0,0.65,1,P2M,0
TXN105121,USR0019,3236.77,4271.0,0.758,16.3,493.9,12,Bengaluru,0,DEV_ANDROID_13,0,1612,0,0.71,0,RECHARGE,0
TXN105122,USR0089,7050.91,1008.0,6.995,17.4,257.7,16,Kolkata,0,DEV_ANDROID_14,0,921,0,1.03,1,P2P,0
TXN105123,USR0046,1010.31,3064.0,0.33,17.1,38.9,20,Delhi,0,DEV_ANDROID_13,0,346,0,1.08,0,P2M,0
TXN105124,USR0038,7039.55,2152.0,3.271,16.4,5.0,12,Bengaluru,0,DEV_ANDROID_14,0,549,0,1.48,0,ONLINE_SHOPPING,0
TXN105125,USR0054,2466.73,1995.0,1.236,24.3,32.3,12,Hyderabad,0,DEV_IOS_18,0,1091,0,2.12,1,P2P,0
TXN105126,USR0124,1154.7,1625.0,0.711,8.7,569.6,15,Kochi,1,DEV_ANDROID_14,0,326,0,0.53,1,P2M,0
TXN105127,USR0123,1879.67,4007.0,0.469,20.2,41.2,16,Kolkata,0,DEV_WEB_CHROME,1,1225,0,1.08,1,P2M,0
TXN105128,USR0145,6844.12,4287.0,1.596,12.2,338.8,8,Mumbai,0,DEV_WEB_CHROME,1,1423,0,2.12,1,P2P,0
TXN105129,USR0120,3114.71,3985.0,0.782,22.0,312.1,9,Chennai,0,DEV_IOS_18,0,1165,0,1.05,1,P2P,0
TXN105130,USR0003,3111.78,3784.0,0.822,28.3,285.7,12,Hyderabad,0,DEV_ANDROID_13,0,1296,0,1.17,0,P2M,0
TXN105131,USR0051,11218.14,1265.0,8.868,15.0,11.9,23,Chennai,1,DEV_UNKNOWN,1,1201,6,7.17,0,INVESTMENT,1
TXN105132,USR0121,13362.62,3799.0,3.517,10.5,99.0,14,Hyderabad,0,DEV_ANDROID_14,1,1475,0,0.52,1,P2P,0
TXN105133,USR0148,1339.56,1934.0,0.693,25.5,28.9,11,Ahmedabad,1,DEV_ANDROID_13,0,1665,0,1.04,1,P2P,0
TXN105134,USR0119,2260.83,1503.0,1.504,34.1,85.5,18,Chennai,0,DEV_ANDROID_13,0,618,0,0.1,1,P2P,0
TXN105135,USR0079,25763.54,2089.0,12.333,47.0,43.9,3,Chennai,0,DEV_ANDROID_12,1,1356,4,6.16,0,P2M,1
TXN105136,USR0090,4296.28,4795.0,0.896,19.6,286.3,11,Hyderabad,0,DEV_ANDROID_14,0,541,0,1.31,1,ONLINE_SHOPPING,0
TXN105137,USR0112,5170.27,4425.0,1.168,27.7,18.5,7,Hyderabad,0,DEV_ANDROID_13,0,1522,0,1.46,1,P2M,0
TXN105138,USR0084,1841.17,960.0,1.918,15.6,31.5,9,Chennai,0,DEV_ANDROID_14,1,970,0,1.18,1,P2P,0
TXN105139,USR0094,1540.67,3141.0,0.491,11.5,115.3,19,Kolkata,0,DEV_ANDROID_14,0,1721,0,1.95,1,P2M,0
TXN105140,USR0002,2934.52,3607.0,0.814,13.5,105.9,11,Jaipur,1,DEV_ANDROID_14,0,213,0,1.81,0,P2P,0
TXN105141,USR0085,5548.69,3924.0,1.414,21.6,91.8,11,Kolkata,0,DEV_ANDROID_13,0,799,0,1.19,1,P2P,0
TXN105142,USR0016,2072.57,1443.0,1.436,25.3,144.8,11,Bengaluru,0,DEV_ANDROID_14,0,1240,0,1.44,0,P2P,0
TXN105143,USR0110,1781.53,3119.0,0.571,17.2,109.7,9,Mumbai,0,DEV_IOS_18,0,1286,0,1.17,1,P2M,0
TXN105144,USR0031,3425.37,4621.0,0.741,13.5,169.7,9,Kolkata,0,DEV_ANDROID_14,0,795,0,0.1,1,P2P,0
TXN105145,USR0030,1986.17,1476.0,1.346,31.8,13.6,14,Kolkata,0,DEV_ANDROID_14,0,170,0,0.86,1,P2P,0
TXN105146,USR0111,1169.1,4209.0,0.278,14.1,61.5,15,Chennai,0,DEV_IOS_18,0,1755,0,0.88,0,P2P,0
TXN105147,USR0148,5096.96,1934.0,2.635,34.0,6.5,19,Kolkata,1,DEV_ANDROID_13,0,1665,2,3.73,0,P2P,1
TXN105148,USR0114,1505.6,1547.0,0.973,22.0,207.7,13,Delhi,0,DEV_ANDROID_14,0,1061,0,0.98,1,P2M,0
TXN105149,USR0049,735.99,835.0,0.881,24.1,12.1,19,Mumbai,0,DEV_ANDROID_13,1,1138,0,1.1,1,P2M,0
TXN105150,USR0131,1210.84,1330.0,0.91,25.3,108.2,12,Bengaluru,0,DEV_IOS_18,0,1029,0,1.33,0,P2P,0
TXN105151,USR0002,5996.89,3607.0,1.663,10.4,405.9,17,Kolkata,0,DEV_ANDROID_14,0,195,0,1.68,1,ONLINE_SHOPPING,0
TXN105152,USR0074,1052.49,1853.0,0.568,1.0,139.9,17,Delhi,1,DEV_IOS_18,0,1448,0,0.95,0,P2P,0
TXN105153,USR0020,13362.06,3539.0,3.776,19.0,323.6,8,Delhi,0,DEV_ANDROID_14,0,336,0,0.39,1,BILL_PAYMENT,0
TXN105154,USR0148,13220.37,1934.0,6.836,30.0,16.6,23,Chennai,0,DEV_ANDROID_13,0,1644,5,3.86,0,P2P,1
TXN105155,USR0051,3219.71,1265.0,2.545,30.0,3.4,20,Delhi,0,DEV_IOS_18,0,1256,1,6.32,0,P2P,1
TXN105156,USR0012,6533.29,1109.0,5.891,30.0,34.6,13,Chennai,1,DEV_UNKNOWN,1,1297,4,5.68,0,P2P,1
TXN105157,USR0064,4079.0,3744.0,1.089,32.5,759.1,12,Hyderabad,0,DEV_ANDROID_13,0,1446,0,1.14,0,P2P,0
TXN105158,USR0106,7538.05,1061.0,7.105,28.3,188.2,8,Delhi,0,DEV_ANDROID_13,0,1710,1,2.04,1,INVESTMENT,0
TXN105159,USR0093,6904.13,3844.0,1.796,16.5,54.3,21,Chennai,0,DEV_ANDROID_14,0,95,0,1.01,1,INVESTMENT,0
TXN105160,USR0076,2633.39,3835.0,0.687,17.9,226.6,9,Mumbai,0,DEV_ANDROID_13,0,536,0,1.01,1,BILL_PAYMENT,0
TXN105161,USR0130,4171.93,2863.0,1.457,31.9,5.6,12,Delhi,0,DEV_IOS_18,0,1562,0,2.64,1,P2P,0
TXN105162,USR0084,400.16,960.0,0.417,13.2,19.5,7,Chennai,0,DEV_ANDROID_13,0,930,0,1.82,1,ONLINE_SHOPPING,0
TXN105163,USR0025,4931.85,3410.0,1.446,14.9,61.5,18,Bengaluru,0,DEV_ANDROID_13,0,1555,0,0.74,1,P2M,0
TXN105164,USR0007,478.48,823.0,0.581,28.3,71.3,20,Bengaluru,0,DEV_ANDROID_14,0,1602,0,0.73,1,P2P,0
TXN105165,USR0021,32157.72,4102.0,7.84,22.0,13.7,0,Delhi,1,DEV_UNKNOWN,1,1454,2,5.52,0,INVESTMENT,1
TXN105166,USR0109,1832.08,1296.0,1.414,13.5,144.6,13,Chennai,0,DEV_ANDROID_14,0,1542,0,1.14,0,P2P,0
TXN105167,USR0097,1889.75,1552.0,1.218,26.3,37.2,17,Delhi,0,DEV_ANDROID_13,0,874,0,1.39,1,P2P,0
TXN105168,USR0016,1229.6,1443.0,0.852,21.7,59.0,13,Bengaluru,0,DEV_ANDROID_14,0,1209,0,0.53,1,P2P,0
TXN105169,USR0125,931.74,1159.0,0.804,17.0,321.7,10,Bengaluru,0,DEV_IOS_18,0,1129,0,0.1,1,P2P,0
TXN105170,USR0134,33338.58,4359.0,7.648,28.0,44.1,16,Mumbai,1,DEV_IOS_18,0,298,3,7.38,0,P2M,1
TXN105171,USR0147,5384.25,4639.0,1.161,30.0,114.7,16,Chennai,0,DEV_IOS_18,0,391,0,0.86,0,P2M,0
TXN105172,USR0035,29467.87,3949.0,7.462,25.5,783.5,16,Mumbai,0,DEV_ANDROID_14,0,1306,0,0.73,1,P2P,0
TXN105173,USR0008,2200.2,4207.0,0.523,17.9,165.6,13,Mumbai,0,DEV_ANDROID_13,0,1142,0,0.8,0,ONLINE_SHOPPING,0
TXN105174,USR0148,1594.27,1934.0,0.824,25.0,64.9,16,Chennai,0,DEV_ANDROID_13,0,1666,0,1.15,0,P2P,0
TXN105175,USR0083,1427.44,1684.0,0.848,5.3,14.8,19,Delhi,0,DEV_ANDROID_14,0,88,0,1.66,1,P2M,0
TXN105176,USR0036,1110.94,1141.0,0.974,31.0,40.0,16,Bengaluru,0,DEV_ANDROID_13,0,907,0,2.19,1,P2P,0
TXN105177,USR0085,9193.62,3924.0,2.343,20.4,107.3,20,Kolkata,0,DEV_ANDROID_13,0,761,0,0.75,1,P2M,0
TXN105178,USR0040,745.25,942.0,0.791,16.1,279.3,20,Mumbai,0,DEV_IOS_18,0,1777,0,1.91,1,P2P,0
TXN105179,USR0007,2278.29,823.0,2.768,16.7,70.0,16,Bengaluru,0,DEV_ANDROID_14,0,1621,0,1.39,1,ONLINE_SHOPPING,0
TXN105180,USR0033,1318.53,2282.0,0.578,25.1,113.4,8,Kolkata,0,DEV_IOS_18,0,825,0,1.14,1,P2M,0
TXN105181,USR0006,2015.53,4184.0,0.482,21.7,338.1,15,Hyderabad,0,DEV_IOS_18,0,838,0,0.1,1,BILL_PAYMENT,0
TXN105182,USR0095,2289.25,2387.0,0.959,18.2,48.6,18,Chennai,0,DEV_IOS_18,1,1199,0,1.18,1,P2P,0
TXN105183,USR0125,1292.35,1159.0,1.115,17.8,263.0,14,Bengaluru,0,DEV_IOS_18,0,1079,0,1.69,1,P2M,0
TXN105184,USR0130,2455.76,2863.0,0.858,30.3,135.7,18,Delhi,0,DEV_IOS_18,0,1560,0,1.32,1,P2P,0
TXN105185,USR0022,3051.93,3458.0,0.883,18.6,46.5,6,Mumbai,1,DEV_ANDROID_13,0,1313,0,0.58,1,P2P,0
TXN105186,USR0107,772.09,1116.0,0.692,14.6,319.8,9,Hyderabad,0,DEV_ANDROID_14,0,1093,0,2.1,1,P2M,0
TXN105187,USR0093,3761.78,3844.0,0.979,26.2,93.4,6,Chennai,0,DEV_ANDROID_14,0,84,0,0.52,1,P2M,0
TXN105188,USR0130,9688.62,2863.0,3.384,30.1,339.2,9,Delhi,0,DEV_IOS_18,0,1555,0,1.04,1,P2P,0
TXN105189,USR0057,2526.53,3487.0,0.725,19.2,239.7,13,Delhi,0,DEV_IOS_18,0,813,0,0.6,1,RECHARGE,0
TXN105190,USR0028,846.9,541.0,1.565,19.0,113.4,8,Delhi,0,DEV_IOS_18,0,810,0,0.79,1,RECHARGE,0
TXN105191,USR0127,5199.3,2395.0,2.171,19.6,77.8,16,Chennai,0,DEV_ANDROID_14,0,347,0,2.16,1,BILL_PAYMENT,0
TXN105192,USR0127,2603.43,2395.0,1.087,15.0,45.4,12,Chennai,0,DEV_ANDROID_14,0,374,0,1.1,0,P2M,0
TXN105193,USR0132,1684.22,3311.0,0.509,1.6,285.7,11,Jaipur,1,DEV_ANDROID_13,0,553,0,0.23,0,P2P,0
TXN105194,USR0073,1217.69,1427.0,0.853,28.7,252.1,10,Kolkata,0,DEV_ANDROID_13,0,249,0,1.17,1,P2P,0
TXN105195,USR0017,1327.05,1139.0,1.165,30.1,59.0,19,Kolkata,0,DEV_IOS_18,0,1194,0,1.0,1,P2P,0
TXN105196,USR0148,8621.9,1934.0,4.458,40.0,12.6,0,Delhi,1,DEV_UNKNOWN,1,1658,7,4.26,0,P2P,1
TXN105197,USR0101,4172.95,4828.0,0.864,27.2,136.9,11,Mumbai,0,DEV_IOS_18,0,533,0,0.5,1,P2P,0
TXN105198,USR0102,1917.78,1540.0,1.245,16.4,416.1,13,Bengaluru,0,DEV_ANDROID_13,1,451,0,1.96,1,P2P,0
TXN105199,USR0119,1467.98,1503.0,0.977,35.4,780.2,13,Chennai,0,DEV_ANDROID_14,1,606,1,1.33,0,P2P,0
TXN105200,USR0059,4012.62,4787.0,0.838,14.9,197.9,18,Chennai,0,DEV_ANDROID_14,0,1006,0,0.85,1,P2P,0
TXN105201,USR0117,909.71,891.0,1.021,3.9,196.8,19,Mumbai,0,DEV_ANDROID_14,1,749,0,0.92,1,P2P,0
TXN105202,USR0046,12886.84,3064.0,4.206,15.0,12.8,9,Delhi,0,DEV_ANDROID_13,0,338,0,4.72,0,P2P,1
TXN105203,USR0050,999.72,2312.0,0.432,33.1,365.2,18,Mumbai,0,DEV_ANDROID_13,0,149,0,1.35,1,P2M,0
TXN105204,USR0033,9725.47,2282.0,4.262,13.5,247.6,12,Kolkata,0,DEV_IOS_18,0,759,0,1.33,0,P2M,0
TXN105205,USR0061,949.61,445.0,2.134,23.7,646.3,7,Kochi,1,DEV_ANDROID_13,0,1010,0,1.69,1,P2P,0
TXN105206,USR0135,1874.42,3326.0,0.564,1.9,70.9,15,Kolkata,0,DEV_IOS_18,0,1136,0,1.25,0,P2P,0
TXN105207,USR0072,5590.56,4501.0,1.242,9.1,84.6,12,Kolkata,0,DEV_ANDROID_13,1,1375,0,1.0,1,P2P,0
TXN105208,USR0085,2538.63,3924.0,0.647,19.8,464.9,21,Kolkata,0,DEV_ANDROID_13,0,786,0,0.95,1,P2P,0
TXN105209,USR0141,938.46,1171.0,0.801,10.0,107.1,19,Hyderabad,0,DEV_ANDROID_13,1,284,0,0.65,1,P2M,0
TXN105210,USR0077,5583.29,4759.0,1.173,13.1,147.9,13,Mumbai,0,DEV_ANDROID_13,0,116,0,1.07,0,P2P,0
TXN105211,USR0060,3102.94,2418.0,1.283,12.2,173.0,18,Hyderabad,0,DEV_ANDROID_13,0,92,0,1.54,1,P2P,0
TXN105212,USR0122,28013.62,2765.0,10.132,40.0,11.4,15,Kolkata,1,DEV_ANDROID_12,1,1540,3,7.26,0,INVESTMENT,1
TXN105213,USR0125,808.72,1159.0,0.698,10.4,175.3,12,Bengaluru,0,DEV_IOS_18,0,1127,1,0.35,0,RECHARGE,0
TXN105214,USR0016,3035.63,1443.0,2.104,24.4,72.9,11,Bengaluru,0,DEV_ANDROID_14,0,1209,0,0.88,0,P2P,0
TXN105215,USR0051,4427.5,1265.0,3.5,16.6,356.4,8,Delhi,0,DEV_IOS_18,0,1200,0,2.09,1,P2M,0
TXN105216,USR0114,10684.23,1547.0,6.906,17.0,30.5,22,Lucknow,1,DEV_UNKNOWN,1,1061,4,6.03,0,INVESTMENT,1
TXN105217,USR0027,5452.43,816.0,6.682,20.0,211.0,19,Hyderabad,0,DEV_IOS_18,0,1419,0,1.65,0,BILL_PAYMENT,0
TXN105218,USR0093,3881.4,3844.0,1.01,13.9,70.7,14,Kolkata,1,DEV_ANDROID_14,0,49,0,1.58,0,P2P,0
TXN105219,USR0010,4340.96,4508.0,0.963,29.7,219.7,7,Kolkata,0,DEV_IOS_18,0,1428,0,1.17,1,P2P,0
TXN105220,USR0106,1546.3,1061.0,1.457,38.3,62.7,17,Delhi,0,DEV_ANDROID_13,0,1682,0,0.69,0,P2P,0
TXN105221,USR0144,2907.17,2663.0,1.092,12.5,201.8,19,Chennai,0,DEV_IOS_18,0,1078,0,0.82,1,P2M,0
TXN105222,USR0040,1180.45,942.0,1.253,16.0,362.6,12,Mumbai,0,DEV_IOS_18,0,1732,0,0.51,0,ONLINE_SHOPPING,0
TXN105223,USR0146,830.75,803.0,1.035,17.4,442.9,16,Mumbai,0,DEV_ANDROID_13,0,1202,0,0.71,1,P2M,0
TXN105224,USR0080,924.85,1303.0,0.71,17.5,204.9,10,Kolkata,0,DEV_ANDROID_14,0,599,0,1.78,1,P2P,0
TXN105225,USR0081,2240.67,1873.0,1.196,34.4,152.6,9,Kolkata,0,DEV_ANDROID_13,0,922,0,1.62,1,P2P,0
TXN105226,USR0059,6677.8,4787.0,1.395,17.5,63.7,22,Chennai,0,DEV_ANDROID_14,0,993,0,1.52,1,P2M,0
TXN105227,USR0039,6997.1,3193.0,2.191,38.0,2.6,14,Mumbai,1,DEV_ANDROID_14,1,1786,2,11.82,0,P2P,1
TXN105228,USR0016,876.37,1443.0,0.607,21.8,5.0,6,Bengaluru,0,DEV_ANDROID_14,0,1211,0,0.19,0,P2M,0
TXN105229,USR0110,2501.79,3119.0,0.802,15.7,158.8,11,Mumbai,0,DEV_IOS_18,0,1214,0,1.8,0,P2P,0
TXN105230,USR0075,1868.19,2287.0,0.817,21.2,213.4,10,Bengaluru,0,DEV_IOS_18,0,1619,0,1.06,1,ONLINE_SHOPPING,0
TXN105231,USR0120,3237.85,3985.0,0.813,23.7,416.4,16,Chennai,0,DEV_IOS_18,0,1166,0,2.19,1,P2P,0
TXN105232,USR0090,4002.51,4795.0,0.835,17.5,193.7,10,Hyderabad,0,DEV_ANDROID_14,0,589,0,1.61,1,P2P,0
TXN105233,USR0134,3256.79,4359.0,0.747,28.3,5.0,13,Chennai,0,DEV_IOS_18,0,312,0,0.91,0,P2P,0
TXN105234,USR0048,17898.78,2387.0,7.498,15.6,76.6,16,Chennai,0,DEV_IOS_18,0,1196,0,1.57,0,BILL_PAYMENT,0
TXN105235,USR0072,32777.63,4501.0,7.282,5.3,109.5,8,Kolkata,0,DEV_ANDROID_14,0,1388,0,1.28,0,P2M,0
TXN105236,USR0055,1383.12,1096.0,1.262,42.3,416.9,13,Delhi,0,DEV_ANDROID_14,0,803,0,0.76,1,ONLINE_SHOPPING,0
TXN105237,USR0023,2967.83,2955.0,1.004,21.4,151.9,13,Delhi,0,DEV_ANDROID_13,0,954,0,1.6,1,P2M,0
TXN105238,USR0004,7346.68,989.0,7.428,24.8,85.6,14,Chennai,0,DEV_IOS_18,0,811,0,1.44,1,P2M,0
TXN105239,USR0141,1127.67,1171.0,0.963,9.8,278.6,13,Hyderabad,0,DEV_IOS_18,0,263,0,1.38,1,P2P,0
TXN105240,USR0140,3629.42,3114.0,1.166,3.1,276.5,8,Delhi,0,DEV_ANDROID_13,0,239,0,1.66,1,P2P,0
TXN105241,USR0149,3551.53,3318.0,1.07,13.1,10.1,13,Chennai,0,DEV_IOS_18,1,1421,0,0.81,1,P2P,0
TXN105242,USR0033,1620.55,2282.0,0.71,18.7,206.3,15,Kolkata,0,DEV_IOS_18,0,759,0,0.69,1,P2M,0
TXN105243,USR0051,675.28,1265.0,0.534,15.1,172.4,6,Delhi,0,DEV_IOS_18,0,1244,0,0.64,1,P2P,0
TXN105244,USR0112,2561.76,4425.0,0.579,17.8,229.1,14,Hyderabad,0,DEV_ANDROID_13,0,1539,0,1.95,1,P2P,0
TXN105245,USR0094,22072.34,3141.0,7.027,7.6,195.5,8,Kolkata,0,DEV_ANDROID_14,0,1685,0,1.27,1,P2P,0
TXN105246,USR0015,10288.89,2529.0,4.068,60.0,2.5,23,Delhi,1,DEV_ANDROID_13,1,1235,3,13.25,0,ONLINE_SHOPPING,1
TXN105247,USR0141,1415.64,1171.0,1.209,14.9,69.0,10,Hyderabad,0,DEV_IOS_18,0,290,0,0.7,1,BILL_PAYMENT,0
TXN105248,USR0114,1845.63,1547.0,1.193,23.1,35.4,13,Delhi,0,DEV_ANDROID_14,0,1062,0,0.54,1,BILL_PAYMENT,0
TXN105249,USR0150,1575.44,1846.0,0.853,10.8,345.4,18,Bengaluru,0,DEV_IOS_18,0,309,1,0.28,1,RECHARGE,0
TXN105250,USR0072,7249.6,4501.0,1.611,2.9,46.6,12,Kolkata,0,DEV_ANDROID_14,0,1412,0,0.33,1,P2P,0
TXN105251,USR0120,3449.13,3985.0,0.866,18.2,152.3,22,Chennai,0,DEV_ANDROID_13,1,1149,0,0.1,0,P2M,0
TXN105252,USR0064,12229.63,3744.0,3.266,20.0,259.0,1,Kochi,1,DEV_IOS_18,1,1447,0,2.36,0,P2P,1
TXN105253,USR0035,4497.19,3949.0,1.139,28.9,9.0,12,Kochi,1,DEV_ANDROID_14,0,1285,0,0.72,1,P2M,0
TXN105254,USR0020,17687.38,3539.0,4.998,29.0,8.2,0,Lucknow,1,DEV_ANDROID_12,1,311,2,6.16,0,P2M,1
TXN105255,USR0031,2863.74,4621.0,0.62,12.3,102.1,19,Kolkata,0,DEV_ANDROID_14,0,835,0,0.86,1,P2M,0
TXN105256,USR0021,4068.17,4102.0,0.992,7.5,97.2,8,Chennai,0,DEV_ANDROID_14,0,1468,0,1.05,1,P2P,0
TXN105257,USR0099,2703.76,3865.0,0.7,29.6,132.8,8,Delhi,1,DEV_ANDROID_13,0,536,0,2.6,0,P2P,0
TXN105258,USR0135,2027.95,3326.0,0.61,9.4,6.8,10,Kolkata,0,DEV_IOS_18,0,1157,0,1.72,1,P2P,0
TXN105259,USR0116,11022.46,2809.0,3.924,26.9,54.7,7,Bengaluru,0,DEV_ANDROID_13,0,191,0,0.66,1,P2M,0
TXN105260,USR0077,2389.21,4759.0,0.502,16.3,5.0,21,Mumbai,0,DEV_ANDROID_13,0,79,0,2.15,1,BILL_PAYMENT,0
TXN105261,USR0001,2617.12,3411.0,0.767,17.2,21.8,6,Mumbai,0,DEV_ANDROID_13,0,793,0,1.57,1,P2M,0
TXN105262,USR0128,1031.43,1765.0,0.584,29.3,11.6,17,Chennai,0,DEV_ANDROID_14,0,1746,0,1.12,1,RECHARGE,0
TXN105263,USR0063,2678.1,946.0,2.831,32.0,169.0,4,Hyderabad,0,DEV_UNKNOWN,1,470,1,2.57,0,P2P,1
TXN105264,USR0051,1781.94,1265.0,1.409,18.4,8.9,11,Delhi,0,DEV_IOS_18,0,1189,0,1.79,1,P2P,0
TXN105265,USR0064,21543.85,3744.0,5.754,29.0,420.2,18,Hyderabad,0,DEV_ANDROID_13,0,1379,0,1.71,1,P2P,0
TXN105266,USR0026,3084.14,3918.0,0.787,21.7,96.6,7,Hyderabad,0,DEV_ANDROID_14,0,1151,0,1.81,1,P2P,0
TXN105267,USR0035,2920.9,3949.0,0.74,27.2,103.8,13,Mumbai,0,DEV_ANDROID_14,0,1322,0,1.22,1,P2M,0
TXN105268,USR0026,2003.35,3918.0,0.511,17.4,167.9,12,Hyderabad,0,DEV_ANDROID_14,0,1142,0,1.04,0,P2M,0
TXN105269,USR0130,5719.98,2863.0,1.998,36.3,238.8,10,Delhi,0,DEV_IOS_18,0,1584,0,0.13,1,ONLINE_SHOPPING,0
TXN105270,USR0005,6883.66,1239.0,5.556,28.9,8.0,16,Hyderabad,0,DEV_IOS_18,0,1467,0,1.65,0,BILL_PAYMENT,0
TXN105271,USR0092,2584.05,3316.0,0.779,29.1,70.2,17,Hyderabad,0,DEV_ANDROID_14,0,254,0,1.53,1,P2M,0
TXN105272,USR0113,2428.8,2668.0,0.91,7.0,5.0,17,Hyderabad,0,DEV_ANDROID_14,0,1601,0,1.8,1,BILL_PAYMENT,0
TXN105273,USR0107,895.39,1116.0,0.802,10.3,102.7,18,Hyderabad,0,DEV_ANDROID_13,1,1077,0,0.82,1,P2P,0
TXN105274,USR0062,3825.01,2948.0,1.297,11.8,412.4,18,Chennai,1,DEV_ANDROID_14,0,224,0,1.35,1,P2P,0
TXN105275,USR0145,4679.37,4287.0,1.092,8.0,112.8,10,Mumbai,0,DEV_ANDROID_13,0,1480,0,1.55,1,P2M,0
TXN105276,USR0065,2356.96,3227.0,0.73,33.4,5.0,15,Delhi,0,DEV_ANDROID_14,0,1784,0,0.36,1,P2M,0
TXN105277,USR0012,419.51,1109.0,0.378,23.4,150.8,6,Mumbai,0,DEV_IOS_18,0,1246,0,0.54,1,P2M,0
TXN105278,USR0129,5474.11,4329.0,1.265,24.3,178.0,15,Mumbai,1,DEV_ANDROID_13,0,1407,0,0.82,1,P2P,0
TXN105279,USR0077,8428.04,4759.0,1.771,15.9,17.0,11,Mumbai,0,DEV_ANDROID_13,0,110,0,1.02,0,BILL_PAYMENT,0
TXN105280,USR0146,975.05,803.0,1.214,23.0,25.6,13,Mumbai,0,DEV_ANDROID_13,0,1207,0,1.63,0,P2M,0
TXN105281,USR0141,1168.31,1171.0,0.998,1.1,239.0,14,Chennai,1,DEV_IOS_18,0,299,0,0.88,0,P2M,0
TXN105282,USR0105,816.6,1284.0,0.636,33.6,286.6,15,Lucknow,1,DEV_ANDROID_14,0,650,0,1.12,1,P2P,0
TXN105283,USR0143,5610.51,3747.0,1.497,26.4,479.1,8,Chennai,0,DEV_IOS_18,0,1703,0,1.2,1,P2M,0
TXN105284,USR0150,1595.82,1846.0,0.864,13.4,615.1,6,Bengaluru,0,DEV_IOS_18,0,336,0,1.11,1,P2P,0
TXN105285,USR0062,4552.47,2948.0,1.544,9.3,31.8,8,Mumbai,0,DEV_ANDROID_14,0,203,0,0.1,1,P2P,0
TXN105286,USR0003,5925.56,3784.0,1.566,23.9,92.2,8,Hyderabad,0,DEV_ANDROID_13,0,1342,0,0.58,1,P2P,0
TXN105287,USR0048,1395.75,2387.0,0.585,12.0,433.7,6,Chennai,0,DEV_IOS_18,0,1135,0,0.82,0,P2M,0
TXN105288,USR0071,1599.81,1774.0,0.902,19.1,5.0,19,Hyderabad,0,DEV_ANDROID_14,0,1751,0,0.51,1,P2M,0
TXN105289,USR0092,5021.11,3316.0,1.514,33.2,229.4,21,Hyderabad,0,DEV_ANDROID_14,0,216,0,1.63,0,BILL_PAYMENT,0
TXN105290,USR0100,9345.77,2121.0,4.406,56.0,1.1,10,Jaipur,1,DEV_ANDROID_13,1,836,3,5.93,0,ONLINE_SHOPPING,1
TXN105291,USR0103,4170.35,4267.0,0.977,31.9,222.0,20,Kolkata,0,DEV_ANDROID_13,0,1738,0,1.55,0,P2M,0
TXN105292,USR0025,3128.7,3410.0,0.918,22.0,6.3,13,Bengaluru,0,DEV_ANDROID_13,0,1546,0,1.44,0,BILL_PAYMENT,0
TXN105293,USR0084,3360.0,960.0,3.5,9.5,304.4,17,Chennai,0,DEV_ANDROID_13,0,970,0,1.1,0,P2M,0
TXN105294,USR0079,533.65,2089.0,0.255,20.6,222.6,11,Chennai,0,DEV_ANDROID_14,0,1317,0,1.92,1,P2P,0
TXN105295,USR0070,7750.84,4705.0,1.647,14.1,181.6,13,Chennai,1,DEV_ANDROID_13,0,349,0,1.15,1,P2P,0
TXN105296,USR0023,1895.7,2955.0,0.642,14.7,27.9,14,Delhi,0,DEV_ANDROID_13,0,976,0,1.82,1,P2M,0
TXN105297,USR0041,1992.11,2677.0,0.744,21.8,13.6,12,Bengaluru,0,DEV_ANDROID_13,0,873,0,1.48,1,ONLINE_SHOPPING,0
TXN105298,USR0132,5633.59,3311.0,1.701,7.3,158.7,16,Hyderabad,0,DEV_ANDROID_13,0,577,0,2.63,1,P2M,0
TXN105299,USR0107,4914.66,1116.0,4.404,18.0,178.0,2,Lucknow,1,DEV_ANDROID_13,1,1046,3,7.43,0,P2P,1
TXN105300,USR0092,1810.56,3316.0,0.546,29.1,169.5,12,Hyderabad,0,DEV_ANDROID_14,0,248,0,0.91,1,P2M,0
TXN105301,USR0084,3018.56,960.0,3.144,45.0,2.8,7,Kochi,1,DEV_WEB_CHROME,1,958,2,13.94,0,P2P,1
TXN105302,USR0025,3296.28,3410.0,0.967,22.7,281.5,13,Jaipur,1,DEV_ANDROID_13,0,1555,0,1.47,1,P2M,0
TXN105303,USR0071,3429.09,1774.0,1.933,18.2,24.0,7,Hyderabad,0,DEV_ANDROID_14,0,1801,0,1.64,1,P2P,0
TXN105304,USR0124,1783.39,1625.0,1.097,5.4,79.8,16,Hyderabad,0,DEV_ANDROID_14,0,302,0,1.67,1,P2P,0
TXN105305,USR0013,8660.55,2086.0,4.152,51.0,27.2,3,Bengaluru,1,DEV_UNKNOWN,1,742,3,7.21,0,INVESTMENT,1
TXN105306,USR0003,5519.64,3784.0,1.459,29.4,80.3,11,Jaipur,1,DEV_ANDROID_13,0,1323,0,1.16,0,P2P,0
TXN105307,USR0066,815.79,572.0,1.426,11.2,130.3,12,Delhi,0,DEV_ANDROID_14,0,1054,0,1.45,1,P2P,0
TXN105308,USR0017,1281.12,1139.0,1.125,28.5,109.3,7,Kolkata,0,DEV_IOS_18,0,1164,0,2.73,0,P2M,0
TXN105309,USR0024,819.01,1043.0,0.785,17.1,734.7,10,Hyderabad,0,DEV_ANDROID_14,0,284,0,1.4,0,P2M,0
TXN105310,USR0013,676.51,2086.0,0.324,36.7,181.4,7,Kolkata,0,DEV_ANDROID_13,0,796,0,0.63,0,RECHARGE,0
TXN105311,USR0063,746.91,946.0,0.79,16.8,70.8,8,Hyderabad,0,DEV_ANDROID_13,0,480,0,0.83,1,P2P,0
TXN105312,USR0107,1339.05,1116.0,1.2,8.7,160.3,19,Hyderabad,0,DEV_ANDROID_14,0,1063,0,2.41,1,BILL_PAYMENT,0
TXN105313,USR0069,2905.98,3260.0,0.891,22.6,34.6,7,Hyderabad,0,DEV_ANDROID_14,0,1614,0,1.43,1,P2P,0
TXN105314,USR0036,1321.33,1141.0,1.158,31.9,60.0,8,Bengaluru,0,DEV_ANDROID_13,0,905,0,1.23,1,BILL_PAYMENT,0
TXN105315,USR0097,1950.29,1552.0,1.257,23.1,14.2,21,Delhi,0,DEV_ANDROID_13,0,888,0,1.93,1,P2P,0
TXN105316,USR0011,3838.6,2073.0,1.852,14.0,12.5,19,Chennai,0,DEV_ANDROID_14,0,909,0,6.11,0,P2P,1
TXN105317,USR0070,4096.91,4705.0,0.871,7.8,44.9,14,Delhi,0,DEV_ANDROID_13,0,350,0,0.89,1,BILL_PAYMENT,0
TXN105318,USR0025,9420.48,3410.0,2.763,16.6,140.9,13,Bengaluru,0,DEV_ANDROID_13,0,1588,0,2.61,0,P2P,0
TXN105319,USR0090,7708.49,4795.0,1.608,12.8,52.9,11,Chennai,1,DEV_ANDROID_14,0,560,0,1.07,1,P2M,0
TXN105320,USR0045,3353.65,3638.0,0.922,5.5,94.1,15,Mumbai,0,DEV_IOS_18,0,1356,0,1.58,1,P2M,0
TXN105321,USR0024,1354.63,1043.0,1.299,11.5,464.3,9,Hyderabad,0,DEV_ANDROID_14,0,263,0,1.05,1,P2P,0
TXN105322,USR0149,2111.84,3318.0,0.636,13.8,46.9,8,Chennai,0,DEV_ANDROID_13,0,1478,0,0.75,1,ONLINE_SHOPPING,0
TXN105323,USR0058,3393.06,3029.0,1.12,24.0,43.5,8,Kolkata,0,DEV_IOS_18,1,849,0,1.97,0,P2M,0
TXN105324,USR0114,1370.78,1547.0,0.886,24.2,77.9,7,Pune,1,DEV_ANDROID_14,0,1059,1,1.27,0,P2P,0
TXN105325,USR0060,2668.57,2418.0,1.104,14.1,19.5,11,Hyderabad,0,DEV_ANDROID_13,0,109,0,1.64,1,P2P,0
TXN105326,USR0007,2279.17,823.0,2.769,23.1,255.2,10,Bengaluru,0,DEV_ANDROID_14,0,1626,2,2.37,1,P2P,0
TXN105327,USR0098,4262.93,2841.0,1.501,27.3,230.3,9,Delhi,0,DEV_IOS_18,0,1120,0,1.89,1,P2P,0
TXN105328,USR0122,2503.49,2765.0,0.905,36.3,306.0,16,Hyderabad,0,DEV_ANDROID_14,0,1604,0,0.87,1,P2P,0
TXN105329,USR0079,12536.14,2089.0,6.001,21.3,29.2,20,Chennai,0,DEV_ANDROID_14,0,1349,0,1.19,1,P2P,0
TXN105330,USR0088,6598.32,4666.0,1.414,8.7,107.4,15,Mumbai,0,DEV_IOS_18,0,774,0,0.83,1,P2M,0
TXN105331,USR0027,950.11,816.0,1.164,16.1,68.2,12,Hyderabad,0,DEV_IOS_18,0,1450,0,0.4,1,BILL_PAYMENT,0
TXN105332,USR0040,1372.38,942.0,1.457,15.2,95.2,10,Mumbai,0,DEV_IOS_18,0,1766,0,1.41,1,P2P,0
TXN105333,USR0002,20184.01,3607.0,5.596,54.0,59.6,7,Delhi,1,DEV_UNKNOWN,1,238,6,7.97,0,P2P,1
TXN105334,USR0072,1994.9,4501.0,0.443,1.2,80.6,15,Kochi,1,DEV_ANDROID_14,0,1359,0,2.29,1,P2M,0
TXN105335,USR0062,17073.03,2948.0,5.791,35.0,53.2,0,Ahmedabad,1,DEV_UNKNOWN,1,237,6,7.41,0,INVESTMENT,1
TXN105336,USR0090,7733.65,4795.0,1.613,14.6,13.0,9,Hyderabad,0,DEV_ANDROID_14,0,531,0,1.52,1,P2M,0
TXN105337,USR0116,15157.5,2809.0,5.396,41.0,30.8,17,Bengaluru,0,DEV_ANDROID_12,1,239,2,5.12,0,INVESTMENT,1
TXN105338,USR0032,2234.3,2962.0,0.754,23.6,186.0,17,Hyderabad,0,DEV_ANDROID_14,0,1428,0,0.29,0,P2P,0
TXN105339,USR0006,22855.63,4184.0,5.463,22.5,163.7,9,Hyderabad,0,DEV_IOS_18,0,870,0,1.46,1,P2M,0
TXN105340,USR0097,1148.72,1552.0,0.74,24.1,145.4,10,Delhi,0,DEV_ANDROID_13,0,889,0,1.19,0,P2P,0
TXN105341,USR0055,1136.96,1096.0,1.037,35.5,164.2,10,Delhi,0,DEV_ANDROID_14,0,799,0,1.32,1,BILL_PAYMENT,0
TXN105342,USR0112,2513.97,4425.0,0.568,25.7,151.9,14,Hyderabad,0,DEV_ANDROID_13,0,1589,0,0.46,0,ONLINE_SHOPPING,0
TXN105343,USR0055,1755.97,1096.0,1.602,29.3,85.2,9,Chandigarh,1,DEV_ANDROID_14,0,818,0,2.0,1,P2M,0
TXN105344,USR0083,4178.88,1684.0,2.482,7.5,27.1,15,Mumbai,1,DEV_ANDROID_14,0,80,0,0.1,1,BILL_PAYMENT,0
TXN105345,USR0132,23032.18,3311.0,6.956,3.6,139.2,7,Hyderabad,0,DEV_ANDROID_13,0,593,0,1.95,1,BILL_PAYMENT,0
TXN105346,USR0086,8082.18,4098.0,1.972,7.7,266.0,17,Delhi,0,DEV_ANDROID_13,0,1327,0,1.3,0,P2P,0
TXN105347,USR0047,367.81,489.0,0.752,27.1,423.6,10,Bengaluru,0,DEV_ANDROID_13,0,923,0,2.16,1,P2P,0
TXN105348,USR0106,1642.5,1061.0,1.548,26.1,144.1,12,Delhi,0,DEV_IOS_18,1,1719,0,1.38,1,ONLINE_SHOPPING,0
TXN105349,USR0066,775.08,572.0,1.355,9.2,54.1,17,Delhi,0,DEV_ANDROID_14,0,1060,0,1.27,1,P2P,0
TXN105350,USR0097,4964.44,1552.0,3.199,26.9,89.9,11,Delhi,0,DEV_ANDROID_13,0,831,0,1.49,0,P2M,0
TXN105351,USR0142,1965.43,3033.0,0.648,17.7,405.1,8,Hyderabad,0,DEV_ANDROID_14,0,853,0,1.48,0,P2M,0
TXN105352,USR0089,1186.34,1008.0,1.177,20.8,15.9,18,Kolkata,0,DEV_ANDROID_14,0,925,0,0.88,1,P2M,0
TXN105353,USR0025,2427.43,3410.0,0.712,13.1,91.9,10,Bengaluru,0,DEV_ANDROID_13,0,1550,0,0.1,1,P2P,0
TXN105354,USR0047,177.91,489.0,0.364,26.3,73.2,16,Bengaluru,0,DEV_ANDROID_13,0,932,0,2.22,1,P2P,0
TXN105355,USR0111,4080.68,4209.0,0.97,12.6,222.9,16,Chennai,0,DEV_IOS_18,0,1788,0,1.43,1,BILL_PAYMENT,0
TXN105356,USR0080,1372.97,1303.0,1.054,10.9,289.8,20,Kolkata,0,DEV_ANDROID_14,0,591,0,1.1,1,ONLINE_SHOPPING,0
TXN105357,USR0115,2581.74,1698.0,1.52,1.0,126.0,12,Kolkata,0,DEV_IOS_18,0,99,0,1.11,1,P2M,0
TXN105358,USR0080,6276.1,1303.0,4.817,15.4,50.5,12,Kolkata,0,DEV_IOS_18,1,580,0,1.0,1,BILL_PAYMENT,0
TXN105359,USR0099,4896.48,3865.0,1.267,21.4,334.7,14,Chennai,1,DEV_ANDROID_13,0,549,0,2.28,1,P2P,0
TXN105360,USR0028,223.96,541.0,0.414,19.5,263.1,11,Delhi,0,DEV_IOS_18,0,830,0,0.66,1,P2M,0
TXN105361,USR0132,3318.1,3311.0,1.002,6.6,284.6,9,Hyderabad,0,DEV_ANDROID_13,0,538,0,0.24,1,ONLINE_SHOPPING,0
TXN105362,USR0082,1452.15,1061.0,1.369,33.4,79.9,20,Hyderabad,0,DEV_IOS_18,0,86,0,0.87,0,P2P,0
TXN105363,USR0055,2619.59,1096.0,2.39,35.3,58.1,15,Delhi,0,DEV_ANDROID_14,0,759,0,1.63,0,P2P,0
TXN105364,USR0123,2166.96,4007.0,0.541,13.4,94.9,13,Kolkata,0,DEV_IOS_18,0,1292,1,0.85,1,ONLINE_SHOPPING,0
TXN105365,USR0042,12456.9,4858.0,2.564,5.4,79.9,13,Delhi,0,DEV_ANDROID_13,0,1408,0,1.0,1,BILL_PAYMENT,0
TXN105366,USR0109,2253.02,1296.0,1.738,14.1,78.3,19,Chennai,0,DEV_ANDROID_14,0,1500,0,1.09,1,P2P,0
TXN105367,USR0051,2090.33,1265.0,1.652,18.4,316.1,16,Delhi,0,DEV_IOS_18,0,1182,0,1.68,1,BILL_PAYMENT,0
TXN105368,USR0125,1231.98,1159.0,1.063,17.3,87.6,8,Bengaluru,0,DEV_IOS_18,0,1137,0,1.88,1,P2P,0
TXN105369,USR0125,1873.79,1159.0,1.617,21.8,157.3,20,Bengaluru,0,DEV_IOS_18,0,1126,0,1.69,1,P2M,0
TXN105370,USR0004,1058.62,989.0,1.07,30.9,24.3,12,Chennai,0,DEV_IOS_18,0,839,0,2.08,0,BILL_PAYMENT,0
TXN105371,USR0148,2941.91,1934.0,1.521,24.8,90.8,13,Chennai,0,DEV_ANDROID_13,0,1638,0,0.29,1,P2M,0
TXN105372,USR0102,2327.43,1540.0,1.511,10.3,513.9,10,Bengaluru,0,DEV_IOS_18,0,433,0,1.03,1,P2P,0
TXN105373,USR0116,14091.67,2809.0,5.017,33.9,318.0,9,Bengaluru,0,DEV_ANDROID_13,0,245,0,1.99,1,P2P,0
TXN105374,USR0148,4305.61,1934.0,2.226,21.0,42.8,12,Kochi,1,DEV_ANDROID_13,0,1604,0,1.0,0,BILL_PAYMENT,0
TXN105375,USR0145,5083.99,4287.0,1.186,9.0,213.7,10,Mumbai,0,DEV_ANDROID_13,0,1436,0,1.86,0,P2M,0
TXN105376,USR0091,8131.88,2696.0,3.016,5.4,5.0,11,Kolkata,0,DEV_ANDROID_13,0,1101,0,0.33,1,P2M,0
TXN105377,USR0038,1647.04,2152.0,0.765,12.8,51.4,8,Bengaluru,0,DEV_ANDROID_14,0,581,0,1.31,1,P2M,0
TXN105378,USR0086,4603.64,4098.0,1.123,7.8,391.3,15,Delhi,0,DEV_ANDROID_13,0,1301,0,1.15,1,P2P,0
TXN105379,USR0022,4600.95,3458.0,1.331,26.9,237.4,13,Chennai,0,DEV_ANDROID_13,0,1332,1,1.31,0,P2M,0
TXN105380,USR0025,2285.68,3410.0,0.67,20.4,174.3,12,Bengaluru,0,DEV_ANDROID_13,0,1592,0,0.78,1,RECHARGE,0
TXN105381,USR0052,834.7,875.0,0.954,9.0,298.9,19,Mumbai,0,DEV_ANDROID_13,0,1105,0,0.88,0,P2P,0
TXN105382,USR0025,8723.23,3410.0,2.558,17.2,320.4,17,Bengaluru,0,DEV_ANDROID_13,0,1560,0,1.15,1,RECHARGE,0
TXN105383,USR0150,2670.16,1846.0,1.446,19.2,155.5,14,Kolkata,1,DEV_IOS_18,0,345,0,2.41,1,P2P,0
TXN105384,USR0131,1445.63,1330.0,1.087,25.6,69.5,20,Bengaluru,0,DEV_IOS_18,0,1018,0,0.21,1,P2P,0
TXN105385,USR0108,2059.32,931.0,2.212,47.0,1.3,14,Bengaluru,1,DEV_ANDROID_12,1,92,3,9.75,0,P2P,1
TXN105386,USR0054,1379.1,1995.0,0.691,23.2,180.8,13,Hyderabad,0,DEV_IOS_18,0,1086,0,1.76,0,P2M,0
TXN105387,USR0076,2211.05,3835.0,0.577,17.3,30.6,13,Mumbai,0,DEV_ANDROID_13,0,551,0,2.03,1,P2P,0
TXN105388,USR0037,7137.92,2687.0,2.656,24.3,303.3,7,Kolkata,0,DEV_ANDROID_14,0,964,0,0.47,0,P2P,0
TXN105389,USR0049,871.42,835.0,1.044,21.8,111.6,10,Mumbai,0,DEV_IOS_18,0,1167,0,2.44,1,P2P,0
TXN105390,USR0048,3638.04,2387.0,1.524,13.5,190.1,8,Chennai,0,DEV_IOS_18,0,1180,0,1.1,0,P2P,0
TXN105391,USR0047,32978.92,489.0,67.442,32.0,20.8,19,Bengaluru,0,DEV_UNKNOWN,1,904,5,8.23,0,P2P,1
TXN105392,USR0098,3767.9,2841.0,1.326,22.3,58.5,11,Delhi,0,DEV_IOS_18,0,1156,0,0.76,0,P2P,0
TXN105393,USR0131,564.78,1330.0,0.425,31.2,90.5,12,Bengaluru,0,DEV_IOS_18,0,1007,0,1.97,1,P2P,0
TXN105394,USR0075,3368.52,2287.0,1.473,15.8,450.6,15,Bengaluru,0,DEV_IOS_18,0,1612,0,1.5,1,P2M,0
TXN105395,USR0009,4056.95,3622.0,1.12,16.5,417.3,12,Mumbai,0,DEV_ANDROID_13,0,141,0,0.3,1,P2P,0
TXN105396,USR0098,11620.98,2841.0,4.09,19.9,30.9,12,Delhi,0,DEV_ANDROID_14,1,1139,0,1.11,1,ONLINE_SHOPPING,0
TXN105397,USR0058,16437.91,3029.0,5.427,51.0,49.6,3,Jaipur,1,DEV_UNKNOWN,1,866,3,10.49,0,INVESTMENT,1
TXN105398,USR0039,5668.09,3193.0,1.775,36.0,2.7,12,Delhi,1,DEV_UNKNOWN,1,1754,5,10.68,0,ONLINE_SHOPPING,1
TXN105399,USR0141,2786.26,1171.0,2.379,7.9,112.5,12,Hyderabad,0,DEV_IOS_18,0,268,0,1.21,1,P2M,0
TXN105400,USR0094,3887.19,3141.0,1.238,10.4,119.3,18,Kolkata,0,DEV_ANDROID_14,0,1662,0,1.45,0,P2P,0
TXN105401,USR0011,3901.4,2073.0,1.882,16.4,19.5,12,Chennai,0,DEV_ANDROID_14,0,896,0,1.06,0,P2P,0
TXN105402,USR0148,1861.99,1934.0,0.963,28.3,35.6,9,Chennai,0,DEV_ANDROID_13,0,1623,0,0.92,1,P2M,0
TXN105403,USR0056,3531.31,4000.0,0.883,5.8,5.0,7,Bengaluru,0,DEV_WEB_CHROME,1,205,0,1.72,1,BILL_PAYMENT,0
TXN105404,USR0060,15152.14,2418.0,6.266,14.9,372.7,21,Hyderabad,0,DEV_ANDROID_13,0,51,0,1.51,1,P2P,0
TXN105405,USR0040,8945.71,942.0,9.497,41.0,6.9,16,Ahmedabad,1,DEV_UNKNOWN,1,1753,4,7.26,0,P2M,1
TXN105406,USR0014,976.45,2104.0,0.464,6.2,155.0,14,Delhi,0,DEV_ANDROID_13,0,867,0,1.93,0,P2M,0
TXN105407,USR0137,4014.83,4815.0,0.834,34.3,600.3,15,Chennai,0,DEV_ANDROID_14,0,386,0,2.2,1,P2M,0
TXN105408,USR0066,757.07,572.0,1.324,10.3,273.1,18,Delhi,0,DEV_ANDROID_14,0,999,2,1.47,1,P2M,0
TXN105409,USR0086,5821.43,4098.0,1.421,4.5,48.3,23,Delhi,0,DEV_ANDROID_13,0,1347,0,1.84,1,P2M,0
TXN105410,USR0116,4173.2,2809.0,1.486,24.4,238.0,19,Bengaluru,0,DEV_ANDROID_13,0,240,0,1.02,0,BILL_PAYMENT,0
TXN105411,USR0007,981.32,823.0,1.192,20.0,427.4,16,Bengaluru,0,DEV_ANDROID_13,1,1633,0,1.03,1,BILL_PAYMENT,0
TXN105412,USR0081,1587.69,1873.0,0.848,28.3,7.4,15,Kolkata,0,DEV_ANDROID_13,0,923,0,1.2,1,BILL_PAYMENT,0
TXN105413,USR0110,2730.15,3119.0,0.875,22.4,1044.2,16,Mumbai,0,DEV_WEB_CHROME,1,1259,0,0.17,1,P2M,0
TXN105414,USR0022,1384.71,3458.0,0.4,17.8,104.0,8,Chennai,0,DEV_ANDROID_13,0,1268,0,1.26,1,P2P,0
TXN105415,USR0056,5201.8,4000.0,1.3,1.0,26.9,16,Bengaluru,0,DEV_IOS_18,0,211,0,2.64,1,P2P,0
TXN105416,USR0121,25716.68,3799.0,6.769,1.0,136.0,16,Hyderabad,0,DEV_ANDROID_13,0,1516,0,0.89,1,P2M,0
TXN105417,USR0028,359.67,541.0,0.665,20.3,622.0,17,Delhi,0,DEV_IOS_18,0,801,0,1.87,0,BILL_PAYMENT,0
TXN105418,USR0038,1269.19,2152.0,0.59,11.8,9.2,9,Bengaluru,0,DEV_ANDROID_14,0,581,0,0.79,1,BILL_PAYMENT,0
TXN105419,USR0122,3118.79,2765.0,1.128,34.3,224.1,8,Hyderabad,0,DEV_ANDROID_14,0,1556,0,0.1,0,P2P,0
TXN105420,USR0138,969.18,3130.0,0.31,16.8,112.2,20,Chennai,0,DEV_IOS_18,0,1452,0,1.63,1,P2P,0
TXN105421,USR0136,1188.76,788.0,1.509,19.1,87.0,10,Chennai,0,DEV_IOS_18,0,1742,0,0.94,1,P2M,0
TXN105422,USR0071,1693.5,1774.0,0.955,24.0,532.9,8,Hyderabad,0,DEV_ANDROID_14,0,1779,0,1.06,1,P2M,0
TXN105423,USR0053,1757.88,1779.0,0.988,35.6,91.7,15,Chennai,0,DEV_ANDROID_14,0,1786,0,0.59,0,P2P,0
TXN105424,USR0069,5170.81,3260.0,1.586,24.6,210.1,12,Hyderabad,0,DEV_ANDROID_14,0,1658,0,1.58,1,BILL_PAYMENT,0
TXN105425,USR0120,2814.19,3985.0,0.706,24.4,253.5,10,Chennai,0,DEV_IOS_18,0,1222,0,1.37,1,BILL_PAYMENT,0
TXN105426,USR0074,3665.66,1853.0,1.978,4.6,242.1,15,Hyderabad,0,DEV_ANDROID_13,1,1443,1,1.63,0,P2M,0
TXN105427,USR0128,1654.39,1765.0,0.937,29.8,194.7,13,Chennai,0,DEV_ANDROID_14,0,1738,0,1.33,1,P2M,0
TXN105428,USR0077,14632.11,4759.0,3.075,9.2,105.8,20,Mumbai,0,DEV_ANDROID_13,0,75,0,1.24,0,P2M,0
TXN105429,USR0067,1405.71,1825.0,0.77,31.8,332.1,9,Hyderabad,0,DEV_IOS_18,0,866,0,1.77,1,P2M,0
TXN105430,USR0047,409.78,489.0,0.838,33.9,30.5,12,Bengaluru,0,DEV_ANDROID_13,0,941,0,0.73,1,P2M,0
TXN105431,USR0106,2027.67,1061.0,1.911,26.2,192.0,10,Delhi,0,DEV_ANDROID_13,0,1680,0,1.42,0,P2M,0
TXN105432,USR0117,727.51,891.0,0.817,1.7,100.5,20,Mumbai,0,DEV_ANDROID_13,0,802,0,0.71,1,P2P,0
TXN105433,USR0033,1631.15,2282.0,0.715,17.2,177.8,16,Kolkata,0,DEV_IOS_18,0,814,0,1.56,1,INVESTMENT,0
TXN105434,USR0117,899.59,891.0,1.01,7.2,125.4,16,Chennai,1,DEV_ANDROID_13,0,740,0,1.19,1,P2M,0
TXN105435,USR0054,1421.81,1995.0,0.713,20.2,14.2,11,Hyderabad,0,DEV_IOS_18,0,1118,0,2.21,1,P2M,0
TXN105436,USR0076,24936.07,3835.0,6.502,34.0,148.0,3,Delhi,1,DEV_UNKNOWN,1,500,2,5.88,0,P2P,1
TXN105437,USR0142,13790.2,3033.0,4.547,46.0,1.5,19,Ahmedabad,1,DEV_WEB_CHROME,1,861,3,5.52,0,ONLINE_SHOPPING,1
TXN105438,USR0148,3341.33,1934.0,1.728,24.2,151.0,12,Chennai,0,DEV_ANDROID_13,0,1609,0,1.16,1,P2M,0
TXN105439,USR0032,2290.11,2962.0,0.773,26.3,903.2,14,Hyderabad,0,DEV_ANDROID_13,1,1418,0,1.42,1,P2M,0
TXN105440,USR0098,1337.86,2841.0,0.471,28.4,88.0,17,Delhi,0,DEV_IOS_18,0,1155,1,0.84,0,ONLINE_SHOPPING,0
TXN105441,USR0109,1221.86,1296.0,0.943,7.4,444.2,8,Chennai,0,DEV_ANDROID_14,0,1503,0,0.62,1,P2M,0
TXN105442,USR0133,436.8,561.0,0.779,10.6,238.5,11,Delhi,0,DEV_ANDROID_13,0,1111,0,1.58,1,BILL_PAYMENT,0
TXN105443,USR0087,3584.69,4199.0,0.854,7.9,381.0,16,Hyderabad,1,DEV_ANDROID_13,0,805,0,0.69,1,P2M,0
TXN105444,USR0145,3187.49,4287.0,0.744,4.4,138.2,18,Mumbai,0,DEV_ANDROID_13,0,1461,0,1.12,1,P2M,0
TXN105445,USR0074,1311.07,1853.0,0.708,1.0,101.1,16,Hyderabad,0,DEV_IOS_18,0,1376,0,1.36,1,ONLINE_SHOPPING,0
TXN105446,USR0146,7008.6,803.0,8.728,26.0,29.3,15,Kolkata,1,DEV_ANDROID_12,1,1178,3,6.13,0,P2P,1
TXN105447,USR0117,857.88,891.0,0.963,2.9,21.3,6,Hyderabad,1,DEV_ANDROID_13,0,750,0,1.12,0,P2M,0
TXN105448,USR0031,2992.79,4621.0,0.648,17.2,30.8,10,Kolkata,0,DEV_ANDROID_14,0,801,0,1.28,1,INVESTMENT,0
TXN105449,USR0122,2816.33,2765.0,1.019,37.5,5.0,13,Hyderabad,0,DEV_ANDROID_14,0,1542,0,0.41,1,P2M,0
TXN105450,USR0138,3936.4,3130.0,1.258,19.7,228.3,8,Chennai,0,DEV_IOS_18,0,1445,0,1.19,0,P2M,0
TXN105451,USR0051,1312.78,1265.0,1.038,15.2,60.2,11,Delhi,0,DEV_IOS_18,0,1193,2,1.51,0,P2M,0
TXN105452,USR0089,964.17,1008.0,0.957,22.2,126.4,7,Kolkata,0,DEV_ANDROID_14,0,927,0,1.12,1,P2P,0
TXN105453,USR0125,12823.58,1159.0,11.064,15.0,19.9,21,Chennai,1,DEV_IOS_18,0,1089,5,5.46,0,INVESTMENT,1
TXN105454,USR0086,20766.27,4098.0,5.067,32.0,88.0,3,Delhi,0,DEV_UNKNOWN,1,1294,3,4.19,0,P2P,1
TXN105455,USR0147,7450.24,4639.0,1.606,30.0,9.5,14,Chennai,0,DEV_IOS_18,0,406,0,1.52,0,INVESTMENT,0
TXN105456,USR0069,1558.19,3260.0,0.478,17.3,188.8,16,Hyderabad,0,DEV_ANDROID_14,0,1620,0,1.52,0,P2M,0
TXN105457,USR0104,513.07,706.0,0.727,11.7,143.5,13,Mumbai,0,DEV_ANDROID_13,0,1112,0,1.42,1,P2M,0
TXN105458,USR0023,2758.38,2955.0,0.933,21.2,288.8,10,Delhi,0,DEV_ANDROID_13,0,914,1,1.83,1,P2M,0
TXN105459,USR0091,1369.6,2696.0,0.508,3.7,340.7,16,Kolkata,0,DEV_ANDROID_13,0,1119,0,0.98,1,P2P,0
TXN105460,USR0010,4203.15,4508.0,0.932,33.7,121.2,13,Kolkata,0,DEV_IOS_18,0,1389,0,0.96,1,P2P,0
TXN105461,USR0007,640.56,823.0,0.778,22.1,121.6,13,Bengaluru,0,DEV_ANDROID_14,0,1596,0,0.82,1,P2M,0
TXN105462,USR0021,3762.1,4102.0,0.917,8.6,65.4,17,Chennai,0,DEV_ANDROID_14,0,1465,0,0.38,1,P2P,0
TXN105463,USR0127,2927.12,2395.0,1.222,19.0,121.3,8,Chennai,0,DEV_ANDROID_14,0,412,0,0.53,1,BILL_PAYMENT,0
TXN105464,USR0046,2298.5,3064.0,0.75,25.8,5.0,13,Delhi,0,DEV_ANDROID_13,0,385,0,1.9,0,P2M,0
TXN105465,USR0009,3371.06,3622.0,0.931,13.3,24.1,15,Mumbai,0,DEV_ANDROID_13,0,161,1,0.41,0,P2M,0
TXN105466,USR0149,2542.88,3318.0,0.766,12.0,8.5,22,Chennai,0,DEV_ANDROID_13,0,1427,0,1.94,1,P2P,0
TXN105467,USR0108,641.47,931.0,0.689,20.4,44.8,12,Mumbai,0,DEV_IOS_18,0,102,0,1.27,1,P2P,0
TXN105468,USR0101,25195.24,4828.0,5.219,28.8,15.9,12,Mumbai,0,DEV_IOS_18,0,567,0,0.9,1,P2M,0
TXN105469,USR0038,1603.73,2152.0,0.745,12.8,166.5,11,Chandigarh,1,DEV_ANDROID_14,0,606,0,1.73,1,P2P,0
TXN105470,USR0071,2061.09,1774.0,1.162,13.4,365.1,16,Hyderabad,0,DEV_ANDROID_14,0,1759,0,0.74,1,BILL_PAYMENT,0
TXN105471,USR0108,2038.56,931.0,2.19,20.6,332.4,21,Mumbai,0,DEV_IOS_18,0,64,0,0.82,1,P2P,0
TXN105472,USR0141,2883.46,1171.0,2.462,4.2,184.2,9,Ahmedabad,1,DEV_IOS_18,0,248,0,1.26,1,BILL_PAYMENT,0
TXN105473,USR0117,886.46,891.0,0.995,13.6,28.9,13,Mumbai,0,DEV_ANDROID_13,0,747,0,0.64,0,P2M,0
TXN105474,USR0051,1100.35,1265.0,0.87,12.3,375.4,15,Delhi,0,DEV_IOS_18,0,1249,0,2.0,0,P2P,0
TXN105475,USR0030,8316.62,1476.0,5.635,37.0,67.1,13,Kolkata,0,DEV_ANDROID_14,0,118,0,1.13,1,P2P,0
TXN105476,USR0006,14754.2,4184.0,3.526,13.0,15.3,18,Hyderabad,0,DEV_UNKNOWN,1,872,0,5.11,0,P2P,1
TXN105477,USR0101,33816.2,4828.0,7.004,36.2,379.7,14,Jaipur,1,DEV_IOS_18,0,510,0,1.46,1,P2P,0
TXN105478,USR0117,659.25,891.0,0.74,1.8,23.9,7,Mumbai,0,DEV_ANDROID_13,0,756,0,1.77,1,P2M,0
TXN105479,USR0004,1639.08,989.0,1.657,29.5,931.6,13,Ahmedabad,1,DEV_IOS_18,0,861,0,1.54,1,ONLINE_SHOPPING,0
TXN105480,USR0077,4561.24,4759.0,0.958,13.8,33.6,14,Mumbai,0,DEV_ANDROID_13,0,83,0,0.3,1,P2M,0
TXN105481,USR0133,2849.06,561.0,5.079,31.0,169.0,3,Ahmedabad,1,DEV_ANDROID_13,0,1110,0,5.05,0,P2P,1
TXN105482,USR0150,936.68,1846.0,0.507,14.9,272.6,13,Bengaluru,0,DEV_IOS_18,0,312,0,0.91,1,P2P,0
TXN105483,USR0038,1905.22,2152.0,0.885,11.1,244.9,11,Bengaluru,0,DEV_ANDROID_14,0,616,1,0.61,0,ONLINE_SHOPPING,0
TXN105484,USR0073,1232.05,1427.0,0.863,29.0,111.2,10,Kolkata,0,DEV_ANDROID_13,0,249,0,1.3,1,P2M,0
TXN105485,USR0012,1978.46,1109.0,1.784,31.1,32.5,16,Mumbai,0,DEV_IOS_18,0,1263,0,1.85,1,P2P,0
TXN105486,USR0030,2180.42,1476.0,1.477,27.1,24.2,14,Kolkata,0,DEV_ANDROID_14,0,116,0,0.1,1,P2M,0
TXN105487,USR0123,6970.91,4007.0,1.74,26.8,16.6,21,Jaipur,1,DEV_WEB_CHROME,1,1225,0,0.98,1,P2P,0
TXN105488,USR0092,2493.73,3316.0,0.752,33.1,36.3,19,Hyderabad,0,DEV_ANDROID_14,0,245,0,1.15,1,BILL_PAYMENT,0
TXN105489,USR0097,1355.94,1552.0,0.874,28.2,243.1,14,Delhi,0,DEV_WEB_CHROME,1,908,0,1.23,1,P2P,0
TXN105490,USR0115,1301.42,1698.0,0.766,10.8,367.4,7,Kolkata,0,DEV_IOS_18,0,23,0,1.44,1,BILL_PAYMENT,0
TXN105491,USR0130,3227.24,2863.0,1.127,32.6,90.8,14,Kochi,1,DEV_IOS_18,0,1588,0,1.57,1,P2P,0
TXN105492,USR0073,1690.21,1427.0,1.184,34.9,429.8,13,Kolkata,0,DEV_ANDROID_13,0,264,0,0.85,1,P2P,0
TXN105493,USR0047,654.45,489.0,1.338,28.5,630.5,12,Mumbai,1,DEV_ANDROID_13,0,956,0,1.34,0,P2P,0
TXN105494,USR0004,891.58,989.0,0.901,31.1,21.6,15,Chennai,0,DEV_IOS_18,0,857,0,1.05,1,RECHARGE,0
TXN105495,USR0041,2952.52,2677.0,1.103,29.8,11.1,12,Bengaluru,0,DEV_WEB_CHROME,1,882,0,1.15,1,P2M,0
TXN105496,USR0090,7398.14,4795.0,1.543,18.8,55.5,14,Hyderabad,0,DEV_ANDROID_14,0,596,0,0.32,1,P2P,0
TXN105497,USR0123,5299.23,4007.0,1.322,21.9,63.2,8,Kolkata,0,DEV_ANDROID_13,1,1245,0,1.75,1,P2P,0
TXN105498,USR0024,6624.22,1043.0,6.351,8.5,46.7,11,Hyderabad,0,DEV_ANDROID_14,0,225,0,1.74,1,P2P,0
TXN105499,USR0015,1471.44,2529.0,0.582,10.5,23.0,18,Hyderabad,1,DEV_ANDROID_13,1,1283,0,0.75,1,P2P,0
TXN105500,USR0131,3113.3,1330.0,2.341,29.2,87.9,15,Bengaluru,0,DEV_IOS_18,0,1044,0,0.89,1,ONLINE_SHOPPING,0
TXN105501,USR0054,1166.9,1995.0,0.585,20.9,105.1,11,Hyderabad,0,DEV_WEB_CHROME,1,1084,0,1.14,1,P2P,0
TXN105502,USR0032,1230.05,2962.0,0.415,22.9,221.0,9,Hyderabad,0,DEV_ANDROID_14,0,1451,0,1.77,1,BILL_PAYMENT,0
TXN105503,USR0096,347.02,482.0,0.72,23.0,5.0,12,Chennai,0,DEV_ANDROID_13,0,209,0,0.89,0,P2M,0
TXN105504,USR0076,6283.86,3835.0,1.639,17.2,218.3,14,Mumbai,0,DEV_ANDROID_13,0,540,0,1.03,1,P2P,0
TXN105505,USR0103,2930.13,4267.0,0.687,21.4,164.5,11,Kolkata,0,DEV_ANDROID_13,0,1773,0,0.32,1,BILL_PAYMENT,0
TXN105506,USR0037,13349.97,2687.0,4.968,48.0,2.8,17,Chandigarh,1,DEV_UNKNOWN,1,892,2,13.88,0,ONLINE_SHOPPING,1
TXN105507,USR0134,2346.31,4359.0,0.538,29.0,373.2,10,Chennai,0,DEV_IOS_18,0,260,0,0.93,1,P2P,0
TXN105508,USR0099,2878.55,3865.0,0.745,20.2,87.3,15,Kolkata,0,DEV_ANDROID_13,0,552,0,0.69,0,P2M,0
TXN105509,USR0069,28579.14,3260.0,8.767,39.0,43.8,13,Jaipur,1,DEV_ANDROID_12,1,1628,3,7.13,0,INVESTMENT,1
TXN105510,USR0001,4858.78,3411.0,1.424,18.2,672.3,19,Mumbai,0,DEV_ANDROID_13,0,829,0,2.04,1,P2M,0
TXN105511,USR0055,1788.03,1096.0,1.631,41.9,107.0,9,Jaipur,1,DEV_ANDROID_14,0,790,0,1.4,1,P2P,0
TXN105512,USR0144,8565.1,2663.0,3.216,7.9,205.2,10,Chennai,0,DEV_IOS_18,0,1113,0,2.23,1,ONLINE_SHOPPING,0
TXN105513,USR0150,1490.02,1846.0,0.807,15.2,491.2,10,Bengaluru,0,DEV_IOS_18,0,323,0,0.43,1,P2P,0
TXN105514,USR0091,3297.84,2696.0,1.223,4.2,276.1,15,Kolkata,0,DEV_ANDROID_13,0,1109,0,1.69,1,P2M,0
TXN105515,USR0014,1116.91,2104.0,0.531,8.8,127.2,8,Delhi,0,DEV_ANDROID_13,0,852,0,1.05,1,P2P,0
TXN105516,USR0037,3240.22,2687.0,1.206,20.6,235.0,10,Kolkata,0,DEV_ANDROID_14,0,931,0,1.73,1,P2P,0
TXN105517,USR0110,14278.24,3119.0,4.578,47.0,39.1,13,Delhi,1,DEV_UNKNOWN,1,1227,7,10.86,0,INVESTMENT,1
TXN105518,USR0103,2106.52,4267.0,0.494,31.8,202.7,14,Kolkata,0,DEV_ANDROID_13,0,1741,0,1.14,1,P2P,0
TXN105519,USR0129,16444.44,4329.0,3.799,55.0,3.7,21,Bengaluru,1,DEV_ANDROID_14,1,1443,4,11.15,0,ONLINE_SHOPPING,1
TXN105520,USR0034,1249.46,1168.0,1.07,20.8,509.9,15,Chennai,0,DEV_IOS_18,1,57,0,0.88,1,P2P,0
TXN105521,USR0114,1619.39,1547.0,1.047,23.6,71.7,18,Delhi,0,DEV_ANDROID_14,0,1052,0,1.08,0,P2P,0
TXN105522,USR0119,8951.22,1503.0,5.956,36.8,265.8,6,Chandigarh,1,DEV_ANDROID_13,0,605,0,1.59,1,P2P,0
TXN105523,USR0112,4025.07,4425.0,0.91,21.2,54.9,10,Hyderabad,0,DEV_ANDROID_13,0,1536,1,0.78,0,P2P,0
TXN105524,USR0037,3752.21,2687.0,1.396,29.7,111.8,14,Kolkata,0,DEV_IOS_18,1,950,0,1.22,1,ONLINE_SHOPPING,0
TXN105525,USR0127,3071.24,2395.0,1.282,9.6,495.9,21,Chennai,0,DEV_ANDROID_14,0,399,0,1.23,1,P2M,0
TXN105526,USR0095,11450.68,2387.0,4.797,27.0,174.0,3,Chandigarh,1,DEV_UNKNOWN,1,1161,1,6.9,0,P2P,1
TXN105527,USR0022,6310.57,3458.0,1.825,16.2,200.1,16,Chennai,0,DEV_ANDROID_13,0,1329,0,0.74,0,P2P,0
TXN105528,USR0014,9267.97,2104.0,4.405,30.0,10.1,22,Ahmedabad,1,DEV_UNKNOWN,1,855,5,6.96,0,INVESTMENT,1
TXN105529,USR0139,7946.81,4684.0,1.697,29.4,32.8,21,Kolkata,0,DEV_WEB_CHROME,1,187,0,2.47,1,P2P,0
TXN105530,USR0126,491.51,2090.0,0.235,15.8,172.0,16,Delhi,0,DEV_IOS_18,0,707,0,1.53,1,RECHARGE,0
TXN105531,USR0111,7173.1,4209.0,1.704,20.6,89.5,17,Chennai,0,DEV_IOS_18,0,1757,0,2.36,0,BILL_PAYMENT,0
TXN105532,USR0142,2947.66,3033.0,0.972,19.9,529.0,10,Hyderabad,0,DEV_ANDROID_14,0,851,0,1.39,1,P2P,0
TXN105533,USR0001,3872.28,3411.0,1.135,13.5,39.0,15,Kolkata,1,DEV_ANDROID_13,0,782,0,1.26,1,P2P,0
TXN105534,USR0066,1214.79,572.0,2.124,11.0,316.7,9,Delhi,0,DEV_ANDROID_14,0,1010,0,2.21,0,BILL_PAYMENT,0
TXN105535,USR0081,1892.96,1873.0,1.011,32.6,379.9,13,Kolkata,0,DEV_ANDROID_13,0,972,0,1.59,1,P2P,0
TXN105536,USR0028,225.72,541.0,0.417,9.6,18.6,16,Delhi,0,DEV_IOS_18,0,825,0,1.36,0,P2P,0
TXN105537,USR0018,1821.26,1836.0,0.992,32.6,129.7,15,Lucknow,1,DEV_ANDROID_14,0,1551,0,0.98,1,P2M,0
TXN105538,USR0113,2859.5,2668.0,1.072,12.6,40.7,13,Hyderabad,0,DEV_ANDROID_14,0,1648,0,0.71,1,P2M,0
TXN105539,USR0057,4006.4,3487.0,1.149,18.9,175.9,12,Delhi,0,DEV_IOS_18,0,814,0,0.25,0,P2M,0
TXN105540,USR0115,1921.02,1698.0,1.131,7.1,200.9,18,Kolkata,0,DEV_IOS_18,0,57,0,0.72,1,P2P,0
TXN105541,USR0129,3801.6,4329.0,0.878,12.7,108.2,18,Chennai,0,DEV_ANDROID_13,0,1405,0,1.59,0,P2P,0
TXN105542,USR0120,5688.73,3985.0,1.428,19.7,91.3,10,Chennai,0,DEV_IOS_18,0,1166,0,1.35,1,P2M,0
TXN105543,USR0125,531.32,1159.0,0.458,21.2,28.2,11,Kolkata,1,DEV_IOS_18,0,1142,0,1.09,0,P2M,0
TXN105544,USR0089,973.52,1008.0,0.966,20.9,239.9,15,Kolkata,0,DEV_ANDROID_14,0,940,0,0.19,1,BILL_PAYMENT,0
TXN105545,USR0014,1699.42,2104.0,0.808,1.0,78.7,9,Kolkata,1,DEV_ANDROID_13,0,858,0,0.1,0,P2M,0
TXN105546,USR0110,2376.28,3119.0,0.762,14.4,124.0,15,Lucknow,1,DEV_IOS_18,0,1289,0,2.42,0,P2P,0
TXN105547,USR0020,4301.67,3539.0,1.216,21.7,36.8,12,Delhi,0,DEV_ANDROID_14,0,283,0,1.06,1,P2M,0
TXN105548,USR0112,8579.11,4425.0,1.939,28.7,62.4,14,Hyderabad,0,DEV_ANDROID_13,0,1557,1,1.03,1,P2P,0
TXN105549,USR0064,6195.85,3744.0,1.655,31.1,151.0,10,Hyderabad,0,DEV_IOS_18,1,1376,0,0.74,0,P2M,0
TXN105550,USR0038,2900.56,2152.0,1.348,11.2,14.7,18,Bengaluru,0,DEV_ANDROID_14,0,580,0,0.64,1,P2P,0
TXN105551,USR0101,3236.95,4828.0,0.67,33.5,23.7,16,Mumbai,0,DEV_IOS_18,0,555,0,2.05,1,P2P,0
TXN105552,USR0009,5714.07,3622.0,1.578,13.9,140.1,8,Mumbai,0,DEV_ANDROID_13,0,208,0,1.97,0,P2M,0
TXN105553,USR0039,16853.3,3193.0,5.278,15.8,14.5,10,Chennai,0,DEV_IOS_18,0,1711,0,1.25,0,P2P,0
TXN105554,USR0137,28694.58,4815.0,5.959,33.1,159.3,15,Chennai,0,DEV_ANDROID_14,0,382,0,1.52,1,P2P,0
TXN105555,USR0077,35074.01,4759.0,7.37,8.7,88.4,18,Mumbai,0,DEV_ANDROID_13,0,82,0,0.71,1,BILL_PAYMENT,0
TXN105556,USR0064,12203.9,3744.0,3.26,26.0,12.9,20,Hyderabad,0,DEV_ANDROID_13,0,1374,0,6.33,0,P2P,1
TXN105557,USR0065,3123.71,3227.0,0.968,30.8,74.0,14,Bengaluru,1,DEV_ANDROID_14,0,1741,0,0.49,0,P2P,0
TXN105558,USR0110,4978.35,3119.0,1.596,21.7,128.4,12,Mumbai,0,DEV_IOS_18,0,1233,0,1.07,1,BILL_PAYMENT,0
TXN105559,USR0079,1767.44,2089.0,0.846,23.8,1080.8,14,Chennai,0,DEV_ANDROID_14,0,1293,0,1.64,1,BILL_PAYMENT,0
TXN105560,USR0146,1191.35,803.0,1.484,14.9,5.0,19,Mumbai,0,DEV_ANDROID_13,0,1174,0,1.57,0,P2M,0
TXN105561,USR0071,1062.55,1774.0,0.599,17.1,401.3,16,Hyderabad,0,DEV_ANDROID_14,0,1776,0,0.1,1,BILL_PAYMENT,0
TXN105562,USR0090,5365.66,4795.0,1.119,18.3,12.8,11,Hyderabad,0,DEV_ANDROID_14,0,540,0,1.19,0,P2P,0
TXN105563,USR0027,32193.18,816.0,39.452,36.0,43.2,21,Chandigarh,1,DEV_UNKNOWN,1,1472,3,9.22,0,INVESTMENT,1
TXN105564,USR0121,5049.34,3799.0,1.329,13.7,419.7,14,Hyderabad,0,DEV_WEB_CHROME,1,1506,0,1.3,0,P2P,0
TXN105565,USR0034,595.44,1168.0,0.51,17.6,24.3,13,Chennai,0,DEV_ANDROID_14,0,91,0,1.34,1,P2M,0
TXN105566,USR0034,686.26,1168.0,0.588,11.5,21.1,9,Chennai,0,DEV_ANDROID_14,0,60,0,0.97,1,P2M,0
TXN105567,USR0004,401.3,989.0,0.406,30.3,53.0,19,Chennai,0,DEV_IOS_18,0,835,0,0.96,1,ONLINE_SHOPPING,0
TXN105568,USR0138,1776.36,3130.0,0.568,21.7,39.7,9,Chennai,0,DEV_IOS_18,0,1430,0,1.42,1,BILL_PAYMENT,0
TXN105569,USR0126,1824.95,2090.0,0.873,15.7,98.4,7,Delhi,0,DEV_IOS_18,0,717,2,1.36,0,P2P,0
TXN105570,USR0062,6509.62,2948.0,2.208,57.0,1.5,17,Chennai,1,DEV_IOS_18,1,230,1,12.82,0,P2P,1
TXN105571,USR0139,5218.03,4684.0,1.114,30.9,5.6,13,Kolkata,0,DEV_ANDROID_13,0,183,0,1.31,0,BILL_PAYMENT,0
TXN105572,USR0065,7608.32,3227.0,2.358,29.0,13.7,10,Delhi,0,DEV_UNKNOWN,1,1769,2,3.52,0,P2P,1
TXN105573,USR0141,419.84,1171.0,0.359,12.6,245.6,14,Hyderabad,0,DEV_IOS_18,0,277,0,1.95,1,P2P,0
TXN105574,USR0121,6075.99,3799.0,1.599,13.0,57.5,20,Hyderabad,0,DEV_ANDROID_13,0,1498,0,1.35,1,BILL_PAYMENT,0
TXN105575,USR0022,4348.1,3458.0,1.257,11.7,111.9,16,Chennai,0,DEV_ANDROID_13,0,1282,0,1.9,1,P2M,0
TXN105576,USR0055,1386.63,1096.0,1.265,35.1,483.5,9,Delhi,0,DEV_ANDROID_14,0,803,0,2.45,1,BILL_PAYMENT,0
TXN105577,USR0030,590.62,1476.0,0.4,18.4,27.5,13,Kolkata,0,DEV_ANDROID_14,0,159,0,2.43,1,INVESTMENT,0
TXN105578,USR0006,46953.36,4184.0,11.222,23.0,28.4,22,Bengaluru,1,DEV_UNKNOWN,1,800,1,8.76,0,P2P,1
TXN105579,USR0052,911.51,875.0,1.042,9.0,115.1,21,Mumbai,0,DEV_ANDROID_13,0,1085,0,1.11,1,ONLINE_SHOPPING,0
TXN105580,USR0114,19622.3,1547.0,12.684,44.0,18.6,18,Kochi,1,DEV_WEB_CHROME,1,1035,4,8.56,0,P2M,1
TXN105581,USR0034,1132.77,1168.0,0.97,9.7,87.1,12,Chennai,0,DEV_ANDROID_14,0,63,0,0.85,1,P2M,0
TXN105582,USR0073,1861.13,1427.0,1.304,31.7,451.1,14,Kolkata,0,DEV_ANDROID_13,0,215,0,1.48,1,P2M,0
TXN105583,USR0073,2426.49,1427.0,1.7,31.4,5.0,12,Bengaluru,1,DEV_ANDROID_13,0,289,0,1.21,0,BILL_PAYMENT,0
TXN105584,USR0044,451.26,843.0,0.535,18.6,5.0,16,Delhi,0,DEV_ANDROID_14,0,1628,0,1.13,1,P2M,0
TXN105585,USR0021,5406.33,4102.0,1.318,6.0,119.8,11,Chennai,0,DEV_ANDROID_14,0,1425,0,0.24,1,P2P,0
TXN105586,USR0038,1739.55,2152.0,0.808,13.6,92.0,17,Bengaluru,0,DEV_WEB_CHROME,1,601,0,0.59,1,P2P,0
TXN105587,USR0040,475.69,942.0,0.505,10.7,99.9,11,Mumbai,0,DEV_IOS_18,0,1764,0,1.43,1,P2P,0
TXN105588,USR0102,2238.6,1540.0,1.454,12.4,139.5,13,Bengaluru,0,DEV_IOS_18,0,459,0,1.13,1,P2P,0
TXN105589,USR0130,1470.05,2863.0,0.513,34.4,402.2,20,Delhi,0,DEV_IOS_18,0,1585,0,0.24,1,P2M,0
TXN105590,USR0040,1279.36,942.0,1.358,14.9,42.6,20,Kochi,1,DEV_IOS_18,0,1761,0,0.84,0,P2M,0
TXN105591,USR0098,4283.9,2841.0,1.508,30.4,122.8,15,Delhi,0,DEV_IOS_18,0,1107,0,0.74,0,P2M,0
TXN105592,USR0143,1157.93,3747.0,0.309,19.7,90.3,14,Chennai,0,DEV_IOS_18,0,1694,0,2.17,1,P2M,0
TXN105593,USR0014,1654.35,2104.0,0.786,6.2,524.8,17,Kochi,1,DEV_ANDROID_13,0,899,0,1.64,1,P2M,0
TXN105594,USR0092,5496.99,3316.0,1.658,30.4,183.6,12,Hyderabad,0,DEV_ANDROID_14,0,240,0,1.21,1,BILL_PAYMENT,0
TXN105595,USR0095,2333.5,2387.0,0.978,14.3,31.6,20,Chennai,0,DEV_ANDROID_13,0,1188,0,1.91,1,BILL_PAYMENT,0
TXN105596,USR0085,2929.08,3924.0,0.746,15.9,5.0,17,Kolkata,0,DEV_ANDROID_13,0,772,0,0.1,0,ONLINE_SHOPPING,0
TXN105597,USR0054,1733.76,1995.0,0.869,21.0,81.8,12,Hyderabad,0,DEV_IOS_18,0,1123,0,1.75,1,P2M,0
TXN105598,USR0053,2056.92,1779.0,1.156,36.9,257.4,14,Chennai,0,DEV_ANDROID_14,0,1809,0,0.58,1,P2P,0
TXN105599,USR0064,6027.43,3744.0,1.61,33.9,652.2,20,Chandigarh,1,DEV_ANDROID_13,0,1439,0,1.63,1,P2M,0
TXN105600,USR0028,458.43,541.0,0.847,9.0,14.9,14,Delhi,0,DEV_IOS_18,0,800,0,1.37,1,P2M,0
TXN105601,USR0133,494.35,561.0,0.881,12.2,87.8,12,Delhi,0,DEV_ANDROID_13,0,1089,0,1.06,1,P2P,0
TXN105602,USR0012,1212.92,1109.0,1.094,30.6,426.5,15,Mumbai,0,DEV_ANDROID_13,1,1250,0,1.8,1,P2M,0
TXN105603,USR0035,1384.46,3949.0,0.351,20.2,135.5,10,Mumbai,0,DEV_ANDROID_14,0,1265,0,2.44,1,P2M,0
TXN105604,USR0086,3208.69,4098.0,0.783,1.0,66.6,16,Delhi,0,DEV_ANDROID_13,0,1322,0,0.83,1,BILL_PAYMENT,0
TXN105605,USR0035,5303.57,3949.0,1.343,29.2,19.0,9,Mumbai,0,DEV_ANDROID_14,0,1271,0,0.22,1,P2P,0
TXN105606,USR0041,2865.48,2677.0,1.07,27.4,282.5,12,Bengaluru,0,DEV_ANDROID_13,0,881,0,0.43,0,P2M,0
TXN105607,USR0047,768.0,489.0,1.571,25.8,21.7,13,Bengaluru,0,DEV_ANDROID_13,0,950,0,0.73,1,BILL_PAYMENT,0
TXN105608,USR0120,9070.08,3985.0,2.276,20.2,153.6,11,Chennai,0,DEV_IOS_18,0,1178,0,1.09,1,P2M,0
TXN105609,USR0002,2842.93,3607.0,0.788,13.3,73.9,12,Chandigarh,1,DEV_ANDROID_14,0,244,0,0.43,1,P2P,0
TXN105610,USR0046,2575.57,3064.0,0.841,18.1,57.6,6,Delhi,0,DEV_ANDROID_14,1,342,0,1.3,1,P2M,0
TXN105611,USR0035,4017.74,3949.0,1.017,22.7,60.4,12,Mumbai,0,DEV_ANDROID_14,0,1308,0,0.5,1,P2M,0
TXN105612,USR0093,2849.89,3844.0,0.741,12.3,145.5,20,Chennai,0,DEV_ANDROID_14,0,92,0,1.73,1,INVESTMENT,0
TXN105613,USR0108,3860.25,931.0,4.146,18.0,6.9,10,Jaipur,1,DEV_UNKNOWN,1,88,2,3.85,0,P2P,1
TXN105614,USR0015,3892.64,2529.0,1.539,6.2,311.0,13,Chennai,0,DEV_ANDROID_14,0,1280,0,1.89,1,P2P,0
TXN105615,USR0011,2360.44,2073.0,1.139,14.6,5.0,14,Chennai,0,DEV_ANDROID_14,0,939,0,0.5,1,P2M,0
TXN105616,USR0050,6500.64,2312.0,2.812,13.0,3.1,19,Kolkata,1,DEV_ANDROID_13,0,134,0,2.98,0,P2P,1
TXN105617,USR0103,7428.0,4267.0,1.741,28.5,161.6,18,Kolkata,0,DEV_ANDROID_13,0,1755,0,1.22,0,P2M,0
TXN105618,USR0112,1999.14,4425.0,0.452,26.2,286.1,6,Hyderabad,0,DEV_ANDROID_13,0,1525,0,1.06,1,P2P,0
TXN105619,USR0049,552.52,835.0,0.662,22.1,55.3,15,Mumbai,0,DEV_IOS_18,0,1145,0,0.64,0,P2P,0
TXN105620,USR0124,1723.23,1625.0,1.06,4.6,5.0,11,Hyderabad,0,DEV_ANDROID_14,0,287,0,1.56,1,P2P,0
TXN105621,USR0003,5617.59,3784.0,1.485,23.0,96.9,7,Hyderabad,0,DEV_ANDROID_13,0,1301,0,0.76,1,P2P,0
TXN105622,USR0148,1352.78,1934.0,0.699,31.7,22.9,19,Chennai,0,DEV_ANDROID_13,0,1668,0,0.26,1,INVESTMENT,0
TXN105623,USR0021,3486.52,4102.0,0.85,3.3,240.3,12,Chennai,0,DEV_ANDROID_14,0,1431,0,0.78,1,P2P,0
TXN105624,USR0126,1529.47,2090.0,0.732,20.8,229.1,10,Delhi,0,DEV_IOS_18,0,695,0,1.12,0,P2P,0
TXN105625,USR0081,1517.95,1873.0,0.81,32.8,101.0,18,Kolkata,0,DEV_ANDROID_13,0,903,0,0.93,1,P2P,0
TXN105626,USR0011,2215.44,2073.0,1.069,21.5,5.0,8,Chennai,0,DEV_ANDROID_14,0,967,0,1.51,1,P2P,0
TXN105627,USR0042,13638.33,4858.0,2.807,19.4,59.9,22,Delhi,0,DEV_ANDROID_13,0,1432,0,0.71,1,P2M,0
TXN105628,USR0129,3769.93,4329.0,0.871,18.5,78.3,17,Chennai,0,DEV_ANDROID_13,0,1383,0,2.0,1,BILL_PAYMENT,0
TXN105629,USR0064,3939.28,3744.0,1.052,32.4,247.1,14,Hyderabad,0,DEV_ANDROID_13,0,1388,0,1.8,1,P2M,0
TXN105630,USR0041,1738.13,2677.0,0.649,28.8,402.9,13,Bengaluru,0,DEV_ANDROID_13,0,822,0,1.32,1,P2M,0
TXN105631,USR0122,8138.58,2765.0,2.943,26.0,17.8,14,Kolkata,1,DEV_UNKNOWN,1,1593,1,3.45,0,P2P,1
TXN105632,USR0073,1217.51,1427.0,0.853,33.0,157.6,10,Kolkata,0,DEV_ANDROID_13,0,235,0,1.54,1,P2P,0
TXN105633,USR0097,1020.56,1552.0,0.658,29.2,5.0,14,Delhi,0,DEV_ANDROID_13,0,871,0,0.34,0,P2P,0
TXN105634,USR0039,22185.56,3193.0,6.948,18.1,54.0,15,Chennai,0,DEV_IOS_18,0,1783,0,1.66,0,P2M,0
TXN105635,USR0007,3034.54,823.0,3.687,33.0,88.0,1,Kolkata,1,DEV_ANDROID_13,1,1591,3,3.27,0,P2P,1
TXN105636,USR0070,32942.15,4705.0,7.002,10.1,214.6,15,Chennai,1,DEV_ANDROID_13,0,321,0,0.47,1,P2P,0
TXN105637,USR0013,1197.08,2086.0,0.574,30.6,191.2,13,Chandigarh,1,DEV_ANDROID_13,0,759,0,0.77,1,P2P,0
TXN105638,USR0079,3734.42,2089.0,1.788,29.2,9.4,15,Chennai,0,DEV_ANDROID_14,0,1325,0,1.72,1,P2M,0
TXN105639,USR0132,17097.42,3311.0,5.164,14.5,98.2,10,Hyderabad,0,DEV_ANDROID_13,0,588,0,1.54,0,P2P,0
TXN105640,USR0127,4756.5,2395.0,1.986,18.0,250.2,19,Chennai,0,DEV_ANDROID_14,0,386,0,0.8,0,P2P,0
TXN105641,USR0018,772.9,1836.0,0.421,25.8,133.8,8,Chennai,0,DEV_ANDROID_14,0,1554,0,0.41,1,P2M,0
TXN105642,USR0016,1685.1,1443.0,1.168,18.3,304.3,12,Pune,1,DEV_ANDROID_14,0,1259,0,0.82,1,P2M,0
TXN105643,USR0056,8259.25,4000.0,2.065,5.3,341.0,13,Jaipur,1,DEV_IOS_18,0,207,0,1.85,0,P2M,0
TXN105644,USR0106,2303.33,1061.0,2.171,33.6,408.0,15,Delhi,0,DEV_ANDROID_13,0,1667,2,0.93,1,P2M,0
TXN105645,USR0126,10164.66,2090.0,4.863,17.0,770.7,12,Delhi,0,DEV_WEB_CHROME,1,670,0,0.1,1,P2P,0
TXN105646,USR0107,699.81,1116.0,0.627,12.9,23.3,8,Hyderabad,0,DEV_ANDROID_14,0,1090,0,1.96,1,BILL_PAYMENT,0
TXN105647,USR0073,853.12,1427.0,0.598,36.0,92.6,15,Kolkata,0,DEV_ANDROID_13,0,240,0,2.02,1,P2M,0
TXN105648,USR0099,12260.13,3865.0,3.172,38.0,0.6,10,Bengaluru,1,DEV_ANDROID_14,1,587,1,11.96,0,P2P,1
TXN105649,USR0124,2122.15,1625.0,1.306,1.7,679.8,15,Hyderabad,0,DEV_ANDROID_14,0,268,0,0.46,1,P2P,0
TXN105650,USR0078,5980.39,4223.0,1.416,33.1,122.0,14,Kolkata,1,DEV_ANDROID_14,0,341,0,1.18,1,P2M,0
TXN105651,USR0149,3885.64,3318.0,1.171,18.5,153.5,7,Chennai,0,DEV_ANDROID_13,0,1421,0,1.4,0,BILL_PAYMENT,0
TXN105652,USR0081,4340.59,1873.0,2.317,31.9,84.3,14,Kolkata,0,DEV_ANDROID_13,0,911,0,0.9,1,BILL_PAYMENT,0
TXN105653,USR0033,3284.78,2282.0,1.439,21.1,236.5,17,Jaipur,1,DEV_IOS_18,0,818,0,2.29,0,P2P,0
TXN105654,USR0040,840.48,942.0,0.892,8.4,49.3,16,Chennai,1,DEV_IOS_18,0,1738,0,1.06,0,P2M,0
TXN105655,USR0142,3179.46,3033.0,1.048,16.8,91.9,15,Pune,1,DEV_ANDROID_14,0,873,0,1.05,1,P2M,0
TXN105656,USR0136,696.57,788.0,0.884,15.8,192.2,10,Chennai,0,DEV_IOS_18,0,1740,0,1.04,1,P2P,0
TXN105657,USR0140,1531.08,3114.0,0.492,8.7,149.5,13,Delhi,0,DEV_ANDROID_13,0,214,0,1.72,1,P2M,0
TXN105658,USR0040,877.77,942.0,0.932,17.2,5.5,14,Mumbai,0,DEV_IOS_18,0,1752,0,1.73,1,P2P,0
TXN105659,USR0048,11132.01,2387.0,4.664,44.0,3.3,0,Jaipur,1,DEV_IOS_18,0,1165,5,6.14,1,P2P,1
TXN105660,USR0010,9570.24,4508.0,2.123,32.7,16.0,12,Kolkata,0,DEV_IOS_18,0,1417,0,0.1,1,P2M,0
TXN105661,USR0076,3549.48,3835.0,0.926,19.7,111.5,10,Mumbai,0,DEV_ANDROID_13,0,521,0,1.37,1,P2P,0
TXN105662,USR0046,3366.15,3064.0,1.099,20.1,10.6,8,Delhi,0,DEV_ANDROID_13,0,330,0,1.19,0,ONLINE_SHOPPING,0
TXN105663,USR0129,5500.88,4329.0,1.271,18.3,48.2,12,Chennai,0,DEV_ANDROID_13,0,1443,0,1.75,0,P2M,0
TXN105664,USR0052,1743.23,875.0,1.992,11.0,65.2,7,Mumbai,0,DEV_ANDROID_13,0,1113,0,2.48,0,ONLINE_SHOPPING,0
TXN105665,USR0024,2351.16,1043.0,2.254,12.0,74.3,12,Hyderabad,0,DEV_ANDROID_14,0,212,0,1.16,0,P2P,0
TXN105666,USR0073,745.23,1427.0,0.522,29.0,25.6,13,Kolkata,0,DEV_ANDROID_13,0,271,0,0.76,1,P2M,0
TXN105667,USR0147,8658.75,4639.0,1.867,23.6,99.1,10,Chennai,0,DEV_IOS_18,0,447,0,1.43,0,P2P,0
TXN105668,USR0115,1815.93,1698.0,1.069,5.3,123.3,16,Kolkata,0,DEV_IOS_18,0,101,0,1.88,0,P2P,0
TXN105669,USR0082,641.1,1061.0,0.604,31.6,34.9,21,Hyderabad,0,DEV_IOS_18,0,75,0,2.5,1,P2M,0
TXN105670,USR0135,7061.4,3326.0,2.123,14.5,86.7,12,Kolkata,0,DEV_IOS_18,0,1138,0,1.09,0,P2P,0
TXN105671,USR0085,5148.56,3924.0,1.312,26.6,266.1,16,Kolkata,0,DEV_ANDROID_13,0,776,0,1.45,0,P2P,0
TXN105672,USR0088,6788.41,4666.0,1.455,2.6,309.9,19,Mumbai,0,DEV_IOS_18,0,764,0,1.03,1,P2P,0
TXN105673,USR0144,2274.29,2663.0,0.854,6.3,200.1,9,Chennai,0,DEV_IOS_18,0,1121,0,1.34,1,BILL_PAYMENT,0
TXN105674,USR0109,1272.35,1296.0,0.982,6.2,80.0,8,Chennai,0,DEV_ANDROID_14,0,1498,0,0.17,1,ONLINE_SHOPPING,0
TXN105675,USR0065,18397.76,3227.0,5.701,49.0,55.4,12,Jaipur,1,DEV_UNKNOWN,1,1743,7,7.07,0,P2P,1
TXN105676,USR0095,1242.74,2387.0,0.521,18.1,620.0,19,Kochi,1,DEV_ANDROID_13,0,1155,0,0.37,0,P2M,0
TXN105677,USR0005,1270.55,1239.0,1.025,33.2,206.0,17,Hyderabad,0,DEV_IOS_18,0,1452,0,0.12,1,P2P,0
TXN105678,USR0005,3054.24,1239.0,2.465,32.0,17.2,12,Lucknow,1,DEV_IOS_18,0,1455,1,5.17,0,P2P,1
TXN105679,USR0133,484.58,561.0,0.864,9.9,24.6,10,Pune,1,DEV_ANDROID_13,0,1080,0,1.7,1,P2M,0
TXN105680,USR0144,2845.11,2663.0,1.068,14.0,199.1,15,Chennai,0,DEV_IOS_18,0,1118,0,0.5,1,P2P,0
TXN105681,USR0097,964.1,1552.0,0.621,30.6,1098.9,12,Delhi,0,DEV_ANDROID_13,0,864,0,0.91,1,P2P,0
TXN105682,USR0142,4432.3,3033.0,1.461,20.1,390.3,10,Hyderabad,0,DEV_ANDROID_14,0,879,0,1.97,1,P2M,0
TXN105683,USR0121,8813.47,3799.0,2.32,18.3,168.0,15,Hyderabad,0,DEV_ANDROID_13,0,1498,0,1.02,1,P2P,0
TXN105684,USR0080,1173.35,1303.0,0.901,12.1,142.5,19,Kolkata,0,DEV_ANDROID_14,0,575,0,0.27,1,P2P,0
TXN105685,USR0068,1619.86,1858.0,0.872,10.0,86.8,7,Chennai,0,DEV_ANDROID_13,0,1702,0,1.34,0,P2P,0
TXN105686,USR0112,8336.94,4425.0,1.884,27.6,8.0,15,Hyderabad,0,DEV_ANDROID_13,0,1531,0,1.77,1,P2P,0
TXN105687,USR0112,5366.68,4425.0,1.213,28.8,91.6,17,Hyderabad,0,DEV_ANDROID_13,0,1568,0,0.87,1,P2P,0
TXN105688,USR0045,4175.57,3638.0,1.148,7.3,117.8,10,Mumbai,0,DEV_IOS_18,0,1310,0,1.32,1,P2P,0
TXN105689,USR0084,799.3,960.0,0.833,16.4,250.8,10,Chennai,0,DEV_ANDROID_13,0,926,0,1.75,1,P2P,0
TXN105690,USR0140,5510.33,3114.0,1.77,6.0,93.9,11,Delhi,0,DEV_ANDROID_13,0,192,0,1.23,0,P2M,0
TXN105691,USR0131,892.45,1330.0,0.671,27.9,331.0,13,Bengaluru,0,DEV_IOS_18,0,1011,0,1.53,1,BILL_PAYMENT,0
TXN105692,USR0105,964.71,1284.0,0.751,30.5,316.9,14,Bengaluru,0,DEV_ANDROID_14,0,648,1,1.34,1,BILL_PAYMENT,0
TXN105693,USR0120,5623.98,3985.0,1.411,17.0,58.2,11,Chennai,0,DEV_IOS_18,0,1178,0,1.03,1,P2M,0
TXN105694,USR0129,3751.56,4329.0,0.867,22.0,63.5,10,Hyderabad,1,DEV_ANDROID_13,0,1428,0,0.47,0,P2M,0
TXN105695,USR0113,1716.6,2668.0,0.643,11.9,62.2,6,Hyderabad,0,DEV_ANDROID_14,0,1593,0,2.05,1,ONLINE_SHOPPING,0
TXN105696,USR0129,29511.11,4329.0,6.817,19.4,253.9,10,Chennai,0,DEV_ANDROID_13,0,1441,0,0.44,1,P2M,0
TXN105697,USR0110,5979.03,3119.0,1.917,21.3,108.6,18,Mumbai,0,DEV_IOS_18,0,1250,0,0.95,1,P2P,0
TXN105698,USR0146,1540.06,803.0,1.918,20.6,74.5,11,Mumbai,0,DEV_ANDROID_13,0,1190,0,0.52,0,P2M,0
TXN105699,USR0082,1228.35,1061.0,1.158,25.9,186.9,14,Pune,1,DEV_IOS_18,0,56,0,0.93,1,P2M,0
TXN105700,USR0034,954.83,1168.0,0.817,11.6,488.9,13,Chennai,0,DEV_ANDROID_14,0,78,0,0.66,1,P2M,0
TXN105701,USR0089,896.59,1008.0,0.889,18.1,68.4,9,Bengaluru,1,DEV_ANDROID_14,0,923,1,1.25,1,BILL_PAYMENT,0
TXN105702,USR0012,1192.22,1109.0,1.075,31.8,28.9,12,Mumbai,0,DEV_IOS_18,0,1292,0,1.49,1,ONLINE_SHOPPING,0
TXN105703,USR0068,1372.72,1858.0,0.739,6.6,61.6,18,Chennai,0,DEV_ANDROID_13,0,1705,0,0.93,1,P2M,0
TXN105704,USR0017,628.89,1139.0,0.552,27.5,517.1,11,Kolkata,0,DEV_IOS_18,0,1134,0,0.72,1,P2P,0
TXN105705,USR0010,25861.76,4508.0,5.737,24.8,175.3,11,Kolkata,0,DEV_IOS_18,0,1393,0,0.1,1,ONLINE_SHOPPING,0
TXN105706,USR0115,1177.46,1698.0,0.693,4.1,51.4,13,Kolkata,0,DEV_IOS_18,0,63,0,1.78,1,P2P,0
TXN105707,USR0084,290.17,960.0,0.302,9.3,100.9,8,Chennai,0,DEV_ANDROID_13,0,920,0,1.01,1,P2M,0
TXN105708,USR0047,2025.11,489.0,4.141,33.0,1.2,3,Chandigarh,1,DEV_UNKNOWN,1,893,1,8.77,0,ONLINE_SHOPPING,1
TXN105709,USR0096,221.79,482.0,0.46,32.3,46.0,17,Kolkata,1,DEV_ANDROID_13,0,274,0,1.47,0,ONLINE_SHOPPING,0
TXN105710,USR0017,1401.61,1139.0,1.231,31.7,351.8,14,Kolkata,0,DEV_IOS_18,0,1200,0,0.78,1,P2P,0
TXN105711,USR0141,898.46,1171.0,0.767,10.3,396.0,10,Hyderabad,0,DEV_IOS_18,0,267,0,1.2,1,P2M,0
TXN105712,USR0035,3493.26,3949.0,0.885,26.4,235.4,12,Mumbai,0,DEV_ANDROID_14,0,1312,1,1.46,0,P2M,0
TXN105713,USR0023,1539.38,2955.0,0.521,18.7,201.7,12,Chennai,1,DEV_ANDROID_13,0,910,0,0.74,1,ONLINE_SHOPPING,0
TXN105714,USR0020,5866.14,3539.0,1.658,26.4,133.2,13,Delhi,0,DEV_ANDROID_14,0,314,0,0.1,0,INVESTMENT,0
TXN105715,USR0030,795.72,1476.0,0.539,28.2,223.7,16,Kolkata,0,DEV_ANDROID_14,0,168,0,0.55,1,P2M,0
TXN105716,USR0035,5091.59,3949.0,1.289,25.9,22.6,17,Mumbai,0,DEV_ANDROID_14,0,1300,0,0.1,0,P2P,0
TXN105717,USR0074,1864.73,1853.0,1.006,7.6,666.9,8,Hyderabad,0,DEV_IOS_18,0,1397,0,1.42,0,P2M,0
TXN105718,USR0093,2183.87,3844.0,0.568,18.4,137.2,18,Chennai,0,DEV_ANDROID_14,0,69,0,1.75,1,BILL_PAYMENT,0
TXN105719,USR0137,4043.11,4815.0,0.84,30.0,43.3,15,Lucknow,1,DEV_ANDROID_14,0,338,0,1.47,1,P2M,0
TXN105720,USR0074,3431.68,1853.0,1.852,3.4,630.2,14,Hyderabad,0,DEV_ANDROID_14,1,1406,0,0.1,1,INVESTMENT,0
TXN105721,USR0145,28107.76,4287.0,6.557,8.5,245.0,8,Mumbai,0,DEV_ANDROID_13,0,1401,0,1.7,1,P2M,0
TXN105722,USR0092,714.33,3316.0,0.215,21.5,416.3,10,Hyderabad,0,DEV_ANDROID_14,0,208,0,0.58,1,BILL_PAYMENT,0
TXN105723,USR0104,1127.7,706.0,1.597,23.9,68.2,14,Mumbai,0,DEV_ANDROID_13,0,1064,0,1.58,0,P2P,0
TXN105724,USR0093,3036.99,3844.0,0.79,9.6,66.8,11,Chennai,0,DEV_ANDROID_14,0,41,0,0.87,1,P2M,0
TXN105725,USR0066,430.13,572.0,0.752,1.0,82.9,12,Delhi,0,DEV_ANDROID_14,0,1024,1,1.48,1,P2M,0
TXN105726,USR0077,3590.33,4759.0,0.754,10.4,107.9,8,Mumbai,0,DEV_ANDROID_13,0,104,0,1.97,0,ONLINE_SHOPPING,0
TXN105727,USR0054,7549.53,1995.0,3.784,40.0,37.0,18,Mumbai,1,DEV_UNKNOWN,1,1101,7,4.67,0,P2P,1
TXN105728,USR0036,1200.8,1141.0,1.052,26.5,80.4,19,Bengaluru,0,DEV_ANDROID_13,0,954,0,1.74,1,P2P,0
TXN105729,USR0030,763.3,1476.0,0.517,27.7,74.6,7,Kolkata,0,DEV_ANDROID_14,0,187,0,1.42,1,P2M,0
TXN105730,USR0140,2352.23,3114.0,0.755,9.1,252.5,14,Delhi,0,DEV_ANDROID_13,0,246,0,1.15,1,P2M,0
TXN105731,USR0009,23204.35,3622.0,6.407,21.0,176.0,5,Pune,1,DEV_UNKNOWN,1,205,0,6.49,0,P2P,1
TXN105732,USR0076,6133.1,3835.0,1.599,20.4,77.2,13,Mumbai,0,DEV_ANDROID_13,0,474,0,0.9,1,P2M,0
TXN105733,USR0056,26617.57,4000.0,6.654,2.9,213.2,20,Bengaluru,0,DEV_IOS_18,0,229,0,0.62,0,P2P,0
TXN105734,USR0018,1483.36,1836.0,0.808,23.0,53.3,17,Chennai,0,DEV_ANDROID_14,0,1539,0,1.41,1,ONLINE_SHOPPING,0
TXN105735,USR0113,30759.74,2668.0,11.529,20.0,6.3,0,Chennai,1,DEV_ANDROID_14,0,1598,1,7.38,0,INVESTMENT,1
TXN105736,USR0074,9894.9,1853.0,5.34,2.0,93.4,13,Hyderabad,0,DEV_ANDROID_14,1,1410,0,1.36,1,P2M,0
TXN105737,USR0099,1882.46,3865.0,0.487,27.4,261.1,15,Kolkata,0,DEV_ANDROID_13,0,587,0,0.69,0,BILL_PAYMENT,0
TXN105738,USR0124,1587.8,1625.0,0.977,6.7,6.8,18,Hyderabad,0,DEV_ANDROID_14,0,258,0,1.6,0,P2P,0
TXN105739,USR0081,2000.67,1873.0,1.068,37.6,79.0,17,Kolkata,0,DEV_ANDROID_13,0,948,0,0.1,1,P2M,0
TXN105740,USR0056,6095.86,4000.0,1.524,1.3,222.5,8,Bengaluru,0,DEV_IOS_18,0,161,0,0.57,1,P2P,0
TXN105741,USR0120,3522.7,3985.0,0.884,23.5,138.1,18,Chennai,0,DEV_IOS_18,0,1193,0,1.45,0,P2M,0
TXN105742,USR0144,1628.86,2663.0,0.612,10.8,92.4,23,Chennai,0,DEV_WEB_CHROME,1,1094,0,1.07,1,P2P,0
TXN105743,USR0057,2637.67,3487.0,0.756,18.6,76.7,13,Delhi,0,DEV_IOS_18,0,861,0,1.51,1,P2M,0
TXN105744,USR0043,7551.16,4029.0,1.874,17.2,51.6,16,Delhi,0,DEV_ANDROID_13,0,1345,0,2.26,1,ONLINE_SHOPPING,0
TXN105745,USR0138,2984.0,3130.0,0.953,22.0,422.9,14,Chennai,0,DEV_IOS_18,0,1403,0,1.71,1,P2P,0
TXN105746,USR0122,2430.09,2765.0,0.879,34.5,220.4,17,Hyderabad,0,DEV_ANDROID_14,0,1601,0,1.14,1,BILL_PAYMENT,0
TXN105747,USR0017,717.55,1139.0,0.63,24.2,343.1,17,Kolkata,0,DEV_IOS_18,0,1162,0,1.01,1,P2M,0
TXN105748,USR0095,3773.54,2387.0,1.581,21.1,30.7,9,Kochi,1,DEV_ANDROID_13,0,1137,0,2.05,0,P2P,0
TXN105749,USR0129,5779.3,4329.0,1.335,13.8,586.7,17,Chennai,0,DEV_ANDROID_13,0,1378,0,1.66,1,P2P,0
TXN105750,USR0038,1826.52,2152.0,0.849,19.2,27.1,20,Bengaluru,0,DEV_ANDROID_14,0,609,0,0.66,1,BILL_PAYMENT,0
TXN105751,USR0003,3095.5,3784.0,0.818,22.4,207.3,14,Hyderabad,0,DEV_ANDROID_14,1,1358,0,1.71,1,BILL_PAYMENT,0
TXN105752,USR0035,7322.52,3949.0,1.854,28.1,155.5,14,Mumbai,0,DEV_ANDROID_14,0,1293,0,1.03,0,P2M,0
TXN105753,USR0080,820.56,1303.0,0.63,10.7,186.6,19,Kolkata,0,DEV_ANDROID_14,0,607,0,0.49,0,ONLINE_SHOPPING,0
TXN105754,USR0060,1335.19,2418.0,0.552,7.0,69.7,8,Hyderabad,0,DEV_ANDROID_13,0,74,0,1.71,1,P2M,0
TXN105755,USR0051,1264.63,1265.0,1.0,17.3,45.3,8,Delhi,0,DEV_IOS_18,0,1186,0,1.11,1,P2P,0
TXN105756,USR0068,2783.68,1858.0,1.498,10.4,23.5,16,Lucknow,1,DEV_ANDROID_13,0,1769,0,1.07,0,P2P,0
TXN105757,USR0090,23554.11,4795.0,4.912,42.0,3.3,23,Chennai,1,DEV_UNKNOWN,1,565,1,10.78,0,P2P,1
TXN105758,USR0075,3936.94,2287.0,1.721,20.3,479.2,11,Bengaluru,0,DEV_IOS_18,0,1598,0,0.94,1,P2P,0
TXN105759,USR0015,3608.89,2529.0,1.427,3.3,21.2,10,Chennai,0,DEV_ANDROID_14,0,1257,0,1.88,1,P2P,0
TXN105760,USR0065,3295.75,3227.0,1.021,30.4,516.5,8,Delhi,0,DEV_ANDROID_14,0,1769,0,2.13,0,P2M,0
TXN105761,USR0077,6217.16,4759.0,1.306,12.4,75.8,9,Mumbai,0,DEV_ANDROID_13,0,72,0,0.1,0,P2M,0
TXN105762,USR0136,1279.08,788.0,1.623,15.2,44.6,17,Chennai,0,DEV_IOS_18,0,1669,0,1.57,1,P2P,0
TXN105763,USR0056,2555.33,4000.0,0.639,4.1,463.6,18,Bengaluru,0,DEV_IOS_18,0,163,0,1.28,1,P2P,0
TXN105764,USR0009,3492.53,3622.0,0.964,14.2,156.5,20,Mumbai,0,DEV_ANDROID_13,0,177,0,0.43,1,BILL_PAYMENT,0
TXN105765,USR0039,2274.5,3193.0,0.712,12.5,297.0,7,Chennai,0,DEV_IOS_18,0,1752,0,2.36,0,P2M,0
TXN105766,USR0065,12240.82,3227.0,3.793,22.0,50.0,2,Hyderabad,1,DEV_WEB_CHROME,1,1757,1,6.44,0,P2P,1
TXN105767,USR0141,2276.97,1171.0,1.944,14.4,220.1,17,Hyderabad,0,DEV_ANDROID_13,1,258,0,0.44,1,P2P,0
TXN105768,USR0084,721.37,960.0,0.751,7.5,200.5,13,Chennai,0,DEV_ANDROID_13,0,958,0,1.09,0,ONLINE_SHOPPING,0
TXN105769,USR0150,3435.73,1846.0,1.861,15.9,274.1,7,Mumbai,1,DEV_IOS_18,0,311,0,1.77,1,INVESTMENT,0
TXN105770,USR0106,990.69,1061.0,0.934,33.7,46.3,14,Delhi,0,DEV_ANDROID_13,0,1669,0,0.66,1,ONLINE_SHOPPING,0
TXN105771,USR0142,1386.09,3033.0,0.457,15.8,462.9,11,Hyderabad,0,DEV_ANDROID_14,0,907,0,1.4,1,P2M,0
TXN105772,USR0136,1354.21,788.0,1.719,17.9,7.1,13,Mumbai,1,DEV_IOS_18,0,1681,0,0.49,1,BILL_PAYMENT,0
TXN105773,USR0052,621.84,875.0,0.711,4.0,34.7,15,Mumbai,0,DEV_ANDROID_13,0,1099,0,1.29,1,BILL_PAYMENT,0
TXN105774,USR0128,2401.01,1765.0,1.36,25.0,211.4,12,Chennai,0,DEV_ANDROID_14,0,1716,0,2.29,1,BILL_PAYMENT,0
TXN105775,USR0058,3421.83,3029.0,1.13,25.1,23.4,10,Kolkata,0,DEV_ANDROID_14,0,861,0,1.41,1,P2P,0
TXN105776,USR0029,2442.79,1672.0,1.461,15.4,182.9,11,Kolkata,0,DEV_ANDROID_14,0,1842,0,0.78,1,P2P,0
TXN105777,USR0113,2313.49,2668.0,0.867,9.8,74.2,9,Hyderabad,0,DEV_ANDROID_14,0,1641,0,0.43,0,P2M,0
TXN105778,USR0078,3766.56,4223.0,0.892,27.3,594.4,15,Jaipur,1,DEV_ANDROID_14,0,330,0,0.87,1,ONLINE_SHOPPING,0
TXN105779,USR0074,2157.37,1853.0,1.164,1.1,357.3,11,Hyderabad,0,DEV_WEB_CHROME,1,1446,0,2.52,1,BILL_PAYMENT,0
TXN105780,USR0066,1276.7,572.0,2.232,9.1,621.1,8,Delhi,0,DEV_ANDROID_14,0,1039,0,0.72,0,P2P,0
TXN105781,USR0134,18746.29,4359.0,4.301,30.6,219.1,14,Lucknow,1,DEV_IOS_18,0,270,0,1.47,1,RECHARGE,0
TXN105782,USR0131,2882.3,1330.0,2.167,28.4,144.7,9,Delhi,1,DEV_IOS_18,0,1025,0,0.54,0,P2M,0
TXN105783,USR0136,838.12,788.0,1.064,22.3,42.4,8,Chennai,0,DEV_ANDROID_14,1,1704,0,0.1,1,P2M,0
TXN105784,USR0031,1614.15,4621.0,0.349,8.7,190.7,9,Pune,1,DEV_ANDROID_14,0,792,0,1.66,1,ONLINE_SHOPPING,0
TXN105785,USR0047,2394.86,489.0,4.897,32.1,783.5,7,Bengaluru,0,DEV_ANDROID_13,0,896,0,1.45,1,P2P,0
TXN105786,USR0002,5511.31,3607.0,1.528,3.5,264.1,15,Kolkata,0,DEV_ANDROID_14,0,220,0,1.48,1,P2M,0
TXN105787,USR0109,3561.13,1296.0,2.748,11.8,114.0,15,Chennai,0,DEV_ANDROID_14,0,1539,0,0.68,1,P2P,0
TXN105788,USR0115,5361.85,1698.0,3.158,9.4,153.9,14,Lucknow,1,DEV_IOS_18,0,22,0,0.24,1,P2M,0
TXN105789,USR0050,2723.87,2312.0,1.178,28.3,26.1,9,Chennai,1,DEV_ANDROID_13,0,159,0,1.63,1,P2P,0
TXN105790,USR0005,479.97,1239.0,0.387,34.4,388.6,12,Hyderabad,0,DEV_IOS_18,0,1403,0,0.7,1,BILL_PAYMENT,0
TXN105791,USR0089,579.16,1008.0,0.575,22.3,214.0,18,Kolkata,0,DEV_ANDROID_14,0,984,0,0.67,1,RECHARGE,0
TXN105792,USR0071,1548.04,1774.0,0.873,21.1,103.7,15,Hyderabad,0,DEV_ANDROID_14,0,1790,0,2.34,1,P2M,0
TXN105793,USR0097,8928.1,1552.0,5.753,30.0,121.0,3,Pune,1,DEV_UNKNOWN,1,847,1,7.37,0,P2P,1
TXN105794,USR0134,1783.67,4359.0,0.409,34.6,44.7,16,Chennai,0,DEV_IOS_18,0,283,0,1.41,1,P2P,0
TXN105795,USR0141,1724.89,1171.0,1.473,15.3,489.8,14,Hyderabad,0,DEV_IOS_18,0,313,0,1.85,1,P2M,0
TXN105796,USR0067,1251.38,1825.0,0.686,27.3,82.7,9,Hyderabad,0,DEV_IOS_18,0,892,0,1.49,0,P2P,0
TXN105797,USR0048,2331.66,2387.0,0.977,10.1,24.3,12,Chennai,0,DEV_IOS_18,0,1151,0,2.12,1,P2P,0
TXN105798,USR0094,2946.1,3141.0,0.938,11.4,163.7,21,Kolkata,0,DEV_IOS_18,1,1710,1,0.95,1,P2P,0
TXN105799,USR0113,3219.82,2668.0,1.207,5.5,29.6,9,Hyderabad,0,DEV_ANDROID_14,0,1588,0,1.48,1,P2P,0
TXN105800,USR0043,3939.33,4029.0,0.978,18.8,288.2,21,Delhi,0,DEV_ANDROID_13,0,1322,0,0.1,1,P2P,0
TXN105801,USR0143,22960.66,3747.0,6.128,23.4,122.5,15,Chennai,0,DEV_IOS_18,0,1698,0,0.58,0,P2M,0
TXN105802,USR0126,3286.04,2090.0,1.572,19.3,23.8,17,Delhi,0,DEV_IOS_18,0,677,0,2.08,1,P2P,0
TXN105803,USR0085,25348.17,3924.0,6.46,49.0,37.5,9,Pune,1,DEV_UNKNOWN,1,788,5,7.98,0,INVESTMENT,1
TXN105804,USR0085,2590.61,3924.0,0.66,22.7,287.5,12,Kolkata,0,DEV_ANDROID_13,0,787,0,0.69,1,P2P,0
TXN105805,USR0102,9734.38,1540.0,6.321,11.8,101.0,20,Bengaluru,0,DEV_IOS_18,0,436,0,0.82,1,P2P,0
TXN105806,USR0101,2419.39,4828.0,0.501,28.0,61.8,9,Ahmedabad,1,DEV_IOS_18,0,548,0,1.52,1,P2P,0
TXN105807,USR0121,6542.57,3799.0,1.722,7.5,314.5,20,Hyderabad,0,DEV_ANDROID_13,0,1528,0,1.76,1,P2M,0
TXN105808,USR0144,2265.01,2663.0,0.851,4.4,312.1,7,Chennai,0,DEV_IOS_18,0,1088,0,2.22,1,ONLINE_SHOPPING,0
TXN105809,USR0030,725.66,1476.0,0.492,24.5,130.1,6,Chennai,1,DEV_ANDROID_14,0,190,0,1.33,0,ONLINE_SHOPPING,0
TXN105810,USR0067,1795.97,1825.0,0.984,27.0,108.1,13,Hyderabad,0,DEV_ANDROID_13,1,892,0,0.81,1,P2M,0
TXN105811,USR0040,435.72,942.0,0.463,12.5,60.2,16,Mumbai,0,DEV_IOS_18,0,1790,1,1.05,0,RECHARGE,0
TXN105812,USR0045,3148.29,3638.0,0.865,15.5,320.5,9,Mumbai,0,DEV_IOS_18,0,1336,0,1.66,0,BILL_PAYMENT,0
TXN105813,USR0112,4426.51,4425.0,1.0,24.1,330.4,10,Hyderabad,0,DEV_ANDROID_13,0,1557,0,1.48,1,P2M,0
TXN105814,USR0003,3122.27,3784.0,0.825,28.2,220.1,17,Hyderabad,0,DEV_ANDROID_13,0,1300,0,1.67,1,P2M,0
TXN105815,USR0032,7130.53,2962.0,2.407,61.0,2.9,14,Kolkata,1,DEV_ANDROID_14,0,1424,2,11.08,0,P2P,1
TXN105816,USR0021,5180.84,4102.0,1.263,11.4,5.0,11,Chennai,0,DEV_ANDROID_14,0,1434,0,2.38,1,P2M,0
TXN105817,USR0062,4837.84,2948.0,1.641,13.8,429.6,7,Mumbai,0,DEV_ANDROID_14,0,235,0,1.78,0,RECHARGE,0
TXN105818,USR0031,23963.59,4621.0,5.186,8.8,602.3,11,Kolkata,0,DEV_ANDROID_13,1,792,0,1.25,1,P2P,0
TXN105819,USR0018,989.45,1836.0,0.539,29.0,299.6,10,Mumbai,1,DEV_ANDROID_14,0,1543,0,0.61,0,P2P,0
TXN105820,USR0013,1886.9,2086.0,0.905,33.9,51.8,13,Kolkata,0,DEV_ANDROID_14,1,791,0,1.18,1,P2P,0
TXN105821,USR0038,1426.91,2152.0,0.663,13.1,313.8,19,Bengaluru,0,DEV_ANDROID_14,0,614,0,1.72,1,P2P,0
TXN105822,USR0074,14316.73,1853.0,7.726,40.0,6.7,23,Chennai,1,DEV_UNKNOWN,1,1444,3,8.24,0,INVESTMENT,1
TXN105823,USR0019,4127.28,4271.0,0.966,15.1,160.9,23,Bengaluru,0,DEV_ANDROID_13,0,1653,1,1.59,1,P2M,0
TXN105824,USR0028,491.67,541.0,0.909,12.9,156.0,8,Delhi,0,DEV_IOS_18,0,860,0,0.1,1,P2M,0
TXN105825,USR0115,1383.6,1698.0,0.815,6.0,151.7,18,Kolkata,0,DEV_IOS_18,0,29,0,1.55,1,P2P,0
TXN105826,USR0137,5845.67,4815.0,1.214,37.6,43.4,21,Chennai,0,DEV_ANDROID_14,0,368,0,1.86,1,ONLINE_SHOPPING,0
TXN105827,USR0142,20271.85,3033.0,6.684,19.0,17.7,11,Hyderabad,0,DEV_ANDROID_14,0,910,0,1.63,1,ONLINE_SHOPPING,0
TXN105828,USR0128,7996.3,1765.0,4.53,24.0,208.0,1,Chennai,0,DEV_ANDROID_13,1,1742,2,5.35,0,P2P,1
TXN105829,USR0017,3060.13,1139.0,2.687,29.0,37.6,12,Kolkata,0,DEV_IOS_18,0,1181,0,1.88,1,P2M,0
TXN105830,USR0010,4548.12,4508.0,1.009,24.0,232.8,14,Kolkata,0,DEV_IOS_18,0,1441,0,0.78,1,ONLINE_SHOPPING,0
TXN105831,USR0125,2396.49,1159.0,2.068,15.1,133.1,21,Bengaluru,0,DEV_IOS_18,0,1141,0,1.65,1,P2M,0
TXN105832,USR0003,2748.39,3784.0,0.726,30.0,216.7,9,Hyderabad,0,DEV_ANDROID_13,0,1286,0,0.86,1,BILL_PAYMENT,0
TXN105833,USR0027,789.45,816.0,0.967,21.6,439.3,14,Hyderabad,0,DEV_IOS_18,0,1416,0,1.42,1,P2P,0
TXN105834,USR0082,1589.55,1061.0,1.498,29.3,23.0,9,Hyderabad,0,DEV_IOS_18,0,54,0,1.1,1,P2P,0
TXN105835,USR0007,5419.85,823.0,6.585,25.2,111.4,12,Bengaluru,0,DEV_IOS_18,1,1641,0,0.8,0,P2P,0
TXN105836,USR0031,5055.98,4621.0,1.094,16.7,18.9,15,Kolkata,0,DEV_ANDROID_14,0,799,0,1.42,1,INVESTMENT,0
TXN105837,USR0082,1403.82,1061.0,1.323,39.8,184.9,12,Chennai,1,DEV_WEB_CHROME,1,40,0,1.42,1,P2P,0
TXN105838,USR0070,24569.54,4705.0,5.222,6.0,197.9,22,Delhi,0,DEV_ANDROID_13,0,371,0,0.45,1,ONLINE_SHOPPING,0
TXN105839,USR0142,2247.0,3033.0,0.741,26.4,207.1,10,Hyderabad,0,DEV_ANDROID_14,0,855,0,0.78,1,P2P,0
TXN105840,USR0044,5283.06,843.0,6.267,44.0,5.3,15,Hyderabad,1,DEV_UNKNOWN,1,1657,6,4.32,0,INVESTMENT,1
TXN105841,USR0079,3335.93,2089.0,1.597,20.8,25.9,20,Chennai,0,DEV_ANDROID_14,0,1357,0,1.04,1,RECHARGE,0
TXN105842,USR0144,3460.36,2663.0,1.299,3.1,147.7,19,Chennai,0,DEV_IOS_18,0,1086,0,1.92,1,P2M,0
TXN105843,USR0096,479.12,482.0,0.994,27.5,107.2,15,Chennai,0,DEV_ANDROID_13,0,234,0,1.52,1,P2P,0
TXN105844,USR0119,806.13,1503.0,0.536,34.1,56.2,12,Chennai,0,DEV_ANDROID_13,0,648,0,1.02,1,P2P,0
TXN105845,USR0126,12646.45,2090.0,6.051,25.0,11.4,12,Lucknow,1,DEV_UNKNOWN,1,704,7,5.03,0,P2P,1
TXN105846,USR0013,2440.16,2086.0,1.17,29.0,140.7,14,Kolkata,0,DEV_ANDROID_13,0,775,0,0.1,0,P2P,0
TXN105847,USR0101,8684.03,4828.0,1.799,30.6,33.2,12,Mumbai,0,DEV_IOS_18,0,563,0,1.77,1,BILL_PAYMENT,0
TXN105848,USR0133,516.79,561.0,0.921,9.0,5.0,7,Delhi,0,DEV_ANDROID_13,0,1109,0,1.86,0,P2P,0
TXN105849,USR0147,30822.98,4639.0,6.644,29.0,27.1,12,Chennai,0,DEV_UNKNOWN,1,382,2,8.67,0,P2M,1
TXN105850,USR0133,538.77,561.0,0.96,12.6,114.4,16,Delhi,0,DEV_ANDROID_13,0,1136,0,1.46,1,P2P,0
TXN105851,USR0148,3777.41,1934.0,1.953,13.0,17.6,17,Chandigarh,1,DEV_ANDROID_13,0,1602,0,6.06,0,P2P,1
TXN105852,USR0082,968.3,1061.0,0.913,27.1,500.6,11,Hyderabad,0,DEV_IOS_18,0,42,0,2.23,1,P2P,0
TXN105853,USR0110,2944.01,3119.0,0.944,16.3,60.4,18,Mumbai,0,DEV_IOS_18,0,1220,0,1.12,1,P2P,0
TXN105854,USR0104,590.35,706.0,0.836,18.3,36.0,17,Mumbai,0,DEV_ANDROID_13,0,1068,0,1.83,1,P2P,0
TXN105855,USR0038,1679.47,2152.0,0.78,14.7,464.4,20,Bengaluru,0,DEV_ANDROID_14,0,546,0,0.84,1,P2M,0
TXN105856,USR0117,622.31,891.0,0.698,2.7,478.0,14,Mumbai,0,DEV_ANDROID_13,0,738,0,1.5,1,BILL_PAYMENT,0
TXN105857,USR0135,3537.19,3326.0,1.063,4.6,190.8,14,Kolkata,0,DEV_IOS_18,0,1120,0,2.18,1,P2M,0
TXN105858,USR0088,4441.47,4666.0,0.952,7.7,424.9,10,Mumbai,0,DEV_IOS_18,0,758,0,1.47,1,P2P,0
TXN105859,USR0136,1152.51,788.0,1.463,14.3,8.0,8,Chennai,0,DEV_IOS_18,0,1679,0,1.63,1,P2M,0
TXN105860,USR0009,4863.17,3622.0,1.343,14.6,52.9,12,Mumbai,0,DEV_ANDROID_13,0,204,0,1.43,1,P2P,0
TXN105861,USR0066,751.93,572.0,1.315,6.0,156.8,21,Delhi,0,DEV_ANDROID_14,0,1028,0,2.0,0,ONLINE_SHOPPING,0
TXN105862,USR0094,3927.47,3141.0,1.25,10.9,85.7,8,Kolkata,0,DEV_ANDROID_14,0,1669,0,1.17,1,P2P,0
TXN105863,USR0054,6982.5,1995.0,3.5,25.3,69.0,14,Hyderabad,0,DEV_IOS_18,0,1095,0,1.03,1,P2M,0
TXN105864,USR0002,3734.08,3607.0,1.035,8.6,20.0,13,Kolkata,0,DEV_IOS_18,1,198,0,0.23,1,ONLINE_SHOPPING,0
TXN105865,USR0116,17253.41,2809.0,6.142,26.9,177.9,21,Bengaluru,0,DEV_IOS_18,1,248,0,1.04,1,P2P,0
TXN105866,USR0032,6240.39,2962.0,2.107,18.2,357.4,10,Hyderabad,0,DEV_ANDROID_14,0,1439,0,1.51,1,P2P,0
TXN105867,USR0029,1954.35,1672.0,1.169,11.7,61.8,9,Kolkata,0,DEV_ANDROID_14,0,1769,0,0.73,0,P2M,0
TXN105868,USR0110,2078.16,3119.0,0.666,17.8,8.8,14,Mumbai,0,DEV_IOS_18,0,1275,0,1.72,1,P2P,0
TXN105869,USR0147,4217.33,4639.0,0.909,26.3,209.7,17,Chennai,0,DEV_IOS_18,0,403,0,1.59,1,ONLINE_SHOPPING,0
TXN105870,USR0008,6121.16,4207.0,1.455,16.1,169.9,18,Mumbai,0,DEV_ANDROID_13,0,1193,0,1.21,1,P2P,0
TXN105871,USR0062,3913.53,2948.0,1.328,16.5,125.8,10,Mumbai,0,DEV_ANDROID_14,0,221,0,1.37,1,P2P,0
TXN105872,USR0125,1041.57,1159.0,0.899,20.8,507.2,18,Bengaluru,0,DEV_IOS_18,0,1109,0,2.54,0,ONLINE_SHOPPING,0
TXN105873,USR0106,973.59,1061.0,0.918,30.4,36.9,14,Delhi,0,DEV_ANDROID_13,0,1652,0,0.52,1,P2P,0
TXN105874,USR0065,1993.63,3227.0,0.618,34.6,17.7,11,Bengaluru,1,DEV_ANDROID_14,0,1791,0,0.74,1,P2M,0
TXN105875,USR0024,1448.87,1043.0,1.389,8.5,27.8,13,Hyderabad,0,DEV_IOS_18,1,218,0,1.64,1,P2M,0
TXN105876,USR0101,2628.83,4828.0,0.544,34.9,528.9,14,Delhi,1,DEV_IOS_18,0,538,0,1.88,1,BILL_PAYMENT,0
TXN105877,USR0114,688.42,1547.0,0.445,18.1,74.9,8,Delhi,0,DEV_ANDROID_14,0,1081,0,1.2,1,P2M,0
TXN105878,USR0030,1980.33,1476.0,1.342,28.3,150.0,13,Kolkata,0,DEV_ANDROID_14,0,153,0,1.01,1,P2P,0
TXN105879,USR0055,2129.23,1096.0,1.943,32.9,167.5,8,Delhi,0,DEV_ANDROID_13,1,813,0,1.6,1,P2M,0
TXN105880,USR0136,1221.37,788.0,1.55,18.5,196.0,9,Chennai,0,DEV_IOS_18,0,1680,0,1.7,1,P2M,0
TXN105881,USR0062,2011.71,2948.0,0.682,11.2,386.3,11,Mumbai,0,DEV_ANDROID_14,0,274,0,0.64,1,P2M,0
TXN105882,USR0112,9894.11,4425.0,2.236,30.9,142.1,20,Hyderabad,0,DEV_ANDROID_13,0,1525,0,1.24,1,P2P,0
TXN105883,USR0084,1057.97,960.0,1.102,13.1,66.4,7,Lucknow,1,DEV_ANDROID_13,0,945,0,1.81,1,INVESTMENT,0
TXN105884,USR0095,2433.86,2387.0,1.02,17.9,314.4,18,Kolkata,1,DEV_ANDROID_13,0,1170,0,1.67,1,P2P,0
TXN105885,USR0009,3960.12,3622.0,1.093,21.4,74.5,16,Mumbai,0,DEV_ANDROID_13,0,188,1,0.65,1,P2P,0
TXN105886,USR0021,3626.8,4102.0,0.884,4.4,186.2,13,Chennai,0,DEV_ANDROID_14,0,1445,0,0.25,1,P2P,0
TXN105887,USR0084,1118.77,960.0,1.165,10.6,192.4,19,Chennai,0,DEV_ANDROID_13,0,985,0,1.25,1,P2M,0
TXN105888,USR0048,2007.09,2387.0,0.841,14.0,35.8,9,Chennai,0,DEV_IOS_18,0,1193,0,0.45,1,P2M,0
TXN105889,USR0051,2359.74,1265.0,1.865,7.7,124.3,11,Delhi,0,DEV_IOS_18,0,1195,0,0.92,1,ONLINE_SHOPPING,0
TXN105890,USR0127,3089.99,2395.0,1.29,15.5,326.1,12,Chennai,0,DEV_ANDROID_14,0,343,0,0.64,1,P2M,0
TXN105891,USR0058,4237.76,3029.0,1.399,20.8,147.9,11,Kolkata,0,DEV_ANDROID_14,0,916,0,0.17,1,P2M,0
TXN105892,USR0092,7507.66,3316.0,2.264,34.0,418.2,19,Hyderabad,0,DEV_ANDROID_14,0,248,0,0.99,1,P2P,0
TXN105893,USR0075,2880.02,2287.0,1.259,19.8,543.7,16,Bengaluru,0,DEV_IOS_18,0,1585,0,1.45,1,P2P,0
TXN105894,USR0143,3598.02,3747.0,0.96,26.8,67.0,23,Chennai,0,DEV_IOS_18,0,1692,0,1.26,1,RECHARGE,0
TXN105895,USR0136,777.75,788.0,0.987,20.7,28.9,15,Chennai,0,DEV_IOS_18,0,1734,0,2.17,1,P2P,0
TXN105896,USR0069,2214.6,3260.0,0.679,21.8,41.1,8,Jaipur,1,DEV_ANDROID_14,0,1614,0,2.13,1,P2M,0
TXN105897,USR0089,1036.94,1008.0,1.029,13.6,73.8,13,Kolkata,0,DEV_ANDROID_14,0,938,0,0.68,1,P2P,0
TXN105898,USR0115,1276.13,1698.0,0.752,11.0,11.7,12,Kolkata,0,DEV_IOS_18,0,37,0,1.75,1,P2P,0
TXN105899,USR0004,1116.07,989.0,1.128,28.5,317.0,21,Chennai,0,DEV_IOS_18,0,873,0,0.84,0,BILL_PAYMENT,0
TXN105900,USR0087,1784.61,4199.0,0.425,12.1,185.2,20,Mumbai,0,DEV_ANDROID_13,0,842,0,1.65,1,P2M,0
TXN105901,USR0138,2403.8,3130.0,0.768,14.9,197.8,8,Chennai,0,DEV_IOS_18,0,1474,0,2.33,1,P2P,0
TXN105902,USR0050,2415.55,2312.0,1.045,29.4,166.4,11,Kochi,1,DEV_ANDROID_13,0,145,0,2.08,0,P2M,0
TXN105903,USR0094,4493.27,3141.0,1.431,12.5,164.0,9,Kolkata,0,DEV_ANDROID_14,0,1735,0,1.28,1,P2M,0
TXN105904,USR0144,9899.02,2663.0,3.717,14.4,122.1,6,Chennai,0,DEV_IOS_18,0,1147,0,0.89,1,P2M,0
TXN105905,USR0044,933.01,843.0,1.107,19.8,94.1,14,Lucknow,1,DEV_ANDROID_14,0,1673,0,2.35,1,P2M,0
TXN105906,USR0146,1185.87,803.0,1.477,20.2,62.6,14,Mumbai,0,DEV_ANDROID_13,0,1240,0,0.33,0,P2P,0
TXN105907,USR0118,2879.0,855.0,3.367,27.5,495.9,16,Kolkata,0,DEV_ANDROID_13,0,1571,0,0.62,0,BILL_PAYMENT,0
TXN105908,USR0120,9476.7,3985.0,2.378,20.1,22.5,16,Chennai,0,DEV_IOS_18,0,1225,0,0.12,0,P2P,0
TXN105909,USR0125,810.26,1159.0,0.699,14.8,9.3,15,Bengaluru,0,DEV_IOS_18,0,1128,0,1.48,0,P2M,0
TXN105910,USR0010,7781.11,4508.0,1.726,26.1,5.0,17,Kolkata,0,DEV_IOS_18,0,1405,0,1.01,0,P2P,0
TXN105911,USR0009,4985.17,3622.0,1.376,14.8,41.1,12,Mumbai,0,DEV_ANDROID_13,0,206,1,0.64,1,P2M,0
TXN105912,USR0018,7070.76,1836.0,3.851,14.0,14.5,21,Bengaluru,1,DEV_UNKNOWN,1,1546,1,3.27,0,P2P,1
TXN105913,USR0015,4484.49,2529.0,1.773,7.9,742.0,9,Lucknow,1,DEV_ANDROID_14,0,1237,0,1.86,0,P2P,0
TXN105914,USR0042,31351.68,4858.0,6.454,33.0,127.0,1,Chandigarh,1,DEV_UNKNOWN,1,1433,3,5.71,0,P2P,1
TXN105915,USR0092,2296.75,3316.0,0.693,24.8,133.3,9,Hyderabad,0,DEV_ANDROID_14,0,236,0,1.91,1,ONLINE_SHOPPING,0
TXN105916,USR0091,3348.94,2696.0,1.242,5.6,63.2,16,Hyderabad,1,DEV_ANDROID_13,0,1113,0,1.73,1,P2P,0
TXN105917,USR0143,3070.62,3747.0,0.819,29.6,140.8,10,Jaipur,1,DEV_IOS_18,0,1701,0,1.18,1,P2P,0
TXN105918,USR0025,18045.47,3410.0,5.292,19.3,61.8,7,Bengaluru,0,DEV_WEB_CHROME,1,1599,0,0.21,1,P2P,0
TXN105919,USR0003,3911.28,3784.0,1.034,27.6,127.1,7,Hyderabad,0,DEV_ANDROID_13,0,1297,0,1.71,1,ONLINE_SHOPPING,0
TXN105920,USR0047,479.73,489.0,0.981,22.4,70.7,14,Bengaluru,0,DEV_ANDROID_13,0,902,0,1.27,1,ONLINE_SHOPPING,0
TXN105921,USR0111,4786.73,4209.0,1.137,12.7,223.4,13,Chennai,0,DEV_IOS_18,0,1805,0,1.39,0,INVESTMENT,0
TXN105922,USR0071,2174.15,1774.0,1.226,14.5,213.7,10,Pune,1,DEV_ANDROID_14,0,1781,0,1.4,0,P2P,0
TXN105923,USR0074,2638.12,1853.0,1.424,8.4,62.4,12,Hyderabad,0,DEV_IOS_18,0,1424,0,1.04,1,ONLINE_SHOPPING,0
TXN105924,USR0146,1684.86,803.0,2.098,16.8,87.6,13,Mumbai,0,DEV_ANDROID_13,0,1226,0,1.52,0,P2P,0
TXN105925,USR0031,2737.23,4621.0,0.592,13.3,278.5,17,Kolkata,0,DEV_ANDROID_14,0,804,0,0.59,0,P2P,0
TXN105926,USR0096,493.41,482.0,1.024,27.8,49.4,7,Chennai,0,DEV_ANDROID_13,0,224,0,1.38,1,P2M,0
TXN105927,USR0002,7076.68,3607.0,1.962,12.5,143.6,12,Delhi,1,DEV_ANDROID_14,0,206,1,2.6,1,P2M,0
TXN105928,USR0141,720.01,1171.0,0.615,9.6,43.9,14,Delhi,1,DEV_IOS_18,0,280,0,1.27,1,P2M,0
TXN105929,USR0084,5982.41,960.0,6.232,15.0,878.1,6,Chennai,0,DEV_ANDROID_13,0,920,0,1.43,1,P2P,0
TXN105930,USR0014,11628.81,2104.0,5.527,10.3,162.6,22,Delhi,0,DEV_ANDROID_13,0,877,0,0.68,1,P2M,0
TXN105931,USR0070,5228.61,4705.0,1.111,8.8,39.1,12,Delhi,0,DEV_ANDROID_13,0,377,0,1.4,0,BILL_PAYMENT,0
TXN105932,USR0050,3978.89,2312.0,1.721,32.8,322.4,13,Mumbai,0,DEV_ANDROID_13,0,94,0,1.47,0,BILL_PAYMENT,0
TXN105933,USR0047,329.56,489.0,0.674,22.1,22.0,15,Bengaluru,0,DEV_ANDROID_13,0,906,0,1.69,1,P2P,0
TXN105934,USR0091,1976.96,2696.0,0.733,9.9,38.8,15,Kolkata,0,DEV_ANDROID_13,0,1134,0,1.16,1,P2P,0
TXN105935,USR0122,3756.03,2765.0,1.358,34.4,157.9,23,Hyderabad,0,DEV_ANDROID_14,0,1533,0,0.88,0,BILL_PAYMENT,0
TXN105936,USR0048,5816.12,2387.0,2.437,50.0,2.4,0,Kochi,1,DEV_ANDROID_12,1,1186,3,6.59,0,P2P,1
TXN105937,USR0070,2823.05,4705.0,0.6,11.0,227.8,17,Delhi,0,DEV_ANDROID_13,0,375,0,1.87,0,P2P,0
TXN105938,USR0147,4031.85,4639.0,0.869,26.7,21.2,20,Chennai,0,DEV_IOS_18,0,413,0,0.64,1,INVESTMENT,0
TXN105939,USR0100,12281.84,2121.0,5.791,28.0,47.8,0,Kolkata,1,DEV_UNKNOWN,1,821,5,4.89,0,INVESTMENT,1
TXN105940,USR0117,3932.18,891.0,4.413,34.0,2.6,19,Kochi,1,DEV_ANDROID_12,1,741,5,12.87,1,P2P,1
TXN105941,USR0079,2785.79,2089.0,1.334,20.5,130.2,20,Chennai,0,DEV_ANDROID_14,0,1343,2,0.1,1,ONLINE_SHOPPING,0
TXN105942,USR0021,5150.27,4102.0,1.256,4.0,89.4,15,Chennai,0,DEV_ANDROID_14,0,1456,0,0.51,0,P2M,0
TXN105943,USR0048,3016.88,2387.0,1.264,11.2,32.5,19,Chennai,0,DEV_ANDROID_14,1,1138,0,1.25,1,P2P,0
TXN105944,USR0075,13644.65,2287.0,5.966,23.4,429.6,13,Bengaluru,0,DEV_IOS_18,0,1587,0,0.55,1,P2M,0
TXN105945,USR0026,1601.57,3918.0,0.409,26.4,143.4,14,Hyderabad,0,DEV_ANDROID_14,0,1197,0,2.0,0,P2P,0
TXN105946,USR0038,1318.5,2152.0,0.613,13.5,21.8,13,Bengaluru,0,DEV_ANDROID_14,0,589,0,1.07,1,P2M,0
TXN105947,USR0042,16368.3,4858.0,3.369,12.5,35.7,13,Delhi,0,DEV_ANDROID_13,0,1415,0,2.4,1,P2P,0
TXN105948,USR0027,446.47,816.0,0.547,20.1,211.2,19,Hyderabad,0,DEV_IOS_18,0,1421,2,0.1,0,ONLINE_SHOPPING,0
TXN105949,USR0102,762.12,1540.0,0.495,16.6,207.1,10,Bengaluru,0,DEV_IOS_18,0,457,0,0.98,0,P2M,0
TXN105950,USR0101,3731.8,4828.0,0.773,34.9,238.4,12,Mumbai,0,DEV_IOS_18,0,558,0,1.46,1,P2P,0
TXN105951,USR0044,707.32,843.0,0.839,22.5,112.0,14,Delhi,0,DEV_ANDROID_14,0,1615,0,0.3,1,P2P,0
TXN105952,USR0146,442.7,803.0,0.551,17.0,154.4,15,Mumbai,0,DEV_ANDROID_13,0,1236,0,0.86,0,P2P,0
TXN105953,USR0002,10947.04,3607.0,3.035,16.0,157.0,4,Kolkata,0,DEV_UNKNOWN,1,182,1,5.75,0,P2P,1
TXN105954,USR0015,1998.54,2529.0,0.79,7.1,36.1,12,Chennai,0,DEV_ANDROID_14,0,1296,0,1.44,1,P2M,0
TXN105955,USR0137,3360.7,4815.0,0.698,31.3,53.4,19,Chennai,0,DEV_ANDROID_14,0,352,0,1.35,1,P2P,0
TXN105956,USR0059,2735.84,4787.0,0.572,17.5,361.4,8,Chennai,0,DEV_ANDROID_14,0,1025,0,0.87,1,P2M,0
TXN105957,USR0065,4697.98,3227.0,1.456,33.2,72.6,12,Delhi,0,DEV_ANDROID_14,0,1796,0,1.99,1,P2P,0
TXN105958,USR0061,811.91,445.0,1.825,29.2,388.6,17,Bengaluru,0,DEV_IOS_18,1,991,0,1.2,1,P2P,0
TXN105959,USR0015,33749.0,2529.0,13.345,44.0,14.8,10,Chandigarh,1,DEV_UNKNOWN,1,1300,2,9.45,0,P2M,1
TXN105960,USR0083,1465.33,1684.0,0.87,13.7,137.5,11,Delhi,0,DEV_ANDROID_14,0,106,0,0.59,1,P2P,0
TXN105961,USR0096,444.63,482.0,0.922,24.5,18.7,10,Chennai,0,DEV_ANDROID_13,0,211,0,1.5,1,P2P,0
TXN105962,USR0126,1228.66,2090.0,0.588,19.0,74.6,14,Delhi,0,DEV_IOS_18,0,684,0,1.57,1,P2P,0
TXN105963,USR0119,1179.83,1503.0,0.785,31.0,109.4,8,Chennai,0,DEV_ANDROID_13,0,598,0,2.21,0,P2M,0
TXN105964,USR0118,624.07,855.0,0.73,27.2,7.2,7,Kolkata,0,DEV_ANDROID_13,0,1572,0,0.55,1,P2P,0
TXN105965,USR0145,8769.85,4287.0,2.046,6.6,60.1,16,Mumbai,0,DEV_ANDROID_13,0,1422,0,1.2,0,P2M,0
TXN105966,USR0066,728.41,572.0,1.273,13.9,78.2,17,Delhi,0,DEV_ANDROID_14,0,1048,0,1.16,1,P2P,0
TXN105967,USR0124,2919.25,1625.0,1.796,3.8,33.5,16,Kolkata,1,DEV_ANDROID_14,0,282,0,1.39,1,P2P,0
TXN105968,USR0116,2391.67,2809.0,0.851,34.5,122.2,21,Bengaluru,0,DEV_ANDROID_13,0,190,0,1.42,1,P2P,0
TXN105969,USR0148,2187.44,1934.0,1.131,29.4,201.8,10,Pune,1,DEV_ANDROID_13,0,1617,0,0.7,0,ONLINE_SHOPPING,0
TXN105970,USR0098,1960.59,2841.0,0.69,32.3,117.0,10,Delhi,0,DEV_IOS_18,0,1121,0,0.7,1,P2M,0
TXN105971,USR0057,2005.11,3487.0,0.575,10.0,324.3,15,Pune,1,DEV_IOS_18,0,821,0,1.56,0,BILL_PAYMENT,0
TXN105972,USR0133,482.86,561.0,0.861,9.0,141.6,9,Delhi,0,DEV_ANDROID_13,0,1137,0,0.66,1,P2P,0
TXN105973,USR0135,2952.02,3326.0,0.888,8.0,131.3,20,Kolkata,0,DEV_IOS_18,0,1154,0,1.53,1,P2P,0
TXN105974,USR0093,4915.35,3844.0,1.279,15.7,225.3,19,Chennai,0,DEV_ANDROID_14,0,87,0,2.09,1,P2P,0
TXN105975,USR0095,13788.85,2387.0,5.777,22.5,266.9,16,Chennai,0,DEV_ANDROID_13,0,1156,0,0.1,1,ONLINE_SHOPPING,0
TXN105976,USR0038,2732.74,2152.0,1.27,10.4,1102.0,19,Bengaluru,0,DEV_ANDROID_14,0,568,0,1.48,1,P2P,0
TXN105977,USR0073,747.76,1427.0,0.524,31.2,131.2,13,Kolkata,0,DEV_ANDROID_13,0,269,0,2.24,1,P2M,0
TXN105978,USR0051,1119.53,1265.0,0.885,10.4,270.9,13,Delhi,0,DEV_IOS_18,0,1210,0,1.32,1,P2P,0
TXN105979,USR0064,4404.31,3744.0,1.176,32.4,136.4,11,Hyderabad,0,DEV_ANDROID_13,0,1437,0,1.64,1,P2M,0
TXN105980,USR0040,999.93,942.0,1.061,18.4,262.4,17,Mumbai,0,DEV_IOS_18,0,1768,0,2.18,1,ONLINE_SHOPPING,0
TXN105981,USR0084,2024.55,960.0,2.109,14.9,45.5,12,Chennai,0,DEV_ANDROID_13,0,975,1,0.68,1,P2M,0
TXN105982,USR0094,3638.76,3141.0,1.158,9.1,140.3,12,Kolkata,0,DEV_ANDROID_14,0,1738,0,1.43,0,P2P,0
TXN105983,USR0009,2779.71,3622.0,0.767,19.6,43.4,15,Mumbai,0,DEV_ANDROID_13,0,201,0,1.1,1,P2P,0
TXN105984,USR0079,8546.25,2089.0,4.091,11.0,22.6,16,Chennai,0,DEV_ANDROID_14,0,1310,0,3.56,0,P2P,1
TXN105985,USR0097,1089.02,1552.0,0.702,26.8,308.5,8,Delhi,0,DEV_ANDROID_13,0,905,0,0.79,1,P2P,0
TXN105986,USR0075,2063.05,2287.0,0.902,13.9,68.6,9,Ahmedabad,1,DEV_IOS_18,0,1629,0,2.76,1,P2M,0
TXN105987,USR0049,749.88,835.0,0.898,31.5,346.7,12,Bengaluru,1,DEV_IOS_18,0,1139,0,1.51,1,INVESTMENT,0
TXN105988,USR0144,2433.44,2663.0,0.914,16.8,118.1,14,Chennai,0,DEV_IOS_18,0,1096,0,1.23,1,P2M,0
TXN105989,USR0063,5951.03,946.0,6.291,30.0,18.2,22,Chennai,1,DEV_WEB_CHROME,1,497,3,3.83,0,P2M,1
TXN105990,USR0063,1014.68,946.0,1.073,11.2,104.8,16,Kolkata,1,DEV_ANDROID_13,0,451,0,2.18,1,P2P,0
TXN105991,USR0046,1892.31,3064.0,0.618,19.0,87.7,15,Delhi,0,DEV_ANDROID_13,0,339,0,0.87,0,P2M,0
TXN105992,USR0068,2777.65,1858.0,1.495,14.7,44.3,20,Chennai,0,DEV_ANDROID_13,0,1711,0,1.82,0,INVESTMENT,0
TXN105993,USR0145,4131.34,4287.0,0.964,9.4,60.9,17,Mumbai,0,DEV_ANDROID_13,0,1462,0,0.1,0,P2P,0
TXN105994,USR0008,9528.28,4207.0,2.265,12.0,18.0,18,Mumbai,0,DEV_ANDROID_13,0,1154,1,4.29,0,P2P,1
TXN105995,USR0040,627.93,942.0,0.667,18.5,293.7,18,Mumbai,0,DEV_IOS_18,0,1724,0,1.24,1,P2P,0
TXN105996,USR0080,1152.12,1303.0,0.884,12.0,35.7,10,Kolkata,0,DEV_ANDROID_14,0,625,0,2.71,1,P2M,0
TXN105997,USR0143,3621.34,3747.0,0.966,28.3,724.0,14,Chennai,0,DEV_IOS_18,0,1644,0,1.32,0,P2P,0
TXN105998,USR0116,3020.11,2809.0,1.075,25.7,518.3,13,Bengaluru,0,DEV_ANDROID_13,0,237,0,1.69,1,P2M,0
TXN105999,USR0129,6027.94,4329.0,1.392,21.5,187.6,17,Chennai,0,DEV_ANDROID_13,0,1419,0,0.55,0,P2M,0
TXN106000,USR0040,3974.51,942.0,4.219,23.0,266.0,5,Chennai,1,DEV_UNKNOWN,1,1764,1,2.8,0,P2P,1
TXN106001,USR0068,1752.06,1858.0,0.943,10.1,135.8,16,Chennai,0,DEV_ANDROID_13,0,1719,0,1.59,0,P2M,0
TXN106002,USR0095,1522.32,2387.0,0.638,12.9,83.4,13,Chennai,0,DEV_ANDROID_13,0,1140,0,0.51,1,P2P,0
TXN106003,USR0091,5540.34,2696.0,2.055,3.1,38.8,12,Kolkata,0,DEV_ANDROID_13,0,1095,0,1.81,1,ONLINE_SHOPPING,0
TXN106004,USR0143,6508.42,3747.0,1.737,31.8,292.3,15,Chennai,0,DEV_IOS_18,0,1699,0,1.4,1,INVESTMENT,0
TXN106005,USR0040,1596.74,942.0,1.695,9.0,204.0,19,Mumbai,0,DEV_IOS_18,0,1742,0,0.7,0,P2M,0
TXN106006,USR0002,1852.32,3607.0,0.514,10.8,166.5,9,Kolkata,0,DEV_ANDROID_14,0,186,0,0.44,1,BILL_PAYMENT,0
TXN106007,USR0130,3126.88,2863.0,1.092,23.8,34.2,11,Delhi,0,DEV_IOS_18,0,1552,0,0.3,0,P2M,0
TXN106008,USR0136,796.33,788.0,1.011,27.9,220.3,11,Chennai,0,DEV_IOS_18,0,1699,0,1.18,1,P2M,0
TXN106009,USR0038,3153.73,2152.0,1.465,10.4,10.3,14,Bengaluru,0,DEV_ANDROID_14,0,584,0,1.15,1,P2P,0
TXN106010,USR0129,6578.59,4329.0,1.52,18.0,11.7,16,Chennai,0,DEV_ANDROID_13,0,1395,0,1.95,1,P2P,0
TXN106011,USR0116,15137.8,2809.0,5.389,32.2,341.1,9,Bengaluru,0,DEV_ANDROID_13,0,239,0,2.13,1,ONLINE_SHOPPING,0
TXN106012,USR0035,5455.43,3949.0,1.381,23.8,5.0,7,Mumbai,0,DEV_ANDROID_14,0,1298,0,2.99,0,P2M,0
TXN106013,USR0077,2205.48,4759.0,0.463,6.3,248.0,12,Mumbai,0,DEV_ANDROID_13,0,101,0,1.6,1,P2M,0
TXN106014,USR0016,1953.22,1443.0,1.354,26.0,51.0,10,Bengaluru,0,DEV_ANDROID_14,0,1268,0,1.16,1,P2P,0
TXN106015,USR0041,3606.0,2677.0,1.347,24.1,289.5,11,Bengaluru,0,DEV_ANDROID_13,0,855,0,2.29,1,RECHARGE,0
TXN106016,USR0085,4793.58,3924.0,1.222,17.7,33.4,7,Kolkata,0,DEV_ANDROID_13,0,825,0,1.39,1,ONLINE_SHOPPING,0
TXN106017,USR0115,2141.95,1698.0,1.261,11.6,654.1,18,Kolkata,0,DEV_IOS_18,0,96,0,0.93,1,P2P,0
TXN106018,USR0118,631.22,855.0,0.738,31.2,23.7,17,Kolkata,0,DEV_ANDROID_13,0,1578,0,0.2,0,P2P,0
TXN106019,USR0108,2900.25,931.0,3.115,16.7,548.2,17,Mumbai,0,DEV_IOS_18,0,122,0,1.17,1,BILL_PAYMENT,0
TXN106020,USR0072,3219.98,4501.0,0.715,9.2,55.8,10,Kolkata,0,DEV_ANDROID_14,0,1408,0,0.1,1,P2M,0
TXN106021,USR0029,1354.87,1672.0,0.81,16.1,63.6,10,Kolkata,0,DEV_ANDROID_14,0,1819,1,1.27,1,P2M,0
TXN106022,USR0150,3069.67,1846.0,1.663,1.0,38.2,21,Bengaluru,0,DEV_IOS_18,0,340,0,2.56,1,RECHARGE,0
TXN106023,USR0081,1251.33,1873.0,0.668,32.9,182.0,9,Kolkata,0,DEV_ANDROID_13,0,912,0,2.06,1,P2P,0
TXN106024,USR0145,4188.56,4287.0,0.977,7.4,119.9,15,Mumbai,0,DEV_WEB_CHROME,1,1452,0,1.15,0,P2M,0
TXN106025,USR0080,1062.18,1303.0,0.815,16.1,314.0,16,Kolkata,0,DEV_ANDROID_14,0,602,0,0.31,1,P2P,0
TXN106026,USR0133,599.75,561.0,1.069,11.3,115.0,16,Delhi,0,DEV_ANDROID_13,0,1092,0,1.81,0,INVESTMENT,0
TXN106027,USR0100,2064.12,2121.0,0.973,33.4,218.4,13,Chennai,1,DEV_IOS_18,1,806,0,0.89,1,P2P,0
TXN106028,USR0077,4192.68,4759.0,0.881,13.1,224.2,16,Mumbai,0,DEV_ANDROID_13,0,144,0,1.91,0,P2P,0
TXN106029,USR0011,1439.02,2073.0,0.694,16.0,54.5,14,Chennai,0,DEV_ANDROID_14,0,901,1,1.85,1,P2P,0
TXN106030,USR0103,16647.24,4267.0,3.901,39.0,11.9,15,Bengaluru,1,DEV_ANDROID_13,0,1770,2,6.49,0,P2P,1
TXN106031,USR0132,18885.93,3311.0,5.704,3.2,171.3,17,Hyderabad,0,DEV_ANDROID_13,0,524,0,0.75,0,P2P,0
TXN106032,USR0100,2388.95,2121.0,1.126,27.4,176.9,13,Bengaluru,0,DEV_ANDROID_14,0,779,0,1.75,1,ONLINE_SHOPPING,0
TXN106033,USR0011,1625.42,2073.0,0.784,17.2,78.2,7,Chennai,0,DEV_ANDROID_14,0,969,0,2.95,1,P2M,0
TXN106034,USR0100,1394.22,2121.0,0.657,30.7,201.7,14,Bengaluru,0,DEV_IOS_18,1,806,0,2.06,1,BILL_PAYMENT,0
TXN106035,USR0073,1820.29,1427.0,1.276,33.1,113.2,16,Kolkata,0,DEV_ANDROID_13,0,216,0,0.4,1,P2M,0
TXN106036,USR0097,1174.84,1552.0,0.757,29.4,48.7,6,Delhi,0,DEV_ANDROID_13,0,836,0,2.09,0,P2P,0
TXN106037,USR0037,3109.87,2687.0,1.157,31.5,291.0,14,Ahmedabad,1,DEV_ANDROID_14,0,939,0,0.7,1,ONLINE_SHOPPING,0
TXN106038,USR0060,3793.08,2418.0,1.569,13.8,417.1,16,Hyderabad,0,DEV_ANDROID_13,0,104,0,2.12,1,P2P,0
TXN106039,USR0112,13095.1,4425.0,2.959,27.0,22.8,14,Hyderabad,0,DEV_ANDROID_13,0,1548,0,2.17,1,P2P,0
TXN106040,USR0056,5566.52,4000.0,1.392,7.6,58.7,12,Bengaluru,0,DEV_IOS_18,0,195,0,1.39,0,BILL_PAYMENT,0
TXN106041,USR0080,1602.74,1303.0,1.23,10.0,56.0,17,Kolkata,0,DEV_ANDROID_14,0,607,0,0.63,1,INVESTMENT,0
TXN106042,USR0083,933.91,1684.0,0.555,6.3,16.4,6,Delhi,0,DEV_ANDROID_14,0,64,0,0.51,0,P2M,0
TXN106043,USR0005,597.82,1239.0,0.483,33.8,120.0,17,Hyderabad,0,DEV_IOS_18,0,1456,0,1.19,0,P2P,0
TXN106044,USR0009,3990.25,3622.0,1.102,21.0,374.7,9,Mumbai,0,DEV_ANDROID_13,0,199,0,1.21,1,P2P,0
TXN106045,USR0098,32532.98,2841.0,11.451,19.0,34.1,17,Delhi,0,DEV_UNKNOWN,1,1125,4,3.58,0,INVESTMENT,1
TXN106046,USR0087,4579.83,4199.0,1.091,5.3,44.0,9,Mumbai,0,DEV_ANDROID_13,0,818,0,0.42,0,RECHARGE,0
TXN106047,USR0083,2501.17,1684.0,1.485,3.0,277.3,12,Delhi,0,DEV_ANDROID_14,0,68,0,2.66,1,P2M,0
TXN106048,USR0121,7386.36,3799.0,1.944,9.7,484.6,8,Hyderabad,0,DEV_ANDROID_13,0,1521,0,0.96,1,P2P,0
TXN106049,USR0055,5402.41,1096.0,4.929,25.0,2.3,22,Jaipur,1,DEV_IOS_18,1,780,3,7.38,1,ONLINE_SHOPPING,1
TXN106050,USR0001,5068.33,3411.0,1.486,21.1,391.3,19,Mumbai,0,DEV_ANDROID_13,0,824,1,1.24,1,P2P,0
TXN106051,USR0098,1659.39,2841.0,0.584,21.7,151.9,14,Hyderabad,1,DEV_IOS_18,0,1085,0,1.72,1,ONLINE_SHOPPING,0
TXN106052,USR0083,3265.18,1684.0,1.939,8.9,62.7,17,Delhi,0,DEV_ANDROID_13,1,63,0,1.69,1,P2M,0
TXN106053,USR0042,6969.36,4858.0,1.435,9.1,19.6,13,Pune,1,DEV_ANDROID_13,0,1454,0,0.7,1,P2M,0
TXN106054,USR0015,2365.14,2529.0,0.935,8.3,109.4,12,Chennai,0,DEV_ANDROID_14,0,1255,0,1.7,0,BILL_PAYMENT,0
TXN106055,USR0050,2383.89,2312.0,1.031,25.9,410.5,13,Chennai,1,DEV_WEB_CHROME,1,110,0,1.93,1,P2M,0
TXN106056,USR0069,4691.91,3260.0,1.439,23.5,381.1,9,Hyderabad,0,DEV_ANDROID_14,0,1657,0,1.35,1,P2P,0
TXN106057,USR0134,5818.43,4359.0,1.335,31.9,67.7,14,Chennai,0,DEV_IOS_18,0,281,0,1.16,1,INVESTMENT,0
TXN106058,USR0135,3196.66,3326.0,0.961,10.0,27.2,19,Chennai,1,DEV_IOS_18,0,1135,0,1.49,0,ONLINE_SHOPPING,0
TXN106059,USR0042,3041.04,4858.0,0.626,14.5,320.0,9,Delhi,0,DEV_ANDROID_13,0,1463,0,1.14,1,BILL_PAYMENT,0
TXN106060,USR0098,2246.3,2841.0,0.791,28.0,203.0,14,Delhi,0,DEV_ANDROID_14,1,1157,0,0.76,0,P2P,0
TXN106061,USR0133,2242.89,561.0,3.998,38.0,3.2,0,Kolkata,1,DEV_WEB_CHROME,1,1124,5,6.8,0,ONLINE_SHOPPING,1
TXN106062,USR0079,3558.11,2089.0,1.703,22.9,115.7,16,Chennai,0,DEV_ANDROID_14,0,1302,0,2.19,1,P2M,0
TXN106063,USR0045,13062.65,3638.0,3.591,10.2,204.5,23,Hyderabad,1,DEV_IOS_18,0,1299,0,0.59,1,BILL_PAYMENT,0
TXN106064,USR0098,1816.9,2841.0,0.64,24.9,182.0,12,Delhi,0,DEV_IOS_18,0,1135,0,1.61,1,P2P,0
TXN106065,USR0095,2050.05,2387.0,0.859,13.3,144.6,18,Chennai,0,DEV_ANDROID_13,0,1148,0,0.7,0,P2P,0
TXN106066,USR0133,3393.41,561.0,6.049,9.9,377.4,16,Delhi,0,DEV_ANDROID_13,0,1118,0,0.36,1,ONLINE_SHOPPING,0
TXN106067,USR0017,346.25,1139.0,0.304,30.4,320.9,10,Kolkata,0,DEV_IOS_18,0,1164,0,1.25,0,P2P,0
TXN106068,USR0049,637.51,835.0,0.763,19.2,55.7,13,Mumbai,0,DEV_IOS_18,0,1129,0,1.65,1,INVESTMENT,0
TXN106069,USR0111,6034.68,4209.0,1.434,10.5,425.1,18,Chennai,0,DEV_ANDROID_14,1,1797,0,1.08,1,P2M,0
TXN106070,USR0098,2185.16,2841.0,0.769,25.0,224.2,8,Delhi,0,DEV_ANDROID_13,1,1082,0,1.15,1,P2P,0
TXN106071,USR0144,2147.86,2663.0,0.807,8.6,278.3,10,Lucknow,1,DEV_IOS_18,0,1073,0,0.5,1,P2M,0
TXN106072,USR0047,445.93,489.0,0.912,22.9,429.6,8,Bengaluru,0,DEV_ANDROID_13,0,916,0,0.78,1,P2P,0
TXN106073,USR0003,3790.85,3784.0,1.002,28.9,189.5,11,Hyderabad,0,DEV_ANDROID_13,0,1329,0,1.57,0,P2P,0
TXN106074,USR0080,3801.15,1303.0,2.917,26.0,2.4,0,Kolkata,0,DEV_UNKNOWN,1,618,4,10.41,0,P2P,1
TXN106075,USR0087,2932.4,4199.0,0.698,8.6,267.2,17,Mumbai,0,DEV_ANDROID_13,0,789,0,2.34,0,BILL_PAYMENT,0
TXN106076,USR0043,15014.84,4029.0,3.727,15.0,19.1,19,Delhi,0,DEV_ANDROID_13,0,1392,0,3.19,0,P2P,1
TXN106077,USR0142,1658.4,3033.0,0.547,17.6,19.6,10,Hyderabad,0,DEV_ANDROID_14,0,877,0,1.42,1,P2M,0
TXN106078,USR0140,10899.0,3114.0,3.5,5.7,218.6,19,Delhi,0,DEV_ANDROID_13,0,190,0,1.73,1,BILL_PAYMENT,0
TXN106079,USR0132,5471.98,3311.0,1.653,4.2,22.0,8,Hyderabad,0,DEV_ANDROID_13,0,598,0,1.73,1,BILL_PAYMENT,0
TXN106080,USR0061,333.29,445.0,0.749,30.2,149.1,15,Bengaluru,0,DEV_ANDROID_13,0,1015,0,0.64,1,P2M,0
TXN106081,USR0108,784.7,931.0,0.843,12.2,164.9,17,Mumbai,0,DEV_IOS_18,0,107,0,0.92,0,P2P,0
TXN106082,USR0086,7192.96,4098.0,1.755,1.0,334.0,19,Delhi,0,DEV_ANDROID_13,0,1293,0,1.53,0,ONLINE_SHOPPING,0
TXN106083,USR0048,1167.02,2387.0,0.489,13.3,121.9,12,Chennai,0,DEV_IOS_18,0,1139,0,1.83,0,P2P,0
TXN106084,USR0055,666.59,1096.0,0.608,28.0,40.6,14,Delhi,0,DEV_IOS_18,1,773,0,0.99,1,P2P,0
TXN106085,USR0107,821.25,1116.0,0.736,4.2,5.5,13,Hyderabad,0,DEV_ANDROID_14,0,1055,0,1.25,1,P2M,0
TXN106086,USR0045,3751.6,3638.0,1.031,18.7,1114.1,15,Mumbai,0,DEV_IOS_18,0,1321,0,0.8,1,P2P,0
TXN106087,USR0143,2753.92,3747.0,0.735,26.5,240.9,18,Chennai,0,DEV_IOS_18,0,1653,0,0.87,1,P2M,0
TXN106088,USR0113,2116.77,2668.0,0.793,4.3,526.6,7,Hyderabad,0,DEV_ANDROID_14,0,1612,0,1.37,1,P2M,0
TXN106089,USR0059,3296.68,4787.0,0.689,14.0,384.0,14,Bengaluru,1,DEV_ANDROID_14,0,980,0,0.68,0,ONLINE_SHOPPING,0
TXN106090,USR0061,309.06,445.0,0.695,35.9,106.3,15,Bengaluru,0,DEV_ANDROID_13,0,1029,0,2.75,1,ONLINE_SHOPPING,0
TXN106091,USR0121,1448.95,3799.0,0.381,9.9,1104.8,14,Hyderabad,0,DEV_ANDROID_13,0,1473,0,1.4,1,ONLINE_SHOPPING,0
TXN106092,USR0121,18945.34,3799.0,4.987,7.3,18.4,19,Hyderabad,0,DEV_ANDROID_13,0,1534,0,0.67,1,ONLINE_SHOPPING,0
TXN106093,USR0084,1075.66,960.0,1.12,10.0,16.0,13,Kolkata,1,DEV_ANDROID_13,0,932,0,0.77,1,P2P,0
TXN106094,USR0063,1165.38,946.0,1.232,7.4,264.3,18,Hyderabad,0,DEV_ANDROID_13,0,465,0,0.85,0,ONLINE_SHOPPING,0
TXN106095,USR0110,1755.48,3119.0,0.563,20.9,5.0,12,Mumbai,0,DEV_IOS_18,0,1228,1,1.21,1,BILL_PAYMENT,0
TXN106096,USR0067,12633.7,1825.0,6.923,25.0,34.8,16,Kolkata,1,DEV_UNKNOWN,1,832,6,4.03,0,INVESTMENT,1
TXN106097,USR0020,2282.15,3539.0,0.645,21.7,376.5,15,Delhi,0,DEV_ANDROID_14,0,309,0,2.03,1,ONLINE_SHOPPING,0
TXN106098,USR0088,8892.65,4666.0,1.906,9.8,18.1,15,Mumbai,0,DEV_IOS_18,0,744,0,2.98,1,P2P,0
TXN106099,USR0132,3668.52,3311.0,1.108,11.0,112.1,12,Hyderabad,0,DEV_ANDROID_13,0,554,0,2.04,1,P2P,0
TXN106100,USR0005,762.4,1239.0,0.615,29.0,31.6,8,Hyderabad,0,DEV_IOS_18,0,1396,0,0.53,1,P2P,0
TXN106101,USR0112,2175.43,4425.0,0.492,29.8,101.8,13,Hyderabad,0,DEV_ANDROID_13,0,1573,0,1.5,0,P2M,0
TXN106102,USR0073,1377.5,1427.0,0.965,29.4,238.1,14,Kolkata,0,DEV_ANDROID_14,1,259,0,1.92,1,P2M,0
TXN106103,USR0138,22938.3,3130.0,7.329,22.1,285.5,18,Chennai,0,DEV_IOS_18,0,1413,0,1.67,1,P2M,0
TXN106104,USR0040,404.16,942.0,0.429,19.2,226.8,9,Mumbai,0,DEV_IOS_18,0,1722,0,1.24,1,P2P,0
TXN106105,USR0062,3945.64,2948.0,1.338,13.6,19.7,16,Mumbai,0,DEV_ANDROID_14,0,228,0,1.78,1,ONLINE_SHOPPING,0
TXN106106,USR0113,9750.84,2668.0,3.655,23.0,2.4,15,Lucknow,1,DEV_ANDROID_12,1,1585,1,11.35,0,ONLINE_SHOPPING,1
TXN106107,USR0106,849.04,1061.0,0.8,31.2,33.3,16,Delhi,0,DEV_ANDROID_13,0,1675,0,1.71,1,P2P,0
TXN106108,USR0124,790.29,1625.0,0.486,10.5,155.2,19,Hyderabad,0,DEV_ANDROID_14,0,303,1,1.67,0,P2M,0
TXN106109,USR0051,929.83,1265.0,0.735,17.8,27.7,11,Delhi,0,DEV_IOS_18,0,1205,0,1.98,0,P2P,0
TXN106110,USR0065,3643.97,3227.0,1.129,35.0,83.8,22,Delhi,0,DEV_ANDROID_14,0,1776,0,1.36,1,P2P,0
TXN106111,USR0030,1898.04,1476.0,1.286,30.2,183.2,13,Kolkata,0,DEV_ANDROID_14,0,146,0,1.73,1,P2M,0
TXN106112,USR0042,3704.99,4858.0,0.763,12.2,5.0,9,Delhi,0,DEV_ANDROID_13,0,1447,0,1.26,1,P2M,0
TXN106113,USR0075,4097.97,2287.0,1.792,12.2,6.0,16,Hyderabad,1,DEV_IOS_18,0,1653,0,1.6,1,P2M,0
TXN106114,USR0023,3516.96,2955.0,1.19,15.1,280.1,15,Delhi,0,DEV_ANDROID_13,0,933,0,2.03,1,P2M,0
TXN106115,USR0138,16643.27,3130.0,5.317,17.7,144.8,7,Chennai,0,DEV_IOS_18,0,1445,0,0.95,0,INVESTMENT,0
TXN106116,USR0026,4556.46,3918.0,1.163,20.5,83.5,14,Hyderabad,0,DEV_ANDROID_14,0,1152,0,1.0,0,P2M,0
TXN106117,USR0118,1269.48,855.0,1.485,28.2,9.8,10,Kolkata,0,DEV_ANDROID_13,0,1553,0,1.55,1,P2P,0
TXN106118,USR0136,896.0,788.0,1.137,22.2,249.6,6,Chennai,0,DEV_IOS_18,0,1710,0,2.18,1,ONLINE_SHOPPING,0
TXN106119,USR0096,385.47,482.0,0.8,21.5,429.8,12,Chennai,0,DEV_ANDROID_13,0,246,0,1.0,1,P2M,0
TXN106120,USR0023,3127.83,2955.0,1.058,18.6,75.3,6,Delhi,0,DEV_ANDROID_13,0,936,0,1.85,1,BILL_PAYMENT,0
TXN106121,USR0028,745.55,541.0,1.378,13.1,92.0,13,Delhi,0,DEV_IOS_18,0,842,0,1.55,0,ONLINE_SHOPPING,0
TXN106122,USR0124,9512.75,1625.0,5.854,14.0,79.0,1,Bengaluru,1,DEV_WEB_CHROME,1,264,1,3.02,0,P2P,1
TXN106123,USR0044,555.33,843.0,0.659,17.3,621.0,16,Delhi,0,DEV_ANDROID_14,0,1627,0,0.61,1,P2M,0
TXN106124,USR0141,1525.47,1171.0,1.303,10.0,58.3,12,Hyderabad,0,DEV_IOS_18,0,282,0,0.41,1,ONLINE_SHOPPING,0
TXN106125,USR0145,3052.44,4287.0,0.712,6.5,51.0,10,Mumbai,0,DEV_ANDROID_13,0,1422,0,1.58,1,P2P,0
TXN106126,USR0126,3468.53,2090.0,1.66,18.5,12.1,16,Delhi,0,DEV_WEB_CHROME,1,675,0,1.5,1,ONLINE_SHOPPING,0
TXN106127,USR0077,35388.38,4759.0,7.436,36.0,10.8,0,Mumbai,0,DEV_ANDROID_12,1,91,3,3.75,1,P2M,1
TXN106128,USR0025,5286.0,3410.0,1.55,22.5,20.0,12,Bengaluru,0,DEV_ANDROID_13,0,1546,0,1.45,0,ONLINE_SHOPPING,0
TXN106129,USR0013,2165.15,2086.0,1.038,35.5,39.7,15,Kolkata,0,DEV_ANDROID_13,0,784,0,0.36,1,P2P,0
TXN106130,USR0100,2362.63,2121.0,1.114,29.0,166.7,10,Bengaluru,0,DEV_ANDROID_14,0,833,0,1.66,0,P2M,0
TXN106131,USR0128,2807.9,1765.0,1.591,26.8,178.5,13,Chennai,0,DEV_ANDROID_14,0,1738,0,1.56,1,P2M,0
TXN106132,USR0054,1400.98,1995.0,0.702,14.9,205.8,11,Kolkata,1,DEV_IOS_18,0,1083,0,1.03,1,P2P,0
TXN106133,USR0074,2413.54,1853.0,1.303,1.0,219.9,15,Hyderabad,0,DEV_IOS_18,0,1446,0,0.81,1,P2M,0
TXN106134,USR0046,6696.57,3064.0,2.186,22.8,284.7,9,Delhi,0,DEV_ANDROID_14,1,338,0,0.1,1,P2M,0
TXN106135,USR0133,662.78,561.0,1.181,9.2,19.2,8,Jaipur,1,DEV_ANDROID_13,0,1104,0,2.01,1,INVESTMENT,0
TXN106136,USR0085,2021.13,3924.0,0.515,31.3,280.7,7,Kolkata,0,DEV_ANDROID_13,0,768,0,0.84,1,P2P,0
TXN106137,USR0139,4663.75,4684.0,0.996,40.1,236.3,15,Kolkata,0,DEV_ANDROID_13,0,248,0,1.83,0,BILL_PAYMENT,0
TXN106138,USR0002,3796.85,3607.0,1.053,10.3,226.4,12,Kolkata,0,DEV_ANDROID_14,0,229,0,1.45,1,P2M,0
TXN106139,USR0065,3919.86,3227.0,1.215,26.3,47.6,6,Delhi,0,DEV_ANDROID_14,0,1757,2,2.27,0,P2M,0
TXN106140,USR0047,511.37,489.0,1.046,27.8,33.9,16,Bengaluru,0,DEV_ANDROID_13,0,913,0,1.17,1,P2P,0
TXN106141,USR0045,2984.01,3638.0,0.82,12.6,267.6,14,Mumbai,0,DEV_IOS_18,0,1337,0,0.92,1,BILL_PAYMENT,0
TXN106142,USR0094,3232.53,3141.0,1.029,11.0,204.0,16,Delhi,1,DEV_ANDROID_14,0,1706,0,3.31,0,P2P,0
TXN106143,USR0130,4259.22,2863.0,1.488,28.6,61.5,15,Delhi,0,DEV_IOS_18,0,1578,0,0.1,1,RECHARGE,0
TXN106144,USR0080,5163.24,1303.0,3.963,29.0,3.0,5,Ahmedabad,1,DEV_WEB_CHROME,1,609,2,7.46,0,ONLINE_SHOPPING,1
TXN106145,USR0008,10020.61,4207.0,2.382,11.5,165.7,6,Mumbai,0,DEV_ANDROID_13,0,1182,0,0.39,1,P2P,0
TXN106146,USR0041,3516.02,2677.0,1.313,24.8,69.8,11,Bengaluru,0,DEV_ANDROID_13,0,850,0,0.75,1,P2M,0
TXN106147,USR0071,2024.29,1774.0,1.141,15.4,74.6,10,Hyderabad,0,DEV_ANDROID_14,0,1727,0,1.15,1,P2M,0
TXN106148,USR0078,4048.11,4223.0,0.959,24.7,52.0,20,Mumbai,0,DEV_ANDROID_14,0,352,0,0.4,1,P2P,0
TXN106149,USR0068,1865.43,1858.0,1.004,10.9,155.2,21,Chennai,0,DEV_ANDROID_13,0,1769,0,1.05,1,BILL_PAYMENT,0
TXN106150,USR0036,1115.57,1141.0,0.978,35.1,274.5,13,Bengaluru,0,DEV_ANDROID_13,0,916,0,0.53,1,P2P,0
TXN106151,USR0001,1739.39,3411.0,0.51,18.4,217.0,11,Pune,1,DEV_ANDROID_13,0,809,0,2.78,1,P2P,0
TXN106152,USR0049,503.32,835.0,0.603,29.6,96.1,12,Pune,1,DEV_WEB_CHROME,1,1129,0,0.69,1,P2M,0
TXN106153,USR0126,1224.24,2090.0,0.586,14.3,643.2,9,Ahmedabad,1,DEV_IOS_18,0,699,0,1.89,1,BILL_PAYMENT,0
TXN106154,USR0042,5051.04,4858.0,1.04,15.7,207.1,14,Delhi,0,DEV_ANDROID_13,0,1402,0,2.35,1,P2M,0
TXN106155,USR0048,1123.99,2387.0,0.471,17.6,161.2,6,Chennai,0,DEV_IOS_18,0,1162,0,0.49,1,P2M,0
TXN106156,USR0022,2172.33,3458.0,0.628,19.2,64.5,14,Chennai,0,DEV_ANDROID_13,0,1314,0,0.36,1,P2P,0
TXN106157,USR0145,4176.52,4287.0,0.974,5.8,369.3,14,Mumbai,0,DEV_ANDROID_13,0,1425,0,1.07,1,P2P,0
TXN106158,USR0083,811.19,1684.0,0.482,9.8,75.5,15,Delhi,0,DEV_ANDROID_14,0,42,0,1.53,0,P2M,0
TXN106159,USR0135,3663.08,3326.0,1.101,12.4,46.1,15,Lucknow,1,DEV_IOS_18,0,1134,0,0.71,1,P2P,0
TXN106160,USR0109,1041.16,1296.0,0.803,5.1,110.5,8,Chennai,0,DEV_ANDROID_14,0,1499,0,0.1,1,P2P,0
TXN106161,USR0056,30840.78,4000.0,7.71,15.0,34.2,7,Kochi,1,DEV_UNKNOWN,1,232,3,6.15,0,INVESTMENT,1
TXN106162,USR0016,2595.64,1443.0,1.799,21.7,42.9,9,Bengaluru,0,DEV_ANDROID_14,0,1214,0,1.51,1,INVESTMENT,0
TXN106163,USR0011,2857.07,2073.0,1.378,23.1,1042.2,10,Chennai,0,DEV_WEB_CHROME,1,917,0,2.12,1,BILL_PAYMENT,0
TXN106164,USR0116,3500.04,2809.0,1.246,36.0,59.8,15,Bengaluru,0,DEV_ANDROID_13,0,250,0,0.38,1,RECHARGE,0
TXN106165,USR0031,4625.17,4621.0,1.001,13.2,474.5,21,Kolkata,0,DEV_ANDROID_14,0,809,0,1.05,1,ONLINE_SHOPPING,0
TXN106166,USR0063,1273.82,946.0,1.347,12.9,271.1,6,Chennai,1,DEV_ANDROID_13,0,504,0,1.47,1,ONLINE_SHOPPING,0
TXN106167,USR0142,1778.56,3033.0,0.586,20.1,199.3,12,Delhi,1,DEV_ANDROID_13,1,873,0,1.5,1,P2P,0
TXN106168,USR0008,3365.1,4207.0,0.8,3.3,22.5,16,Mumbai,0,DEV_ANDROID_13,0,1181,0,0.37,0,P2M,0
TXN106169,USR0030,2613.99,1476.0,1.771,29.9,26.9,21,Kolkata,0,DEV_ANDROID_14,0,134,0,0.89,1,P2M,0
TXN106170,USR0007,586.76,823.0,0.713,19.3,124.5,21,Bengaluru,0,DEV_ANDROID_14,0,1590,0,1.85,1,ONLINE_SHOPPING,0
TXN106171,USR0101,6868.22,4828.0,1.423,38.3,102.0,10,Mumbai,0,DEV_IOS_18,0,530,0,1.75,0,P2M,0
TXN106172,USR0061,193.21,445.0,0.434,31.7,133.3,13,Bengaluru,0,DEV_ANDROID_13,0,987,0,1.43,1,INVESTMENT,0
TXN106173,USR0006,19931.96,4184.0,4.764,24.4,155.1,10,Hyderabad,0,DEV_IOS_18,0,810,0,1.14,1,P2M,0
TXN106174,USR0101,2838.97,4828.0,0.588,39.1,7.3,8,Mumbai,0,DEV_IOS_18,0,511,0,1.33,1,ONLINE_SHOPPING,0
TXN106175,USR0125,1661.47,1159.0,1.434,12.6,63.6,16,Bengaluru,0,DEV_IOS_18,0,1151,0,1.52,1,P2M,0
TXN106176,USR0145,3462.4,4287.0,0.808,5.4,230.1,13,Mumbai,0,DEV_ANDROID_13,0,1463,0,1.31,1,P2M,0
TXN106177,USR0120,6836.64,3985.0,1.716,22.4,73.9,16,Chennai,0,DEV_IOS_18,0,1175,0,0.88,0,P2M,0
TXN106178,USR0077,4853.18,4759.0,1.02,13.4,950.1,9,Mumbai,0,DEV_ANDROID_13,0,117,0,0.62,0,P2P,0
TXN106179,USR0076,1622.79,3835.0,0.423,13.4,406.8,18,Mumbai,0,DEV_ANDROID_13,0,527,0,2.48,1,P2M,0
TXN106180,USR0038,7156.32,2152.0,3.325,10.1,25.1,7,Bengaluru,0,DEV_ANDROID_14,0,547,0,1.92,1,BILL_PAYMENT,0
TXN106181,USR0112,2371.01,4425.0,0.536,25.9,87.1,12,Hyderabad,0,DEV_ANDROID_13,0,1536,0,0.56,1,P2P,0
TXN106182,USR0008,4163.86,4207.0,0.99,17.8,622.3,13,Mumbai,0,DEV_ANDROID_13,0,1178,0,1.98,1,P2P,0
TXN106183,USR0137,3482.48,4815.0,0.723,37.7,73.4,15,Chennai,0,DEV_ANDROID_14,0,315,1,1.21,1,P2P,0
TXN106184,USR0147,3353.05,4639.0,0.723,21.4,456.2,11,Chennai,0,DEV_IOS_18,0,417,0,0.23,0,P2P,0
TXN106185,USR0080,2234.67,1303.0,1.715,11.4,117.1,7,Ahmedabad,1,DEV_ANDROID_13,1,610,0,1.03,0,P2P,0
TXN106186,USR0110,3553.64,3119.0,1.139,20.1,255.9,15,Mumbai,0,DEV_IOS_18,0,1267,0,0.78,1,P2P,0
TXN106187,USR0040,1116.95,942.0,1.186,12.6,391.1,17,Mumbai,0,DEV_IOS_18,0,1772,0,1.47,1,P2P,0
TXN106188,USR0035,7645.34,3949.0,1.936,24.2,279.7,6,Mumbai,0,DEV_ANDROID_14,0,1274,0,0.88,0,P2M,0
TXN106189,USR0026,4416.87,3918.0,1.127,23.6,72.3,11,Hyderabad,0,DEV_ANDROID_14,0,1212,0,2.04,0,INVESTMENT,0
TXN106190,USR0121,19720.91,3799.0,5.191,10.9,202.6,14,Bengaluru,1,DEV_ANDROID_13,0,1526,0,1.59,1,P2P,0
TXN106191,USR0013,3091.86,2086.0,1.482,34.5,84.6,12,Pune,1,DEV_ANDROID_13,0,752,0,0.1,1,ONLINE_SHOPPING,0
TXN106192,USR0116,9238.56,2809.0,3.289,55.0,1.1,16,Lucknow,1,DEV_WEB_CHROME,1,219,3,6.04,0,ONLINE_SHOPPING,1
TXN106193,USR0002,7709.89,3607.0,2.137,15.7,138.3,7,Kolkata,0,DEV_ANDROID_14,0,190,0,1.49,1,P2P,0
TXN106194,USR0104,761.62,706.0,1.079,16.4,76.9,8,Mumbai,0,DEV_ANDROID_13,0,1104,0,0.1,1,BILL_PAYMENT,0
TXN106195,USR0147,5281.85,4639.0,1.139,25.1,240.2,7,Chennai,0,DEV_IOS_18,0,434,0,1.6,1,P2P,0
TXN106196,USR0032,3900.22,2962.0,1.317,17.2,323.0,14,Hyderabad,0,DEV_ANDROID_14,0,1405,0,1.77,1,P2M,0
TXN106197,USR0118,622.15,855.0,0.728,30.7,88.2,16,Kolkata,0,DEV_ANDROID_13,0,1525,0,2.17,1,P2M,0
TXN106198,USR0020,2466.6,3539.0,0.697,25.0,139.6,9,Chandigarh,1,DEV_ANDROID_14,0,318,2,1.7,1,P2M,0
TXN106199,USR0074,827.5,1853.0,0.447,7.2,468.5,11,Hyderabad,0,DEV_IOS_18,0,1406,0,1.7,0,P2P,0
TXN106200,USR0035,11987.84,3949.0,3.036,26.0,391.6,19,Mumbai,0,DEV_ANDROID_14,0,1300,0,1.75,1,P2M,0
TXN106201,USR0135,1830.16,3326.0,0.55,5.4,307.2,14,Kolkata,0,DEV_IOS_18,0,1139,0,0.76,1,BILL_PAYMENT,0
TXN106202,USR0096,673.83,482.0,1.398,25.3,5.0,10,Jaipur,1,DEV_ANDROID_13,0,269,0,0.15,1,P2P,0
TXN106203,USR0140,2117.93,3114.0,0.68,1.0,317.3,12,Delhi,0,DEV_ANDROID_13,0,191,0,0.88,0,P2P,0
TXN106204,USR0149,10022.16,3318.0,3.021,11.0,177.1,9,Ahmedabad,1,DEV_IOS_18,1,1438,0,1.94,1,P2P,0
TXN106205,USR0112,5309.19,4425.0,1.2,31.0,41.6,16,Hyderabad,0,DEV_ANDROID_13,0,1547,0,1.06,1,P2P,0
TXN106206,USR0098,2901.35,2841.0,1.021,24.2,162.2,22,Delhi,0,DEV_IOS_18,0,1147,0,1.59,0,ONLINE_SHOPPING,0
TXN106207,USR0083,692.92,1684.0,0.411,9.0,310.4,9,Delhi,0,DEV_ANDROID_14,0,100,0,0.93,0,ONLINE_SHOPPING,0
TXN106208,USR0131,3712.73,1330.0,2.792,23.0,170.6,17,Bengaluru,0,DEV_IOS_18,0,1003,0,0.52,1,P2P,0
TXN106209,USR0011,1940.26,2073.0,0.936,17.8,225.3,8,Chennai,0,DEV_ANDROID_14,0,923,0,1.15,1,P2P,0
TXN106210,USR0047,548.56,489.0,1.122,26.4,148.7,13,Bengaluru,0,DEV_ANDROID_13,0,940,1,1.15,1,P2M,0
TXN106211,USR0055,791.82,1096.0,0.722,34.7,5.0,19,Delhi,0,DEV_ANDROID_14,0,799,0,0.41,0,P2M,0
TXN106212,USR0112,4280.08,4425.0,0.967,27.0,275.9,10,Ahmedabad,1,DEV_ANDROID_13,0,1570,0,2.17,1,P2M,0
TXN106213,USR0011,1206.78,2073.0,0.582,23.5,200.2,15,Chennai,0,DEV_ANDROID_14,0,939,0,2.02,1,P2P,0
TXN106214,USR0013,1780.38,2086.0,0.853,30.9,120.7,12,Kolkata,0,DEV_ANDROID_13,0,816,0,1.23,0,P2M,0
TXN106215,USR0030,1673.92,1476.0,1.134,29.4,270.9,11,Kolkata,0,DEV_ANDROID_14,0,168,0,0.58,1,P2P,0
TXN106216,USR0083,12629.39,1684.0,7.5,29.0,2.7,4,Kochi,1,DEV_WEB_CHROME,1,58,2,6.9,0,P2P,1
TXN106217,USR0046,22854.0,3064.0,7.459,25.4,192.9,20,Delhi,0,DEV_ANDROID_13,0,360,0,0.83,1,P2P,0
TXN106218,USR0085,3243.08,3924.0,0.826,15.8,273.1,10,Kolkata,0,DEV_ANDROID_13,0,827,0,0.57,1,P2M,0
TXN106219,USR0148,2780.71,1934.0,1.438,27.1,437.6,17,Lucknow,1,DEV_ANDROID_13,0,1618,0,0.87,1,P2M,0
TXN106220,USR0034,636.37,1168.0,0.545,24.3,57.2,10,Chennai,0,DEV_ANDROID_14,0,96,0,1.41,1,P2M,0
TXN106221,USR0141,1126.43,1171.0,0.962,13.0,177.6,15,Hyderabad,0,DEV_ANDROID_13,1,301,0,1.97,0,P2P,0
TXN106222,USR0075,4426.55,2287.0,1.936,33.0,22.6,20,Bengaluru,0,DEV_UNKNOWN,1,1650,0,5.64,0,P2P,1
TXN106223,USR0068,2555.82,1858.0,1.376,15.2,87.1,16,Chennai,0,DEV_ANDROID_13,0,1724,0,2.22,1,P2M,0
TXN106224,USR0092,2959.45,3316.0,0.892,30.5,312.7,15,Hyderabad,0,DEV_ANDROID_14,0,249,0,2.1,1,ONLINE_SHOPPING,0
TXN106225,USR0045,3864.72,3638.0,1.062,8.5,238.4,19,Mumbai,0,DEV_IOS_18,0,1299,0,0.1,1,P2P,0
TXN106226,USR0098,25019.74,2841.0,8.807,28.0,37.9,7,Kochi,1,DEV_UNKNOWN,1,1140,5,8.55,0,INVESTMENT,1
TXN106227,USR0140,2788.62,3114.0,0.896,1.0,369.8,15,Delhi,0,DEV_ANDROID_13,0,251,0,0.83,0,P2M,0
TXN106228,USR0132,3842.92,3311.0,1.161,15.9,176.9,18,Hyderabad,0,DEV_ANDROID_13,0,579,0,0.49,1,BILL_PAYMENT,0
TXN106229,USR0017,1389.36,1139.0,1.22,32.0,338.2,13,Kolkata,0,DEV_IOS_18,0,1196,0,1.24,0,P2P,0
TXN106230,USR0120,3094.34,3985.0,0.776,22.2,72.7,13,Chennai,0,DEV_IOS_18,0,1168,0,1.57,1,P2M,0
TXN106231,USR0122,20516.14,2765.0,7.42,42.0,11.3,10,Mumbai,1,DEV_ANDROID_14,0,1598,2,7.45,0,P2P,1
TXN106232,USR0031,51548.76,4621.0,11.155,41.0,5.2,10,Kolkata,0,DEV_ANDROID_12,1,851,1,5.21,0,P2P,1
TXN106233,USR0069,26994.64,3260.0,8.281,37.0,10.0,19,Ahmedabad,1,DEV_ANDROID_12,1,1687,1,7.87,1,INVESTMENT,1
TXN106234,USR0047,362.78,489.0,0.742,27.3,173.0,8,Bengaluru,0,DEV_ANDROID_13,0,896,0,0.1,0,P2P,0
TXN106235,USR0063,572.47,946.0,0.605,9.6,224.6,9,Hyderabad,0,DEV_ANDROID_13,0,482,0,1.2,0,P2M,0
TXN106236,USR0010,1451.39,4508.0,0.322,22.4,255.7,17,Kolkata,0,DEV_IOS_18,0,1448,0,0.25,1,P2M,0
TXN106237,USR0007,484.34,823.0,0.589,18.3,70.1,13,Bengaluru,0,DEV_ANDROID_14,0,1601,0,0.89,1,P2P,0
TXN106238,USR0034,1078.28,1168.0,0.923,18.4,13.1,12,Chennai,0,DEV_ANDROID_14,0,58,0,0.59,1,P2P,0
TXN106239,USR0063,3338.7,946.0,3.529,30.0,8.7,7,Chandigarh,1,DEV_UNKNOWN,1,516,3,6.33,0,P2P,1
TXN106240,USR0137,9887.45,4815.0,2.053,27.0,413.9,11,Chennai,0,DEV_ANDROID_14,0,342,0,0.91,1,ONLINE_SHOPPING,0
TXN106241,USR0084,643.35,960.0,0.67,10.6,41.8,7,Lucknow,1,DEV_ANDROID_13,0,970,0,0.95,1,P2P,0
TXN106242,USR0143,1996.52,3747.0,0.533,28.6,131.8,12,Chennai,0,DEV_IOS_18,0,1685,0,0.82,1,P2M,0
TXN106243,USR0039,1404.73,3193.0,0.44,14.3,104.2,21,Chennai,0,DEV_IOS_18,0,1770,0,2.06,1,BILL_PAYMENT,0
TXN106244,USR0139,4165.77,4684.0,0.889,31.6,146.1,13,Kolkata,0,DEV_ANDROID_13,0,191,0,0.73,1,RECHARGE,0
TXN106245,USR0098,3679.74,2841.0,1.295,25.7,226.9,17,Delhi,0,DEV_IOS_18,0,1102,0,1.09,1,P2P,0
TXN106246,USR0095,1112.96,2387.0,0.466,19.9,27.7,13,Chennai,0,DEV_ANDROID_13,0,1166,1,2.7,1,P2P,0
TXN106247,USR0111,7537.35,4209.0,1.791,11.2,207.1,17,Chennai,0,DEV_IOS_18,0,1771,0,1.81,1,RECHARGE,0
TXN106248,USR0061,2362.21,445.0,5.308,30.2,23.9,18,Bengaluru,0,DEV_ANDROID_13,0,984,0,0.2,1,P2P,0
TXN106249,USR0144,15254.63,2663.0,5.728,34.0,48.0,3,Pune,1,DEV_UNKNOWN,1,1127,0,5.12,0,P2P,1
TXN106250,USR0080,1665.46,1303.0,1.278,17.6,265.0,14,Kolkata,0,DEV_ANDROID_14,0,579,0,0.1,0,P2P,0
TXN106251,USR0042,11373.0,4858.0,2.341,12.1,29.8,7,Delhi,0,DEV_ANDROID_13,0,1431,0,0.5,1,ONLINE_SHOPPING,0
TXN106252,USR0134,2653.79,4359.0,0.609,28.4,33.1,12,Chennai,0,DEV_IOS_18,0,289,0,1.12,1,P2P,0
TXN106253,USR0056,6670.56,4000.0,1.668,1.6,218.9,10,Bengaluru,0,DEV_IOS_18,0,196,0,2.49,1,P2M,0
TXN106254,USR0116,4400.46,2809.0,1.567,35.0,1202.9,7,Bengaluru,0,DEV_ANDROID_13,0,232,0,0.15,1,P2M,0
TXN106255,USR0023,5456.67,2955.0,1.847,14.6,135.1,15,Delhi,0,DEV_ANDROID_13,0,922,0,1.77,1,P2P,0
TXN106256,USR0078,8843.51,4223.0,2.094,31.0,183.0,22,Mumbai,0,DEV_ANDROID_14,0,287,0,0.1,1,P2M,0
TXN106257,USR0016,1231.24,1443.0,0.853,16.4,540.4,7,Bengaluru,0,DEV_ANDROID_14,0,1240,0,1.15,1,P2M,0
TXN106258,USR0046,2592.42,3064.0,0.846,18.8,233.9,13,Delhi,0,DEV_ANDROID_13,0,342,0,0.21,1,BILL_PAYMENT,0
TXN106259,USR0097,1102.82,1552.0,0.711,30.3,87.8,14,Delhi,0,DEV_ANDROID_13,0,829,2,1.17,1,P2P,0
TXN106260,USR0090,2012.6,4795.0,0.42,19.7,43.4,18,Hyderabad,0,DEV_ANDROID_14,0,573,0,1.78,0,P2P,0
TXN106261,USR0013,2444.83,2086.0,1.172,34.9,282.6,16,Kolkata,0,DEV_ANDROID_13,0,775,0,1.89,1,RECHARGE,0
TXN106262,USR0041,3421.17,2677.0,1.278,28.2,385.4,9,Bengaluru,0,DEV_WEB_CHROME,1,841,0,0.67,1,P2P,0
TXN106263,USR0031,5976.76,4621.0,1.293,10.0,6.8,11,Kolkata,0,DEV_ANDROID_14,0,807,0,0.75,1,P2P,0
TXN106264,USR0061,1021.79,445.0,2.296,31.2,316.6,16,Bengaluru,0,DEV_ANDROID_13,0,1036,0,1.4,1,P2M,0
TXN106265,USR0043,4636.77,4029.0,1.151,18.6,17.4,12,Delhi,0,DEV_ANDROID_13,0,1392,0,1.46,1,INVESTMENT,0
TXN106266,USR0116,3039.29,2809.0,1.082,28.3,248.8,15,Bengaluru,0,DEV_ANDROID_13,0,235,0,1.28,0,P2P,0
TXN106267,USR0149,2908.49,3318.0,0.877,13.7,445.3,10,Chennai,0,DEV_ANDROID_13,0,1490,0,0.62,1,P2M,0
TXN106268,USR0112,6165.04,4425.0,1.393,23.6,42.0,13,Kochi,1,DEV_ANDROID_13,0,1577,0,1.26,1,P2P,0
TXN106269,USR0106,2945.47,1061.0,2.776,35.0,1.1,4,Delhi,0,DEV_ANDROID_12,1,1691,2,9.77,0,P2P,1
TXN106270,USR0139,20986.51,4684.0,4.48,26.8,514.2,14,Kolkata,0,DEV_ANDROID_13,0,238,0,1.55,1,P2M,0
TXN106271,USR0029,10109.41,1672.0,6.046,11.7,31.4,18,Kolkata,0,DEV_ANDROID_14,0,1789,0,0.32,1,P2P,0
TXN106272,USR0077,3837.84,4759.0,0.806,12.9,396.8,17,Mumbai,0,DEV_ANDROID_13,0,121,0,1.54,1,P2M,0
TXN106273,USR0037,2350.04,2687.0,0.875,21.7,97.7,10,Kolkata,0,DEV_ANDROID_14,0,926,0,0.88,1,P2M,0
TXN106274,USR0148,15348.3,1934.0,7.936,24.0,55.2,18,Hyderabad,1,DEV_UNKNOWN,1,1614,4,8.65,0,P2P,1
TXN106275,USR0069,10570.08,3260.0,3.242,18.8,207.5,15,Hyderabad,0,DEV_ANDROID_14,0,1685,1,1.62,1,P2P,0
TXN106276,USR0004,1793.25,989.0,1.813,24.0,34.4,15,Chennai,0,DEV_IOS_18,0,877,0,1.21,1,P2M,0
TXN106277,USR0073,597.37,1427.0,0.419,30.2,73.5,17,Kolkata,0,DEV_ANDROID_13,0,290,0,1.96,1,P2P,0
TXN106278,USR0017,4389.85,1139.0,3.854,30.9,27.2,13,Kolkata,0,DEV_IOS_18,0,1173,0,1.23,0,P2M,0
TXN106279,USR0145,2414.06,4287.0,0.563,7.9,208.7,18,Mumbai,0,DEV_ANDROID_13,0,1477,0,0.59,0,P2P,0
TXN106280,USR0056,1985.69,4000.0,0.496,8.0,227.5,7,Bengaluru,0,DEV_IOS_18,0,188,0,0.1,1,P2P,0
TXN106281,USR0105,1061.5,1284.0,0.827,35.4,263.8,18,Bengaluru,0,DEV_ANDROID_14,0,596,0,1.45,1,P2P,0
TXN106282,USR0121,3689.11,3799.0,0.971,8.5,386.1,11,Hyderabad,0,DEV_ANDROID_13,0,1532,0,0.83,1,ONLINE_SHOPPING,0
TXN106283,USR0016,2527.3,1443.0,1.751,16.0,115.5,11,Bengaluru,0,DEV_ANDROID_14,0,1201,0,0.97,1,BILL_PAYMENT,0
TXN106284,USR0100,2155.91,2121.0,1.016,34.9,257.3,7,Bengaluru,0,DEV_ANDROID_14,0,818,0,0.81,1,INVESTMENT,0
TXN106285,USR0125,1348.51,1159.0,1.164,18.4,53.5,8,Bengaluru,0,DEV_IOS_18,0,1122,0,1.37,1,BILL_PAYMENT,0
TXN106286,USR0021,3656.43,4102.0,0.891,6.7,27.6,12,Chennai,0,DEV_ANDROID_14,0,1443,0,2.54,1,P2P,0
TXN106287,USR0006,8549.24,4184.0,2.043,16.3,39.1,20,Hyderabad,0,DEV_IOS_18,0,805,0,1.23,1,P2M,0
TXN106288,USR0097,1969.43,1552.0,1.269,27.9,133.0,17,Delhi,0,DEV_ANDROID_13,0,895,0,1.12,0,P2M,0
TXN106289,USR0108,1226.44,931.0,1.317,18.7,197.5,10,Mumbai,0,DEV_IOS_18,0,87,0,0.1,1,P2M,0
TXN106290,USR0063,1630.22,946.0,1.723,13.5,447.6,14,Hyderabad,0,DEV_ANDROID_13,0,476,0,1.1,1,P2P,0
TXN106291,USR0063,772.27,946.0,0.816,23.8,184.3,12,Hyderabad,0,DEV_ANDROID_13,0,458,0,1.3,0,BILL_PAYMENT,0
TXN106292,USR0050,7885.94,2312.0,3.411,30.0,1.9,17,Bengaluru,1,DEV_ANDROID_13,0,97,2,11.86,0,ONLINE_SHOPPING,1
TXN106293,USR0048,1555.21,2387.0,0.652,12.5,300.8,7,Chennai,0,DEV_IOS_18,0,1178,0,0.63,1,ONLINE_SHOPPING,0
TXN106294,USR0127,3990.66,2395.0,1.666,14.4,59.9,19,Chennai,0,DEV_ANDROID_14,0,391,0,1.46,1,P2P,0
TXN106295,USR0056,2676.98,4000.0,0.669,6.6,134.8,8,Bengaluru,0,DEV_IOS_18,0,184,0,1.12,1,P2P,0
TXN106296,USR0113,18475.19,2668.0,6.925,26.0,168.0,2,Hyderabad,0,DEV_UNKNOWN,1,1659,1,5.03,0,P2P,1
TXN106297,USR0104,400.86,706.0,0.568,22.8,103.9,23,Mumbai,0,DEV_ANDROID_13,0,1118,0,0.64,1,P2M,0
TXN106298,USR0141,2682.09,1171.0,2.29,19.0,2.8,9,Hyderabad,0,DEV_UNKNOWN,1,283,0,3.18,0,P2P,1
TXN106299,USR0148,3138.86,1934.0,1.623,24.7,22.6,15,Mumbai,1,DEV_ANDROID_13,0,1674,0,1.14,1,P2P,0
TXN106300,USR0073,1141.29,1427.0,0.8,32.1,361.4,13,Kolkata,0,DEV_IOS_18,1,244,0,1.77,1,BILL_PAYMENT,0
TXN106301,USR0018,2166.66,1836.0,1.18,33.0,44.5,12,Chennai,0,DEV_ANDROID_14,0,1529,0,2.02,0,P2M,0
TXN106302,USR0078,2654.17,4223.0,0.629,27.9,452.5,10,Mumbai,0,DEV_ANDROID_14,0,289,0,1.06,1,ONLINE_SHOPPING,0
TXN106303,USR0135,3073.08,3326.0,0.924,4.2,218.4,12,Kolkata,0,DEV_IOS_18,0,1169,0,0.79,1,P2P,0
TXN106304,USR0116,19163.05,2809.0,6.822,48.0,40.3,22,Mumbai,1,DEV_ANDROID_12,1,228,4,9.4,0,P2P,1
TXN106305,USR0074,3836.18,1853.0,2.07,5.8,51.2,12,Hyderabad,0,DEV_IOS_18,0,1428,0,1.94,1,RECHARGE,0
TXN106306,USR0094,10813.16,3141.0,3.443,16.5,5.0,10,Lucknow,1,DEV_ANDROID_14,0,1689,0,1.28,1,RECHARGE,0
TXN106307,USR0110,1676.43,3119.0,0.537,20.0,147.8,9,Mumbai,0,DEV_IOS_18,0,1237,0,1.39,1,P2P,0
TXN106308,USR0056,7562.69,4000.0,1.891,3.3,228.4,19,Bengaluru,0,DEV_WEB_CHROME,1,210,0,1.72,1,P2M,0
TXN106309,USR0063,1627.3,946.0,1.72,11.7,266.0,10,Hyderabad,0,DEV_ANDROID_13,0,476,0,1.2,0,ONLINE_SHOPPING,0
TXN106310,USR0020,39548.4,3539.0,11.175,44.0,32.8,11,Delhi,0,DEV_ANDROID_14,0,329,4,3.86,0,P2P,1
TXN106311,USR0109,2665.51,1296.0,2.057,14.5,162.2,15,Chennai,0,DEV_ANDROID_14,0,1513,0,1.54,1,ONLINE_SHOPPING,0
TXN106312,USR0123,2917.56,4007.0,0.728,19.5,121.1,11,Kolkata,0,DEV_IOS_18,0,1300,0,1.5,0,P2M,0
TXN106313,USR0004,1118.23,989.0,1.131,31.2,146.5,9,Chennai,0,DEV_IOS_18,0,831,0,0.69,1,P2P,0
TXN106314,USR0135,15933.4,3326.0,4.791,28.0,148.0,1,Ahmedabad,1,DEV_UNKNOWN,1,1162,3,3.22,0,P2P,1
TXN106315,USR0013,8504.46,2086.0,4.077,31.0,113.0,2,Hyderabad,1,DEV_UNKNOWN,1,739,0,3.67,0,P2P,1
TXN106316,USR0013,1089.3,2086.0,0.522,34.0,150.2,11,Pune,1,DEV_ANDROID_13,0,795,0,1.45,1,P2P,0
TXN106317,USR0146,1095.88,803.0,1.365,14.0,10.4,13,Mumbai,0,DEV_ANDROID_13,0,1235,0,0.9,0,P2M,0
TXN106318,USR0060,12722.22,2418.0,5.261,15.6,80.0,14,Chandigarh,1,DEV_ANDROID_13,0,125,0,1.71,1,P2P,0
TXN106319,USR0101,2980.18,4828.0,0.617,34.2,319.4,17,Mumbai,0,DEV_IOS_18,0,571,0,0.9,1,BILL_PAYMENT,0
TXN106320,USR0123,1997.46,4007.0,0.498,10.9,43.5,16,Kolkata,0,DEV_IOS_18,0,1264,0,1.3,1,P2P,0
TXN106321,USR0070,4386.37,4705.0,0.932,9.7,72.9,11,Delhi,0,DEV_ANDROID_13,0,320,0,0.59,0,P2M,0
TXN106322,USR0032,16396.65,2962.0,5.536,33.0,266.0,2,Kolkata,1,DEV_IOS_18,1,1464,1,7.31,0,P2P,1
TXN106323,USR0127,2525.2,2395.0,1.054,15.3,115.6,9,Chennai,0,DEV_ANDROID_14,0,388,0,0.55,1,P2M,0
TXN106324,USR0005,1223.67,1239.0,0.988,31.5,20.6,6,Hyderabad,0,DEV_IOS_18,0,1432,0,1.51,1,P2P,0
TXN106325,USR0029,4293.36,1672.0,2.568,19.4,96.1,18,Kolkata,0,DEV_ANDROID_13,1,1827,0,0.61,1,P2P,0
TXN106326,USR0069,7724.39,3260.0,2.369,19.7,390.0,15,Hyderabad,0,DEV_ANDROID_14,0,1656,0,1.21,1,P2M,0
TXN106327,USR0100,2119.64,2121.0,0.999,32.7,180.3,8,Bengaluru,0,DEV_ANDROID_14,0,788,0,2.23,1,ONLINE_SHOPPING,0
TXN106328,USR0080,1202.65,1303.0,0.923,19.7,28.9,10,Kolkata,0,DEV_ANDROID_14,0,587,0,0.66,1,ONLINE_SHOPPING,0
TXN106329,USR0010,5784.27,4508.0,1.283,26.3,528.9,15,Kolkata,0,DEV_IOS_18,0,1453,0,1.05,1,P2M,0
TXN106330,USR0022,6465.32,3458.0,1.87,19.1,92.9,11,Chennai,0,DEV_ANDROID_13,0,1331,1,1.18,0,P2P,0
TXN106331,USR0124,3462.57,1625.0,2.131,6.5,23.8,14,Hyderabad,0,DEV_ANDROID_14,0,291,0,0.66,0,P2M,0
TXN106332,USR0075,899.03,2287.0,0.393,9.5,36.0,12,Bengaluru,0,DEV_ANDROID_13,1,1601,0,0.1,1,BILL_PAYMENT,0
TXN106333,USR0002,25260.41,3607.0,7.003,24.0,29.1,0,Kolkata,0,DEV_WEB_CHROME,1,228,4,6.19,0,INVESTMENT,1
TXN106334,USR0033,2661.8,2282.0,1.166,11.0,269.6,15,Kolkata,0,DEV_IOS_18,0,786,0,0.84,1,P2P,0
TXN106335,USR0031,10705.06,4621.0,2.317,18.3,572.3,15,Kolkata,0,DEV_ANDROID_14,0,837,0,1.59,1,P2M,0
TXN106336,USR0097,14784.83,1552.0,9.526,44.0,3.2,23,Kolkata,1,DEV_ANDROID_13,0,878,4,6.04,0,P2M,1
TXN106337,USR0137,8319.76,4815.0,1.728,32.2,471.0,8,Chennai,0,DEV_ANDROID_14,0,355,0,0.8,0,P2P,0
TXN106338,USR0089,4221.73,1008.0,4.188,26.0,23.1,21,Kolkata,0,DEV_ANDROID_14,0,970,2,2.77,0,P2P,1
TXN106339,USR0133,777.87,561.0,1.387,8.3,518.1,13,Delhi,0,DEV_ANDROID_13,0,1145,0,1.67,1,P2M,0
TXN106340,USR0147,5595.58,4639.0,1.206,24.5,160.2,9,Chennai,0,DEV_IOS_18,0,436,0,1.59,1,P2M,0
TXN106341,USR0010,2974.18,4508.0,0.66,20.0,353.2,13,Kolkata,0,DEV_ANDROID_14,1,1400,0,1.31,0,P2M,0
TXN106342,USR0148,7674.5,1934.0,3.968,32.0,29.1,9,Bengaluru,1,DEV_UNKNOWN,1,1627,7,9.95,0,INVESTMENT,1
TXN106343,USR0117,4558.14,891.0,5.116,25.0,162.0,2,Kochi,1,DEV_UNKNOWN,1,761,0,5.33,0,P2P,1
TXN106344,USR0040,754.52,942.0,0.801,13.4,370.5,15,Mumbai,0,DEV_IOS_18,0,1774,0,0.63,1,P2M,0
TXN106345,USR0130,2723.47,2863.0,0.951,30.0,225.2,17,Delhi,0,DEV_IOS_18,0,1523,0,1.12,1,P2M,0
TXN106346,USR0013,1456.4,2086.0,0.698,33.5,21.8,8,Kolkata,0,DEV_WEB_CHROME,1,771,2,1.95,0,P2P,0
TXN106347,USR0115,3457.16,1698.0,2.036,11.6,136.6,13,Kolkata,0,DEV_IOS_18,0,26,0,1.09,1,P2P,0
TXN106348,USR0109,3505.13,1296.0,2.705,38.0,2.5,7,Kochi,1,DEV_UNKNOWN,1,1559,2,8.22,1,P2P,1
TXN106349,USR0005,526.59,1239.0,0.425,25.1,13.8,11,Hyderabad,0,DEV_IOS_18,0,1425,0,1.02,1,P2P,0
TXN106350,USR0024,716.8,1043.0,0.687,17.4,91.8,10,Hyderabad,0,DEV_ANDROID_14,0,235,0,2.23,0,P2P,0
TXN106351,USR0005,781.41,1239.0,0.631,29.1,183.9,19,Hyderabad,0,DEV_IOS_18,0,1463,0,1.57,1,ONLINE_SHOPPING,0
TXN106352,USR0090,3747.97,4795.0,0.782,22.3,61.5,8,Hyderabad,0,DEV_ANDROID_14,0,580,0,0.65,1,P2M,0
TXN106353,USR0010,6274.84,4508.0,1.392,23.9,105.7,17,Kolkata,0,DEV_IOS_18,0,1452,0,1.08,0,INVESTMENT,0
TXN106354,USR0084,651.3,960.0,0.678,15.2,132.6,19,Chennai,0,DEV_ANDROID_13,0,947,0,0.51,0,P2P,0
TXN106355,USR0050,2321.06,2312.0,1.004,24.0,384.8,14,Mumbai,0,DEV_ANDROID_14,1,105,0,2.08,1,P2M,0
TXN106356,USR0073,1332.52,1427.0,0.934,34.3,94.1,8,Kolkata,0,DEV_ANDROID_13,0,270,0,1.36,0,P2M,0
TXN106357,USR0122,12161.25,2765.0,4.398,29.0,24.5,18,Hyderabad,0,DEV_UNKNOWN,1,1557,0,5.05,0,P2P,1
TXN106358,USR0124,1545.68,1625.0,0.951,12.6,345.7,16,Hyderabad,0,DEV_ANDROID_14,0,324,0,1.01,1,RECHARGE,0
TXN106359,USR0054,4614.4,1995.0,2.313,25.4,247.5,11,Hyderabad,0,DEV_IOS_18,0,1061,0,1.7,1,P2P,0
TXN106360,USR0116,2596.9,2809.0,0.924,31.0,86.7,10,Bengaluru,0,DEV_ANDROID_13,0,201,0,1.9,1,P2M,0
TXN106361,USR0035,4361.25,3949.0,1.104,27.4,94.4,16,Mumbai,0,DEV_ANDROID_14,0,1309,0,0.32,1,P2P,0
TXN106362,USR0046,3576.2,3064.0,1.167,29.1,63.4,11,Kolkata,1,DEV_ANDROID_13,0,363,0,0.91,1,ONLINE_SHOPPING,0
TXN106363,USR0010,1513.59,4508.0,0.336,25.9,16.5,8,Kolkata,0,DEV_IOS_18,0,1427,0,1.06,0,P2P,0
TXN106364,USR0006,6549.21,4184.0,1.565,22.3,340.6,14,Mumbai,1,DEV_IOS_18,0,865,0,1.15,1,P2M,0
TXN106365,USR0041,16116.21,2677.0,6.02,27.0,135.1,13,Bengaluru,0,DEV_ANDROID_13,0,833,0,1.6,1,P2P,0
TXN106366,USR0132,2627.01,3311.0,0.793,8.1,136.4,11,Hyderabad,0,DEV_ANDROID_13,0,532,0,0.1,1,P2M,0
TXN106367,USR0145,4179.66,4287.0,0.975,9.8,16.7,12,Mumbai,0,DEV_ANDROID_13,0,1409,0,1.38,0,P2M,0
TXN106368,USR0031,9465.65,4621.0,2.048,9.1,77.1,14,Kolkata,0,DEV_ANDROID_14,0,823,0,1.17,0,P2P,0
TXN106369,USR0114,2155.62,1547.0,1.393,27.2,248.1,15,Delhi,0,DEV_ANDROID_14,0,1024,0,0.46,1,P2P,0
TXN106370,USR0058,2592.04,3029.0,0.856,26.3,151.5,21,Kolkata,0,DEV_ANDROID_14,0,923,0,0.94,1,INVESTMENT,0
TXN106371,USR0086,17193.42,4098.0,4.196,60.0,2.8,0,Hyderabad,1,DEV_ANDROID_14,1,1321,1,10.27,0,P2P,1
TXN106372,USR0140,3301.39,3114.0,1.06,5.1,581.7,14,Delhi,0,DEV_ANDROID_13,0,186,0,3.2,1,P2P,0
TXN106373,USR0076,4924.76,3835.0,1.284,15.6,41.2,18,Mumbai,0,DEV_ANDROID_13,0,511,0,0.53,1,P2P,0
TXN106374,USR0006,15862.71,4184.0,3.791,34.0,1.2,11,Hyderabad,0,DEV_IOS_18,0,838,0,5.32,0,P2P,1
TXN106375,USR0051,702.45,1265.0,0.555,18.2,286.4,20,Delhi,0,DEV_IOS_18,0,1237,0,1.66,1,P2M,0
TXN106376,USR0146,1603.35,803.0,1.997,21.6,201.5,16,Mumbai,0,DEV_ANDROID_13,0,1203,0,1.3,1,INVESTMENT,0
TXN106377,USR0065,5549.01,3227.0,1.72,30.1,275.5,14,Delhi,0,DEV_ANDROID_14,0,1777,0,0.44,0,P2P,0
TXN106378,USR0077,6286.93,4759.0,1.321,6.3,75.2,9,Mumbai,0,DEV_ANDROID_13,0,98,0,0.1,1,P2M,0
TXN106379,USR0049,1223.26,835.0,1.465,26.7,445.7,13,Mumbai,0,DEV_IOS_18,0,1197,0,0.52,0,BILL_PAYMENT,0
TXN106380,USR0133,458.16,561.0,0.817,13.1,5.0,17,Delhi,0,DEV_ANDROID_13,0,1120,0,0.17,1,P2P,0
TXN106381,USR0029,2730.39,1672.0,1.633,19.0,84.6,20,Kolkata,0,DEV_ANDROID_14,0,1785,0,1.19,1,P2P,0
TXN106382,USR0046,21414.07,3064.0,6.989,20.8,157.5,8,Delhi,0,DEV_IOS_18,1,365,0,1.24,1,P2M,0
TXN106383,USR0100,12122.63,2121.0,5.716,35.5,76.9,17,Bengaluru,0,DEV_ANDROID_14,0,789,0,1.53,1,P2P,0
TXN106384,USR0095,1984.18,2387.0,0.831,20.7,181.0,9,Chennai,0,DEV_WEB_CHROME,1,1163,0,1.63,0,P2M,0
TXN106385,USR0068,6102.24,1858.0,3.284,25.0,12.8,8,Chennai,0,DEV_ANDROID_13,0,1696,1,6.13,0,P2P,1
TXN106386,USR0058,1682.84,3029.0,0.556,20.8,31.2,14,Kolkata,0,DEV_ANDROID_14,0,853,0,0.34,1,P2M,0
TXN106387,USR0056,2583.44,4000.0,0.646,7.6,320.8,18,Bengaluru,0,DEV_IOS_18,0,227,0,0.69,1,INVESTMENT,0
TXN106388,USR0109,754.5,1296.0,0.582,11.2,63.2,13,Chennai,0,DEV_ANDROID_14,0,1543,0,0.56,0,P2P,0
TXN106389,USR0033,1709.22,2282.0,0.749,18.8,46.7,17,Kolkata,0,DEV_IOS_18,0,785,0,1.16,1,BILL_PAYMENT,0
TXN106390,USR0104,1062.11,706.0,1.504,17.0,58.5,8,Mumbai,0,DEV_ANDROID_13,0,1066,0,0.81,0,P2P,0
TXN106391,USR0019,4850.45,4271.0,1.136,21.2,275.5,9,Bengaluru,0,DEV_ANDROID_13,0,1635,0,1.26,1,P2M,0
TXN106392,USR0109,1068.64,1296.0,0.825,14.0,85.9,15,Chennai,0,DEV_ANDROID_14,0,1529,0,1.08,1,P2P,0
TXN106393,USR0016,6563.29,1443.0,4.548,25.8,209.3,14,Bengaluru,0,DEV_ANDROID_14,0,1256,0,0.64,0,P2P,0
TXN106394,USR0084,1480.16,960.0,1.542,16.4,73.5,8,Chennai,0,DEV_ANDROID_13,0,979,0,1.15,1,P2P,0
TXN106395,USR0024,1235.33,1043.0,1.184,12.5,5.0,12,Hyderabad,0,DEV_ANDROID_14,0,240,1,0.83,1,INVESTMENT,0
TXN106396,USR0086,10638.19,4098.0,2.596,3.7,577.1,6,Delhi,0,DEV_ANDROID_13,0,1338,0,1.67,0,P2M,0
TXN106397,USR0031,2857.4,4621.0,0.618,9.3,321.4,18,Kolkata,0,DEV_WEB_CHROME,1,816,0,1.47,1,P2M,0
TXN106398,USR0017,1057.05,1139.0,0.928,29.1,6.0,14,Kolkata,0,DEV_IOS_18,0,1174,0,0.1,0,P2P,0
TXN106399,USR0112,7144.51,4425.0,1.615,31.3,220.1,13,Hyderabad,0,DEV_ANDROID_13,0,1518,0,1.65,1,INVESTMENT,0
TXN106400,USR0085,2999.23,3924.0,0.764,23.1,55.6,16,Kolkata,0,DEV_ANDROID_13,0,822,0,0.22,0,INVESTMENT,0
TXN106401,USR0006,10782.36,4184.0,2.577,27.2,74.7,18,Hyderabad,0,DEV_IOS_18,0,836,0,0.59,1,BILL_PAYMENT,0
TXN106402,USR0077,4923.13,4759.0,1.034,14.2,87.2,14,Mumbai,0,DEV_ANDROID_13,0,114,0,1.35,1,P2M,0
TXN106403,USR0054,2358.45,1995.0,1.182,22.4,155.6,12,Hyderabad,0,DEV_IOS_18,0,1065,0,0.99,1,P2P,0
TXN106404,USR0139,3806.84,4684.0,0.813,32.4,251.0,10,Kolkata,0,DEV_ANDROID_13,0,228,0,0.89,1,BILL_PAYMENT,0
TXN106405,USR0051,1757.21,1265.0,1.389,17.1,270.0,6,Delhi,0,DEV_IOS_18,0,1201,0,2.68,1,P2M,0
TXN106406,USR0033,1481.61,2282.0,0.649,10.9,137.4,10,Kolkata,0,DEV_IOS_18,0,814,0,0.51,1,BILL_PAYMENT,0
TXN106407,USR0005,765.74,1239.0,0.618,37.2,612.6,12,Hyderabad,0,DEV_WEB_CHROME,1,1467,0,0.64,1,P2M,0
TXN106408,USR0122,952.68,2765.0,0.345,37.8,69.5,17,Delhi,1,DEV_ANDROID_14,0,1539,0,0.25,1,P2P,0
TXN106409,USR0033,2231.35,2282.0,0.978,13.1,357.2,11,Kolkata,0,DEV_ANDROID_13,1,777,0,1.17,0,P2P,0
TXN106410,USR0023,1291.55,2955.0,0.437,14.8,44.4,13,Delhi,0,DEV_IOS_18,1,967,0,0.95,1,P2M,0
TXN106411,USR0028,1024.4,541.0,1.894,9.2,5.0,14,Mumbai,1,DEV_IOS_18,0,810,1,1.7,1,P2M,0
TXN106412,USR0146,1102.81,803.0,1.373,17.1,67.8,18,Delhi,1,DEV_ANDROID_13,0,1186,0,1.93,1,P2P,0
TXN106413,USR0058,12521.7,3029.0,4.134,27.8,341.4,13,Kolkata,0,DEV_ANDROID_14,0,865,0,1.71,1,BILL_PAYMENT,0
TXN106414,USR0051,1597.65,1265.0,1.263,13.1,320.5,17,Delhi,0,DEV_IOS_18,0,1202,0,0.95,1,P2M,0
TXN106415,USR0018,1080.43,1836.0,0.588,27.8,207.5,12,Chennai,0,DEV_ANDROID_13,1,1508,0,1.28,0,P2P,0
TXN106416,USR0060,16835.1,2418.0,6.962,39.0,11.6,1,Kolkata,1,DEV_UNKNOWN,1,111,6,8.76,0,INVESTMENT,1
TXN106417,USR0019,5402.06,4271.0,1.265,17.6,254.7,13,Bengaluru,0,DEV_ANDROID_13,0,1645,0,0.83,0,P2P,0
TXN106418,USR0090,18850.38,4795.0,3.931,20.0,22.2,12,Delhi,1,DEV_ANDROID_14,0,529,0,1.67,1,P2M,0
TXN106419,USR0101,3177.17,4828.0,0.658,29.1,89.9,11,Mumbai,0,DEV_ANDROID_14,1,571,0,1.2,1,P2P,0
TXN106420,USR0083,5604.43,1684.0,3.328,4.3,55.7,11,Delhi,0,DEV_ANDROID_14,0,63,0,1.05,0,P2M,0
TXN106421,USR0062,3359.86,2948.0,1.14,13.5,59.0,19,Mumbai,0,DEV_ANDROID_14,0,248,0,1.23,1,P2P,0
TXN106422,USR0144,2666.88,2663.0,1.001,12.2,217.2,15,Chennai,0,DEV_IOS_18,0,1128,0,0.8,1,P2P,0
TXN106423,USR0057,3167.29,3487.0,0.908,15.2,86.9,12,Delhi,0,DEV_IOS_18,0,847,0,1.72,0,BILL_PAYMENT,0
TXN106424,USR0015,3454.7,2529.0,1.366,6.6,25.4,12,Chennai,0,DEV_ANDROID_14,0,1282,0,0.73,1,P2P,0
TXN106425,USR0013,1728.66,2086.0,0.829,36.7,422.5,13,Kolkata,0,DEV_ANDROID_13,0,794,0,1.61,0,BILL_PAYMENT,0
TXN106426,USR0094,4363.18,3141.0,1.389,10.7,419.1,19,Kolkata,0,DEV_ANDROID_14,0,1672,0,2.16,1,BILL_PAYMENT,0
TXN106427,USR0113,2217.3,2668.0,0.831,11.9,66.1,8,Hyderabad,0,DEV_ANDROID_14,0,1633,0,1.32,1,P2M,0
TXN106428,USR0061,751.59,445.0,1.689,25.7,509.5,12,Bengaluru,0,DEV_IOS_18,1,1015,0,2.35,1,P2M,0
TXN106429,USR0014,2992.66,2104.0,1.422,4.7,146.8,13,Delhi,0,DEV_ANDROID_13,0,869,0,1.63,1,P2M,0
TXN106430,USR0020,2506.06,3539.0,0.708,22.1,5.0,12,Delhi,0,DEV_IOS_18,1,261,0,0.1,1,P2P,0
TXN106431,USR0049,1097.88,835.0,1.315,21.0,223.4,11,Mumbai,0,DEV_IOS_18,0,1134,0,1.26,1,P2P,0
TXN106432,USR0102,31259.0,1540.0,20.298,26.0,13.2,15,Ahmedabad,1,DEV_UNKNOWN,1,481,2,9.24,0,P2M,1
TXN106433,USR0138,10070.94,3130.0,3.218,19.2,210.9,21,Chennai,0,DEV_IOS_18,0,1414,0,1.27,1,P2M,0
TXN106434,USR0018,20454.27,1836.0,11.141,12.0,34.8,19,Ahmedabad,1,DEV_WEB_CHROME,1,1487,2,4.26,0,INVESTMENT,1
TXN106435,USR0132,3445.03,3311.0,1.04,9.4,109.6,6,Hyderabad,0,DEV_ANDROID_13,0,591,0,0.1,1,P2M,0
TXN106436,USR0012,1175.42,1109.0,1.06,28.2,30.7,9,Mumbai,0,DEV_IOS_18,0,1265,0,1.06,1,P2P,0
TXN106437,USR0086,3385.46,4098.0,0.826,9.5,19.0,18,Delhi,0,DEV_ANDROID_13,0,1325,2,0.75,0,P2P,0
TXN106438,USR0146,1704.2,803.0,2.122,18.0,387.2,8,Mumbai,0,DEV_ANDROID_13,0,1252,0,1.73,1,P2M,0
TXN106439,USR0097,3225.44,1552.0,2.078,26.2,118.3,15,Delhi,0,DEV_ANDROID_13,0,869,0,2.12,1,P2P,0
TXN106440,USR0049,1419.05,835.0,1.699,23.3,653.7,12,Mumbai,0,DEV_IOS_18,0,1128,0,1.55,1,P2M,0
TXN106441,USR0150,8913.16,1846.0,4.828,30.0,294.0,1,Bengaluru,0,DEV_UNKNOWN,1,306,1,6.77,0,P2P,1
TXN106442,USR0066,840.56,572.0,1.47,8.7,179.4,14,Delhi,0,DEV_WEB_CHROME,1,999,0,1.55,1,INVESTMENT,0
TXN106443,USR0107,1339.88,1116.0,1.201,14.2,68.9,13,Hyderabad,0,DEV_ANDROID_14,0,1060,0,1.36,0,P2P,0
TXN106444,USR0087,25963.56,4199.0,6.183,6.6,218.6,13,Mumbai,0,DEV_ANDROID_14,1,813,0,1.51,1,P2M,0
TXN106445,USR0020,3135.53,3539.0,0.886,25.1,189.3,12,Delhi,0,DEV_ANDROID_14,0,312,0,0.1,1,P2P,0
TXN106446,USR0102,1665.44,1540.0,1.081,7.5,26.4,20,Bengaluru,0,DEV_IOS_18,0,457,0,2.44,0,P2P,0
TXN106447,USR0003,5349.77,3784.0,1.414,24.2,406.8,11,Hyderabad,0,DEV_ANDROID_13,0,1348,0,1.8,1,P2P,0
TXN106448,USR0117,381.08,891.0,0.428,1.3,290.8,12,Mumbai,0,DEV_ANDROID_13,0,750,0,0.13,0,P2P,0
TXN106449,USR0093,1304.38,3844.0,0.339,9.7,67.5,11,Chennai,0,DEV_ANDROID_14,0,34,0,0.28,0,P2P,0
TXN106450,USR0098,2547.17,2841.0,0.897,24.6,15.9,11,Delhi,0,DEV_IOS_18,0,1134,0,0.58,1,P2M,0
TXN106451,USR0097,1026.83,1552.0,0.662,28.8,99.3,10,Delhi,0,DEV_ANDROID_13,0,851,0,1.27,1,ONLINE_SHOPPING,0
TXN106452,USR0119,1477.62,1503.0,0.983,35.6,13.1,9,Chennai,0,DEV_ANDROID_13,0,640,0,0.1,1,ONLINE_SHOPPING,0
TXN106453,USR0096,565.11,482.0,1.172,25.8,122.8,17,Pune,1,DEV_ANDROID_13,0,277,0,2.49,0,P2M,0
TXN106454,USR0107,1184.6,1116.0,1.061,14.3,5.0,16,Hyderabad,0,DEV_ANDROID_14,0,1088,0,0.9,1,ONLINE_SHOPPING,0
TXN106455,USR0119,664.31,1503.0,0.442,42.8,104.6,6,Chennai,0,DEV_ANDROID_13,0,590,0,1.76,1,BILL_PAYMENT,0
TXN106456,USR0011,1332.39,2073.0,0.643,19.3,61.0,13,Chennai,0,DEV_ANDROID_14,0,965,0,2.46,0,P2P,0
TXN106457,USR0023,3314.18,2955.0,1.122,18.1,390.3,10,Delhi,0,DEV_ANDROID_14,1,919,0,1.41,1,ONLINE_SHOPPING,0
TXN106458,USR0064,5630.87,3744.0,1.504,35.8,82.0,12,Delhi,1,DEV_ANDROID_13,0,1419,0,2.19,0,P2M,0
TXN106459,USR0139,19263.84,4684.0,4.113,23.0,1.9,21,Bengaluru,1,DEV_WEB_CHROME,1,187,3,10.41,1,P2P,1
TXN106460,USR0114,7646.24,1547.0,4.943,25.4,68.1,14,Delhi,0,DEV_ANDROID_14,0,1098,0,1.03,0,P2P,0
TXN106461,USR0134,2600.18,4359.0,0.597,32.9,58.2,13,Chennai,0,DEV_IOS_18,0,322,0,0.14,1,P2M,0
TXN106462,USR0052,1074.68,875.0,1.228,3.9,50.6,8,Mumbai,0,DEV_ANDROID_13,0,1067,0,1.55,1,INVESTMENT,0
TXN106463,USR0037,3311.66,2687.0,1.232,25.6,64.3,9,Kolkata,0,DEV_ANDROID_14,0,954,0,1.21,0,ONLINE_SHOPPING,0
TXN106464,USR0112,3148.5,4425.0,0.712,26.7,181.7,17,Hyderabad,0,DEV_ANDROID_13,0,1544,0,1.21,1,P2M,0
TXN106465,USR0070,15161.69,4705.0,3.222,32.0,7.9,10,Delhi,0,DEV_ANDROID_13,0,346,0,4.25,0,P2P,1
TXN106466,USR0014,9013.71,2104.0,4.284,23.0,11.2,16,Jaipur,1,DEV_UNKNOWN,1,912,0,2.57,0,P2P,1
TXN106467,USR0133,944.61,561.0,1.684,7.6,440.5,11,Delhi,0,DEV_ANDROID_13,0,1107,0,0.98,1,P2P,0
TXN106468,USR0073,5220.21,1427.0,3.658,35.0,0.8,17,Hyderabad,1,DEV_UNKNOWN,1,230,5,10.93,0,ONLINE_SHOPPING,1
TXN106469,USR0082,26593.6,1061.0,25.065,20.0,35.0,14,Jaipur,1,DEV_IOS_18,0,46,1,6.9,0,INVESTMENT,1
TXN106470,USR0126,3087.43,2090.0,1.477,17.4,185.6,18,Delhi,0,DEV_IOS_18,0,687,0,0.33,1,ONLINE_SHOPPING,0
TXN106471,USR0027,5223.67,816.0,6.402,16.0,273.0,1,Mumbai,1,DEV_UNKNOWN,1,1484,1,2.44,0,P2P,1
TXN106472,USR0073,1937.01,1427.0,1.357,32.1,399.8,20,Kolkata,0,DEV_ANDROID_13,0,261,0,1.14,0,P2M,0
TXN106473,USR0146,1074.76,803.0,1.338,18.9,114.9,10,Mumbai,0,DEV_ANDROID_13,0,1184,0,1.33,0,P2P,0
TXN106474,USR0077,5692.56,4759.0,1.196,10.2,506.3,9,Mumbai,0,DEV_ANDROID_13,0,135,1,1.1,1,P2P,0
TXN106475,USR0093,2420.04,3844.0,0.63,19.6,16.9,16,Chennai,0,DEV_ANDROID_14,0,47,0,1.05,1,P2M,0
TXN106476,USR0065,2722.25,3227.0,0.844,34.1,39.7,9,Delhi,0,DEV_ANDROID_14,0,1750,0,0.61,1,BILL_PAYMENT,0
TXN106477,USR0071,2065.62,1774.0,1.164,16.2,9.3,15,Hyderabad,0,DEV_ANDROID_14,0,1781,0,1.31,0,P2P,0
TXN106478,USR0150,2454.63,1846.0,1.33,19.3,32.4,16,Bengaluru,0,DEV_IOS_18,0,328,0,1.08,1,P2M,0
TXN106479,USR0012,3763.73,1109.0,3.394,29.6,94.5,11,Mumbai,0,DEV_IOS_18,0,1230,0,1.78,1,P2P,0
TXN106480,USR0037,988.61,2687.0,0.368,19.4,309.9,20,Kolkata,0,DEV_ANDROID_14,0,916,0,1.78,0,P2P,0
TXN106481,USR0114,1843.19,1547.0,1.191,27.8,215.6,13,Lucknow,1,DEV_ANDROID_14,0,1063,0,1.1,0,P2M,0
TXN106482,USR0122,5891.98,2765.0,2.131,35.1,117.6,14,Bengaluru,1,DEV_ANDROID_14,0,1576,0,0.98,1,BILL_PAYMENT,0
TXN106483,USR0141,1493.6,1171.0,1.275,9.9,54.6,17,Hyderabad,0,DEV_IOS_18,0,258,0,1.74,1,P2P,0
TXN106484,USR0008,26001.03,4207.0,6.18,35.0,40.7,7,Kochi,1,DEV_UNKNOWN,1,1181,7,5.37,0,P2P,1
TXN106485,USR0069,2329.88,3260.0,0.715,28.0,105.2,10,Hyderabad,0,DEV_ANDROID_14,0,1613,0,1.29,1,ONLINE_SHOPPING,0
TXN106486,USR0083,1778.32,1684.0,1.056,14.1,195.9,9,Delhi,0,DEV_ANDROID_14,0,62,0,1.55,1,P2P,0
TXN106487,USR0076,1851.39,3835.0,0.483,15.2,11.4,20,Mumbai,0,DEV_ANDROID_13,0,540,0,1.6,1,ONLINE_SHOPPING,0
TXN106488,USR0016,1432.31,1443.0,0.993,22.3,61.7,7,Bengaluru,0,DEV_ANDROID_14,0,1225,0,1.22,0,P2M,0
TXN106489,USR0044,20044.0,843.0,23.777,22.0,41.3,4,Delhi,0,DEV_WEB_CHROME,1,1630,3,4.52,0,INVESTMENT,1
TXN106490,USR0108,2415.27,931.0,2.594,19.2,15.5,10,Mumbai,0,DEV_IOS_18,0,115,0,1.75,0,ONLINE_SHOPPING,0
TXN106491,USR0141,2095.87,1171.0,1.79,7.9,20.6,8,Chandigarh,1,DEV_IOS_18,0,313,0,1.8,1,BILL_PAYMENT,0
TXN106492,USR0043,4391.99,4029.0,1.09,15.1,110.3,9,Delhi,0,DEV_ANDROID_13,0,1320,0,0.56,1,INVESTMENT,0
TXN106493,USR0089,934.32,1008.0,0.927,20.7,33.7,16,Kolkata,0,DEV_ANDROID_14,0,922,0,0.52,1,P2P,0
TXN106494,USR0074,2131.54,1853.0,1.15,1.0,34.5,12,Hyderabad,0,DEV_IOS_18,0,1421,1,1.43,1,P2M,0
TXN106495,USR0068,1611.26,1858.0,0.867,11.3,27.3,8,Chennai,0,DEV_ANDROID_13,0,1762,0,0.69,0,ONLINE_SHOPPING,0
TXN106496,USR0113,4044.29,2668.0,1.516,13.0,456.7,14,Hyderabad,0,DEV_ANDROID_14,0,1660,0,0.58,1,P2P,0
TXN106497,USR0078,2695.56,4223.0,0.638,28.4,58.2,12,Mumbai,0,DEV_WEB_CHROME,1,321,0,1.03,1,ONLINE_SHOPPING,0
TXN106498,USR0093,4470.36,3844.0,1.163,12.0,115.4,17,Chennai,0,DEV_ANDROID_14,0,95,0,1.72,1,P2P,0
TXN106499,USR0137,28131.5,4815.0,5.842,52.0,29.9,19,Pune,1,DEV_UNKNOWN,1,333,6,4.96,0,P2P,1
TXN106500,USR0072,15753.5,4501.0,3.5,1.5,54.8,11,Kolkata,0,DEV_ANDROID_14,0,1406,0,1.01,1,P2M,0
TXN106501,USR0134,2774.86,4359.0,0.637,28.0,19.2,11,Chennai,0,DEV_IOS_18,0,249,0,1.13,1,P2P,0
TXN106502,USR0015,2135.48,2529.0,0.844,4.8,67.5,13,Chennai,0,DEV_ANDROID_14,0,1260,0,0.52,1,P2P,0
TXN106503,USR0146,3711.56,803.0,4.622,29.0,1.1,19,Jaipur,1,DEV_WEB_CHROME,1,1227,1,11.63,0,ONLINE_SHOPPING,1
TXN106504,USR0077,29343.2,4759.0,6.166,15.3,157.4,6,Mumbai,0,DEV_ANDROID_13,0,145,0,1.71,1,P2P,0
TXN106505,USR0130,3020.86,2863.0,1.055,32.6,121.8,12,Delhi,0,DEV_IOS_18,0,1567,0,2.27,1,P2M,0
TXN106506,USR0050,1764.74,2312.0,0.763,21.4,273.2,15,Mumbai,0,DEV_ANDROID_13,0,83,0,0.9,1,P2P,0
TXN106507,USR0020,3167.72,3539.0,0.895,26.7,138.8,10,Delhi,0,DEV_ANDROID_14,0,304,0,1.72,0,P2P,0
TXN106508,USR0132,5002.15,3311.0,1.511,1.9,257.5,17,Hyderabad,0,DEV_ANDROID_13,0,533,0,0.54,1,P2M,0
TXN106509,USR0010,4525.52,4508.0,1.004,33.3,46.9,21,Kolkata,0,DEV_IOS_18,0,1454,0,0.41,1,P2M,0
TXN106510,USR0147,6471.75,4639.0,1.395,31.9,185.1,7,Chennai,0,DEV_IOS_18,0,407,0,1.5,1,P2P,0
TXN106511,USR0142,5470.5,3033.0,1.804,19.3,214.4,10,Hyderabad,0,DEV_ANDROID_14,0,874,0,1.02,1,P2P,0
TXN106512,USR0018,1820.24,1836.0,0.991,28.9,346.2,16,Chennai,0,DEV_ANDROID_14,0,1491,0,1.08,1,INVESTMENT,0
TXN106513,USR0148,1171.81,1934.0,0.606,24.8,211.3,15,Jaipur,1,DEV_ANDROID_13,0,1603,0,1.49,1,ONLINE_SHOPPING,0
TXN106514,USR0099,2705.43,3865.0,0.7,24.1,350.7,9,Kolkata,0,DEV_ANDROID_13,0,526,0,0.44,1,BILL_PAYMENT,0
TXN106515,USR0133,816.5,561.0,1.455,8.1,444.7,17,Delhi,0,DEV_ANDROID_13,0,1140,0,1.24,1,P2M,0
TXN106516,USR0051,3111.51,1265.0,2.46,17.3,796.8,8,Delhi,0,DEV_IOS_18,0,1205,0,0.46,0,P2P,0
TXN106517,USR0090,2556.29,4795.0,0.533,28.1,127.9,18,Hyderabad,0,DEV_ANDROID_14,0,595,1,0.67,1,P2M,0
TXN106518,USR0026,1821.91,3918.0,0.465,27.3,223.4,10,Hyderabad,0,DEV_ANDROID_14,0,1175,0,1.2,1,INVESTMENT,0
TXN106519,USR0058,3180.41,3029.0,1.05,18.5,14.1,13,Kolkata,0,DEV_ANDROID_14,0,851,0,0.81,1,INVESTMENT,0
TXN106520,USR0086,3888.17,4098.0,0.949,5.7,39.1,15,Delhi,0,DEV_ANDROID_13,0,1306,0,0.87,1,BILL_PAYMENT,0
TXN106521,USR0023,2615.51,2955.0,0.885,22.0,50.2,17,Delhi,0,DEV_ANDROID_13,0,909,0,1.17,1,P2M,0
TXN106522,USR0036,4056.11,1141.0,3.555,57.0,0.5,8,Kolkata,1,DEV_UNKNOWN,1,974,2,8.12,0,ONLINE_SHOPPING,1
TXN106523,USR0041,1960.11,2677.0,0.732,23.6,248.0,18,Bengaluru,0,DEV_WEB_CHROME,1,853,0,1.23,1,P2P,0
TXN106524,USR0055,818.4,1096.0,0.747,36.3,27.1,9,Delhi,0,DEV_ANDROID_14,0,798,0,2.05,1,P2M,0
TXN106525,USR0122,2873.27,2765.0,1.039,23.8,69.9,13,Hyderabad,0,DEV_ANDROID_14,0,1547,0,0.12,1,P2M,0
TXN106526,USR0078,4243.09,4223.0,1.005,30.8,114.8,11,Mumbai,0,DEV_ANDROID_14,0,293,0,0.76,1,P2M,0
TXN106527,USR0081,1586.23,1873.0,0.847,31.9,30.9,10,Kolkata,0,DEV_ANDROID_13,0,896,0,0.55,1,P2M,0
TXN106528,USR0001,3472.17,3411.0,1.018,21.6,477.3,6,Chennai,1,DEV_ANDROID_13,0,797,0,0.83,1,P2M,0
TXN106529,USR0103,27472.7,4267.0,6.438,27.3,92.5,10,Kolkata,0,DEV_ANDROID_13,0,1708,0,0.13,0,P2M,0
TXN106530,USR0080,1578.37,1303.0,1.211,9.7,19.8,9,Kolkata,0,DEV_ANDROID_14,0,566,0,1.66,0,P2P,0
TXN106531,USR0063,847.77,946.0,0.896,13.5,89.9,8,Kochi,1,DEV_ANDROID_13,0,489,0,0.71,1,P2P,0
TXN106532,USR0033,1058.74,2282.0,0.464,17.0,38.1,21,Kolkata,0,DEV_IOS_18,0,769,0,1.5,1,P2P,0
TXN106533,USR0001,4549.95,3411.0,1.334,17.1,204.2,11,Mumbai,0,DEV_ANDROID_13,0,831,0,1.54,1,INVESTMENT,0
TXN106534,USR0056,3906.74,4000.0,0.977,7.6,195.3,10,Bengaluru,0,DEV_IOS_18,0,156,0,0.16,1,RECHARGE,0
TXN106535,USR0022,4038.6,3458.0,1.168,12.2,31.7,16,Chennai,0,DEV_ANDROID_13,0,1333,0,1.52,0,P2P,0
TXN106536,USR0068,3162.67,1858.0,1.702,14.4,63.6,13,Delhi,1,DEV_ANDROID_13,0,1758,0,0.62,1,BILL_PAYMENT,0
TXN106537,USR0112,4936.31,4425.0,1.116,28.5,120.1,10,Hyderabad,0,DEV_ANDROID_13,0,1517,0,0.94,1,INVESTMENT,0
TXN106538,USR0126,13155.35,2090.0,6.294,19.5,16.7,15,Delhi,0,DEV_IOS_18,0,672,0,1.13,1,P2M,0
TXN106539,USR0109,1332.94,1296.0,1.029,6.3,339.4,13,Chennai,0,DEV_ANDROID_14,0,1544,0,1.27,1,P2P,0
TXN106540,USR0085,4278.96,3924.0,1.09,26.0,9.3,11,Kolkata,0,DEV_ANDROID_13,0,788,0,0.6,1,P2P,0
TXN106541,USR0063,588.41,946.0,0.622,16.2,280.1,13,Hyderabad,0,DEV_ANDROID_13,0,462,0,1.64,1,P2P,0
TXN106542,USR0022,1849.93,3458.0,0.535,18.2,5.0,14,Chennai,0,DEV_ANDROID_13,0,1291,0,0.48,1,P2M,0
TXN106543,USR0007,843.27,823.0,1.025,20.0,420.0,17,Bengaluru,0,DEV_ANDROID_14,0,1588,0,0.91,0,P2P,0
TXN106544,USR0123,3828.82,4007.0,0.956,20.2,37.6,15,Kolkata,0,DEV_IOS_18,0,1242,0,0.75,1,P2M,0
TXN106545,USR0145,4218.32,4287.0,0.984,10.3,163.0,10,Mumbai,0,DEV_ANDROID_13,0,1401,0,1.8,1,P2M,0
TXN106546,USR0009,5092.1,3622.0,1.406,11.1,273.8,12,Mumbai,0,DEV_ANDROID_13,0,174,0,1.02,1,P2P,0
TXN106547,USR0104,487.03,706.0,0.69,19.0,30.3,19,Mumbai,0,DEV_ANDROID_14,1,1069,0,1.34,1,P2M,0
TXN106548,USR0101,2714.16,4828.0,0.562,31.7,66.8,15,Kolkata,1,DEV_IOS_18,0,555,0,0.52,0,P2P,0
TXN106549,USR0102,1732.07,1540.0,1.125,13.2,7.4,20,Hyderabad,1,DEV_IOS_18,0,495,0,0.73,1,P2M,0
TXN106550,USR0123,3748.71,4007.0,0.936,16.4,131.7,20,Kochi,1,DEV_ANDROID_13,1,1256,0,0.83,1,ONLINE_SHOPPING,0
TXN106551,USR0066,3826.31,572.0,6.689,19.0,18.1,14,Mumbai,1,DEV_UNKNOWN,1,995,5,8.06,0,INVESTMENT,1
TXN106552,USR0037,2699.95,2687.0,1.005,28.3,209.5,7,Kolkata,0,DEV_ANDROID_14,0,949,0,1.54,0,P2M,0
TXN106553,USR0093,8863.35,3844.0,2.306,20.4,21.5,13,Chennai,0,DEV_ANDROID_14,0,22,0,0.52,0,P2M,0
TXN106554,USR0030,1500.48,1476.0,1.017,29.1,138.1,7,Kolkata,0,DEV_ANDROID_14,0,154,0,1.95,1,ONLINE_SHOPPING,0
TXN106555,USR0088,3539.42,4666.0,0.759,8.2,290.1,17,Lucknow,1,DEV_WEB_CHROME,1,720,2,1.98,1,P2P,0
TXN106556,USR0085,39782.97,3924.0,10.138,24.0,2.6,18,Pune,1,DEV_WEB_CHROME,1,816,3,9.42,0,P2M,1
TXN106557,USR0114,1240.49,1547.0,0.802,25.7,344.6,13,Delhi,0,DEV_ANDROID_14,0,1036,0,1.4,0,P2M,0
TXN106558,USR0104,402.72,706.0,0.57,18.4,66.9,13,Mumbai,0,DEV_ANDROID_13,0,1098,0,0.66,1,P2P,0
TXN106559,USR0101,3912.47,4828.0,0.81,30.7,66.7,10,Mumbai,0,DEV_IOS_18,0,496,0,1.18,1,ONLINE_SHOPPING,0
TXN106560,USR0055,632.62,1096.0,0.577,36.9,83.9,9,Delhi,0,DEV_ANDROID_14,0,809,0,1.31,1,RECHARGE,0
TXN106561,USR0021,2334.85,4102.0,0.569,1.0,161.3,14,Chennai,0,DEV_ANDROID_13,1,1450,0,0.1,1,P2M,0
TXN106562,USR0085,2197.22,3924.0,0.56,19.9,13.0,13,Kolkata,0,DEV_ANDROID_13,0,766,0,2.59,1,P2P,0
TXN106563,USR0007,3344.8,823.0,4.064,19.9,5.2,20,Bengaluru,0,DEV_ANDROID_14,0,1601,1,1.07,1,BILL_PAYMENT,0
TXN106564,USR0039,1988.07,3193.0,0.623,12.8,94.8,16,Chennai,0,DEV_IOS_18,0,1759,0,0.86,1,P2M,0
TXN106565,USR0088,3292.76,4666.0,0.706,6.8,46.9,15,Mumbai,0,DEV_IOS_18,0,756,0,1.78,1,P2M,0
TXN106566,USR0148,1198.39,1934.0,0.62,26.4,304.1,9,Chennai,0,DEV_ANDROID_13,0,1671,0,0.39,0,P2M,0
TXN106567,USR0078,3815.53,4223.0,0.904,37.1,204.5,12,Ahmedabad,1,DEV_ANDROID_14,0,291,0,0.61,1,P2M,0
TXN106568,USR0150,1641.51,1846.0,0.889,21.8,90.8,16,Bengaluru,0,DEV_IOS_18,0,293,0,0.89,1,P2M,0
TXN106569,USR0057,20574.4,3487.0,5.9,31.0,23.7,20,Lucknow,1,DEV_WEB_CHROME,1,846,5,6.71,0,INVESTMENT,1
TXN106570,USR0135,18460.75,3326.0,5.55,16.0,90.0,3,Kolkata,0,DEV_UNKNOWN,1,1120,0,6.3,0,P2P,1
TXN106571,USR0055,1369.15,1096.0,1.249,32.1,237.3,16,Delhi,0,DEV_ANDROID_14,0,755,0,0.1,0,P2M,0
TXN106572,USR0044,872.68,843.0,1.035,23.1,85.5,13,Delhi,0,DEV_ANDROID_14,0,1643,0,0.91,0,P2M,0
TXN106573,USR0070,4097.58,4705.0,0.871,11.9,58.5,20,Delhi,0,DEV_ANDROID_13,0,301,0,0.95,0,P2M,0
TXN106574,USR0137,7258.15,4815.0,1.507,34.0,204.2,15,Chennai,0,DEV_ANDROID_13,1,349,0,1.55,0,BILL_PAYMENT,0
TXN106575,USR0001,4275.42,3411.0,1.253,19.7,98.6,7,Mumbai,0,DEV_ANDROID_13,0,786,0,1.11,0,P2P,0
TXN106576,USR0143,3903.72,3747.0,1.042,30.8,113.0,12,Delhi,1,DEV_IOS_18,0,1662,0,1.19,1,P2M,0
TXN106577,USR0023,2896.04,2955.0,0.98,19.3,391.9,12,Delhi,0,DEV_ANDROID_13,0,941,0,1.12,1,P2P,0
TXN106578,USR0027,1125.97,816.0,1.38,18.9,153.9,13,Hyderabad,0,DEV_IOS_18,0,1477,0,1.04,1,RECHARGE,0
TXN106579,USR0016,1030.18,1443.0,0.714,24.3,48.9,11,Bengaluru,0,DEV_ANDROID_14,0,1273,0,1.25,1,P2P,0
TXN106580,USR0146,716.21,803.0,0.892,17.8,491.6,15,Mumbai,0,DEV_ANDROID_13,0,1218,0,0.23,0,P2M,0
TXN106581,USR0030,1649.46,1476.0,1.118,35.7,23.7,8,Kolkata,0,DEV_ANDROID_14,0,134,0,2.44,1,BILL_PAYMENT,0
TXN106582,USR0109,939.45,1296.0,0.725,14.0,218.2,16,Chennai,0,DEV_ANDROID_14,0,1554,0,1.36,1,P2P,0
TXN106583,USR0022,23574.51,3458.0,6.817,19.5,52.2,16,Chennai,0,DEV_ANDROID_13,0,1319,0,2.42,0,P2P,0
TXN106584,USR0029,1383.35,1672.0,0.827,19.4,280.3,10,Kolkata,0,DEV_ANDROID_14,0,1840,0,0.94,1,P2M,0
TXN106585,USR0137,2725.93,4815.0,0.566,37.6,18.7,9,Chennai,0,DEV_ANDROID_14,0,363,0,1.64,1,P2M,0
TXN106586,USR0132,2745.22,3311.0,0.829,10.8,46.2,18,Hyderabad,0,DEV_ANDROID_13,0,576,0,1.8,0,P2M,0
TXN106587,USR0097,1478.45,1552.0,0.953,31.1,350.5,10,Delhi,0,DEV_ANDROID_13,0,858,0,0.95,0,P2P,0
TXN106588,USR0079,1945.92,2089.0,0.932,22.9,513.6,8,Chennai,0,DEV_ANDROID_14,0,1355,0,1.86,1,P2M,0
TXN106589,USR0133,1488.9,561.0,2.654,23.0,22.6,19,Delhi,0,DEV_ANDROID_13,0,1144,2,5.24,0,P2P,1
TXN106590,USR0019,4128.54,4271.0,0.967,22.9,5.0,10,Bengaluru,0,DEV_ANDROID_13,0,1639,0,0.91,1,P2M,0
TXN106591,USR0049,621.27,835.0,0.744,23.6,57.6,7,Mumbai,0,DEV_IOS_18,0,1198,0,0.31,0,P2P,0
TXN106592,USR0030,849.36,1476.0,0.575,25.8,17.5,9,Kolkata,0,DEV_ANDROID_14,0,151,0,0.83,0,INVESTMENT,0
TXN106593,USR0142,2482.15,3033.0,0.818,21.6,127.2,16,Ahmedabad,1,DEV_ANDROID_14,0,885,0,1.96,0,P2M,0
TXN106594,USR0130,5020.26,2863.0,1.753,34.1,190.5,16,Delhi,0,DEV_IOS_18,0,1563,0,1.61,1,INVESTMENT,0
TXN106595,USR0109,1897.77,1296.0,1.464,11.2,150.4,15,Chennai,0,DEV_IOS_18,1,1534,0,1.45,1,INVESTMENT,0
TXN106596,USR0113,1999.49,2668.0,0.749,12.4,492.3,13,Hyderabad,0,DEV_ANDROID_14,0,1624,0,0.76,1,P2P,0
TXN106597,USR0114,1030.17,1547.0,0.666,24.9,261.5,13,Delhi,0,DEV_ANDROID_14,0,1025,0,1.37,1,P2P,0
TXN106598,USR0124,1853.85,1625.0,1.141,2.9,83.4,9,Hyderabad,0,DEV_ANDROID_14,0,286,0,0.45,1,ONLINE_SHOPPING,0
TXN106599,USR0021,3001.64,4102.0,0.732,4.0,187.2,14,Chennai,0,DEV_ANDROID_14,0,1435,0,0.32,1,P2M,0
TXN106600,USR0031,32187.13,4621.0,6.965,42.0,2.0,18,Lucknow,1,DEV_ANDROID_12,1,796,4,5.74,0,P2P,1
TXN106601,USR0112,6922.92,4425.0,1.565,25.1,99.3,17,Hyderabad,0,DEV_ANDROID_13,0,1556,0,0.14,0,P2P,0
TXN106602,USR0119,1158.03,1503.0,0.77,27.7,76.0,8,Chennai,0,DEV_ANDROID_13,0,641,0,0.1,1,P2P,0
TXN106603,USR0071,425.16,1774.0,0.24,14.7,124.6,10,Chandigarh,1,DEV_ANDROID_14,0,1797,0,0.88,1,P2M,0
TXN106604,USR0076,2700.4,3835.0,0.704,17.0,378.6,10,Mumbai,0,DEV_ANDROID_13,0,535,0,1.73,1,P2M,0
TXN106605,USR0053,1342.01,1779.0,0.754,34.7,626.3,11,Chennai,0,DEV_ANDROID_14,0,1766,0,1.22,1,P2P,0
TXN106606,USR0058,1952.94,3029.0,0.645,24.9,418.0,8,Kolkata,0,DEV_ANDROID_14,0,894,0,1.02,1,BILL_PAYMENT,0
TXN106607,USR0012,1195.22,1109.0,1.078,27.1,15.4,17,Mumbai,0,DEV_IOS_18,0,1280,0,1.75,1,P2M,0
TXN106608,USR0011,2955.56,2073.0,1.426,16.6,46.2,14,Chennai,0,DEV_ANDROID_14,0,906,0,1.49,0,P2M,0
TXN106609,USR0148,774.33,1934.0,0.4,33.3,1183.5,9,Chennai,0,DEV_ANDROID_13,0,1631,0,1.19,1,BILL_PAYMENT,0
TXN106610,USR0053,2158.0,1779.0,1.213,34.7,113.3,16,Chennai,0,DEV_ANDROID_14,0,1798,0,0.71,1,P2M,0
TXN106611,USR0015,4528.56,2529.0,1.791,14.5,42.8,8,Chennai,0,DEV_ANDROID_14,0,1228,0,1.2,1,P2P,0
TXN106612,USR0078,2823.03,4223.0,0.668,26.0,276.6,11,Mumbai,0,DEV_ANDROID_14,0,302,0,1.52,1,P2M,0
TXN106613,USR0135,23090.94,3326.0,6.943,17.0,132.0,2,Hyderabad,1,DEV_UNKNOWN,1,1152,2,2.67,0,P2P,1
TXN106614,USR0128,1567.41,1765.0,0.888,29.0,50.0,14,Chennai,0,DEV_ANDROID_14,0,1752,0,0.1,1,P2M,0
TXN106615,USR0039,6144.62,3193.0,1.924,20.4,360.3,14,Pune,1,DEV_IOS_18,0,1769,0,0.95,1,P2P,0
TXN106616,USR0043,4377.53,4029.0,1.087,15.8,10.7,17,Delhi,0,DEV_ANDROID_13,0,1367,0,1.92,0,P2P,0
TXN106617,USR0096,815.16,482.0,1.691,23.6,66.6,11,Chennai,0,DEV_ANDROID_13,0,212,0,0.6,1,ONLINE_SHOPPING,0
TXN106618,USR0006,3923.36,4184.0,0.938,23.2,39.9,12,Hyderabad,0,DEV_IOS_18,0,804,0,1.1,1,P2M,0
TXN106619,USR0098,2060.61,2841.0,0.725,20.8,63.1,11,Kochi,1,DEV_IOS_18,0,1148,0,1.18,1,P2P,0
TXN106620,USR0054,2986.4,1995.0,1.497,20.6,175.4,12,Hyderabad,0,DEV_IOS_18,0,1068,0,0.4,1,P2P,0
TXN106621,USR0122,1618.78,2765.0,0.585,33.7,40.7,11,Hyderabad,0,DEV_ANDROID_14,0,1565,0,1.28,1,P2M,0
TXN106622,USR0004,1341.79,989.0,1.357,30.7,74.7,22,Chennai,0,DEV_ANDROID_14,1,817,0,2.59,0,ONLINE_SHOPPING,0
TXN106623,USR0022,1455.67,3458.0,0.421,13.5,972.5,17,Chennai,0,DEV_ANDROID_14,1,1268,0,1.29,1,P2P,0
TXN106624,USR0095,9036.77,2387.0,3.786,22.5,31.0,23,Delhi,1,DEV_ANDROID_13,0,1136,0,1.69,1,P2M,0
TXN106625,USR0016,773.57,1443.0,0.536,25.3,155.7,20,Bengaluru,0,DEV_ANDROID_14,0,1236,0,1.57,1,P2M,0
TXN106626,USR0093,4633.36,3844.0,1.205,16.6,63.7,16,Kolkata,1,DEV_ANDROID_14,0,21,0,0.78,1,INVESTMENT,0
TXN106627,USR0030,974.49,1476.0,0.66,26.4,80.9,16,Kolkata,0,DEV_ANDROID_14,0,165,0,0.1,1,ONLINE_SHOPPING,0
TXN106628,USR0039,3091.51,3193.0,0.968,11.1,426.9,13,Chennai,0,DEV_IOS_18,0,1749,0,1.18,1,P2M,0
TXN106629,USR0039,2171.96,3193.0,0.68,12.7,161.4,11,Chennai,0,DEV_IOS_18,0,1730,0,2.2,1,P2M,0
TXN106630,USR0045,7970.5,3638.0,2.191,16.3,87.5,8,Chennai,1,DEV_IOS_18,0,1331,0,1.49,0,P2P,0
TXN106631,USR0073,6495.39,1427.0,4.552,26.0,22.3,10,Kochi,1,DEV_UNKNOWN,1,249,7,6.62,0,INVESTMENT,1
TXN106632,USR0018,5366.08,1836.0,2.923,27.0,174.8,11,Chennai,0,DEV_ANDROID_14,0,1525,0,0.51,1,P2P,0
TXN106633,USR0131,2615.03,1330.0,1.966,29.9,64.0,11,Bengaluru,0,DEV_IOS_18,0,992,0,2.26,0,P2M,0
TXN106634,USR0019,31290.75,4271.0,7.326,45.0,33.5,6,Bengaluru,0,DEV_WEB_CHROME,1,1638,5,3.69,0,P2M,1
TXN106635,USR0096,517.7,482.0,1.074,24.1,56.8,7,Chennai,0,DEV_ANDROID_13,0,268,0,0.9,1,RECHARGE,0
TXN106636,USR0046,4709.67,3064.0,1.537,24.7,92.6,7,Delhi,0,DEV_ANDROID_13,0,325,0,0.52,0,P2M,0
TXN106637,USR0108,1804.25,931.0,1.938,23.4,107.3,9,Mumbai,0,DEV_IOS_18,0,64,0,1.16,1,INVESTMENT,0
TXN106638,USR0104,1272.27,706.0,1.802,18.3,5.0,9,Mumbai,0,DEV_ANDROID_13,0,1062,0,1.25,0,P2M,0
TXN106639,USR0104,796.05,706.0,1.128,23.6,154.2,14,Mumbai,0,DEV_ANDROID_13,0,1067,0,1.53,0,P2M,0
TXN106640,USR0011,1491.92,2073.0,0.72,20.2,49.0,9,Chennai,0,DEV_ANDROID_14,0,946,1,0.95,0,P2P,0
TXN106641,USR0082,1028.5,1061.0,0.969,32.8,6.4,8,Hyderabad,0,DEV_IOS_18,0,40,0,1.43,0,P2M,0
TXN106642,USR0101,2252.68,4828.0,0.467,30.9,256.7,11,Mumbai,0,DEV_IOS_18,0,503,0,2.38,1,P2M,0
TXN106643,USR0047,717.74,489.0,1.468,31.1,12.9,13,Bengaluru,0,DEV_ANDROID_13,0,953,0,0.51,0,P2P,0
TXN106644,USR0080,1190.73,1303.0,0.914,16.9,123.1,12,Kolkata,0,DEV_ANDROID_14,0,604,0,0.1,0,P2P,0
TXN106645,USR0098,1930.53,2841.0,0.68,24.8,88.2,13,Jaipur,1,DEV_IOS_18,0,1118,0,1.27,1,P2M,0
TXN106646,USR0041,6519.26,2677.0,2.435,26.1,100.4,10,Bengaluru,0,DEV_ANDROID_13,0,861,1,0.42,0,P2P,0
TXN106647,USR0031,23539.56,4621.0,5.094,26.0,31.3,2,Kolkata,0,DEV_ANDROID_14,0,798,5,8.01,0,P2M,1
TXN106648,USR0145,31524.51,4287.0,7.354,24.0,26.2,1,Chandigarh,1,DEV_WEB_CHROME,1,1416,1,3.69,0,INVESTMENT,1
TXN106649,USR0009,2935.99,3622.0,0.811,16.5,228.9,15,Chandigarh,1,DEV_ANDROID_13,0,190,0,2.5,1,P2M,0
TXN106650,USR0036,1064.39,1141.0,0.933,36.0,10.7,19,Pune,1,DEV_ANDROID_13,0,938,0,0.1,1,P2P,0
TXN106651,USR0014,3297.25,2104.0,1.567,1.0,73.4,10,Delhi,0,DEV_ANDROID_13,0,877,0,0.81,1,P2P,0
TXN106652,USR0006,3128.81,4184.0,0.748,24.1,500.8,20,Hyderabad,0,DEV_IOS_18,0,871,0,1.2,1,P2P,0
TXN106653,USR0001,4904.19,3411.0,1.438,17.7,241.2,13,Mumbai,0,DEV_ANDROID_13,0,784,0,1.61,1,P2M,0
TXN106654,USR0018,1867.18,1836.0,1.017,31.9,147.6,9,Hyderabad,1,DEV_ANDROID_14,0,1528,0,1.6,1,P2P,0
TXN106655,USR0035,1860.48,3949.0,0.471,24.6,106.3,20,Mumbai,0,DEV_ANDROID_14,0,1300,0,1.53,1,P2M,0
TXN106656,USR0063,1077.43,946.0,1.139,16.4,46.7,13,Hyderabad,0,DEV_ANDROID_13,0,451,0,1.3,0,P2M,0
TXN106657,USR0096,335.02,482.0,0.695,20.0,1078.7,14,Chennai,0,DEV_ANDROID_13,0,256,0,2.11,1,BILL_PAYMENT,0
TXN106658,USR0021,2446.39,4102.0,0.596,2.3,828.1,11,Chennai,0,DEV_ANDROID_14,0,1488,0,1.73,1,RECHARGE,0
TXN106659,USR0039,2875.63,3193.0,0.901,15.9,147.4,9,Chennai,0,DEV_IOS_18,0,1785,1,0.81,0,P2M,0
TXN106660,USR0134,3638.24,4359.0,0.835,30.0,347.1,12,Chennai,0,DEV_IOS_18,0,309,0,2.08,0,P2M,0
TXN106661,USR0093,5322.42,3844.0,1.385,15.8,404.5,12,Chennai,0,DEV_ANDROID_14,0,31,0,0.72,1,BILL_PAYMENT,0
TXN106662,USR0065,3550.53,3227.0,1.1,29.0,181.7,18,Delhi,0,DEV_ANDROID_14,0,1746,0,1.05,0,RECHARGE,0
TXN106663,USR0020,4079.91,3539.0,1.153,28.8,21.5,13,Delhi,0,DEV_ANDROID_14,0,282,0,1.0,1,P2P,0
TXN106664,USR0024,963.92,1043.0,0.924,8.6,730.4,17,Hyderabad,0,DEV_ANDROID_14,0,213,0,1.01,0,P2P,0
TXN106665,USR0114,2420.21,1547.0,1.564,27.9,211.6,9,Delhi,0,DEV_ANDROID_14,0,1055,0,0.94,1,P2P,0
TXN106666,USR0050,1965.7,2312.0,0.85,31.9,6.4,8,Mumbai,0,DEV_ANDROID_13,0,118,0,0.94,1,P2M,0
TXN106667,USR0061,344.62,445.0,0.774,25.6,76.4,9,Pune,1,DEV_ANDROID_13,0,1034,0,1.14,1,P2P,0
TXN106668,USR0015,1784.9,2529.0,0.706,7.4,764.8,11,Chennai,0,DEV_ANDROID_14,0,1290,0,1.11,0,P2P,0
TXN106669,USR0133,1126.86,561.0,2.009,12.4,9.8,19,Delhi,0,DEV_ANDROID_13,0,1134,0,1.29,1,P2P,0
TXN106670,USR0123,4182.86,4007.0,1.044,13.0,516.4,17,Kolkata,0,DEV_IOS_18,0,1271,0,0.68,1,P2M,0
TXN106671,USR0114,834.98,1547.0,0.54,22.2,20.2,13,Delhi,0,DEV_ANDROID_14,0,1084,0,1.63,1,P2P,0
TXN106672,USR0130,2839.11,2863.0,0.992,31.3,170.9,17,Delhi,0,DEV_IOS_18,0,1571,0,1.15,1,BILL_PAYMENT,0
TXN106673,USR0087,4047.55,4199.0,0.964,1.0,211.4,22,Mumbai,0,DEV_ANDROID_13,0,816,0,2.05,1,RECHARGE,0
TXN106674,USR0121,25457.51,3799.0,6.701,33.0,193.0,5,Mumbai,1,DEV_UNKNOWN,1,1483,3,6.62,0,P2P,1
TXN106675,USR0014,996.17,2104.0,0.473,7.6,229.5,23,Delhi,0,DEV_ANDROID_14,1,911,0,1.29,0,P2P,0
TXN106676,USR0035,2975.34,3949.0,0.753,25.6,8.0,11,Mumbai,0,DEV_ANDROID_14,0,1315,0,1.34,1,BILL_PAYMENT,0
TXN106677,USR0101,1810.01,4828.0,0.375,27.3,30.1,10,Mumbai,0,DEV_IOS_18,0,528,0,2.03,1,P2P,0
TXN106678,USR0045,6429.53,3638.0,1.767,12.8,144.5,13,Mumbai,0,DEV_IOS_18,0,1348,0,1.85,1,P2M,0
TXN106679,USR0120,1590.64,3985.0,0.399,22.2,431.3,13,Chennai,0,DEV_IOS_18,0,1212,0,0.78,1,P2P,0
TXN106680,USR0064,5468.31,3744.0,1.461,35.6,295.1,14,Hyderabad,0,DEV_ANDROID_13,0,1422,0,1.23,1,RECHARGE,0
TXN106681,USR0003,10836.7,3784.0,2.864,34.0,24.1,18,Hyderabad,0,DEV_UNKNOWN,1,1321,2,3.52,0,P2P,1
TXN106682,USR0097,1379.61,1552.0,0.889,23.3,251.8,19,Delhi,0,DEV_ANDROID_13,0,846,0,0.41,0,P2P,0
TXN106683,USR0043,7143.4,4029.0,1.773,19.9,70.7,11,Delhi,0,DEV_ANDROID_13,0,1332,0,1.18,0,P2P,0
TXN106684,USR0147,2679.39,4639.0,0.578,23.5,38.2,7,Chennai,0,DEV_IOS_18,0,380,0,1.29,1,P2M,0
TXN106685,USR0069,3345.95,3260.0,1.026,23.4,13.7,9,Hyderabad,0,DEV_ANDROID_14,0,1627,0,2.57,1,ONLINE_SHOPPING,0
TXN106686,USR0039,2196.19,3193.0,0.688,12.7,5.0,10,Chennai,0,DEV_IOS_18,0,1771,0,0.99,1,P2M,0
TXN106687,USR0123,12876.65,4007.0,3.214,11.7,26.2,11,Kolkata,0,DEV_IOS_18,0,1297,0,1.06,1,RECHARGE,0
TXN106688,USR0077,6255.3,4759.0,1.314,10.0,47.7,12,Mumbai,0,DEV_ANDROID_13,0,114,0,1.46,0,P2P,0
TXN106689,USR0072,3944.41,4501.0,0.876,6.6,168.9,8,Kolkata,0,DEV_ANDROID_14,0,1376,0,1.32,1,P2P,0
TXN106690,USR0058,5494.62,3029.0,1.814,22.1,92.7,11,Delhi,1,DEV_ANDROID_14,0,853,0,1.1,1,P2M,0
TXN106691,USR0089,351.66,1008.0,0.349,17.5,438.6,10,Kolkata,0,DEV_ANDROID_14,0,938,0,0.83,1,BILL_PAYMENT,0
TXN106692,USR0035,4020.77,3949.0,1.018,28.6,5.0,12,Mumbai,0,DEV_ANDROID_14,0,1249,0,1.39,0,P2P,0
TXN106693,USR0144,27022.46,2663.0,10.147,49.0,29.5,8,Hyderabad,1,DEV_ANDROID_12,1,1093,4,4.62,0,INVESTMENT,1
TXN106694,USR0116,4325.37,2809.0,1.54,33.1,194.9,14,Bengaluru,0,DEV_ANDROID_13,0,247,1,1.31,1,P2M,0
TXN106695,USR0049,996.82,835.0,1.194,19.3,654.1,18,Mumbai,0,DEV_IOS_18,0,1141,0,0.86,0,P2M,0
TXN106696,USR0027,961.45,816.0,1.178,22.5,149.8,9,Hyderabad,0,DEV_IOS_18,0,1473,0,0.76,1,P2P,0
TXN106697,USR0128,972.35,1765.0,0.551,24.7,672.3,8,Chennai,0,DEV_ANDROID_14,0,1710,0,1.41,1,P2M,0
TXN106698,USR0108,825.96,931.0,0.887,20.0,22.9,10,Chennai,1,DEV_IOS_18,0,75,0,0.8,0,P2P,0
TXN106699,USR0006,5625.31,4184.0,1.344,16.5,16.9,12,Hyderabad,0,DEV_IOS_18,0,826,0,1.77,0,P2M,0
TXN106700,USR0005,1170.83,1239.0,0.945,33.8,50.6,12,Hyderabad,0,DEV_IOS_18,0,1428,0,2.32,1,P2P,0
TXN106701,USR0142,2578.47,3033.0,0.85,19.7,135.8,15,Hyderabad,0,DEV_ANDROID_14,0,896,0,2.15,1,P2M,0
TXN106702,USR0146,1225.45,803.0,1.526,22.2,778.4,12,Mumbai,0,DEV_ANDROID_13,0,1238,0,1.05,1,P2M,0
TXN106703,USR0020,6448.04,3539.0,1.822,24.0,392.1,13,Delhi,0,DEV_ANDROID_14,0,327,1,2.13,1,ONLINE_SHOPPING,0
TXN106704,USR0072,2168.98,4501.0,0.482,10.0,458.1,16,Kolkata,0,DEV_ANDROID_14,0,1380,0,1.13,1,P2P,0
TXN106705,USR0096,572.86,482.0,1.189,26.0,239.5,14,Chennai,0,DEV_ANDROID_13,0,245,0,1.86,1,P2P,0
TXN106706,USR0046,2696.95,3064.0,0.88,18.9,76.1,10,Delhi,0,DEV_ANDROID_13,0,372,0,1.02,1,P2M,0
TXN106707,USR0146,760.54,803.0,0.947,22.1,255.7,12,Mumbai,0,DEV_ANDROID_13,0,1232,0,1.08,1,P2M,0
TXN106708,USR0130,2680.26,2863.0,0.936,28.7,106.5,13,Delhi,0,DEV_IOS_18,0,1572,0,1.17,0,P2P,0
TXN106709,USR0149,6193.78,3318.0,1.867,10.3,147.1,11,Chennai,0,DEV_ANDROID_13,0,1445,0,1.99,1,P2M,0
TXN106710,USR0009,4898.53,3622.0,1.352,16.4,511.8,10,Mumbai,0,DEV_ANDROID_13,0,177,0,1.67,1,P2P,0
TXN106711,USR0007,1428.82,823.0,1.736,21.5,5.0,17,Bengaluru,0,DEV_ANDROID_14,0,1608,0,1.08,1,P2P,0
TXN106712,USR0047,468.09,489.0,0.957,32.2,96.1,14,Hyderabad,1,DEV_ANDROID_13,0,928,0,1.24,1,ONLINE_SHOPPING,0
TXN106713,USR0052,840.56,875.0,0.961,15.7,80.9,14,Mumbai,0,DEV_ANDROID_13,0,1068,0,1.01,1,P2M,0
TXN106714,USR0063,826.36,946.0,0.874,10.7,66.8,8,Hyderabad,0,DEV_ANDROID_13,0,505,0,0.1,1,P2P,0
TXN106715,USR0071,2129.37,1774.0,1.2,23.0,17.5,9,Hyderabad,0,DEV_ANDROID_14,0,1785,0,1.38,0,P2M,0
TXN106716,USR0067,1346.89,1825.0,0.738,33.5,227.3,21,Hyderabad,0,DEV_IOS_18,0,865,0,1.14,0,P2P,0
TXN106717,USR0122,2923.49,2765.0,1.057,34.9,236.5,19,Hyderabad,0,DEV_ANDROID_14,0,1603,0,0.83,1,P2P,0
TXN106718,USR0061,191.73,445.0,0.431,36.3,435.8,7,Bengaluru,0,DEV_ANDROID_13,0,978,0,0.98,0,P2P,0
TXN106719,USR0136,594.99,788.0,0.755,22.6,76.0,14,Chennai,0,DEV_IOS_18,0,1699,0,2.41,1,P2P,0
TXN106720,USR0140,5425.24,3114.0,1.742,8.9,377.4,16,Delhi,0,DEV_ANDROID_13,0,257,0,1.65,1,P2P,0
TXN106721,USR0003,2438.12,3784.0,0.644,29.5,353.0,8,Hyderabad,0,DEV_ANDROID_13,0,1335,0,0.67,1,P2P,0
TXN106722,USR0001,3788.72,3411.0,1.111,12.0,27.2,12,Mumbai,0,DEV_ANDROID_13,0,842,0,0.67,0,P2M,0
TXN106723,USR0125,1306.44,1159.0,1.127,18.4,118.9,7,Mumbai,1,DEV_IOS_18,0,1093,0,1.26,1,P2P,0
TXN106724,USR0073,662.48,1427.0,0.464,29.4,82.0,21,Kolkata,0,DEV_ANDROID_13,0,218,0,1.99,0,P2M,0
TXN106725,USR0080,1120.74,1303.0,0.86,13.2,272.8,15,Kolkata,0,DEV_ANDROID_14,0,609,0,0.76,0,P2M,0
TXN106726,USR0093,4616.64,3844.0,1.201,15.3,218.9,16,Chennai,0,DEV_ANDROID_14,0,96,0,1.05,1,P2P,0
TXN106727,USR0101,2982.98,4828.0,0.618,39.0,34.6,19,Mumbai,0,DEV_IOS_18,0,495,0,1.42,1,P2M,0
TXN106728,USR0024,1059.44,1043.0,1.016,11.0,319.4,12,Hyderabad,0,DEV_ANDROID_14,0,268,0,1.94,1,P2P,0
TXN106729,USR0042,2162.88,4858.0,0.445,8.5,245.7,7,Delhi,0,DEV_ANDROID_13,0,1417,0,0.7,1,P2M,0
TXN106730,USR0095,3549.88,2387.0,1.487,15.4,164.3,13,Chennai,0,DEV_ANDROID_13,0,1147,0,0.45,1,BILL_PAYMENT,0
TXN106731,USR0019,4849.84,4271.0,1.136,17.4,439.0,13,Bengaluru,0,DEV_ANDROID_13,0,1600,0,1.08,0,INVESTMENT,0
TXN106732,USR0009,5434.76,3622.0,1.5,14.5,154.9,9,Mumbai,0,DEV_ANDROID_13,0,205,0,0.81,0,P2M,0
TXN106733,USR0150,773.17,1846.0,0.419,7.6,87.0,14,Bengaluru,0,DEV_IOS_18,0,342,1,1.52,1,RECHARGE,0
TXN106734,USR0049,534.38,835.0,0.64,28.1,21.9,13,Mumbai,0,DEV_IOS_18,0,1182,0,0.67,1,P2P,0
TXN106735,USR0129,5341.83,4329.0,1.234,21.6,382.7,14,Chennai,0,DEV_ANDROID_13,0,1416,0,0.78,0,P2P,0
TXN106736,USR0129,5261.8,4329.0,1.215,24.3,20.8,14,Chennai,0,DEV_ANDROID_13,0,1430,0,1.94,0,BILL_PAYMENT,0
TXN106737,USR0030,5631.47,1476.0,3.815,27.9,120.0,14,Kolkata,0,DEV_WEB_CHROME,1,186,0,0.1,1,P2P,0
TXN106738,USR0129,2620.96,4329.0,0.605,18.4,79.1,12,Ahmedabad,1,DEV_ANDROID_13,0,1376,0,0.9,1,P2M,0
TXN106739,USR0138,3484.15,3130.0,1.113,18.9,331.6,6,Chennai,0,DEV_IOS_18,0,1465,0,1.31,1,P2P,0
TXN106740,USR0099,7447.4,3865.0,1.927,30.0,20.4,14,Kolkata,0,DEV_UNKNOWN,1,543,1,4.39,0,P2P,1
TXN106741,USR0073,1875.6,1427.0,1.314,31.0,138.4,19,Kolkata,0,DEV_ANDROID_13,0,238,0,1.34,1,P2P,0
TXN106742,USR0123,2702.3,4007.0,0.674,15.0,576.3,13,Kolkata,0,DEV_IOS_18,0,1227,0,0.16,0,P2M,0
TXN106743,USR0129,8304.63,4329.0,1.918,16.0,104.4,13,Chennai,0,DEV_ANDROID_13,0,1449,0,1.38,1,BILL_PAYMENT,0
TXN106744,USR0074,2789.98,1853.0,1.506,1.0,21.5,16,Hyderabad,0,DEV_IOS_18,0,1390,0,1.28,1,P2M,0
TXN106745,USR0132,4146.06,3311.0,1.252,9.6,29.9,11,Pune,1,DEV_ANDROID_13,0,553,0,0.1,1,BILL_PAYMENT,0
TXN106746,USR0048,2653.46,2387.0,1.112,15.4,337.0,12,Chennai,0,DEV_IOS_18,0,1157,0,0.96,1,P2P,0
TXN106747,USR0026,4391.47,3918.0,1.121,20.0,155.2,10,Mumbai,1,DEV_ANDROID_14,0,1145,0,1.13,1,P2P,0
TXN106748,USR0001,3418.24,3411.0,1.002,17.3,180.4,11,Mumbai,0,DEV_ANDROID_13,0,852,0,1.05,1,BILL_PAYMENT,0
TXN106749,USR0017,880.99,1139.0,0.773,36.7,365.5,19,Kolkata,0,DEV_IOS_18,0,1179,0,1.25,1,P2P,0
TXN106750,USR0082,1277.34,1061.0,1.204,36.3,155.3,8,Hyderabad,0,DEV_IOS_18,0,76,0,1.47,1,BILL_PAYMENT,0
TXN106751,USR0132,21454.12,3311.0,6.48,34.0,96.0,4,Bengaluru,1,DEV_ANDROID_12,1,571,1,6.72,0,P2P,1
TXN106752,USR0031,5447.14,4621.0,1.179,7.3,62.1,14,Kolkata,0,DEV_ANDROID_14,0,830,0,0.6,1,INVESTMENT,0
TXN106753,USR0130,19744.98,2863.0,6.897,29.1,197.1,19,Delhi,0,DEV_IOS_18,0,1587,0,0.88,1,P2M,0
TXN106754,USR0144,1631.48,2663.0,0.613,9.0,533.2,15,Chennai,0,DEV_IOS_18,0,1105,0,1.28,1,P2M,0
TXN106755,USR0100,945.61,2121.0,0.446,29.4,267.7,20,Bengaluru,0,DEV_ANDROID_14,0,820,0,0.28,1,BILL_PAYMENT,0
TXN106756,USR0002,7115.23,3607.0,1.973,8.2,75.5,7,Kolkata,0,DEV_ANDROID_14,0,196,0,1.43,1,P2M,0
TXN106757,USR0004,4325.01,989.0,4.373,28.0,15.1,19,Chennai,0,DEV_IOS_18,0,819,1,5.83,0,P2P,1
TXN106758,USR0095,6174.01,2387.0,2.587,14.4,78.3,15,Chennai,0,DEV_ANDROID_13,0,1159,0,1.67,1,P2P,0
TXN106759,USR0130,5059.65,2863.0,1.767,34.5,24.7,16,Chennai,1,DEV_IOS_18,0,1546,0,0.46,1,P2M,0
TXN106760,USR0028,544.84,541.0,1.007,14.8,206.3,10,Delhi,0,DEV_IOS_18,0,860,0,0.63,0,P2P,0
TXN106761,USR0068,1318.66,1858.0,0.71,5.2,313.9,14,Chennai,0,DEV_ANDROID_13,0,1706,0,1.46,1,BILL_PAYMENT,0
TXN106762,USR0093,8973.45,3844.0,2.334,14.8,94.8,7,Chennai,0,DEV_ANDROID_14,0,79,0,0.71,1,ONLINE_SHOPPING,0
TXN106763,USR0030,2819.6,1476.0,1.91,24.4,25.4,19,Kolkata,0,DEV_ANDROID_14,0,179,0,2.42,1,P2P,0
TXN106764,USR0093,2506.02,3844.0,0.652,13.4,471.4,16,Chennai,0,DEV_ANDROID_14,0,71,0,0.91,1,BILL_PAYMENT,0
TXN106765,USR0103,1748.36,4267.0,0.41,35.6,347.5,15,Kolkata,0,DEV_ANDROID_13,0,1745,0,1.47,1,P2P,0
TXN106766,USR0097,1408.51,1552.0,0.908,30.2,91.6,13,Chennai,1,DEV_ANDROID_13,0,862,0,0.41,0,P2P,0
TXN106767,USR0034,408.27,1168.0,0.35,14.9,579.0,17,Chennai,0,DEV_ANDROID_14,0,63,0,1.12,1,P2M,0
TXN106768,USR0053,1728.2,1779.0,0.971,32.4,276.0,14,Chennai,0,DEV_ANDROID_14,0,1820,0,2.18,1,P2P,0
TXN106769,USR0076,5938.39,3835.0,1.548,19.2,316.4,11,Mumbai,0,DEV_ANDROID_13,0,488,1,1.16,1,P2P,0
TXN106770,USR0026,12785.41,3918.0,3.263,60.0,2.9,20,Kochi,1,DEV_ANDROID_12,1,1158,5,6.37,1,ONLINE_SHOPPING,1
TXN106771,USR0107,3639.16,1116.0,3.261,20.0,24.5,13,Chennai,1,DEV_UNKNOWN,1,1074,2,3.06,0,P2P,1
TXN106772,USR0011,3179.52,2073.0,1.534,22.6,31.3,8,Chennai,0,DEV_ANDROID_14,0,950,0,1.36,0,P2P,0
TXN106773,USR0027,814.07,816.0,0.998,24.4,9.2,12,Hyderabad,0,DEV_IOS_18,0,1457,0,0.1,0,P2P,0
TXN106774,USR0089,1226.44,1008.0,1.217,18.8,382.8,9,Kolkata,0,DEV_ANDROID_14,0,969,0,0.56,1,P2P,0
TXN106775,USR0002,7024.88,3607.0,1.948,9.5,40.5,20,Kolkata,0,DEV_ANDROID_14,0,203,0,0.12,0,P2M,0
TXN106776,USR0050,924.96,2312.0,0.4,25.2,169.7,18,Mumbai,0,DEV_ANDROID_13,0,151,0,1.53,1,P2M,0
TXN106777,USR0055,381.01,1096.0,0.348,33.5,162.5,9,Delhi,0,DEV_ANDROID_14,0,796,0,0.68,1,BILL_PAYMENT,0
TXN106778,USR0081,12599.48,1873.0,6.727,25.0,265.0,3,Kolkata,0,DEV_WEB_CHROME,1,955,0,6.81,0,P2P,1
TXN106779,USR0148,2417.65,1934.0,1.25,15.9,37.7,15,Chennai,0,DEV_ANDROID_13,0,1672,0,0.19,1,P2P,0
TXN106780,USR0132,2337.84,3311.0,0.706,7.5,20.0,21,Hyderabad,0,DEV_ANDROID_13,0,553,0,1.25,0,P2M,0
TXN106781,USR0049,1449.82,835.0,1.736,28.0,246.8,9,Mumbai,0,DEV_IOS_18,0,1178,2,0.1,0,P2P,0
TXN106782,USR0030,9482.86,1476.0,6.425,31.1,48.6,14,Kolkata,0,DEV_ANDROID_14,0,164,0,2.07,0,BILL_PAYMENT,0
TXN106783,USR0093,2520.68,3844.0,0.656,20.1,66.3,18,Chennai,0,DEV_ANDROID_14,0,56,0,0.1,0,P2P,0
TXN106784,USR0064,1560.63,3744.0,0.417,38.1,53.3,13,Hyderabad,0,DEV_ANDROID_13,0,1396,0,1.17,0,P2P,0
TXN106785,USR0001,1849.76,3411.0,0.542,13.5,33.6,17,Mumbai,0,DEV_ANDROID_13,0,794,0,1.04,0,P2M,0
TXN106786,USR0056,7654.61,4000.0,1.914,26.0,12.6,13,Bengaluru,0,DEV_IOS_18,0,159,1,5.24,0,P2P,1
TXN106787,USR0020,2471.49,3539.0,0.698,25.8,7.4,11,Delhi,0,DEV_ANDROID_14,0,290,0,0.62,1,P2P,0
TXN106788,USR0012,1602.13,1109.0,1.445,24.5,54.8,15,Mumbai,0,DEV_ANDROID_13,1,1271,0,0.63,1,ONLINE_SHOPPING,0
TXN106789,USR0017,772.2,1139.0,0.678,27.5,20.0,13,Kolkata,0,DEV_IOS_18,0,1198,0,1.15,1,BILL_PAYMENT,0
TXN106790,USR0126,3437.67,2090.0,1.645,17.2,30.1,11,Delhi,0,DEV_IOS_18,0,709,0,1.32,1,BILL_PAYMENT,0
TXN106791,USR0104,493.03,706.0,0.698,19.8,712.0,15,Mumbai,0,DEV_ANDROID_13,0,1125,0,0.52,1,P2M,0
TXN106792,USR0100,1516.36,2121.0,0.715,37.7,38.0,10,Bengaluru,0,DEV_IOS_18,1,791,0,0.1,0,P2M,0
TXN106793,USR0118,1298.13,855.0,1.518,28.2,40.6,17,Kolkata,0,DEV_ANDROID_13,0,1505,1,1.47,0,P2P,0
TXN106794,USR0013,3274.73,2086.0,1.57,40.6,155.3,11,Kolkata,0,DEV_ANDROID_13,0,785,0,1.6,1,P2M,0
TXN106795,USR0054,15691.68,1995.0,7.866,23.0,7.8,10,Chennai,1,DEV_UNKNOWN,1,1125,3,10.62,0,P2P,1
TXN106796,USR0012,1180.03,1109.0,1.064,27.4,391.1,8,Mumbai,0,DEV_IOS_18,0,1270,0,0.8,1,P2P,0
TXN106797,USR0070,5207.41,4705.0,1.107,13.3,17.0,12,Delhi,0,DEV_ANDROID_13,0,357,0,0.63,1,P2P,0
TXN106798,USR0147,5592.81,4639.0,1.206,26.2,255.0,11,Chennai,0,DEV_IOS_18,0,430,0,1.94,1,ONLINE_SHOPPING,0
TXN106799,USR0008,6444.23,4207.0,1.532,16.1,116.4,12,Mumbai,0,DEV_ANDROID_13,0,1160,1,1.85,1,P2M,0
TXN106800,USR0061,471.74,445.0,1.06,27.0,184.5,10,Bengaluru,0,DEV_ANDROID_13,0,978,0,1.36,1,P2P,0
TXN106801,USR0055,1109.48,1096.0,1.012,30.3,366.6,7,Delhi,0,DEV_ANDROID_14,0,812,0,0.1,1,P2M,0
TXN106802,USR0030,1729.17,1476.0,1.172,37.5,486.0,9,Kolkata,0,DEV_ANDROID_14,0,177,0,1.54,0,P2M,0
TXN106803,USR0091,3317.47,2696.0,1.231,1.0,79.4,10,Kolkata,0,DEV_ANDROID_13,0,1128,0,1.7,1,P2P,0
TXN106804,USR0138,4933.19,3130.0,1.576,15.4,187.0,19,Chennai,0,DEV_IOS_18,0,1398,0,0.25,0,P2P,0
TXN106805,USR0002,2140.54,3607.0,0.593,9.0,191.1,7,Kolkata,0,DEV_ANDROID_14,0,231,0,1.51,1,P2P,0
TXN106806,USR0138,3749.16,3130.0,1.198,16.5,5.0,20,Chennai,0,DEV_ANDROID_13,1,1397,0,2.51,0,P2P,0
TXN106807,USR0083,1591.92,1684.0,0.945,2.5,216.7,11,Delhi,0,DEV_ANDROID_14,0,97,0,1.66,0,P2P,0
TXN106808,USR0142,11373.9,3033.0,3.75,17.0,160.0,1,Delhi,1,DEV_UNKNOWN,1,838,3,4.23,0,P2P,1
TXN106809,USR0030,4855.93,1476.0,3.29,25.3,90.7,7,Kolkata,0,DEV_ANDROID_14,0,163,0,1.4,1,P2M,0
TXN106810,USR0143,19623.21,3747.0,5.237,25.4,92.6,15,Chennai,0,DEV_WEB_CHROME,1,1685,0,1.77,1,P2P,0
TXN106811,USR0113,1871.73,2668.0,0.702,13.3,67.1,17,Hyderabad,0,DEV_ANDROID_14,0,1648,0,2.19,1,P2P,0
TXN106812,USR0090,11672.6,4795.0,2.434,11.5,187.7,10,Hyderabad,0,DEV_ANDROID_14,0,538,0,1.19,1,P2P,0
TXN106813,USR0066,547.07,572.0,0.956,12.3,192.5,16,Delhi,0,DEV_ANDROID_14,0,1064,0,0.74,1,P2M,0
TXN106814,USR0088,6487.67,4666.0,1.39,9.5,273.2,16,Mumbai,0,DEV_IOS_18,0,763,0,1.94,1,P2P,0
TXN106815,USR0103,1828.02,4267.0,0.428,32.8,39.7,23,Kolkata,0,DEV_ANDROID_13,0,1714,0,2.01,1,P2P,0
TXN106816,USR0016,1283.42,1443.0,0.889,20.3,119.8,11,Hyderabad,1,DEV_ANDROID_14,0,1267,0,2.65,1,P2M,0
TXN106817,USR0091,2820.56,2696.0,1.046,6.4,72.6,7,Kolkata,0,DEV_ANDROID_13,0,1126,0,0.82,1,P2P,0
TXN106818,USR0135,1725.04,3326.0,0.519,9.4,123.2,17,Kolkata,0,DEV_IOS_18,0,1161,0,1.62,1,P2P,0
TXN106819,USR0049,683.75,835.0,0.819,23.6,138.7,15,Mumbai,0,DEV_IOS_18,0,1191,0,1.18,1,P2P,0
TXN106820,USR0116,2482.86,2809.0,0.884,27.7,109.3,21,Bengaluru,0,DEV_ANDROID_13,0,221,0,0.91,1,P2P,0
TXN106821,USR0149,5817.9,3318.0,1.753,19.1,645.6,13,Chennai,0,DEV_ANDROID_13,0,1426,0,1.56,1,ONLINE_SHOPPING,0
TXN106822,USR0084,1543.14,960.0,1.607,9.5,132.4,6,Chennai,0,DEV_ANDROID_13,0,981,0,1.82,1,BILL_PAYMENT,0
TXN106823,USR0135,2801.09,3326.0,0.842,1.0,233.2,16,Kolkata,0,DEV_IOS_18,0,1153,0,0.57,1,P2M,0
TXN106824,USR0126,2937.17,2090.0,1.405,12.5,5.0,16,Delhi,0,DEV_IOS_18,0,688,0,1.31,0,P2P,0
TXN106825,USR0114,13970.63,1547.0,9.031,38.0,29.5,0,Chandigarh,1,DEV_UNKNOWN,1,1030,5,4.25,0,INVESTMENT,1
TXN106826,USR0115,2084.07,1698.0,1.227,4.6,67.3,8,Kolkata,0,DEV_IOS_18,0,70,0,1.86,1,P2M,0
TXN106827,USR0132,3220.6,3311.0,0.973,4.6,49.4,8,Hyderabad,0,DEV_ANDROID_13,0,595,0,0.8,1,INVESTMENT,0
TXN106828,USR0118,6299.59,855.0,7.368,29.9,23.7,13,Kolkata,0,DEV_ANDROID_13,0,1568,0,1.2,1,P2P,0
TXN106829,USR0088,8261.76,4666.0,1.771,5.0,89.5,17,Mumbai,0,DEV_IOS_18,0,740,0,1.67,0,BILL_PAYMENT,0
TXN106830,USR0101,8286.84,4828.0,1.716,31.4,55.9,16,Mumbai,0,DEV_IOS_18,0,552,0,1.33,1,P2M,0
TXN106831,USR0018,12779.99,1836.0,6.961,22.0,157.0,1,Chennai,0,DEV_ANDROID_14,0,1493,1,3.01,0,P2P,1
TXN106832,USR0092,5137.02,3316.0,1.549,27.3,86.7,17,Kochi,1,DEV_ANDROID_14,0,236,0,0.67,1,P2P,0
TXN106833,USR0136,593.39,788.0,0.753,22.8,458.4,13,Chennai,0,DEV_IOS_18,0,1677,0,1.5,1,BILL_PAYMENT,0
TXN106834,USR0069,3269.98,3260.0,1.003,16.9,165.3,7,Hyderabad,0,DEV_ANDROID_14,0,1652,0,0.79,1,P2P,0
TXN106835,USR0099,16290.06,3865.0,4.215,30.0,289.0,4,Ahmedabad,1,DEV_UNKNOWN,1,579,2,4.59,0,P2P,1
TXN106836,USR0145,19698.88,4287.0,4.595,17.0,24.8,19,Chennai,1,DEV_UNKNOWN,1,1447,3,3.9,0,INVESTMENT,1
TXN106837,USR0146,545.25,803.0,0.679,23.1,107.8,16,Delhi,1,DEV_ANDROID_13,0,1191,0,1.84,1,P2M,0
TXN106838,USR0003,3298.41,3784.0,0.872,24.2,41.5,14,Hyderabad,0,DEV_IOS_18,1,1340,0,0.5,1,P2M,0
TXN106839,USR0024,982.06,1043.0,0.942,14.0,378.1,23,Hyderabad,0,DEV_ANDROID_14,0,289,0,0.59,1,P2P,0
TXN106840,USR0072,3972.88,4501.0,0.883,11.3,147.3,15,Kolkata,0,DEV_ANDROID_14,0,1373,0,1.22,1,P2P,0
TXN106841,USR0062,4634.08,2948.0,1.572,7.2,18.9,11,Mumbai,0,DEV_ANDROID_14,0,212,0,2.09,1,RECHARGE,0
TXN106842,USR0086,7788.41,4098.0,1.901,9.4,229.6,11,Delhi,0,DEV_ANDROID_13,0,1313,0,1.43,1,P2P,0
TXN106843,USR0015,3515.46,2529.0,1.39,7.9,36.3,13,Chennai,0,DEV_ANDROID_14,0,1280,0,0.26,1,ONLINE_SHOPPING,0
TXN106844,USR0144,5715.96,2663.0,2.146,15.3,222.6,12,Chennai,0,DEV_IOS_18,0,1108,0,1.78,1,P2M,0
TXN106845,USR0107,1186.57,1116.0,1.063,15.5,45.5,15,Hyderabad,0,DEV_ANDROID_14,0,1041,0,1.79,1,INVESTMENT,0
TXN106846,USR0031,4627.94,4621.0,1.002,11.0,125.7,8,Kolkata,0,DEV_ANDROID_14,0,843,0,1.41,1,BILL_PAYMENT,0
TXN106847,USR0071,1809.11,1774.0,1.02,14.4,59.8,10,Hyderabad,0,DEV_IOS_18,1,1733,0,0.8,1,P2M,0
TXN106848,USR0134,9738.78,4359.0,2.234,34.6,492.2,13,Chennai,0,DEV_IOS_18,0,271,0,0.8,1,P2P,0
TXN106849,USR0112,2849.63,4425.0,0.644,32.1,353.8,11,Hyderabad,0,DEV_ANDROID_13,0,1545,0,1.1,1,P2M,0
TXN106850,USR0108,310.96,931.0,0.334,21.6,85.8,9,Mumbai,0,DEV_IOS_18,0,102,0,0.1,1,P2M,0
TXN106851,USR0064,6245.28,3744.0,1.668,33.2,8.2,8,Chennai,1,DEV_ANDROID_13,0,1390,0,0.23,0,P2P,0
TXN106852,USR0107,1444.5,1116.0,1.294,9.4,206.1,18,Hyderabad,0,DEV_ANDROID_13,1,1107,0,1.13,0,P2P,0
TXN106853,USR0089,618.72,1008.0,0.614,20.5,425.6,15,Kolkata,0,DEV_ANDROID_14,0,944,0,0.42,1,P2M,0
TXN106854,USR0096,638.86,482.0,1.325,26.7,240.8,16,Chennai,0,DEV_ANDROID_13,0,258,0,1.38,0,P2P,0
TXN106855,USR0039,3874.33,3193.0,1.213,13.1,61.9,20,Chennai,0,DEV_IOS_18,0,1744,0,2.32,1,P2M,0
TXN106856,USR0005,1319.38,1239.0,1.065,34.7,28.2,18,Ahmedabad,1,DEV_IOS_18,0,1455,0,0.1,1,P2M,0
TXN106857,USR0097,2035.73,1552.0,1.312,28.8,52.4,16,Delhi,0,DEV_ANDROID_13,0,886,0,0.31,1,RECHARGE,0
TXN106858,USR0032,4020.43,2962.0,1.357,19.9,274.9,10,Hyderabad,0,DEV_ANDROID_14,0,1458,0,0.94,1,P2P,0
TXN106859,USR0100,3928.46,2121.0,1.852,28.6,259.1,7,Pune,1,DEV_ANDROID_14,0,766,0,1.57,1,P2P,0
TXN106860,USR0129,3229.64,4329.0,0.746,19.4,100.2,13,Chennai,0,DEV_ANDROID_13,0,1398,0,0.1,1,BILL_PAYMENT,0
TXN106861,USR0043,7561.27,4029.0,1.877,19.7,5.0,20,Delhi,0,DEV_ANDROID_13,0,1371,1,1.17,1,P2P,0
TXN106862,USR0056,3564.2,4000.0,0.891,7.2,18.5,16,Bengaluru,0,DEV_IOS_18,0,204,0,0.97,1,BILL_PAYMENT,0
TXN106863,USR0145,4812.08,4287.0,1.122,6.8,305.7,7,Mumbai,0,DEV_ANDROID_13,0,1441,2,1.41,0,P2M,0
TXN106864,USR0097,860.3,1552.0,0.554,34.4,251.1,8,Delhi,0,DEV_ANDROID_13,0,864,0,1.53,1,P2P,0
TXN106865,USR0047,338.94,489.0,0.693,22.1,681.6,21,Bengaluru,0,DEV_ANDROID_13,0,947,0,0.7,0,P2M,0
TXN106866,USR0037,23249.11,2687.0,8.652,20.0,9.0,5,Kolkata,0,DEV_UNKNOWN,1,965,1,4.86,0,P2P,1
TXN106867,USR0067,1815.9,1825.0,0.995,30.4,207.0,11,Hyderabad,0,DEV_IOS_18,0,903,0,0.76,1,P2M,0
TXN106868,USR0095,2658.4,2387.0,1.114,18.3,171.6,17,Chennai,0,DEV_ANDROID_13,0,1147,0,1.38,1,RECHARGE,0
TXN106869,USR0070,4345.91,4705.0,0.924,11.5,139.5,12,Delhi,0,DEV_ANDROID_13,0,326,0,0.1,1,P2P,0
TXN106870,USR0094,2512.82,3141.0,0.8,9.8,224.8,9,Ahmedabad,1,DEV_ANDROID_14,0,1702,0,1.37,1,P2M,0
TXN106871,USR0122,3423.93,2765.0,1.238,27.3,77.2,10,Hyderabad,0,DEV_WEB_CHROME,1,1566,0,2.03,1,P2P,0
TXN106872,USR0073,1349.64,1427.0,0.946,33.4,149.2,14,Kolkata,0,DEV_ANDROID_13,0,250,0,1.87,0,ONLINE_SHOPPING,0
TXN106873,USR0046,2238.41,3064.0,0.731,20.5,709.1,7,Delhi,0,DEV_ANDROID_13,0,358,0,0.23,1,P2M,0
TXN106874,USR0130,4097.97,2863.0,1.431,28.9,359.8,9,Delhi,0,DEV_IOS_18,0,1542,0,1.95,0,ONLINE_SHOPPING,0
TXN106875,USR0019,3229.03,4271.0,0.756,15.9,217.3,8,Bengaluru,0,DEV_ANDROID_13,0,1678,0,1.33,0,P2M,0
TXN106876,USR0037,1589.12,2687.0,0.591,21.4,62.7,23,Kolkata,0,DEV_ANDROID_14,0,954,0,1.39,0,P2P,0
TXN106877,USR0124,1718.36,1625.0,1.057,3.8,77.1,23,Bengaluru,1,DEV_WEB_CHROME,1,281,1,1.76,0,P2P,0
TXN106878,USR0015,7396.08,2529.0,2.925,18.0,22.1,13,Chennai,0,DEV_UNKNOWN,1,1239,2,4.58,0,P2P,1
TXN106879,USR0103,4282.45,4267.0,1.004,33.7,27.9,10,Kolkata,0,DEV_ANDROID_13,0,1782,0,0.1,1,P2P,0
TXN106880,USR0094,1941.86,3141.0,0.618,3.1,511.1,21,Kolkata,0,DEV_ANDROID_14,0,1712,0,2.27,0,P2M,0
TXN106881,USR0083,3529.69,1684.0,2.096,9.7,573.3,10,Delhi,0,DEV_ANDROID_14,0,84,0,1.82,1,P2P,0
TXN106882,USR0046,5127.68,3064.0,1.674,16.8,48.8,10,Delhi,0,DEV_ANDROID_13,0,352,0,1.84,1,P2P,0
TXN106883,USR0080,2554.54,1303.0,1.961,17.3,6.4,16,Kolkata,0,DEV_ANDROID_14,0,633,0,0.89,1,INVESTMENT,0
TXN106884,USR0068,2403.73,1858.0,1.294,14.1,13.3,20,Chennai,0,DEV_ANDROID_13,0,1723,0,0.35,1,P2M,0
TXN106885,USR0132,2561.54,3311.0,0.774,8.6,33.1,9,Hyderabad,0,DEV_ANDROID_14,1,528,0,1.52,1,P2P,0
TXN106886,USR0145,28455.17,4287.0,6.638,9.2,126.5,23,Mumbai,0,DEV_ANDROID_13,0,1459,0,1.61,1,P2P,0
TXN106887,USR0004,855.44,989.0,0.865,30.5,678.4,10,Chennai,0,DEV_IOS_18,0,853,0,2.09,1,P2M,0
TXN106888,USR0130,3581.43,2863.0,1.251,39.3,88.7,9,Delhi,0,DEV_IOS_18,0,1569,0,1.8,0,ONLINE_SHOPPING,0
TXN106889,USR0127,3656.39,2395.0,1.527,15.2,159.7,11,Chennai,0,DEV_ANDROID_14,0,356,0,0.4,1,ONLINE_SHOPPING,0
TXN106890,USR0014,3306.7,2104.0,1.572,4.7,59.6,10,Delhi,0,DEV_ANDROID_13,0,869,0,1.14,1,BILL_PAYMENT,0
TXN106891,USR0058,2146.56,3029.0,0.709,21.9,77.9,12,Kolkata,0,DEV_ANDROID_14,0,885,0,1.8,0,P2P,0
TXN106892,USR0150,846.61,1846.0,0.459,18.8,280.3,8,Pune,1,DEV_IOS_18,0,317,0,1.35,1,ONLINE_SHOPPING,0
TXN106893,USR0054,2429.95,1995.0,1.218,17.3,344.8,11,Hyderabad,0,DEV_IOS_18,0,1105,0,1.05,0,BILL_PAYMENT,0
TXN106894,USR0088,3433.48,4666.0,0.736,3.2,319.5,10,Hyderabad,1,DEV_IOS_18,0,739,0,1.92,1,P2P,0
TXN106895,USR0089,770.52,1008.0,0.764,11.0,25.0,16,Kolkata,0,DEV_ANDROID_14,0,937,1,0.78,1,P2P,0
TXN106896,USR0133,169.08,561.0,0.301,7.8,591.5,16,Delhi,0,DEV_ANDROID_13,0,1131,0,1.18,1,ONLINE_SHOPPING,0
TXN106897,USR0120,4629.74,3985.0,1.162,23.7,23.9,11,Hyderabad,1,DEV_IOS_18,0,1205,0,1.68,1,P2M,0
TXN106898,USR0134,5519.08,4359.0,1.266,29.3,40.8,16,Chennai,0,DEV_IOS_18,0,285,0,1.19,0,P2P,0
TXN106899,USR0075,4889.74,2287.0,2.138,39.0,3.5,13,Chandigarh,1,DEV_WEB_CHROME,1,1578,5,12.91,0,ONLINE_SHOPPING,1
TXN106900,USR0097,864.03,1552.0,0.557,23.5,14.8,9,Chandigarh,1,DEV_ANDROID_13,0,840,0,1.67,1,P2P,0
TXN106901,USR0139,6188.34,4684.0,1.321,31.8,25.3,8,Kolkata,0,DEV_ANDROID_13,0,194,0,1.16,1,P2P,0
TXN106902,USR0149,4107.0,3318.0,1.238,11.3,259.0,17,Chennai,0,DEV_ANDROID_13,0,1444,0,0.1,1,P2M,0
TXN106903,USR0001,3104.01,3411.0,0.91,22.2,234.5,15,Mumbai,0,DEV_ANDROID_13,0,811,0,2.82,1,P2P,0
TXN106904,USR0144,1656.37,2663.0,0.622,14.9,107.9,9,Chennai,0,DEV_IOS_18,0,1125,0,1.13,0,P2P,0
TXN106905,USR0136,1845.41,788.0,2.342,19.0,93.3,14,Chennai,0,DEV_IOS_18,0,1697,0,1.7,1,P2M,0
TXN106906,USR0004,1413.1,989.0,1.429,32.5,139.1,13,Chennai,0,DEV_IOS_18,0,807,0,0.48,1,P2M,0
TXN106907,USR0093,2068.28,3844.0,0.538,16.5,55.7,19,Chennai,0,DEV_ANDROID_14,0,100,1,0.11,1,ONLINE_SHOPPING,0
TXN106908,USR0090,2162.79,4795.0,0.451,20.0,95.1,22,Hyderabad,0,DEV_ANDROID_14,0,541,0,0.24,1,P2P,0
TXN106909,USR0021,3977.69,4102.0,0.97,5.1,61.9,14,Chennai,0,DEV_ANDROID_14,0,1458,0,1.39,0,P2P,0
TXN106910,USR0100,1324.23,2121.0,0.624,35.5,261.7,17,Bengaluru,0,DEV_ANDROID_14,0,791,1,0.16,1,RECHARGE,0
TXN106911,USR0008,6980.21,4207.0,1.659,10.1,146.8,15,Mumbai,0,DEV_ANDROID_13,0,1151,0,0.26,1,P2P,0
TXN106912,USR0018,4763.51,1836.0,2.595,30.3,136.6,17,Chennai,0,DEV_ANDROID_14,0,1496,0,2.69,1,P2M,0
TXN106913,USR0022,2859.9,3458.0,0.827,19.4,120.4,13,Chennai,0,DEV_ANDROID_13,0,1262,1,1.3,1,ONLINE_SHOPPING,0
TXN106914,USR0005,3704.77,1239.0,2.99,13.0,21.5,15,Hyderabad,0,DEV_IOS_18,0,1396,1,5.28,0,P2P,1
TXN106915,USR0055,6214.04,1096.0,5.67,22.0,106.0,4,Lucknow,1,DEV_ANDROID_14,0,816,3,3.85,0,P2P,1
TXN106916,USR0052,1380.84,875.0,1.578,8.6,73.8,12,Mumbai,0,DEV_ANDROID_13,0,1084,0,1.33,0,P2M,0
TXN106917,USR0083,1854.9,1684.0,1.101,11.0,344.9,19,Delhi,0,DEV_ANDROID_14,0,107,0,1.82,1,ONLINE_SHOPPING,0
TXN106918,USR0023,1371.25,2955.0,0.464,21.4,37.4,10,Lucknow,1,DEV_ANDROID_13,0,924,0,0.66,1,P2P,0
TXN106919,USR0109,1123.25,1296.0,0.867,8.2,127.9,9,Chennai,0,DEV_ANDROID_14,0,1519,0,1.55,1,BILL_PAYMENT,0
TXN106920,USR0150,1654.11,1846.0,0.896,12.0,135.9,11,Bengaluru,0,DEV_IOS_18,0,328,0,2.77,0,BILL_PAYMENT,0
TXN106921,USR0086,7158.39,4098.0,1.747,1.0,44.2,11,Delhi,0,DEV_ANDROID_13,0,1338,0,1.75,1,INVESTMENT,0
TXN106922,USR0055,2796.23,1096.0,2.551,12.0,7.0,17,Delhi,0,DEV_ANDROID_14,0,762,0,4.71,0,P2P,1
TXN106923,USR0017,1061.0,1139.0,0.932,37.2,547.3,17,Lucknow,1,DEV_ANDROID_14,1,1128,0,0.98,1,BILL_PAYMENT,0
TXN106924,USR0097,2647.18,1552.0,1.706,28.2,111.5,13,Delhi,0,DEV_ANDROID_13,0,838,0,0.88,0,P2M,0
TXN106925,USR0080,732.42,1303.0,0.562,16.8,32.4,7,Kolkata,0,DEV_ANDROID_14,0,605,0,2.59,1,P2P,0
TXN106926,USR0093,4024.01,3844.0,1.047,14.8,198.3,14,Chennai,0,DEV_ANDROID_14,0,57,0,0.67,0,RECHARGE,0
TXN106927,USR0072,3111.94,4501.0,0.691,6.8,23.0,16,Kolkata,0,DEV_ANDROID_14,0,1406,0,1.55,1,P2P,0
TXN106928,USR0028,9135.07,541.0,16.886,37.0,40.4,6,Mumbai,1,DEV_UNKNOWN,1,853,1,5.28,0,INVESTMENT,1
TXN106929,USR0056,8531.59,4000.0,2.133,5.6,26.1,16,Bengaluru,0,DEV_IOS_18,0,183,0,1.08,1,P2M,0
TXN106930,USR0060,2086.31,2418.0,0.863,12.6,76.7,12,Hyderabad,0,DEV_ANDROID_13,0,78,0,1.5,1,BILL_PAYMENT,0
TXN106931,USR0133,1934.14,561.0,3.448,5.5,161.1,9,Delhi,0,DEV_ANDROID_13,0,1082,0,1.3,1,P2M,0
TXN106932,USR0071,1933.35,1774.0,1.09,19.9,161.7,16,Kolkata,1,DEV_ANDROID_14,0,1730,0,2.59,0,P2M,0
TXN106933,USR0008,18242.69,4207.0,4.336,29.0,1.7,23,Ahmedabad,1,DEV_ANDROID_13,0,1130,3,9.91,0,P2P,1
TXN106934,USR0020,2510.89,3539.0,0.709,27.8,318.0,19,Delhi,0,DEV_ANDROID_14,0,333,0,2.02,1,BILL_PAYMENT,0
TXN106935,USR0072,31638.83,4501.0,7.029,41.0,26.4,3,Kolkata,0,DEV_WEB_CHROME,1,1391,3,6.94,0,P2P,1
TXN106936,USR0113,2106.08,2668.0,0.789,5.8,118.6,10,Hyderabad,0,DEV_ANDROID_14,0,1639,0,0.67,1,BILL_PAYMENT,0
TXN106937,USR0090,9071.33,4795.0,1.892,19.0,69.1,13,Hyderabad,0,DEV_ANDROID_14,0,593,0,1.76,1,P2M,0
TXN106938,USR0118,1822.84,855.0,2.132,29.5,94.9,17,Kolkata,0,DEV_ANDROID_13,0,1524,0,1.67,1,P2P,0
TXN106939,USR0026,11230.96,3918.0,2.867,27.3,212.6,17,Hyderabad,0,DEV_ANDROID_14,0,1202,0,0.58,1,P2M,0
TXN106940,USR0128,11088.62,1765.0,6.283,24.7,49.8,21,Chennai,0,DEV_ANDROID_14,0,1756,0,1.73,0,P2P,0
TXN106941,USR0075,5139.55,2287.0,2.247,19.1,317.7,18,Bengaluru,0,DEV_IOS_18,0,1631,0,1.18,1,ONLINE_SHOPPING,0
TXN106942,USR0002,5754.28,3607.0,1.595,17.5,29.1,7,Pune,1,DEV_ANDROID_14,0,219,0,1.05,1,P2P,0
TXN106943,USR0137,28655.07,4815.0,5.951,28.8,216.2,6,Chennai,0,DEV_ANDROID_14,0,339,0,0.73,1,P2M,0
TXN106944,USR0123,3051.81,4007.0,0.762,8.9,52.9,13,Kolkata,0,DEV_IOS_18,0,1249,0,2.13,1,BILL_PAYMENT,0
TXN106945,USR0120,6795.73,3985.0,1.705,26.0,234.8,19,Hyderabad,1,DEV_IOS_18,0,1150,0,0.89,1,ONLINE_SHOPPING,0
TXN106946,USR0140,7504.4,3114.0,2.41,4.7,256.8,10,Delhi,0,DEV_ANDROID_13,0,227,0,1.27,0,P2P,0
TXN106947,USR0006,10027.5,4184.0,2.397,18.1,124.9,10,Hyderabad,0,DEV_IOS_18,0,808,0,1.7,1,P2P,0
TXN106948,USR0007,1267.37,823.0,1.54,23.8,153.8,20,Bengaluru,0,DEV_ANDROID_14,0,1625,0,1.5,1,P2P,0
TXN106949,USR0112,8825.27,4425.0,1.994,33.3,247.4,13,Hyderabad,0,DEV_ANDROID_13,0,1522,0,0.86,0,P2M,0
TXN106950,USR0097,12863.85,1552.0,8.289,31.0,13.4,13,Pune,1,DEV_UNKNOWN,1,872,3,10.78,0,INVESTMENT,1
TXN106951,USR0088,3067.96,4666.0,0.658,6.6,718.9,8,Mumbai,0,DEV_ANDROID_14,1,719,0,0.95,1,P2P,0
TXN106952,USR0065,3719.81,3227.0,1.153,37.8,10.3,10,Mumbai,1,DEV_ANDROID_13,1,1814,1,0.49,1,ONLINE_SHOPPING,0
TXN106953,USR0064,5303.07,3744.0,1.416,31.8,55.7,18,Hyderabad,0,DEV_ANDROID_13,0,1428,0,1.31,1,P2M,0
TXN106954,USR0118,1394.46,855.0,1.631,31.1,47.5,13,Kolkata,0,DEV_ANDROID_13,0,1505,0,1.46,1,P2P,0
TXN106955,USR0026,3696.66,3918.0,0.944,24.1,75.5,11,Hyderabad,0,DEV_ANDROID_14,0,1197,1,0.78,0,P2P,0
TXN106956,USR0138,1744.38,3130.0,0.557,9.6,186.3,9,Chennai,0,DEV_IOS_18,0,1431,0,2.92,1,ONLINE_SHOPPING,0
TXN106957,USR0049,1708.43,835.0,2.046,27.7,227.7,17,Mumbai,0,DEV_IOS_18,0,1140,0,0.92,1,P2P,0
TXN106958,USR0074,5035.07,1853.0,2.717,2.9,66.7,12,Hyderabad,0,DEV_IOS_18,0,1412,0,1.11,1,P2M,0
TXN106959,USR0045,3012.31,3638.0,0.828,14.9,166.7,15,Mumbai,0,DEV_IOS_18,0,1321,0,0.73,1,P2P,0
TXN106960,USR0122,1576.69,2765.0,0.57,35.2,346.7,21,Hyderabad,0,DEV_ANDROID_14,0,1532,0,0.35,1,P2P,0
TXN106961,USR0123,3345.58,4007.0,0.835,13.8,114.1,16,Kolkata,0,DEV_IOS_18,0,1236,0,1.26,0,P2P,0
TXN106962,USR0027,734.26,816.0,0.9,24.6,823.6,11,Hyderabad,0,DEV_IOS_18,0,1482,0,1.33,1,P2P,0
TXN106963,USR0097,2107.67,1552.0,1.358,25.0,37.2,18,Delhi,0,DEV_ANDROID_13,0,839,0,1.53,0,ONLINE_SHOPPING,0
TXN106964,USR0009,1680.97,3622.0,0.464,14.3,56.0,8,Delhi,1,DEV_ANDROID_13,0,186,0,0.1,1,P2M,0
TXN106965,USR0138,2608.59,3130.0,0.833,30.9,185.6,7,Chennai,0,DEV_IOS_18,0,1415,0,1.97,1,P2P,0
TXN106966,USR0140,5185.65,3114.0,1.665,10.1,281.2,19,Delhi,0,DEV_ANDROID_13,0,188,0,1.28,1,P2M,0
TXN106967,USR0072,4243.86,4501.0,0.943,6.3,5.0,19,Bengaluru,1,DEV_ANDROID_14,0,1365,0,0.97,1,P2P,0
TXN106968,USR0053,2110.4,1779.0,1.186,34.1,155.4,13,Chennai,0,DEV_ANDROID_14,0,1819,0,0.12,0,P2M,0
TXN106969,USR0098,2432.1,2841.0,0.856,31.1,160.2,9,Delhi,0,DEV_IOS_18,0,1145,0,1.88,0,P2P,0
TXN106970,USR0140,3319.06,3114.0,1.066,2.2,45.6,9,Bengaluru,1,DEV_ANDROID_13,0,249,0,0.71,1,BILL_PAYMENT,0
TXN106971,USR0107,1623.83,1116.0,1.455,11.7,45.7,17,Kolkata,1,DEV_ANDROID_14,0,1107,0,1.6,1,P2M,0
TXN106972,USR0028,464.5,541.0,0.859,19.2,5.0,11,Delhi,0,DEV_IOS_18,0,833,0,0.84,1,P2M,0
TXN106973,USR0096,227.65,482.0,0.472,23.3,63.7,13,Chennai,0,DEV_ANDROID_13,0,280,0,2.02,1,P2P,0
TXN106974,USR0018,2137.06,1836.0,1.164,28.4,160.7,12,Chennai,0,DEV_ANDROID_14,0,1492,0,0.15,1,P2M,0
TXN106975,USR0023,4000.06,2955.0,1.354,9.4,48.0,9,Delhi,0,DEV_ANDROID_13,0,935,0,0.75,0,P2P,0
TXN106976,USR0100,2664.01,2121.0,1.256,28.7,104.0,20,Bengaluru,0,DEV_ANDROID_14,0,765,0,1.5,1,P2M,0
TXN106977,USR0087,2269.4,4199.0,0.54,10.8,5.0,13,Mumbai,0,DEV_ANDROID_13,0,817,1,1.36,1,P2P,0
TXN106978,USR0078,1898.23,4223.0,0.449,35.8,63.4,12,Mumbai,0,DEV_ANDROID_14,0,286,0,1.56,1,P2P,0
TXN106979,USR0107,2219.13,1116.0,1.988,13.5,248.8,14,Hyderabad,0,DEV_ANDROID_14,0,1048,0,1.46,0,P2M,0
TXN106980,USR0143,3071.91,3747.0,0.82,26.2,65.0,10,Chennai,0,DEV_IOS_18,0,1640,0,0.5,0,P2M,0
TXN106981,USR0028,508.85,541.0,0.941,11.6,63.4,20,Delhi,0,DEV_WEB_CHROME,1,814,0,0.91,0,BILL_PAYMENT,0
TXN106982,USR0116,2132.13,2809.0,0.759,32.0,121.2,10,Bengaluru,0,DEV_ANDROID_13,0,260,0,2.03,1,P2M,0
TXN106983,USR0117,3369.48,891.0,3.782,32.0,254.0,5,Pune,1,DEV_UNKNOWN,1,772,2,7.32,0,P2P,1
TXN106984,USR0121,3359.36,3799.0,0.884,3.1,423.0,11,Hyderabad,0,DEV_ANDROID_13,0,1547,0,1.63,1,P2P,0
TXN106985,USR0007,982.24,823.0,1.193,22.1,13.4,15,Bengaluru,0,DEV_WEB_CHROME,1,1631,0,0.29,1,P2P,0
TXN106986,USR0085,2323.3,3924.0,0.592,20.8,234.4,10,Kolkata,0,DEV_ANDROID_13,0,764,0,0.23,1,P2M,0
TXN106987,USR0063,1760.71,946.0,1.861,10.2,171.0,11,Hyderabad,0,DEV_ANDROID_13,0,470,0,1.39,1,P2P,0
TXN106988,USR0140,1165.09,3114.0,0.374,2.8,574.0,12,Delhi,0,DEV_ANDROID_13,0,198,0,0.73,1,ONLINE_SHOPPING,0
TXN106989,USR0086,10679.97,4098.0,2.606,5.8,875.1,12,Delhi,0,DEV_ANDROID_13,0,1295,0,0.95,0,INVESTMENT,0
TXN106990,USR0136,12061.75,788.0,15.307,12.0,23.3,17,Chandigarh,1,DEV_WEB_CHROME,1,1680,2,5.1,0,P2P,1
TXN106991,USR0064,10480.15,3744.0,2.799,29.0,2.8,2,Bengaluru,1,DEV_ANDROID_14,1,1392,3,11.55,1,P2P,1
TXN106992,USR0062,1803.31,2948.0,0.612,9.8,891.4,14,Mumbai,0,DEV_ANDROID_14,0,256,0,1.16,1,P2M,0
TXN106993,USR0008,3919.02,4207.0,0.932,13.2,7.1,11,Mumbai,0,DEV_ANDROID_13,0,1173,0,1.0,1,P2P,0
TXN106994,USR0020,2469.03,3539.0,0.698,22.8,122.6,20,Delhi,0,DEV_ANDROID_14,0,296,0,1.76,1,BILL_PAYMENT,0
TXN106995,USR0039,2244.9,3193.0,0.703,8.0,96.7,9,Chennai,0,DEV_IOS_18,0,1708,0,0.77,1,P2M,0
TXN106996,USR0064,2031.2,3744.0,0.543,36.9,245.3,10,Hyderabad,0,DEV_ANDROID_13,0,1393,0,1.29,1,P2P,0
TXN106997,USR0124,990.9,1625.0,0.61,9.4,67.6,14,Hyderabad,0,DEV_ANDROID_14,0,276,0,0.66,1,P2P,0
TXN106998,USR0098,1420.93,2841.0,0.5,24.6,71.6,22,Delhi,0,DEV_IOS_18,0,1110,0,1.77,1,P2M,0
TXN106999,USR0105,1443.13,1284.0,1.124,38.3,321.1,10,Bengaluru,0,DEV_ANDROID_14,0,647,1,1.19,1,P2P,0
TXN107000,USR0014,6989.99,2104.0,3.322,13.4,20.3,11,Delhi,0,DEV_ANDROID_13,0,844,0,0.1,1,P2M,0
TXN107001,USR0138,2878.97,3130.0,0.92,16.5,59.1,8,Chennai,0,DEV_IOS_18,0,1446,0,2.36,1,BILL_PAYMENT,0
TXN107002,USR0096,734.98,482.0,1.525,26.5,79.5,11,Chennai,0,DEV_ANDROID_13,0,243,0,0.46,1,ONLINE_SHOPPING,0
TXN107003,USR0103,5113.59,4267.0,1.198,33.1,315.1,11,Kochi,1,DEV_ANDROID_13,0,1733,0,0.53,0,BILL_PAYMENT,0
TXN107004,USR0101,2108.51,4828.0,0.437,30.2,118.5,11,Mumbai,0,DEV_ANDROID_13,1,531,0,1.22,1,P2M,0
TXN107005,USR0105,631.55,1284.0,0.492,26.5,656.5,8,Bengaluru,0,DEV_ANDROID_14,0,584,0,0.55,1,INVESTMENT,0
TXN107006,USR0097,1439.93,1552.0,0.928,25.0,54.8,16,Delhi,0,DEV_ANDROID_13,0,907,1,1.33,1,P2M,0
TXN107007,USR0070,3146.8,4705.0,0.669,11.3,75.2,9,Hyderabad,1,DEV_ANDROID_13,0,348,0,1.82,0,BILL_PAYMENT,0
TXN107008,USR0037,3544.43,2687.0,1.319,26.6,64.7,8,Kolkata,0,DEV_ANDROID_14,0,944,0,1.0,1,BILL_PAYMENT,0
TXN107009,USR0050,3483.41,2312.0,1.507,27.7,105.2,13,Mumbai,0,DEV_ANDROID_13,0,162,0,0.82,1,P2P,0
TXN107010,USR0091,11827.57,2696.0,4.387,23.0,21.3,11,Ahmedabad,1,DEV_UNKNOWN,1,1139,0,5.98,0,P2P,1
TXN107011,USR0073,1004.76,1427.0,0.704,34.8,110.5,11,Kolkata,0,DEV_ANDROID_13,0,283,0,0.1,0,P2P,0
TXN107012,USR0073,8614.07,1427.0,6.036,11.0,233.0,5,Kolkata,0,DEV_UNKNOWN,1,243,1,7.07,0,P2P,1
TXN107013,USR0114,1912.29,1547.0,1.236,20.7,330.6,10,Delhi,0,DEV_ANDROID_14,0,1047,0,1.96,0,ONLINE_SHOPPING,0
TXN107014,USR0065,2228.28,3227.0,0.691,34.0,62.1,14,Delhi,0,DEV_ANDROID_14,0,1804,0,0.97,1,ONLINE_SHOPPING,0
TXN107015,USR0022,2989.05,3458.0,0.864,15.3,43.2,18,Chennai,0,DEV_ANDROID_13,0,1300,2,0.53,1,P2M,0
TXN107016,USR0039,2008.2,3193.0,0.629,18.2,104.0,11,Chennai,0,DEV_WEB_CHROME,1,1747,0,1.36,0,P2M,0
TXN107017,USR0114,1550.25,1547.0,1.002,30.8,109.8,6,Delhi,0,DEV_ANDROID_14,0,1099,1,0.88,1,P2P,0
TXN107018,USR0078,2164.72,4223.0,0.513,31.4,506.0,23,Mumbai,0,DEV_IOS_18,1,334,0,0.1,1,BILL_PAYMENT,0
TXN107019,USR0069,2548.74,3260.0,0.782,11.3,259.0,16,Hyderabad,0,DEV_ANDROID_14,0,1663,0,1.88,0,BILL_PAYMENT,0
TXN107020,USR0150,3032.36,1846.0,1.643,11.8,428.9,13,Bengaluru,0,DEV_IOS_18,0,361,0,1.23,1,P2M,0
TXN107021,USR0096,1217.46,482.0,2.526,28.1,148.1,18,Chennai,0,DEV_ANDROID_13,0,233,1,0.74,0,BILL_PAYMENT,0
TXN107022,USR0027,1487.38,816.0,1.823,19.4,160.1,18,Hyderabad,0,DEV_IOS_18,0,1464,0,1.82,1,P2M,0
TXN107023,USR0131,3027.47,1330.0,2.276,30.4,266.3,16,Bengaluru,0,DEV_IOS_18,0,1000,0,1.07,0,P2P,0
TXN107024,USR0057,21895.67,3487.0,6.279,10.0,85.0,3,Chennai,1,DEV_UNKNOWN,1,804,3,4.11,0,P2P,1
TXN107025,USR0058,2199.88,3029.0,0.726,22.7,296.0,9,Kolkata,0,DEV_ANDROID_14,0,877,0,2.19,1,P2P,0
TXN107026,USR0098,2812.61,2841.0,0.99,26.9,386.3,13,Delhi,0,DEV_IOS_18,0,1148,0,0.39,1,P2M,0
TXN107027,USR0114,1220.55,1547.0,0.789,20.9,61.5,20,Delhi,0,DEV_ANDROID_14,0,1075,0,1.45,0,P2M,0
TXN107028,USR0131,3616.51,1330.0,2.719,29.2,6.6,10,Bengaluru,0,DEV_IOS_18,0,995,0,1.18,0,INVESTMENT,0
TXN107029,USR0099,4371.31,3865.0,1.131,25.3,599.6,16,Kolkata,0,DEV_ANDROID_13,0,602,0,2.26,1,P2P,0
TXN107030,USR0023,3883.46,2955.0,1.314,18.9,6.5,15,Delhi,0,DEV_ANDROID_13,0,923,0,0.76,0,P2P,0
TXN107031,USR0021,12739.75,4102.0,3.106,8.8,9.4,10,Chennai,0,DEV_ANDROID_14,0,1497,0,2.42,0,P2P,0
TXN107032,USR0115,5523.21,1698.0,3.253,17.0,19.4,20,Kolkata,0,DEV_IOS_18,0,101,2,3.81,0,P2P,1
TXN107033,USR0119,1607.32,1503.0,1.069,32.9,107.1,12,Chennai,0,DEV_ANDROID_13,0,629,0,1.12,1,BILL_PAYMENT,0
TXN107034,USR0004,7749.9,989.0,7.836,18.0,18.4,9,Delhi,1,DEV_UNKNOWN,1,849,5,9.36,0,P2P,1
TXN107035,USR0106,903.37,1061.0,0.851,30.0,16.9,6,Delhi,0,DEV_ANDROID_13,0,1642,0,0.1,1,RECHARGE,0
TXN107036,USR0126,2563.44,2090.0,1.227,17.9,75.0,14,Delhi,0,DEV_IOS_18,0,730,0,0.74,0,P2P,0
TXN107037,USR0100,2052.79,2121.0,0.968,39.0,193.1,15,Bengaluru,0,DEV_ANDROID_14,0,787,0,0.1,0,P2P,0
TXN107038,USR0002,11754.04,3607.0,3.259,10.0,7.5,16,Hyderabad,1,DEV_ANDROID_14,0,192,0,4.46,0,P2P,1
TXN107039,USR0035,12681.6,3949.0,3.211,11.0,13.6,10,Mumbai,0,DEV_ANDROID_14,0,1255,0,4.73,0,P2P,1
TXN107040,USR0131,3327.47,1330.0,2.502,31.5,215.6,16,Bengaluru,0,DEV_IOS_18,0,1023,0,0.74,0,P2P,0
TXN107041,USR0122,3965.5,2765.0,1.434,33.1,272.6,11,Hyderabad,0,DEV_ANDROID_14,0,1553,0,1.4,1,P2P,0
TXN107042,USR0128,1903.91,1765.0,1.079,27.7,129.8,16,Chennai,0,DEV_ANDROID_14,0,1717,0,0.32,0,ONLINE_SHOPPING,0
TXN107043,USR0084,1214.3,960.0,1.265,12.2,191.5,8,Chennai,0,DEV_ANDROID_13,0,961,0,0.55,1,P2M,0
TXN107044,USR0015,9570.34,2529.0,3.784,37.0,9.9,19,Chennai,0,DEV_UNKNOWN,1,1264,1,4.57,0,P2P,1
TXN107045,USR0149,1979.55,3318.0,0.597,12.0,10.8,17,Chennai,0,DEV_ANDROID_13,0,1474,0,1.06,1,ONLINE_SHOPPING,0
TXN107046,USR0062,2795.81,2948.0,0.948,9.7,11.1,16,Mumbai,0,DEV_ANDROID_14,0,224,0,0.4,0,P2P,0
TXN107047,USR0045,3852.99,3638.0,1.059,11.2,172.5,10,Mumbai,0,DEV_IOS_18,0,1291,0,1.65,1,P2P,0
TXN107048,USR0078,3832.22,4223.0,0.907,33.1,98.9,15,Mumbai,0,DEV_ANDROID_14,0,281,0,1.73,1,P2M,0
TXN107049,USR0064,3402.09,3744.0,0.909,36.0,74.0,15,Hyderabad,0,DEV_WEB_CHROME,1,1420,0,1.57,1,INVESTMENT,0
TXN107050,USR0145,7965.23,4287.0,1.858,10.4,20.1,13,Kochi,1,DEV_ANDROID_13,0,1402,0,0.27,1,P2P,0
TXN107051,USR0099,4018.23,3865.0,1.04,22.0,40.6,8,Delhi,1,DEV_ANDROID_13,0,574,0,1.65,1,P2M,0
TXN107052,USR0125,1972.03,1159.0,1.701,15.8,112.6,18,Bengaluru,0,DEV_IOS_18,0,1080,0,1.67,1,P2P,0
TXN107053,USR0112,2437.75,4425.0,0.551,29.9,53.8,8,Hyderabad,0,DEV_ANDROID_13,0,1580,1,1.59,0,ONLINE_SHOPPING,0
TXN107054,USR0059,4396.96,4787.0,0.919,15.8,403.3,12,Chennai,0,DEV_ANDROID_14,0,1009,0,0.1,1,P2P,0
TXN107055,USR0135,3988.28,3326.0,1.199,15.4,421.5,9,Kolkata,0,DEV_IOS_18,0,1124,0,1.22,1,P2P,0
TXN107056,USR0138,3619.19,3130.0,1.156,20.4,371.1,8,Chennai,0,DEV_IOS_18,0,1441,0,1.19,1,P2P,0
TXN107057,USR0001,23851.65,3411.0,6.993,21.2,274.1,15,Mumbai,0,DEV_ANDROID_13,0,816,0,0.23,1,P2M,0
TXN107058,USR0010,36936.02,4508.0,8.193,47.0,58.8,1,Jaipur,1,DEV_UNKNOWN,1,1426,7,6.11,0,INVESTMENT,1
TXN107059,USR0128,1309.43,1765.0,0.742,31.2,111.9,13,Chennai,0,DEV_ANDROID_14,0,1759,0,0.7,1,P2P,0
TXN107060,USR0070,6287.07,4705.0,1.336,6.3,263.5,15,Delhi,0,DEV_ANDROID_13,0,332,0,1.79,1,P2P,0
TXN107061,USR0058,4421.42,3029.0,1.46,21.2,206.9,13,Kolkata,0,DEV_ANDROID_14,0,921,0,0.73,1,P2M,0
TXN107062,USR0095,2685.52,2387.0,1.125,21.0,5.0,17,Chennai,0,DEV_ANDROID_13,0,1169,0,1.78,1,P2M,0
TXN107063,USR0137,4223.36,4815.0,0.877,37.9,179.2,16,Chennai,0,DEV_ANDROID_14,0,326,0,0.44,1,P2M,0
TXN107064,USR0035,2784.32,3949.0,0.705,29.2,876.8,13,Mumbai,0,DEV_ANDROID_14,0,1251,0,0.79,1,P2P,0
TXN107065,USR0131,1226.03,1330.0,0.922,34.3,82.3,12,Bengaluru,0,DEV_IOS_18,0,1031,0,0.11,1,P2P,0
TXN107066,USR0115,1133.25,1698.0,0.667,3.2,23.5,12,Kolkata,0,DEV_ANDROID_14,1,59,1,1.52,0,P2M,0
TXN107067,USR0060,2180.01,2418.0,0.902,8.9,409.8,17,Hyderabad,0,DEV_ANDROID_13,0,126,0,1.48,0,ONLINE_SHOPPING,0
TXN107068,USR0010,4529.73,4508.0,1.005,21.7,881.5,16,Kolkata,0,DEV_IOS_18,0,1415,0,1.44,1,P2P,0
TXN107069,USR0097,1107.02,1552.0,0.713,33.0,239.9,7,Delhi,0,DEV_ANDROID_13,0,860,2,1.23,1,ONLINE_SHOPPING,0
TXN107070,USR0149,13951.69,3318.0,4.205,13.2,199.8,14,Chennai,0,DEV_ANDROID_13,0,1449,0,1.47,1,P2M,0
TXN107071,USR0139,4407.76,4684.0,0.941,31.0,18.2,14,Kolkata,0,DEV_ANDROID_13,0,218,0,1.17,1,P2M,0
TXN107072,USR0104,999.83,706.0,1.416,18.1,352.4,8,Mumbai,0,DEV_ANDROID_13,0,1122,0,1.12,1,P2P,0
TXN107073,USR0002,6253.25,3607.0,1.734,8.6,5.4,11,Kolkata,0,DEV_ANDROID_14,0,176,1,1.11,1,P2P,0
TXN107074,USR0106,1626.12,1061.0,1.533,32.7,108.7,16,Delhi,0,DEV_ANDROID_13,0,1697,0,1.05,0,P2P,0
TXN107075,USR0076,1999.33,3835.0,0.521,14.3,491.3,8,Mumbai,0,DEV_ANDROID_13,0,509,0,0.75,1,P2P,0
TXN107076,USR0108,1202.62,931.0,1.292,15.2,180.4,18,Mumbai,0,DEV_IOS_18,0,88,0,0.74,1,BILL_PAYMENT,0
TXN107077,USR0037,3378.99,2687.0,1.258,26.3,198.3,16,Kolkata,0,DEV_ANDROID_14,0,903,1,0.87,1,P2P,0
TXN107078,USR0148,1972.49,1934.0,1.02,23.1,33.2,10,Chennai,0,DEV_IOS_18,1,1605,0,0.56,1,P2P,0
TXN107079,USR0034,2254.87,1168.0,1.931,48.0,1.2,9,Jaipur,1,DEV_ANDROID_12,1,111,3,10.38,0,ONLINE_SHOPPING,1
TXN107080,USR0012,1636.14,1109.0,1.475,30.8,143.7,10,Mumbai,0,DEV_IOS_18,0,1239,0,0.7,1,P2P,0
TXN107081,USR0073,1095.89,1427.0,0.768,30.3,116.0,19,Kolkata,0,DEV_ANDROID_13,0,290,0,2.25,1,P2M,0
TXN107082,USR0059,5041.43,4787.0,1.053,15.7,6.6,15,Chennai,0,DEV_ANDROID_14,0,997,0,1.01,1,P2M,0
TXN107083,USR0032,2556.32,2962.0,0.863,21.9,1081.5,17,Hyderabad,0,DEV_ANDROID_14,0,1447,0,0.48,1,P2P,0
TXN107084,USR0098,6752.83,2841.0,2.377,30.0,541.7,17,Delhi,0,DEV_IOS_18,0,1087,0,1.42,0,P2M,0
TXN107085,USR0055,1375.99,1096.0,1.255,33.5,210.2,10,Delhi,0,DEV_ANDROID_14,0,795,0,0.27,1,P2M,0
TXN107086,USR0072,4190.79,4501.0,0.931,3.1,165.6,11,Kolkata,0,DEV_ANDROID_14,0,1414,0,1.74,1,P2P,0
TXN107087,USR0047,421.32,489.0,0.862,32.3,31.5,12,Bengaluru,0,DEV_ANDROID_13,0,960,0,1.25,1,P2P,0
TXN107088,USR0090,5642.14,4795.0,1.177,16.3,206.8,9,Hyderabad,0,DEV_ANDROID_14,0,585,0,1.6,0,P2P,0
TXN107089,USR0028,317.41,541.0,0.587,15.6,32.0,15,Delhi,0,DEV_IOS_18,0,793,0,1.53,1,P2P,0
TXN107090,USR0129,3087.6,4329.0,0.713,18.2,827.4,14,Chennai,0,DEV_ANDROID_13,0,1396,0,1.18,0,BILL_PAYMENT,0
TXN107091,USR0018,2421.64,1836.0,1.319,28.9,57.4,12,Kochi,1,DEV_ANDROID_14,0,1533,0,2.11,1,P2P,0
TXN107092,USR0139,3043.0,4684.0,0.65,29.7,51.0,9,Kolkata,0,DEV_ANDROID_13,0,226,0,0.75,1,P2M,0
TXN107093,USR0086,6634.18,4098.0,1.619,6.4,100.4,13,Delhi,0,DEV_ANDROID_13,0,1343,0,2.02,1,P2M,0
TXN107094,USR0065,4331.04,3227.0,1.342,29.4,96.6,10,Delhi,0,DEV_ANDROID_14,0,1738,0,1.54,1,P2M,0
TXN107095,USR0044,755.34,843.0,0.896,16.2,23.8,19,Delhi,0,DEV_ANDROID_14,0,1619,1,1.63,1,P2M,0
TXN107096,USR0032,22043.18,2962.0,7.442,39.0,22.8,1,Hyderabad,0,DEV_WEB_CHROME,1,1462,5,9.44,0,P2P,1
TXN107097,USR0048,2592.32,2387.0,1.086,8.9,350.0,16,Chennai,0,DEV_IOS_18,0,1164,0,2.0,1,P2M,0
TXN107098,USR0062,18988.72,2948.0,6.441,25.0,41.0,2,Chandigarh,1,DEV_UNKNOWN,1,272,2,2.82,0,P2P,1
TXN107099,USR0143,3024.2,3747.0,0.807,34.1,51.8,19,Chennai,0,DEV_IOS_18,0,1686,0,2.47,0,P2P,0
TXN107100,USR0124,411.22,1625.0,0.253,1.0,60.4,15,Hyderabad,0,DEV_ANDROID_14,0,325,0,0.36,1,P2P,0
TXN107101,USR0087,3650.3,4199.0,0.869,4.0,22.3,10,Mumbai,0,DEV_ANDROID_13,0,835,0,0.78,0,P2P,0
TXN107102,USR0051,1495.41,1265.0,1.182,13.8,153.0,14,Delhi,0,DEV_IOS_18,0,1226,0,0.1,1,P2P,0
TXN107103,USR0036,964.27,1141.0,0.845,33.9,221.0,15,Bengaluru,0,DEV_ANDROID_13,0,939,0,0.11,0,P2M,0
TXN107104,USR0014,1856.99,2104.0,0.883,13.2,12.6,13,Delhi,0,DEV_ANDROID_13,0,875,0,0.94,1,P2P,0
TXN107105,USR0090,26788.85,4795.0,5.587,21.0,5.0,12,Hyderabad,0,DEV_ANDROID_14,0,547,0,1.44,0,BILL_PAYMENT,0
TXN107106,USR0026,3156.21,3918.0,0.806,26.8,210.8,15,Hyderabad,0,DEV_WEB_CHROME,1,1149,0,1.47,0,P2M,0
TXN107107,USR0073,1806.74,1427.0,1.266,32.5,69.2,14,Kolkata,0,DEV_ANDROID_13,0,230,0,1.72,1,P2P,0
TXN107108,USR0115,9815.46,1698.0,5.781,7.6,159.3,17,Kolkata,0,DEV_IOS_18,0,53,0,1.86,1,P2P,0
TXN107109,USR0058,22441.58,3029.0,7.409,22.0,35.6,3,Kochi,1,DEV_ANDROID_12,1,921,5,7.63,0,P2P,1
TXN107110,USR0130,2085.06,2863.0,0.728,34.4,14.4,15,Delhi,0,DEV_IOS_18,0,1570,0,1.95,1,P2M,0
TXN107111,USR0054,2950.28,1995.0,1.479,25.7,62.9,13,Hyderabad,0,DEV_IOS_18,0,1066,0,0.1,1,P2P,0
TXN107112,USR0042,3160.76,4858.0,0.651,9.9,75.7,12,Delhi,0,DEV_ANDROID_13,0,1391,0,1.3,1,P2P,0
TXN107113,USR0020,2797.31,3539.0,0.79,18.1,201.9,16,Delhi,0,DEV_ANDROID_14,0,263,0,0.23,1,P2P,0
TXN107114,USR0092,3515.5,3316.0,1.06,29.8,132.9,16,Hyderabad,0,DEV_ANDROID_14,0,200,1,1.68,0,BILL_PAYMENT,0
TXN107115,USR0084,1403.67,960.0,1.462,6.2,353.9,11,Lucknow,1,DEV_ANDROID_13,0,906,0,0.4,1,ONLINE_SHOPPING,0
TXN107116,USR0041,1682.83,2677.0,0.629,26.4,298.7,19,Chennai,1,DEV_ANDROID_13,0,876,0,0.95,0,P2P,0
TXN107117,USR0043,8404.31,4029.0,2.086,14.9,95.0,12,Delhi,0,DEV_ANDROID_13,0,1393,0,0.84,1,RECHARGE,0
TXN107118,USR0002,2235.8,3607.0,0.62,12.3,380.1,7,Chennai,1,DEV_ANDROID_14,0,254,0,0.64,1,P2P,0
TXN107119,USR0107,791.16,1116.0,0.709,14.7,77.7,15,Hyderabad,0,DEV_ANDROID_14,0,1088,0,1.21,1,P2P,0
TXN107120,USR0017,1781.45,1139.0,1.564,29.8,92.6,17,Kolkata,0,DEV_IOS_18,0,1147,0,2.06,1,INVESTMENT,0
TXN107121,USR0019,39213.49,4271.0,9.181,14.0,7.4,22,Delhi,1,DEV_ANDROID_13,0,1663,4,9.21,0,P2M,1
TXN107122,USR0037,4328.18,2687.0,1.611,25.4,29.4,17,Kolkata,0,DEV_ANDROID_14,0,965,0,1.61,1,P2M,0
TXN107123,USR0073,633.6,1427.0,0.444,26.6,196.7,16,Kolkata,0,DEV_ANDROID_13,0,230,0,1.44,1,P2P,0
TXN107124,USR0014,8229.56,2104.0,3.911,16.0,58.9,20,Lucknow,1,DEV_UNKNOWN,1,910,7,5.2,0,P2P,1
TXN107125,USR0077,6202.96,4759.0,1.303,14.2,309.8,17,Mumbai,0,DEV_ANDROID_13,0,116,0,2.2,0,P2M,0
TXN107126,USR0136,4953.12,788.0,6.286,13.0,242.0,3,Chennai,0,DEV_UNKNOWN,1,1690,0,3.21,0,P2P,1
TXN107127,USR0111,4838.83,4209.0,1.15,12.8,163.7,12,Chennai,0,DEV_IOS_18,0,1806,0,1.63,1,P2M,0
TXN107128,USR0117,1880.17,891.0,2.11,19.0,23.1,13,Bengaluru,1,DEV_UNKNOWN,1,787,2,4.58,0,P2P,1
TXN107129,USR0057,19730.4,3487.0,5.658,19.5,416.4,17,Delhi,0,DEV_IOS_18,0,861,0,2.41,1,BILL_PAYMENT,0
TXN107130,USR0059,6421.41,4787.0,1.341,8.1,100.0,10,Chennai,0,DEV_ANDROID_14,0,1042,0,0.27,1,P2P,0
TXN107131,USR0001,5500.75,3411.0,1.613,19.5,243.3,11,Mumbai,0,DEV_ANDROID_13,0,853,0,1.42,0,P2P,0
TXN107132,USR0056,5562.85,4000.0,1.391,7.9,5.0,7,Bengaluru,0,DEV_IOS_18,0,188,0,1.13,0,P2M,0
TXN107133,USR0090,4758.85,4795.0,0.992,21.1,444.0,8,Ahmedabad,1,DEV_ANDROID_14,0,538,0,0.44,0,P2P,0
TXN107134,USR0079,1033.92,2089.0,0.495,18.7,172.5,7,Chennai,0,DEV_ANDROID_14,0,1317,1,0.25,1,ONLINE_SHOPPING,0
TXN107135,USR0081,2299.45,1873.0,1.228,33.6,26.3,14,Kolkata,0,DEV_ANDROID_13,0,901,0,1.21,1,P2M,0
TXN107136,USR0066,281.71,572.0,0.492,7.2,119.3,14,Delhi,0,DEV_ANDROID_14,0,1030,0,0.21,0,ONLINE_SHOPPING,0
TXN107137,USR0096,1027.23,482.0,2.131,21.8,160.1,8,Mumbai,1,DEV_ANDROID_13,0,235,0,0.69,0,P2P,0
TXN107138,USR0016,1979.64,1443.0,1.372,22.3,120.0,17,Bengaluru,0,DEV_ANDROID_14,0,1253,0,0.76,1,P2M,0
TXN107139,USR0078,8554.91,4223.0,2.026,37.2,175.4,10,Mumbai,0,DEV_ANDROID_14,0,345,0,0.66,1,P2M,0
TXN107140,USR0149,4043.94,3318.0,1.219,14.0,272.3,15,Chennai,0,DEV_ANDROID_13,0,1447,0,1.51,1,P2M,0
TXN107141,USR0081,2242.14,1873.0,1.197,31.6,150.0,12,Kolkata,0,DEV_ANDROID_13,0,968,0,1.19,1,P2P,0
TXN107142,USR0016,829.24,1443.0,0.575,17.2,335.2,14,Bengaluru,0,DEV_ANDROID_14,0,1203,0,0.4,0,P2P,0
TXN107143,USR0074,1901.37,1853.0,1.026,10.6,125.8,14,Hyderabad,0,DEV_IOS_18,0,1411,0,0.65,1,ONLINE_SHOPPING,0
TXN107144,USR0098,3350.23,2841.0,1.179,27.9,158.6,8,Delhi,0,DEV_IOS_18,0,1122,0,2.37,0,P2P,0
TXN107145,USR0139,6791.59,4684.0,1.45,36.8,41.2,16,Kolkata,0,DEV_ANDROID_13,0,221,0,0.81,1,BILL_PAYMENT,0
TXN107146,USR0093,2827.01,3844.0,0.735,14.4,325.6,16,Chennai,0,DEV_ANDROID_14,0,44,0,1.49,1,P2M,0
TXN107147,USR0028,460.93,541.0,0.852,19.4,72.4,13,Delhi,0,DEV_IOS_18,0,783,0,0.86,1,P2M,0
TXN107148,USR0008,3701.8,4207.0,0.88,11.2,129.4,15,Mumbai,0,DEV_ANDROID_13,0,1145,0,0.94,0,P2M,0
TXN107149,USR0110,1976.32,3119.0,0.634,19.8,11.2,11,Chennai,1,DEV_IOS_18,0,1285,0,1.17,1,P2P,0
TXN107150,USR0049,1138.8,835.0,1.364,18.1,419.2,11,Mumbai,0,DEV_IOS_18,0,1176,0,1.23,0,P2P,0
TXN107151,USR0086,4215.8,4098.0,1.029,1.0,46.6,18,Bengaluru,1,DEV_ANDROID_13,0,1342,0,0.9,1,ONLINE_SHOPPING,0
TXN107152,USR0045,5149.52,3638.0,1.415,8.9,721.7,16,Mumbai,0,DEV_IOS_18,0,1294,0,2.31,0,P2M,0
TXN107153,USR0102,2108.26,1540.0,1.369,16.4,1102.9,13,Hyderabad,1,DEV_IOS_18,0,487,0,0.34,1,P2M,0
TXN107154,USR0055,1973.93,1096.0,1.801,28.7,20.7,17,Delhi,0,DEV_ANDROID_14,0,791,0,0.96,0,P2M,0
TXN107155,USR0110,12486.2,3119.0,4.003,18.3,49.8,11,Mumbai,0,DEV_IOS_18,0,1254,0,1.37,1,P2M,0
TXN107156,USR0069,1943.61,3260.0,0.596,20.1,123.0,7,Hyderabad,0,DEV_ANDROID_14,0,1652,0,0.62,1,P2P,0
TXN107157,USR0054,3097.31,1995.0,1.553,20.6,200.9,13,Hyderabad,0,DEV_IOS_18,0,1059,0,1.44,1,P2P,0
TXN107158,USR0052,768.46,875.0,0.878,10.3,123.5,12,Mumbai,0,DEV_ANDROID_13,0,1081,0,1.13,1,BILL_PAYMENT,0
TXN107159,USR0019,8538.89,4271.0,1.999,17.3,643.9,17,Bengaluru,0,DEV_ANDROID_13,0,1647,0,2.9,1,P2P,0
TXN107160,USR0074,1012.4,1853.0,0.546,1.9,11.2,9,Hyderabad,0,DEV_IOS_18,0,1447,0,0.41,1,P2P,0
TXN107161,USR0072,4164.22,4501.0,0.925,9.0,1038.7,22,Kolkata,0,DEV_ANDROID_14,0,1397,0,0.88,0,P2P,0
TXN107162,USR0088,7389.73,4666.0,1.584,5.7,203.0,14,Mumbai,0,DEV_IOS_18,0,736,0,0.73,1,P2P,0
TXN107163,USR0039,2720.49,3193.0,0.852,12.3,5.0,16,Chennai,0,DEV_IOS_18,0,1710,2,0.1,1,P2P,0
TXN107164,USR0074,1463.84,1853.0,0.79,5.2,124.3,17,Hyderabad,0,DEV_IOS_18,0,1434,0,2.0,0,P2P,0
TXN107165,USR0023,2190.77,2955.0,0.741,19.3,114.9,17,Delhi,0,DEV_ANDROID_13,0,970,0,2.06,0,P2P,0
TXN107166,USR0027,1051.98,816.0,1.289,23.6,32.3,7,Hyderabad,0,DEV_IOS_18,0,1450,0,1.27,0,P2P,0
TXN107167,USR0105,1539.46,1284.0,1.199,29.7,196.9,14,Bengaluru,0,DEV_ANDROID_14,0,601,0,0.73,0,P2M,0
TXN107168,USR0061,657.86,445.0,1.478,32.2,180.5,10,Ahmedabad,1,DEV_ANDROID_13,0,1044,0,2.02,0,P2P,0
TXN107169,USR0023,2680.35,2955.0,0.907,19.6,87.6,16,Delhi,0,DEV_ANDROID_13,0,977,0,0.97,1,P2P,0
TXN107170,USR0092,4547.56,3316.0,1.371,31.2,15.1,12,Hyderabad,0,DEV_ANDROID_14,0,217,0,0.83,0,P2P,0
TXN107171,USR0054,2077.8,1995.0,1.042,29.1,15.0,10,Hyderabad,0,DEV_IOS_18,0,1070,0,1.28,1,P2P,0
TXN107172,USR0119,12787.19,1503.0,8.508,33.0,21.2,14,Pune,1,DEV_ANDROID_13,0,612,1,5.75,1,INVESTMENT,1
TXN107173,USR0063,923.64,946.0,0.976,9.0,272.5,11,Hyderabad,0,DEV_ANDROID_13,0,484,0,0.12,1,P2P,0
TXN107174,USR0068,1143.01,1858.0,0.615,18.8,136.0,16,Chennai,0,DEV_ANDROID_13,0,1765,0,1.91,0,P2P,0
TXN107175,USR0030,1275.82,1476.0,0.864,30.9,279.4,13,Kolkata,0,DEV_ANDROID_14,0,162,0,0.55,1,INVESTMENT,0
TXN107176,USR0121,1874.86,3799.0,0.494,10.5,552.7,8,Hyderabad,0,DEV_ANDROID_13,0,1514,0,2.0,1,BILL_PAYMENT,0
TXN107177,USR0073,1625.68,1427.0,1.139,33.8,335.1,14,Kolkata,0,DEV_ANDROID_13,0,248,0,1.19,1,P2P,0
TXN107178,USR0134,2784.92,4359.0,0.639,27.2,68.5,17,Chennai,0,DEV_IOS_18,0,246,0,0.81,0,BILL_PAYMENT,0
TXN107179,USR0035,5448.56,3949.0,1.38,16.6,277.8,12,Mumbai,0,DEV_ANDROID_14,0,1311,0,0.53,1,P2M,0
TXN107180,USR0008,5389.36,4207.0,1.281,9.1,205.1,18,Kolkata,1,DEV_ANDROID_13,0,1147,0,1.45,0,P2M,0
TXN107181,USR0095,4680.75,2387.0,1.961,21.7,485.1,15,Chennai,0,DEV_ANDROID_13,0,1136,0,1.18,0,P2P,0
TXN107182,USR0085,3232.44,3924.0,0.824,23.1,82.8,23,Kolkata,0,DEV_ANDROID_13,0,748,0,1.08,1,P2P,0
TXN107183,USR0148,1095.91,1934.0,0.567,25.3,36.1,20,Chennai,0,DEV_ANDROID_13,0,1644,0,0.73,1,P2P,0
TXN107184,USR0030,1201.6,1476.0,0.814,30.1,119.4,15,Mumbai,1,DEV_ANDROID_14,0,179,0,1.1,1,P2P,0
TXN107185,USR0068,1420.25,1858.0,0.764,11.1,29.5,19,Chennai,0,DEV_ANDROID_13,0,1703,0,0.98,0,P2M,0
TXN107186,USR0006,5935.55,4184.0,1.419,20.8,77.5,16,Hyderabad,0,DEV_IOS_18,0,857,0,0.66,1,BILL_PAYMENT,0
TXN107187,USR0065,4449.24,3227.0,1.379,27.2,76.6,13,Pune,1,DEV_ANDROID_14,0,1785,0,1.67,0,P2P,0
TXN107188,USR0092,2045.66,3316.0,0.617,32.9,81.9,14,Hyderabad,0,DEV_ANDROID_14,0,272,0,2.06,1,P2P,0
TXN107189,USR0095,12436.77,2387.0,5.21,18.0,181.0,5,Chandigarh,1,DEV_UNKNOWN,1,1154,2,7.08,0,P2P,1
TXN107190,USR0029,1011.18,1672.0,0.605,15.9,176.0,17,Kolkata,0,DEV_ANDROID_14,0,1811,0,1.0,0,ONLINE_SHOPPING,0
TXN107191,USR0013,16785.03,2086.0,8.047,35.0,34.3,20,Hyderabad,1,DEV_UNKNOWN,1,762,3,9.09,0,P2P,1
TXN107192,USR0108,691.96,931.0,0.743,21.1,160.7,12,Mumbai,0,DEV_IOS_18,0,116,0,1.62,1,P2M,0
TXN107193,USR0027,1261.7,816.0,1.546,19.0,194.1,11,Hyderabad,0,DEV_IOS_18,0,1416,0,0.97,1,P2P,0
TXN107194,USR0010,3808.22,4508.0,0.845,27.0,221.2,12,Kolkata,0,DEV_IOS_18,0,1443,0,1.14,1,P2P,0
TXN107195,USR0146,205.68,803.0,0.256,21.4,51.1,19,Mumbai,0,DEV_ANDROID_13,0,1253,0,0.28,1,P2M,0
TXN107196,USR0036,786.74,1141.0,0.69,28.1,301.1,13,Bengaluru,0,DEV_ANDROID_13,0,904,0,0.9,1,P2M,0
TXN107197,USR0123,3823.54,4007.0,0.954,16.5,29.5,17,Lucknow,1,DEV_IOS_18,0,1260,0,1.28,1,P2M,0
TXN107198,USR0142,8815.2,3033.0,2.906,18.8,17.0,17,Hyderabad,0,DEV_IOS_18,1,883,0,0.81,1,P2P,0
TXN107199,USR0095,17788.22,2387.0,7.452,43.0,21.6,10,Kochi,1,DEV_UNKNOWN,1,1155,3,10.59,0,P2P,1
TXN107200,USR0024,1472.46,1043.0,1.412,11.1,300.0,11,Hyderabad,0,DEV_ANDROID_14,0,271,0,1.03,1,P2M,0
TXN107201,USR0143,7240.12,3747.0,1.932,25.7,84.4,7,Chennai,0,DEV_IOS_18,0,1676,0,1.64,1,P2P,0
TXN107202,USR0055,3551.81,1096.0,3.241,32.3,34.2,19,Delhi,0,DEV_ANDROID_14,0,824,2,0.87,1,BILL_PAYMENT,0
TXN107203,USR0057,6650.48,3487.0,1.907,56.0,2.2,14,Chennai,1,DEV_IOS_18,0,821,5,7.41,0,ONLINE_SHOPPING,1
TXN107204,USR0064,2827.82,3744.0,0.755,45.0,113.8,15,Hyderabad,0,DEV_ANDROID_14,1,1404,0,2.44,1,P2M,0
TXN107205,USR0145,5881.02,4287.0,1.372,6.5,219.5,8,Mumbai,0,DEV_ANDROID_13,0,1425,0,0.85,1,P2P,0
TXN107206,USR0012,2264.05,1109.0,2.042,23.6,412.8,18,Mumbai,0,DEV_IOS_18,0,1281,0,1.18,1,P2P,0
TXN107207,USR0089,918.81,1008.0,0.912,24.9,207.5,12,Kolkata,0,DEV_ANDROID_14,0,937,0,0.97,0,ONLINE_SHOPPING,0
TXN107208,USR0016,1110.98,1443.0,0.77,19.5,145.9,12,Bengaluru,0,DEV_ANDROID_14,0,1214,0,1.53,1,RECHARGE,0
TXN107209,USR0114,1666.68,1547.0,1.077,22.5,35.7,22,Delhi,0,DEV_ANDROID_14,0,1077,0,1.71,1,P2M,0
TXN107210,USR0107,2528.04,1116.0,2.265,6.1,40.4,8,Hyderabad,0,DEV_ANDROID_14,0,1037,0,1.66,0,P2M,0
TXN107211,USR0030,1594.46,1476.0,1.08,34.7,640.4,12,Kolkata,0,DEV_WEB_CHROME,1,179,0,0.1,1,P2M,0
TXN107212,USR0115,3050.41,1698.0,1.796,4.1,81.2,14,Lucknow,1,DEV_IOS_18,0,42,0,1.06,1,P2P,0
TXN107213,USR0003,1221.93,3784.0,0.323,26.9,102.5,11,Hyderabad,0,DEV_ANDROID_13,0,1308,0,1.28,1,BILL_PAYMENT,0
TXN107214,USR0098,24057.5,2841.0,8.468,47.0,58.3,15,Lucknow,1,DEV_UNKNOWN,1,1103,6,10.02,0,INVESTMENT,1
TXN107215,USR0138,2668.52,3130.0,0.853,18.6,112.4,17,Chennai,0,DEV_IOS_18,0,1400,0,1.66,1,INVESTMENT,0
TXN107216,USR0039,17104.45,3193.0,5.357,41.0,28.4,1,Hyderabad,1,DEV_UNKNOWN,1,1710,5,5.88,0,INVESTMENT,1
TXN107217,USR0062,2745.24,2948.0,0.931,8.7,41.8,10,Mumbai,0,DEV_ANDROID_14,0,277,0,0.97,1,RECHARGE,0
TXN107218,USR0150,1608.0,1846.0,0.871,15.4,108.3,12,Bengaluru,0,DEV_IOS_18,0,362,0,1.45,0,P2M,0
TXN107219,USR0138,1696.53,3130.0,0.542,17.1,244.5,17,Chennai,0,DEV_IOS_18,0,1472,0,0.67,1,P2P,0
TXN107220,USR0035,3457.72,3949.0,0.876,23.4,5.0,20,Chandigarh,1,DEV_ANDROID_14,0,1272,0,0.17,1,P2M,0
TXN107221,USR0136,870.61,788.0,1.105,19.6,18.6,18,Bengaluru,1,DEV_WEB_CHROME,1,1741,0,0.64,0,BILL_PAYMENT,0
TXN107222,USR0137,3864.93,4815.0,0.803,35.6,12.1,13,Chennai,0,DEV_ANDROID_14,0,372,0,1.61,1,P2M,0
TXN107223,USR0040,576.26,942.0,0.612,16.5,14.7,13,Mumbai,0,DEV_WEB_CHROME,1,1742,0,1.38,1,P2M,0
TXN107224,USR0001,3776.51,3411.0,1.107,12.4,441.3,15,Mumbai,0,DEV_ANDROID_13,0,812,0,1.44,1,P2M,0
TXN107225,USR0131,1336.68,1330.0,1.005,27.7,13.4,12,Bengaluru,0,DEV_IOS_18,0,996,0,0.1,1,P2M,0
TXN107226,USR0111,4137.29,4209.0,0.983,12.7,437.3,9,Chennai,0,DEV_IOS_18,0,1755,0,1.41,1,P2P,0
TXN107227,USR0127,1486.41,2395.0,0.621,10.8,278.9,11,Chennai,0,DEV_ANDROID_14,0,391,0,1.87,0,P2P,0
TXN107228,USR0110,7109.09,3119.0,2.279,13.0,21.7,14,Lucknow,1,DEV_UNKNOWN,1,1293,2,5.96,0,P2P,1
TXN107229,USR0108,862.34,931.0,0.926,23.0,70.3,16,Mumbai,0,DEV_IOS_18,0,69,0,0.14,1,P2M,0
TXN107230,USR0060,4881.27,2418.0,2.019,16.1,321.9,16,Hyderabad,0,DEV_ANDROID_13,0,127,0,1.55,1,BILL_PAYMENT,0
TXN107231,USR0130,2472.38,2863.0,0.864,30.2,442.3,16,Delhi,0,DEV_IOS_18,0,1579,0,0.4,1,P2P,0
TXN107232,USR0138,3054.81,3130.0,0.976,23.6,22.4,10,Chennai,0,DEV_IOS_18,0,1444,0,0.87,1,P2M,0
TXN107233,USR0047,473.32,489.0,0.968,21.9,93.7,18,Bengaluru,0,DEV_WEB_CHROME,1,937,0,0.41,1,P2M,0
TXN107234,USR0102,2578.11,1540.0,1.674,13.2,77.8,7,Bengaluru,0,DEV_IOS_18,0,480,0,0.85,1,BILL_PAYMENT,0
TXN107235,USR0045,3803.53,3638.0,1.045,7.9,151.1,11,Mumbai,0,DEV_IOS_18,0,1331,0,2.02,1,P2P,0
TXN107236,USR0059,3739.54,4787.0,0.781,16.9,400.3,19,Pune,1,DEV_ANDROID_14,0,1024,0,1.35,0,P2M,0
TXN107237,USR0060,1627.91,2418.0,0.673,14.6,9.1,15,Hyderabad,0,DEV_ANDROID_13,0,63,0,2.87,1,P2P,0
TXN107238,USR0143,2836.73,3747.0,0.757,19.3,83.9,9,Chennai,0,DEV_IOS_18,0,1685,0,2.55,1,P2P,0
TXN107239,USR0128,2748.21,1765.0,1.557,24.5,228.4,16,Chennai,0,DEV_ANDROID_14,0,1694,1,1.97,1,P2P,0
TXN107240,USR0144,11562.64,2663.0,4.342,19.0,16.5,19,Chennai,0,DEV_UNKNOWN,1,1107,0,3.38,0,P2P,1
TXN107241,USR0043,4312.49,4029.0,1.07,18.0,401.5,18,Delhi,0,DEV_ANDROID_13,0,1359,0,1.27,1,P2P,0
TXN107242,USR0111,2408.6,4209.0,0.572,20.9,414.6,17,Chennai,0,DEV_IOS_18,0,1793,0,0.78,1,P2P,0
TXN107243,USR0082,1286.81,1061.0,1.213,30.5,99.2,14,Hyderabad,0,DEV_IOS_18,0,108,0,1.34,1,P2P,0
TXN107244,USR0104,288.12,706.0,0.408,12.3,144.2,12,Mumbai,0,DEV_ANDROID_13,0,1114,0,0.97,1,P2M,0
TXN107245,USR0148,2681.78,1934.0,1.387,34.2,653.6,8,Chennai,0,DEV_ANDROID_13,0,1623,0,1.45,1,P2M,0
TXN107246,USR0024,521.33,1043.0,0.5,12.3,262.7,19,Jaipur,1,DEV_ANDROID_14,0,257,0,1.28,1,BILL_PAYMENT,0
TXN107247,USR0017,1207.81,1139.0,1.06,29.9,23.9,22,Kolkata,0,DEV_IOS_18,0,1174,0,1.13,0,P2P,0
TXN107248,USR0044,688.09,843.0,0.816,18.8,6.6,18,Delhi,0,DEV_ANDROID_14,0,1681,0,1.38,1,P2P,0
TXN107249,USR0144,12630.82,2663.0,4.743,12.4,125.2,13,Chennai,0,DEV_IOS_18,0,1098,0,0.95,1,ONLINE_SHOPPING,0
TXN107250,USR0112,6336.34,4425.0,1.432,34.5,142.3,18,Ahmedabad,1,DEV_ANDROID_13,0,1540,0,0.22,1,P2P,0
TXN107251,USR0057,3266.55,3487.0,0.937,17.4,63.0,7,Delhi,0,DEV_IOS_18,0,853,0,1.2,1,RECHARGE,0
TXN107252,USR0091,2729.75,2696.0,1.013,1.3,333.2,13,Kolkata,0,DEV_ANDROID_13,0,1145,0,0.96,0,BILL_PAYMENT,0
TXN107253,USR0116,6273.93,2809.0,2.234,32.0,3.1,3,Delhi,1,DEV_ANDROID_13,0,245,3,13.83,0,ONLINE_SHOPPING,1
TXN107254,USR0111,3792.26,4209.0,0.901,16.7,153.0,14,Chandigarh,1,DEV_IOS_18,0,1802,0,1.82,0,P2M,0
TXN107255,USR0075,2918.77,2287.0,1.276,21.9,333.5,13,Bengaluru,0,DEV_IOS_18,0,1646,0,0.67,1,ONLINE_SHOPPING,0
TXN107256,USR0021,24168.36,4102.0,5.892,8.0,42.0,1,Bengaluru,1,DEV_UNKNOWN,1,1490,1,3.43,0,P2P,1
TXN107257,USR0123,2504.15,4007.0,0.625,13.2,214.4,7,Kolkata,0,DEV_IOS_18,0,1238,0,2.0,1,P2M,0
TXN107258,USR0005,1464.8,1239.0,1.182,31.1,31.8,13,Pune,1,DEV_IOS_18,0,1419,0,1.63,0,BILL_PAYMENT,0
TXN107259,USR0096,655.58,482.0,1.36,26.6,769.5,11,Chennai,0,DEV_ANDROID_13,0,280,0,0.49,1,P2P,0
TXN107260,USR0099,25602.99,3865.0,6.624,29.0,34.5,7,Hyderabad,1,DEV_UNKNOWN,1,578,7,7.09,0,INVESTMENT,1
TXN107261,USR0084,1118.41,960.0,1.165,11.6,83.6,7,Kochi,1,DEV_ANDROID_13,0,977,0,1.6,1,P2P,0
TXN107262,USR0018,1721.01,1836.0,0.937,21.9,12.6,8,Chennai,0,DEV_ANDROID_14,0,1513,0,2.37,1,P2P,0
TXN107263,USR0139,3690.93,4684.0,0.788,32.3,20.1,14,Kolkata,0,DEV_ANDROID_13,0,205,0,0.32,1,P2M,0
TXN107264,USR0011,1180.18,2073.0,0.569,22.3,118.7,8,Chennai,0,DEV_ANDROID_14,0,969,0,2.06,0,P2P,0
TXN107265,USR0097,1514.47,1552.0,0.976,29.6,282.8,9,Delhi,0,DEV_ANDROID_13,0,855,0,0.74,0,P2M,0
TXN107266,USR0134,8511.58,4359.0,1.953,38.9,17.2,18,Chennai,0,DEV_IOS_18,0,268,0,0.97,0,ONLINE_SHOPPING,0
TXN107267,USR0040,797.99,942.0,0.847,12.3,27.1,10,Mumbai,0,DEV_IOS_18,0,1719,0,1.68,0,BILL_PAYMENT,0
TXN107268,USR0133,1934.12,561.0,3.448,38.0,3.8,4,Ahmedabad,1,DEV_ANDROID_12,1,1097,2,5.85,0,P2P,1
TXN107269,USR0047,1540.98,489.0,3.151,24.9,942.6,9,Ahmedabad,1,DEV_ANDROID_13,0,925,0,0.33,1,P2P,0
TXN107270,USR0079,12101.4,2089.0,5.793,17.7,142.1,22,Chennai,0,DEV_ANDROID_14,0,1331,0,1.14,1,P2P,0
TXN107271,USR0002,11445.72,3607.0,3.173,37.0,16.5,9,Kolkata,0,DEV_ANDROID_14,0,213,0,6.25,0,P2P,1
TXN107272,USR0098,1313.19,2841.0,0.462,28.7,683.4,13,Delhi,0,DEV_IOS_18,0,1114,0,2.47,1,P2M,0
TXN107273,USR0002,7147.96,3607.0,1.982,25.0,17.2,16,Chennai,1,DEV_ANDROID_14,0,242,1,4.33,0,P2P,1
TXN107274,USR0103,8641.98,4267.0,2.025,27.9,74.0,6,Kolkata,0,DEV_ANDROID_13,0,1751,0,1.93,1,RECHARGE,0
TXN107275,USR0136,902.26,788.0,1.145,16.8,129.5,8,Chennai,0,DEV_IOS_18,0,1670,0,0.49,0,P2M,0
TXN107276,USR0105,797.32,1284.0,0.621,33.4,103.5,15,Kolkata,1,DEV_ANDROID_14,0,633,0,1.0,1,P2P,0
TXN107277,USR0133,18266.02,561.0,32.56,45.0,9.5,15,Delhi,0,DEV_UNKNOWN,1,1074,4,8.58,0,INVESTMENT,1
TXN107278,USR0105,3890.68,1284.0,3.03,24.7,272.5,17,Bengaluru,0,DEV_ANDROID_14,0,614,0,1.06,1,P2P,0
TXN107279,USR0051,994.78,1265.0,0.786,19.7,209.8,16,Delhi,0,DEV_IOS_18,0,1249,0,1.23,1,INVESTMENT,0
TXN107280,USR0050,6185.31,2312.0,2.675,27.2,203.4,12,Mumbai,0,DEV_ANDROID_13,0,110,0,1.01,1,P2M,0
TXN107281,USR0089,1166.62,1008.0,1.157,26.0,361.7,15,Kolkata,0,DEV_ANDROID_14,0,944,0,0.1,1,P2P,0
TXN107282,USR0022,8432.48,3458.0,2.439,16.0,784.7,12,Chennai,0,DEV_ANDROID_13,0,1327,0,0.1,1,ONLINE_SHOPPING,0
TXN107283,USR0125,2444.07,1159.0,2.109,61.0,3.2,6,Chandigarh,1,DEV_UNKNOWN,1,1153,3,5.83,0,ONLINE_SHOPPING,1
TXN107284,USR0008,4776.71,4207.0,1.135,18.6,193.9,7,Mumbai,0,DEV_ANDROID_13,0,1189,0,1.45,1,P2P,0
TXN107285,USR0026,4479.2,3918.0,1.143,20.6,64.4,11,Hyderabad,0,DEV_ANDROID_14,0,1181,0,1.18,1,P2P,0
TXN107286,USR0053,13056.88,1779.0,7.339,31.7,124.3,10,Chennai,0,DEV_ANDROID_14,0,1827,0,1.19,1,P2P,0
TXN107287,USR0044,1139.86,843.0,1.352,23.7,50.4,15,Delhi,0,DEV_ANDROID_14,0,1656,0,1.82,0,P2P,0
TXN107288,USR0050,2690.93,2312.0,1.164,28.9,227.0,10,Mumbai,0,DEV_ANDROID_13,0,159,1,0.1,1,P2M,0
TXN107289,USR0128,1302.66,1765.0,0.738,30.1,663.8,18,Chennai,0,DEV_ANDROID_14,0,1762,0,0.28,1,P2P,0
TXN107290,USR0050,3883.55,2312.0,1.68,25.6,165.6,15,Mumbai,0,DEV_ANDROID_13,0,95,1,1.24,1,P2P,0
TXN107291,USR0034,594.89,1168.0,0.509,20.2,5.0,19,Chennai,0,DEV_ANDROID_14,0,92,0,0.85,1,P2M,0
TXN107292,USR0030,849.47,1476.0,0.576,28.1,47.6,17,Kolkata,0,DEV_ANDROID_14,0,188,1,1.0,1,P2M,0
TXN107293,USR0126,1414.53,2090.0,0.677,23.4,304.8,6,Delhi,0,DEV_IOS_18,0,726,0,1.59,1,P2P,0
TXN107294,USR0027,635.14,816.0,0.778,14.1,330.7,11,Pune,1,DEV_IOS_18,0,1486,0,0.95,1,BILL_PAYMENT,0
TXN107295,USR0056,3033.48,4000.0,0.758,1.7,188.9,12,Bengaluru,0,DEV_IOS_18,0,234,1,2.2,1,BILL_PAYMENT,0
TXN107296,USR0132,3612.93,3311.0,1.091,4.3,35.6,11,Hyderabad,0,DEV_ANDROID_13,0,524,0,1.23,0,ONLINE_SHOPPING,0
TXN107297,USR0127,1967.22,2395.0,0.821,14.6,260.0,17,Chennai,0,DEV_ANDROID_14,0,336,0,0.93,0,P2P,0
TXN107298,USR0024,535.34,1043.0,0.513,11.7,38.4,8,Hyderabad,0,DEV_ANDROID_14,0,227,0,1.58,1,P2M,0
TXN107299,USR0065,1610.53,3227.0,0.499,33.6,93.8,12,Delhi,0,DEV_ANDROID_14,0,1793,0,0.5,0,P2P,0
TXN107300,USR0147,5260.11,4639.0,1.134,23.6,64.2,9,Chennai,0,DEV_IOS_18,0,387,0,0.2,1,P2P,0
TXN107301,USR0138,2405.54,3130.0,0.769,16.1,5.0,14,Chennai,0,DEV_IOS_18,0,1412,0,1.65,1,P2P,0
TXN107302,USR0110,3205.07,3119.0,1.028,23.7,296.0,12,Mumbai,0,DEV_IOS_18,0,1216,0,1.07,1,RECHARGE,0
TXN107303,USR0034,2067.85,1168.0,1.77,18.0,7.6,15,Kolkata,1,DEV_ANDROID_14,0,119,0,0.43,1,P2M,0
TXN107304,USR0014,1476.14,2104.0,0.702,5.0,167.5,14,Delhi,0,DEV_ANDROID_13,0,879,0,0.57,1,BILL_PAYMENT,0
TXN107305,USR0034,1040.91,1168.0,0.891,11.4,452.1,15,Chennai,0,DEV_ANDROID_14,0,123,0,2.14,1,ONLINE_SHOPPING,0
TXN107306,USR0068,2403.87,1858.0,1.294,13.0,631.9,19,Chennai,0,DEV_ANDROID_13,0,1727,0,1.75,0,P2M,0
TXN107307,USR0122,3702.5,2765.0,1.339,38.0,139.6,15,Pune,1,DEV_ANDROID_14,0,1544,0,2.51,0,BILL_PAYMENT,0
TXN107308,USR0033,10568.61,2282.0,4.631,56.0,1.7,14,Pune,1,DEV_ANDROID_13,1,776,4,8.89,0,ONLINE_SHOPPING,1
TXN107309,USR0032,5645.24,2962.0,1.906,20.8,17.2,15,Ahmedabad,1,DEV_ANDROID_14,0,1416,0,1.72,1,BILL_PAYMENT,0
TXN107310,USR0038,1801.27,2152.0,0.837,14.1,82.8,13,Bengaluru,0,DEV_ANDROID_14,0,548,0,1.1,1,P2P,0
TXN107311,USR0135,4745.87,3326.0,1.427,4.2,219.9,14,Kolkata,0,DEV_ANDROID_14,1,1175,0,0.45,1,BILL_PAYMENT,0
TXN107312,USR0081,1634.18,1873.0,0.872,32.6,193.4,13,Kolkata,0,DEV_ANDROID_13,0,954,0,1.79,1,P2M,0
TXN107313,USR0067,1244.1,1825.0,0.682,30.3,261.7,16,Mumbai,1,DEV_IOS_18,0,903,0,1.35,1,P2P,0
TXN107314,USR0063,681.33,946.0,0.72,17.0,48.7,11,Hyderabad,0,DEV_ANDROID_13,0,500,0,2.42,0,P2M,0
TXN107315,USR0135,4595.16,3326.0,1.382,4.4,197.7,14,Kolkata,0,DEV_IOS_18,0,1113,0,1.64,1,P2P,0
TXN107316,USR0008,6443.66,4207.0,1.532,16.4,186.5,17,Mumbai,0,DEV_ANDROID_13,0,1204,0,2.09,1,ONLINE_SHOPPING,0
TXN107317,USR0011,2574.22,2073.0,1.242,22.4,533.7,8,Chennai,0,DEV_ANDROID_14,0,912,0,1.2,1,P2P,0
TXN107318,USR0098,3318.28,2841.0,1.168,19.8,66.5,16,Delhi,0,DEV_IOS_18,0,1133,0,1.34,1,P2M,0
TXN107319,USR0071,1786.48,1774.0,1.007,26.4,10.1,13,Hyderabad,0,DEV_ANDROID_14,0,1757,0,2.03,1,P2M,0
TXN107320,USR0135,2427.36,3326.0,0.73,9.3,36.8,17,Kolkata,0,DEV_IOS_18,0,1117,0,1.13,1,BILL_PAYMENT,0
TXN107321,USR0132,5276.77,3311.0,1.594,7.6,496.8,15,Hyderabad,0,DEV_ANDROID_13,0,571,0,0.65,0,ONLINE_SHOPPING,0
TXN107322,USR0064,15654.73,3744.0,4.181,52.0,11.2,4,Bengaluru,1,DEV_UNKNOWN,1,1436,4,8.94,0,P2P,1
TXN107323,USR0033,2778.88,2282.0,1.218,10.8,23.3,12,Kolkata,0,DEV_IOS_18,0,802,0,0.69,1,INVESTMENT,0
TXN107324,USR0026,4294.0,3918.0,1.096,19.3,133.1,15,Delhi,1,DEV_ANDROID_14,0,1164,0,1.4,0,ONLINE_SHOPPING,0
TXN107325,USR0138,14418.88,3130.0,4.607,14.0,116.2,15,Chennai,0,DEV_IOS_18,0,1457,0,0.52,1,P2M,0
TXN107326,USR0055,1971.57,1096.0,1.799,36.0,55.2,14,Delhi,0,DEV_ANDROID_14,0,776,0,0.69,1,P2P,0
TXN107327,USR0047,410.73,489.0,0.84,27.6,176.3,16,Bengaluru,0,DEV_ANDROID_14,1,925,0,1.61,0,P2P,0
TXN107328,USR0029,7183.25,1672.0,4.296,12.0,298.0,4,Bengaluru,1,DEV_ANDROID_12,1,1826,0,2.71,0,P2P,1
TXN107329,USR0025,12537.8,3410.0,3.677,30.0,5.1,12,Mumbai,1,DEV_UNKNOWN,1,1599,2,5.31,0,P2P,1
TXN107330,USR0143,2703.17,3747.0,0.721,21.3,55.7,9,Chennai,0,DEV_IOS_18,0,1664,0,1.18,0,RECHARGE,0
TXN107331,USR0042,6786.33,4858.0,1.397,7.2,207.9,11,Delhi,0,DEV_ANDROID_14,1,1410,0,1.13,0,P2M,0
TXN107332,USR0002,2816.05,3607.0,0.781,8.8,202.5,6,Kolkata,0,DEV_ANDROID_14,0,231,0,0.71,0,P2P,0
TXN107333,USR0149,2069.84,3318.0,0.624,13.1,36.4,18,Chennai,0,DEV_ANDROID_13,0,1418,0,2.04,1,P2M,0
TXN107334,USR0103,5184.01,4267.0,1.215,33.5,5.0,17,Kolkata,0,DEV_ANDROID_13,0,1715,0,1.54,1,INVESTMENT,0
TXN107335,USR0132,7725.42,3311.0,2.333,2.8,16.0,9,Hyderabad,0,DEV_ANDROID_13,0,587,0,0.62,1,BILL_PAYMENT,0
TXN107336,USR0150,1829.48,1846.0,0.991,9.1,118.9,19,Bengaluru,0,DEV_ANDROID_13,1,362,0,1.84,1,P2P,0
TXN107337,USR0116,4422.7,2809.0,1.574,24.7,91.1,16,Bengaluru,0,DEV_ANDROID_13,0,239,0,1.69,0,P2P,0
TXN107338,USR0109,1815.8,1296.0,1.401,9.2,214.7,9,Chennai,0,DEV_ANDROID_14,0,1514,0,0.26,1,P2P,0
TXN107339,USR0032,1962.71,2962.0,0.663,16.4,123.5,7,Hyderabad,0,DEV_ANDROID_14,0,1401,0,1.93,1,P2M,0
TXN107340,USR0059,7736.54,4787.0,1.616,13.1,5.4,13,Chennai,0,DEV_ANDROID_14,0,1045,0,1.05,1,ONLINE_SHOPPING,0
TXN107341,USR0069,2527.56,3260.0,0.775,20.5,163.1,14,Hyderabad,0,DEV_ANDROID_14,0,1671,0,2.15,1,P2P,0
TXN107342,USR0006,2799.14,4184.0,0.669,24.6,5.0,18,Hyderabad,0,DEV_IOS_18,0,866,0,1.69,0,BILL_PAYMENT,0
TXN107343,USR0081,8649.79,1873.0,4.618,12.0,5.4,22,Chennai,1,DEV_UNKNOWN,1,930,4,8.57,0,INVESTMENT,1
TXN107344,USR0039,4406.41,3193.0,1.38,7.6,468.5,13,Chennai,0,DEV_IOS_18,0,1748,0,0.1,1,P2P,0
TXN107345,USR0003,5094.59,3784.0,1.346,31.9,46.8,14,Hyderabad,0,DEV_ANDROID_13,0,1347,0,1.21,0,P2P,0
TXN107346,USR0025,4068.21,3410.0,1.193,20.4,267.9,13,Bengaluru,0,DEV_ANDROID_13,0,1535,0,1.65,1,P2P,0
TXN107347,USR0014,5646.05,2104.0,2.683,2.8,251.1,8,Delhi,0,DEV_ANDROID_13,0,850,0,0.93,1,ONLINE_SHOPPING,0
TXN107348,USR0075,11654.66,2287.0,5.096,18.5,64.8,12,Bengaluru,0,DEV_ANDROID_14,1,1610,0,1.74,0,P2P,0
TXN107349,USR0028,375.78,541.0,0.695,15.9,75.1,10,Delhi,0,DEV_IOS_18,0,803,0,1.47,1,P2P,0
TXN107350,USR0134,4318.18,4359.0,0.991,28.7,183.0,12,Chennai,0,DEV_IOS_18,0,268,0,1.44,1,P2M,0
TXN107351,USR0007,907.01,823.0,1.102,17.3,308.6,14,Bengaluru,0,DEV_ANDROID_14,0,1616,0,0.47,1,P2M,0
TXN107352,USR0132,3380.2,3311.0,1.021,11.5,117.6,11,Hyderabad,0,DEV_ANDROID_13,0,585,0,2.34,0,RECHARGE,0
TXN107353,USR0108,615.57,931.0,0.661,26.2,33.8,10,Mumbai,0,DEV_IOS_18,0,98,0,1.21,0,P2M,0
TXN107354,USR0039,2949.87,3193.0,0.924,13.1,171.3,20,Pune,1,DEV_IOS_18,0,1780,0,0.61,1,ONLINE_SHOPPING,0
TXN107355,USR0122,29643.14,2765.0,10.721,44.0,34.5,10,Ahmedabad,1,DEV_UNKNOWN,1,1533,1,4.52,0,P2M,1
TXN107356,USR0014,1689.07,2104.0,0.803,7.9,130.0,21,Delhi,0,DEV_ANDROID_13,0,902,0,1.67,1,P2P,0
TXN107357,USR0084,1162.52,960.0,1.211,19.1,246.7,11,Chennai,0,DEV_ANDROID_13,0,942,0,0.89,1,P2M,0
TXN107358,USR0041,1969.71,2677.0,0.736,31.5,120.2,18,Kolkata,1,DEV_WEB_CHROME,1,836,0,1.89,1,P2M,0
TXN107359,USR0041,1319.88,2677.0,0.493,25.9,5.8,15,Bengaluru,0,DEV_ANDROID_13,0,829,0,1.14,1,P2P,0
TXN107360,USR0066,1194.84,572.0,2.089,50.0,1.0,10,Bengaluru,1,DEV_ANDROID_13,1,1031,3,7.16,1,P2P,1
TXN107361,USR0148,11537.26,1934.0,5.965,23.6,43.5,14,Jaipur,1,DEV_ANDROID_13,0,1649,0,0.44,1,INVESTMENT,0
TXN107362,USR0129,4557.8,4329.0,1.053,24.9,17.3,7,Lucknow,1,DEV_ANDROID_13,0,1433,0,0.31,0,BILL_PAYMENT,0
TXN107363,USR0099,6828.0,3865.0,1.767,17.6,138.9,10,Kolkata,0,DEV_ANDROID_13,0,530,0,1.36,0,P2M,0
TXN107364,USR0084,969.47,960.0,1.01,16.0,152.5,18,Chennai,0,DEV_ANDROID_13,0,941,0,0.82,0,P2P,0
TXN107365,USR0136,4343.44,788.0,5.512,18.6,521.3,11,Chennai,0,DEV_IOS_18,0,1717,0,0.38,0,BILL_PAYMENT,0
TXN107366,USR0017,8433.9,1139.0,7.405,47.0,3.0,2,Pune,1,DEV_UNKNOWN,1,1153,5,3.73,1,P2M,1
TXN107367,USR0118,893.07,855.0,1.045,32.0,165.0,21,Kolkata,0,DEV_ANDROID_13,0,1537,0,2.51,1,P2M,0
TXN107368,USR0150,985.54,1846.0,0.534,18.3,11.3,15,Bengaluru,0,DEV_IOS_18,0,298,0,1.11,1,BILL_PAYMENT,0
TXN107369,USR0021,3588.38,4102.0,0.875,2.9,438.7,13,Chennai,0,DEV_ANDROID_14,0,1427,0,1.63,1,P2P,0
TXN107370,USR0100,1608.66,2121.0,0.758,32.1,90.8,13,Bengaluru,0,DEV_ANDROID_14,0,812,0,0.32,1,P2P,0
TXN107371,USR0019,5319.67,4271.0,1.246,18.2,14.5,16,Bengaluru,0,DEV_ANDROID_13,0,1614,0,0.92,1,P2M,0
TXN107372,USR0059,3267.82,4787.0,0.683,12.7,39.8,16,Chennai,0,DEV_ANDROID_14,0,1031,0,0.45,1,P2M,0
TXN107373,USR0073,1823.9,1427.0,1.278,34.2,315.0,20,Kolkata,0,DEV_ANDROID_13,0,240,0,0.34,1,P2M,0
TXN107374,USR0126,6653.53,2090.0,3.184,33.0,264.0,5,Delhi,0,DEV_UNKNOWN,1,700,2,5.66,0,P2P,1
TXN107375,USR0059,6010.45,4787.0,1.256,16.5,301.1,20,Chennai,0,DEV_ANDROID_14,0,986,0,0.17,1,P2M,0
TXN107376,USR0096,445.29,482.0,0.924,21.3,784.2,17,Chennai,0,DEV_ANDROID_13,0,237,0,1.96,1,P2P,0
TXN107377,USR0017,4299.79,1139.0,3.775,31.0,23.5,12,Kolkata,0,DEV_IOS_18,0,1153,2,3.33,0,P2P,1
TXN107378,USR0062,2405.05,2948.0,0.816,11.7,384.2,12,Mumbai,0,DEV_IOS_18,1,213,0,1.38,1,ONLINE_SHOPPING,0
TXN107379,USR0030,793.97,1476.0,0.538,31.1,10.9,19,Kolkata,0,DEV_ANDROID_14,0,128,0,1.24,1,P2P,0
TXN107380,USR0110,20155.8,3119.0,6.462,22.0,43.0,3,Mumbai,0,DEV_ANDROID_14,1,1273,1,4.9,0,P2P,1
TXN107381,USR0126,12728.6,2090.0,6.09,24.3,278.4,14,Delhi,0,DEV_IOS_18,0,697,0,1.07,1,P2P,0
TXN107382,USR0079,2905.14,2089.0,1.391,22.3,243.4,18,Chennai,0,DEV_ANDROID_14,0,1319,0,2.17,1,BILL_PAYMENT,0
TXN107383,USR0063,588.85,946.0,0.622,10.3,218.2,19,Hyderabad,0,DEV_ANDROID_13,0,470,0,1.89,1,ONLINE_SHOPPING,0
TXN107384,USR0060,2671.45,2418.0,1.105,11.0,76.4,9,Hyderabad,0,DEV_ANDROID_13,0,92,0,0.54,1,P2P,0
TXN107385,USR0008,4440.11,4207.0,1.055,20.4,78.1,10,Mumbai,0,DEV_ANDROID_13,0,1135,0,1.29,1,ONLINE_SHOPPING,0
TXN107386,USR0032,5832.32,2962.0,1.969,16.2,68.6,18,Hyderabad,0,DEV_ANDROID_14,0,1440,0,1.18,1,P2M,0
TXN107387,USR0142,10852.1,3033.0,3.578,26.0,1.7,20,Bengaluru,1,DEV_ANDROID_13,1,868,3,9.85,0,ONLINE_SHOPPING,1
TXN107388,USR0079,14840.39,2089.0,7.104,21.3,330.8,13,Chennai,0,DEV_ANDROID_14,0,1292,0,0.83,1,P2P,0
TXN107389,USR0003,2209.8,3784.0,0.584,24.0,55.0,15,Kolkata,1,DEV_ANDROID_13,0,1281,0,1.87,0,P2M,0
TXN107390,USR0015,9981.4,2529.0,3.947,12.0,290.0,1,Kolkata,1,DEV_IOS_18,1,1228,2,2.57,0,P2P,1
TXN107391,USR0018,1469.84,1836.0,0.801,29.9,102.5,15,Chennai,0,DEV_ANDROID_14,0,1513,0,1.47,0,P2P,0
TXN107392,USR0089,918.19,1008.0,0.911,18.1,596.6,16,Kolkata,0,DEV_ANDROID_14,0,958,0,1.24,1,P2P,0
TXN107393,USR0078,4486.31,4223.0,1.062,28.5,47.2,21,Mumbai,0,DEV_ANDROID_14,0,351,0,1.18,0,P2P,0
TXN107394,USR0071,2102.87,1774.0,1.185,19.3,161.8,12,Lucknow,1,DEV_ANDROID_14,0,1792,1,0.17,1,ONLINE_SHOPPING,0
TXN107395,USR0081,1170.84,1873.0,0.625,30.8,161.1,10,Kolkata,0,DEV_ANDROID_13,0,910,0,1.91,1,P2P,0
TXN107396,USR0123,4159.71,4007.0,1.038,15.5,528.7,13,Kolkata,0,DEV_IOS_18,0,1229,0,1.04,1,ONLINE_SHOPPING,0
TXN107397,USR0065,8157.7,3227.0,2.528,58.0,2.4,5,Bengaluru,1,DEV_ANDROID_13,1,1812,3,13.9,0,ONLINE_SHOPPING,1
TXN107398,USR0048,2253.3,2387.0,0.944,17.0,5.9,17,Chennai,0,DEV_IOS_18,0,1177,0,0.41,1,RECHARGE,0
TXN107399,USR0115,1093.3,1698.0,0.644,9.8,214.7,10,Kolkata,0,DEV_IOS_18,0,99,0,1.04,1,P2P,0
TXN107400,USR0133,1046.05,561.0,1.865,13.6,243.7,17,Delhi,0,DEV_ANDROID_13,0,1067,0,2.11,1,P2M,0
TXN107401,USR0028,394.77,541.0,0.73,13.2,75.3,11,Delhi,0,DEV_IOS_18,0,813,0,1.9,1,P2M,0
TXN107402,USR0123,1881.64,4007.0,0.47,10.4,712.5,8,Kolkata,0,DEV_IOS_18,0,1272,0,1.26,1,P2M,0
TXN107403,USR0011,3223.86,2073.0,1.555,13.7,66.3,15,Chennai,0,DEV_ANDROID_14,0,897,0,0.3,0,P2M,0
TXN107404,USR0090,3430.18,4795.0,0.715,21.2,488.5,16,Hyderabad,0,DEV_ANDROID_14,0,577,0,0.16,1,P2P,0
TXN107405,USR0129,7827.06,4329.0,1.808,27.8,13.8,20,Chennai,0,DEV_ANDROID_13,0,1435,0,1.56,1,BILL_PAYMENT,0
TXN107406,USR0099,2427.37,3865.0,0.628,25.1,87.1,18,Kolkata,0,DEV_ANDROID_13,0,566,0,1.79,1,P2P,0
TXN107407,USR0001,2311.78,3411.0,0.678,15.6,324.1,15,Mumbai,0,DEV_ANDROID_13,0,776,0,1.36,1,BILL_PAYMENT,0
TXN107408,USR0104,1019.86,706.0,1.445,17.1,43.4,8,Mumbai,0,DEV_ANDROID_13,0,1087,0,1.79,1,P2M,0
TXN107409,USR0025,2067.44,3410.0,0.606,19.3,13.0,15,Bengaluru,0,DEV_ANDROID_13,0,1589,0,2.38,0,P2P,0
TXN107410,USR0020,8026.47,3539.0,2.268,25.0,5.3,18,Delhi,0,DEV_ANDROID_14,0,327,2,4.2,0,P2P,1
TXN107411,USR0049,541.68,835.0,0.649,20.7,44.8,17,Mumbai,0,DEV_IOS_18,0,1164,0,1.16,1,P2P,0
TXN107412,USR0039,3692.66,3193.0,1.156,13.5,38.4,16,Chennai,0,DEV_IOS_18,0,1753,2,0.13,1,BILL_PAYMENT,0
TXN107413,USR0127,1394.35,2395.0,0.582,19.2,59.7,6,Chennai,0,DEV_ANDROID_14,0,372,0,1.26,1,P2P,0
TXN107414,USR0130,1522.76,2863.0,0.532,28.3,538.8,7,Delhi,0,DEV_IOS_18,0,1575,0,0.94,1,BILL_PAYMENT,0
TXN107415,USR0020,2780.11,3539.0,0.786,25.2,111.2,8,Delhi,0,DEV_ANDROID_14,0,265,0,0.52,1,P2P,0
TXN107416,USR0084,1650.21,960.0,1.719,9.8,100.9,11,Chennai,0,DEV_ANDROID_13,0,919,0,0.93,0,RECHARGE,0
TXN107417,USR0106,882.85,1061.0,0.832,32.3,67.9,9,Kochi,1,DEV_ANDROID_13,0,1666,0,1.16,0,P2M,0
TXN107418,USR0133,427.65,561.0,0.762,4.3,9.1,10,Delhi,0,DEV_ANDROID_13,0,1117,0,0.98,1,P2P,0
TXN107419,USR0074,6912.12,1853.0,3.73,8.7,26.9,7,Hyderabad,0,DEV_IOS_18,0,1415,0,1.03,1,P2M,0
TXN107420,USR0106,920.49,1061.0,0.868,35.6,101.4,18,Delhi,0,DEV_ANDROID_13,0,1708,0,2.13,1,P2M,0
TXN107421,USR0047,597.87,489.0,1.223,31.1,32.2,19,Bengaluru,0,DEV_ANDROID_13,0,954,0,0.88,1,P2P,0
TXN107422,USR0001,1959.78,3411.0,0.575,17.6,38.7,13,Mumbai,0,DEV_ANDROID_13,0,828,0,1.81,0,P2P,0
TXN107423,USR0095,3886.53,2387.0,1.628,20.7,513.7,18,Chandigarh,1,DEV_ANDROID_13,0,1161,0,1.45,1,INVESTMENT,0
TXN107424,USR0026,25708.03,3918.0,6.562,35.0,37.9,7,Kochi,1,DEV_UNKNOWN,1,1145,4,9.24,0,INVESTMENT,1
TXN107425,USR0062,3209.91,2948.0,1.089,8.5,149.1,15,Mumbai,0,DEV_ANDROID_14,0,279,0,1.31,0,P2M,0
TXN107426,USR0146,658.86,803.0,0.82,13.6,406.8,21,Mumbai,0,DEV_ANDROID_13,0,1180,0,0.73,1,P2M,0
TXN107427,USR0098,3711.74,2841.0,1.306,22.3,196.7,13,Delhi,0,DEV_IOS_18,0,1128,0,2.34,1,P2P,0
TXN107428,USR0132,4341.97,3311.0,1.311,12.3,209.4,16,Hyderabad,0,DEV_ANDROID_13,0,526,0,2.29,1,P2M,0
TXN107429,USR0012,642.35,1109.0,0.579,21.5,643.8,8,Mumbai,0,DEV_IOS_18,0,1289,0,1.12,1,P2P,0
TXN107430,USR0128,2515.74,1765.0,1.425,31.8,591.0,13,Chennai,0,DEV_ANDROID_14,0,1727,0,0.93,0,P2M,0
TXN107431,USR0015,2927.89,2529.0,1.158,3.1,231.8,14,Chennai,0,DEV_ANDROID_14,0,1230,0,0.79,1,P2P,0
TXN107432,USR0028,527.03,541.0,0.974,13.9,20.8,13,Delhi,0,DEV_IOS_18,0,787,0,1.2,1,P2M,0
TXN107433,USR0130,8601.56,2863.0,3.004,23.0,3.1,22,Delhi,0,DEV_UNKNOWN,1,1560,1,9.41,0,P2P,1
TXN107434,USR0121,27904.56,3799.0,7.345,52.0,22.3,10,Pune,1,DEV_UNKNOWN,1,1550,7,5.79,0,INVESTMENT,1
TXN107435,USR0034,6941.98,1168.0,5.943,43.0,15.7,6,Kolkata,1,DEV_UNKNOWN,1,100,3,10.62,0,P2P,1
TXN107436,USR0142,4691.77,3033.0,1.547,22.6,189.3,8,Hyderabad,0,DEV_ANDROID_14,0,874,0,1.15,1,P2P,0
TXN107437,USR0119,2041.39,1503.0,1.358,38.1,168.7,22,Chennai,0,DEV_ANDROID_13,0,597,1,1.62,0,P2M,0
TXN107438,USR0132,22369.41,3311.0,6.756,29.0,215.0,5,Lucknow,1,DEV_UNKNOWN,1,527,0,3.56,0,P2P,1
TXN107439,USR0023,2672.38,2955.0,0.904,25.6,384.1,20,Delhi,0,DEV_ANDROID_13,0,923,0,0.51,1,P2P,0
TXN107440,USR0142,3948.16,3033.0,1.302,11.4,42.6,13,Hyderabad,0,DEV_ANDROID_14,0,883,0,1.46,1,RECHARGE,0
TXN107441,USR0099,8406.32,3865.0,2.175,22.8,63.8,13,Kolkata,0,DEV_ANDROID_13,0,537,0,1.11,1,P2P,0
TXN107442,USR0138,2958.08,3130.0,0.945,20.6,131.8,22,Chennai,0,DEV_IOS_18,0,1398,0,2.35,1,P2M,0
TXN107443,USR0099,2742.69,3865.0,0.71,21.2,86.7,6,Chennai,1,DEV_ANDROID_13,0,574,0,1.37,0,P2P,0
TXN107444,USR0091,2454.15,2696.0,0.91,10.5,279.8,13,Kolkata,0,DEV_ANDROID_13,0,1070,0,0.66,1,P2P,0
TXN107445,USR0095,7190.71,2387.0,3.012,18.8,322.6,8,Chennai,0,DEV_ANDROID_13,0,1147,0,2.51,1,P2M,0
TXN107446,USR0129,19012.92,4329.0,4.392,28.0,202.0,4,Kolkata,1,DEV_UNKNOWN,1,1411,2,5.76,0,P2P,1
TXN107447,USR0044,821.91,843.0,0.975,18.6,53.5,7,Delhi,0,DEV_ANDROID_14,0,1674,0,1.62,1,P2M,0
TXN107448,USR0124,552.89,1625.0,0.34,8.5,370.6,15,Hyderabad,0,DEV_ANDROID_14,0,303,0,0.93,1,P2P,0
TXN107449,USR0093,2044.51,3844.0,0.532,10.4,42.4,10,Chennai,0,DEV_ANDROID_14,0,63,0,1.31,1,P2P,0
TXN107450,USR0072,5522.49,4501.0,1.227,5.6,179.4,11,Kolkata,0,DEV_ANDROID_14,0,1343,0,1.37,1,P2M,0
TXN107451,USR0110,3998.28,3119.0,1.282,18.3,5.0,12,Mumbai,0,DEV_IOS_18,0,1282,0,3.17,1,BILL_PAYMENT,0
TXN107452,USR0142,19482.06,3033.0,6.423,22.1,65.4,14,Hyderabad,0,DEV_ANDROID_14,0,903,2,1.58,1,P2P,0
TXN107453,USR0065,6227.72,3227.0,1.93,32.9,112.5,18,Delhi,0,DEV_ANDROID_14,0,1782,0,1.48,1,ONLINE_SHOPPING,0
TXN107454,USR0050,2003.94,2312.0,0.867,27.7,8.0,18,Mumbai,0,DEV_ANDROID_13,0,137,0,2.33,1,P2P,0
TXN107455,USR0125,601.23,1159.0,0.519,12.0,10.1,11,Bengaluru,0,DEV_IOS_18,0,1136,0,0.87,0,BILL_PAYMENT,0
TXN107456,USR0132,6176.65,3311.0,1.865,13.0,5.0,13,Hyderabad,0,DEV_ANDROID_13,0,592,0,0.68,0,P2P,0
TXN107457,USR0111,4166.78,4209.0,0.99,13.7,104.9,11,Chennai,0,DEV_ANDROID_13,1,1769,0,1.07,0,BILL_PAYMENT,0
TXN107458,USR0033,2990.04,2282.0,1.31,22.6,50.7,8,Kolkata,0,DEV_IOS_18,0,810,0,1.51,1,ONLINE_SHOPPING,0
TXN107459,USR0029,2235.39,1672.0,1.337,14.8,529.6,12,Kolkata,0,DEV_ANDROID_14,0,1807,0,0.15,1,P2P,0
TXN107460,USR0010,3344.69,4508.0,0.742,22.1,27.1,13,Kolkata,0,DEV_IOS_18,0,1407,0,0.44,1,P2M,0
TXN107461,USR0003,19633.42,3784.0,5.189,22.6,112.3,7,Hyderabad,0,DEV_ANDROID_13,0,1314,0,2.01,0,P2M,0
TXN107462,USR0038,3267.76,2152.0,1.518,9.1,7.7,13,Bengaluru,0,DEV_ANDROID_14,0,576,0,0.19,1,BILL_PAYMENT,0
TXN107463,USR0018,1683.97,1836.0,0.917,35.0,89.3,13,Chennai,0,DEV_ANDROID_14,0,1494,0,1.36,1,P2P,0
TXN107464,USR0001,2366.14,3411.0,0.694,17.2,137.4,13,Jaipur,1,DEV_ANDROID_13,0,831,0,1.32,1,P2P,0
TXN107465,USR0030,6325.52,1476.0,4.286,34.0,24.4,10,Lucknow,1,DEV_UNKNOWN,1,159,0,4.19,0,P2P,1
TXN107466,USR0074,1909.81,1853.0,1.031,9.2,114.0,19,Hyderabad,0,DEV_IOS_18,0,1441,0,0.28,1,P2P,0
TXN107467,USR0130,12973.67,2863.0,4.531,12.0,27.1,18,Mumbai,1,DEV_IOS_18,0,1572,5,3.78,0,P2P,1
TXN107468,USR0112,7033.39,4425.0,1.589,27.2,53.2,19,Hyderabad,0,DEV_ANDROID_13,0,1578,0,1.25,0,P2P,0
TXN107469,USR0100,1078.18,2121.0,0.508,27.2,28.3,13,Kochi,1,DEV_WEB_CHROME,1,803,0,1.24,1,P2P,0
TXN107470,USR0113,3442.26,2668.0,1.29,7.1,179.7,17,Hyderabad,0,DEV_ANDROID_14,0,1652,0,0.42,1,P2P,0
TXN107471,USR0001,1764.01,3411.0,0.517,19.0,57.9,11,Mumbai,0,DEV_ANDROID_13,0,806,0,1.09,1,P2P,0
TXN107472,USR0024,682.86,1043.0,0.655,18.0,286.2,16,Hyderabad,0,DEV_ANDROID_14,0,233,0,0.97,1,P2M,0
TXN107473,USR0133,839.87,561.0,1.497,9.5,257.2,6,Delhi,0,DEV_ANDROID_13,0,1119,0,1.39,0,P2P,0
TXN107474,USR0092,3698.93,3316.0,1.115,32.8,10.2,14,Hyderabad,0,DEV_ANDROID_14,0,269,0,0.98,0,P2M,0
TXN107475,USR0150,3134.52,1846.0,1.698,15.3,186.4,9,Bengaluru,0,DEV_IOS_18,0,367,0,0.55,1,ONLINE_SHOPPING,0
TXN107476,USR0005,7001.51,1239.0,5.651,25.0,100.0,2,Mumbai,1,DEV_UNKNOWN,1,1421,2,4.11,0,P2P,1
TXN107477,USR0048,1371.79,2387.0,0.575,18.3,262.8,14,Chennai,0,DEV_IOS_18,0,1168,0,1.39,1,P2P,0
TXN107478,USR0056,6241.33,4000.0,1.56,1.9,302.5,11,Bengaluru,0,DEV_IOS_18,0,217,0,2.12,1,P2P,0
TXN107479,USR0070,17426.68,4705.0,3.704,12.2,51.6,15,Delhi,0,DEV_ANDROID_13,0,377,0,1.77,1,P2P,0
TXN107480,USR0058,2989.14,3029.0,0.987,27.5,222.0,21,Kolkata,0,DEV_ANDROID_14,0,861,0,0.48,1,BILL_PAYMENT,0
TXN107481,USR0057,3373.63,3487.0,0.967,20.4,160.7,14,Delhi,0,DEV_IOS_18,0,818,1,2.25,0,P2P,0
TXN107482,USR0095,1999.11,2387.0,0.838,16.1,65.9,8,Chennai,0,DEV_ANDROID_13,0,1179,0,1.96,0,BILL_PAYMENT,0
TXN107483,USR0021,5507.07,4102.0,1.343,1.0,5.0,13,Chennai,0,DEV_ANDROID_14,0,1431,0,1.4,1,P2M,0
TXN107484,USR0071,1579.93,1774.0,0.891,13.7,994.8,17,Hyderabad,0,DEV_ANDROID_14,0,1772,0,1.09,1,P2M,0
TXN107485,USR0082,999.62,1061.0,0.942,31.9,288.1,16,Hyderabad,0,DEV_IOS_18,0,112,0,0.84,1,BILL_PAYMENT,0
TXN107486,USR0114,1162.36,1547.0,0.751,20.0,394.8,9,Delhi,0,DEV_ANDROID_14,0,1062,0,1.77,1,P2M,0
TXN107487,USR0086,28746.92,4098.0,7.015,7.0,136.9,12,Delhi,0,DEV_ANDROID_13,0,1346,0,0.63,1,P2M,0
TXN107488,USR0047,206.15,489.0,0.422,22.9,23.3,17,Bengaluru,0,DEV_ANDROID_13,0,894,0,1.03,1,P2P,0
TXN107489,USR0145,7770.02,4287.0,1.812,13.1,901.8,16,Mumbai,0,DEV_ANDROID_13,0,1443,0,1.11,1,P2M,0
TXN107490,USR0060,17921.58,2418.0,7.412,11.2,159.3,10,Bengaluru,1,DEV_ANDROID_13,0,55,0,2.0,1,P2P,0
TXN107491,USR0116,2936.77,2809.0,1.045,26.1,254.9,10,Bengaluru,0,DEV_ANDROID_13,0,222,0,0.59,1,P2P,0
TXN107492,USR0105,991.99,1284.0,0.773,27.1,28.2,10,Bengaluru,0,DEV_ANDROID_14,0,597,0,1.0,1,BILL_PAYMENT,0
TXN107493,USR0129,22604.25,4329.0,5.222,17.3,175.6,8,Chennai,0,DEV_ANDROID_13,0,1427,0,0.78,0,P2P,0
TXN107494,USR0125,1054.43,1159.0,0.91,14.0,163.5,10,Bengaluru,0,DEV_IOS_18,0,1106,0,1.76,1,P2P,0
TXN107495,USR0076,1902.76,3835.0,0.496,18.4,202.1,16,Mumbai,0,DEV_ANDROID_13,0,546,0,0.59,1,P2M,0
TXN107496,USR0055,5902.43,1096.0,5.385,28.1,658.3,11,Delhi,0,DEV_ANDROID_14,0,755,0,0.78,1,INVESTMENT,0
TXN107497,USR0053,951.29,1779.0,0.535,29.0,314.8,17,Chennai,0,DEV_ANDROID_14,0,1777,0,0.82,1,P2M,0
TXN107498,USR0027,548.23,816.0,0.672,25.1,323.0,13,Hyderabad,0,DEV_IOS_18,0,1484,0,0.99,1,ONLINE_SHOPPING,0
TXN107499,USR0127,1467.82,2395.0,0.613,18.9,385.7,17,Chennai,0,DEV_ANDROID_14,0,364,0,0.21,0,P2P,0
TXN107500,USR0007,3647.86,823.0,4.432,11.0,23.6,9,Bengaluru,0,DEV_ANDROID_14,0,1658,0,3.65,0,P2P,1
TXN107501,USR0100,2404.85,2121.0,1.134,28.6,96.0,16,Bengaluru,0,DEV_ANDROID_14,0,839,0,0.56,1,P2M,0
TXN107502,USR0048,1888.55,2387.0,0.791,13.3,35.8,15,Chennai,0,DEV_IOS_18,0,1120,0,0.72,1,P2P,0
TXN107503,USR0032,5644.82,2962.0,1.906,31.0,3.4,21,Ahmedabad,1,DEV_ANDROID_12,1,1448,2,6.82,0,P2P,1
TXN107504,USR0019,4215.15,4271.0,0.987,10.8,40.1,11,Kolkata,1,DEV_ANDROID_13,0,1649,0,1.13,1,BILL_PAYMENT,0
TXN107505,USR0039,16872.28,3193.0,5.284,14.1,296.3,12,Chennai,0,DEV_IOS_18,0,1709,2,1.34,1,P2M,0
TXN107506,USR0136,632.16,788.0,0.802,18.0,69.5,19,Chennai,0,DEV_IOS_18,0,1727,0,0.74,1,P2M,0
TXN107507,USR0114,13750.92,1547.0,8.889,39.0,27.8,20,Chennai,1,DEV_UNKNOWN,1,1088,5,10.73,0,P2P,1
TXN107508,USR0054,826.68,1995.0,0.414,19.4,114.6,13,Chennai,1,DEV_IOS_18,0,1131,0,1.2,1,BILL_PAYMENT,0
TXN107509,USR0105,2174.7,1284.0,1.694,26.8,159.0,21,Bengaluru,0,DEV_ANDROID_14,0,592,0,1.31,1,ONLINE_SHOPPING,0
TXN107510,USR0125,846.01,1159.0,0.73,16.5,142.4,13,Bengaluru,0,DEV_IOS_18,0,1129,0,0.12,0,ONLINE_SHOPPING,0
TXN107511,USR0134,2064.08,4359.0,0.474,31.9,949.9,7,Chennai,0,DEV_IOS_18,0,288,0,2.15,1,P2P,0
TXN107512,USR0100,2665.51,2121.0,1.257,30.5,508.5,15,Bengaluru,0,DEV_ANDROID_13,1,833,0,0.97,1,P2P,0
TXN107513,USR0048,1504.74,2387.0,0.63,8.8,13.4,12,Chennai,0,DEV_IOS_18,0,1166,0,0.78,0,P2M,0
TXN107514,USR0057,4394.52,3487.0,1.26,13.4,115.1,20,Delhi,0,DEV_IOS_18,0,836,0,1.79,1,P2M,0
TXN107515,USR0026,5405.01,3918.0,1.38,21.1,53.3,7,Hyderabad,0,DEV_ANDROID_14,0,1150,0,1.48,1,P2P,0
TXN107516,USR0150,2844.65,1846.0,1.541,23.1,5.0,19,Bengaluru,0,DEV_IOS_18,0,317,1,1.79,1,P2P,0
TXN107517,USR0071,5847.2,1774.0,3.296,16.3,75.2,12,Hyderabad,0,DEV_ANDROID_14,0,1765,0,1.64,1,BILL_PAYMENT,0
TXN107518,USR0041,1346.87,2677.0,0.503,27.7,166.5,12,Chandigarh,1,DEV_ANDROID_13,0,865,0,1.6,1,P2P,0
TXN107519,USR0089,3310.21,1008.0,3.284,16.2,99.8,14,Kolkata,0,DEV_ANDROID_14,0,944,0,0.1,0,INVESTMENT,0
TXN107520,USR0070,8124.48,4705.0,1.727,9.6,245.9,11,Delhi,0,DEV_ANDROID_13,0,335,0,0.57,1,P2P,0
TXN107521,USR0099,4460.34,3865.0,1.154,26.4,13.5,18,Kolkata,0,DEV_ANDROID_13,0,562,0,0.7,1,P2P,0
TXN107522,USR0043,4094.72,4029.0,1.016,18.4,545.4,11,Delhi,0,DEV_ANDROID_13,0,1381,0,1.15,1,P2P,0
TXN107523,USR0062,17832.45,2948.0,6.049,15.0,184.0,3,Mumbai,0,DEV_UNKNOWN,1,251,2,3.63,0,P2P,1
TXN107524,USR0118,870.87,855.0,1.019,21.3,110.4,13,Kolkata,0,DEV_ANDROID_13,0,1542,0,1.71,0,ONLINE_SHOPPING,0
TXN107525,USR0087,1887.02,4199.0,0.449,9.9,142.7,8,Mumbai,0,DEV_ANDROID_13,0,823,0,1.56,1,P2P,0
TXN107526,USR0136,2043.15,788.0,2.593,21.7,27.6,20,Chennai,0,DEV_IOS_18,0,1735,0,1.12,1,P2P,0
TXN107527,USR0109,937.48,1296.0,0.723,4.7,141.2,12,Pune,1,DEV_ANDROID_14,0,1497,0,1.76,1,BILL_PAYMENT,0
TXN107528,USR0115,1926.99,1698.0,1.135,7.2,585.6,18,Kolkata,0,DEV_IOS_18,0,56,0,0.43,1,P2P,0
TXN107529,USR0107,8029.72,1116.0,7.195,15.0,353.3,15,Hyderabad,0,DEV_ANDROID_14,0,1099,0,0.1,0,P2M,0
TXN107530,USR0031,5839.72,4621.0,1.264,15.8,141.3,9,Chandigarh,1,DEV_ANDROID_14,0,778,0,2.13,0,P2P,0
TXN107531,USR0071,1808.04,1774.0,1.019,19.8,77.1,16,Hyderabad,0,DEV_ANDROID_14,0,1735,0,0.3,1,P2P,0
TXN107532,USR0068,2269.57,1858.0,1.222,11.2,374.2,20,Chennai,0,DEV_ANDROID_13,0,1753,0,0.87,0,RECHARGE,0
TXN107533,USR0122,5825.84,2765.0,2.107,39.3,32.2,8,Hyderabad,0,DEV_ANDROID_14,0,1540,0,0.74,1,P2P,0
TXN107534,USR0008,7772.15,4207.0,1.847,8.5,63.1,13,Mumbai,0,DEV_ANDROID_13,0,1162,0,0.7,1,P2M,0
TXN107535,USR0142,2638.26,3033.0,0.87,18.9,74.4,10,Hyderabad,0,DEV_ANDROID_14,0,875,0,2.15,1,RECHARGE,0
TXN107536,USR0098,5809.91,2841.0,2.045,26.9,75.8,8,Delhi,0,DEV_IOS_18,0,1104,0,1.34,1,P2P,0
TXN107537,USR0092,4719.73,3316.0,1.423,23.5,284.9,16,Hyderabad,0,DEV_ANDROID_14,0,230,0,1.24,1,P2M,0
TXN107538,USR0059,23151.0,4787.0,4.836,63.0,0.6,11,Chennai,0,DEV_WEB_CHROME,1,977,3,9.59,1,ONLINE_SHOPPING,1
TXN107539,USR0116,1223.9,2809.0,0.436,32.4,576.7,9,Bengaluru,0,DEV_ANDROID_13,0,210,0,1.92,1,P2M,0
TXN107540,USR0021,4022.43,4102.0,0.981,2.4,99.0,10,Chennai,0,DEV_ANDROID_14,0,1450,0,0.26,1,P2M,0
TXN107541,USR0113,2188.2,2668.0,0.82,10.2,101.7,18,Hyderabad,0,DEV_ANDROID_14,0,1639,0,1.13,1,P2M,0
TXN107542,USR0017,882.09,1139.0,0.774,27.3,38.6,12,Kolkata,0,DEV_IOS_18,0,1124,0,0.9,1,P2M,0
TXN107543,USR0061,346.12,445.0,0.778,28.6,200.2,16,Bengaluru,0,DEV_IOS_18,1,1045,0,1.72,1,P2M,0
TXN107544,USR0010,3026.7,4508.0,0.671,28.4,83.2,14,Chennai,1,DEV_IOS_18,0,1405,0,1.46,1,P2P,0
TXN107545,USR0039,6293.55,3193.0,1.971,14.9,5.0,8,Bengaluru,1,DEV_IOS_18,0,1747,0,0.1,1,ONLINE_SHOPPING,0
TXN107546,USR0128,15435.68,1765.0,8.745,48.0,11.2,13,Pune,1,DEV_UNKNOWN,1,1764,6,5.35,0,INVESTMENT,1
TXN107547,USR0106,993.93,1061.0,0.937,35.5,177.0,12,Delhi,0,DEV_ANDROID_13,0,1692,0,0.43,1,P2P,0
TXN107548,USR0051,1443.8,1265.0,1.141,18.1,230.2,10,Delhi,0,DEV_IOS_18,0,1219,0,2.12,1,P2M,0
TXN107549,USR0052,927.44,875.0,1.06,18.1,59.1,21,Mumbai,0,DEV_ANDROID_13,0,1065,0,0.1,1,P2P,0
TXN107550,USR0131,8633.73,1330.0,6.492,29.0,209.9,8,Bengaluru,0,DEV_IOS_18,0,1052,2,1.14,1,P2M,0
TXN107551,USR0145,4067.93,4287.0,0.949,4.0,116.8,12,Mumbai,0,DEV_ANDROID_13,0,1465,0,1.84,1,P2P,0
TXN107552,USR0063,8269.49,946.0,8.742,32.0,42.3,21,Chennai,1,DEV_UNKNOWN,1,498,5,4.52,0,INVESTMENT,1
TXN107553,USR0104,1184.34,706.0,1.678,16.9,357.0,18,Mumbai,0,DEV_ANDROID_13,0,1100,0,1.12,1,P2M,0
TXN107554,USR0037,10521.74,2687.0,3.916,46.0,33.0,22,Mumbai,1,DEV_UNKNOWN,1,932,4,9.22,0,INVESTMENT,1
TXN107555,USR0040,772.45,942.0,0.82,11.2,9.0,16,Mumbai,0,DEV_IOS_18,0,1786,0,2.13,1,BILL_PAYMENT,0
TXN107556,USR0103,15696.36,4267.0,3.679,28.8,15.3,21,Kolkata,0,DEV_ANDROID_13,0,1756,0,2.16,1,P2M,0
TXN107557,USR0035,2660.64,3949.0,0.674,33.3,255.5,14,Mumbai,0,DEV_ANDROID_14,0,1315,0,1.54,1,P2M,0
TXN107558,USR0125,3780.64,1159.0,3.262,15.5,75.1,14,Bengaluru,0,DEV_IOS_18,0,1153,0,1.22,0,ONLINE_SHOPPING,0
TXN107559,USR0111,26962.1,4209.0,6.406,38.0,51.9,17,Chandigarh,1,DEV_UNKNOWN,1,1770,5,4.82,0,INVESTMENT,1
TXN107560,USR0052,440.6,875.0,0.504,11.7,257.7,9,Mumbai,0,DEV_ANDROID_13,0,1056,0,1.21,1,ONLINE_SHOPPING,0
TXN107561,USR0149,9973.71,3318.0,3.006,12.9,11.3,15,Chennai,0,DEV_ANDROID_13,0,1462,0,0.1,1,P2M,0
TXN107562,USR0016,1828.36,1443.0,1.267,17.3,110.1,20,Bengaluru,0,DEV_ANDROID_14,0,1257,0,1.49,1,P2P,0
TXN107563,USR0002,2447.24,3607.0,0.678,13.4,160.2,12,Kolkata,0,DEV_ANDROID_14,0,219,0,0.81,0,P2M,0
TXN107564,USR0017,1274.63,1139.0,1.119,29.8,6.2,16,Kolkata,0,DEV_IOS_18,0,1156,0,1.48,1,P2P,0
TXN107565,USR0062,1662.04,2948.0,0.564,17.0,166.8,10,Mumbai,0,DEV_ANDROID_14,0,246,0,0.94,1,INVESTMENT,0
TXN107566,USR0049,912.92,835.0,1.093,20.5,193.9,8,Mumbai,0,DEV_IOS_18,0,1176,0,0.34,1,P2P,0
TXN107567,USR0125,462.34,1159.0,0.399,13.3,179.5,13,Bengaluru,0,DEV_IOS_18,0,1157,0,1.48,1,P2P,0
TXN107568,USR0038,2747.23,2152.0,1.277,7.0,94.3,11,Chennai,1,DEV_ANDROID_14,0,560,0,1.68,1,P2P,0
TXN107569,USR0115,1623.28,1698.0,0.956,7.1,318.3,11,Kolkata,0,DEV_IOS_18,0,33,0,0.49,1,INVESTMENT,0
TXN107570,USR0057,2819.31,3487.0,0.809,14.8,54.0,9,Jaipur,1,DEV_ANDROID_13,1,836,1,1.51,0,ONLINE_SHOPPING,0
TXN107571,USR0017,659.84,1139.0,0.579,31.9,745.9,8,Kolkata,0,DEV_IOS_18,0,1150,0,0.91,0,P2M,0
TXN107572,USR0123,3823.12,4007.0,0.954,15.1,421.3,13,Kolkata,0,DEV_IOS_18,0,1271,2,1.58,1,P2M,0
TXN107573,USR0043,4279.81,4029.0,1.062,20.0,421.9,15,Delhi,0,DEV_ANDROID_13,0,1315,0,1.04,1,P2M,0
TXN107574,USR0149,5344.02,3318.0,1.611,15.3,98.9,23,Kolkata,1,DEV_ANDROID_13,0,1489,0,1.22,1,P2P,0
TXN107575,USR0087,2838.24,4199.0,0.676,4.9,47.4,7,Mumbai,0,DEV_ANDROID_13,0,834,0,0.38,1,P2M,0
TXN107576,USR0068,1761.68,1858.0,0.948,12.5,220.1,9,Chennai,0,DEV_ANDROID_14,1,1729,0,1.24,1,P2M,0
TXN107577,USR0046,32757.88,3064.0,10.691,20.0,27.5,19,Lucknow,1,DEV_UNKNOWN,1,328,3,4.37,0,P2M,1
TXN107578,USR0078,9539.97,4223.0,2.259,25.5,215.6,14,Mumbai,0,DEV_ANDROID_14,0,289,0,0.79,0,P2M,0
TXN107579,USR0123,4783.26,4007.0,1.194,13.2,173.3,17,Kolkata,0,DEV_IOS_18,0,1276,0,1.19,1,P2M,0
TXN107580,USR0114,1433.67,1547.0,0.927,22.5,60.0,11,Ahmedabad,1,DEV_ANDROID_14,0,1030,0,1.34,0,P2P,0
TXN107581,USR0047,2962.29,489.0,6.058,16.0,24.3,5,Pune,1,DEV_UNKNOWN,1,924,6,7.7,0,INVESTMENT,1
TXN107582,USR0007,602.46,823.0,0.732,21.0,322.7,13,Bengaluru,0,DEV_ANDROID_14,0,1597,0,1.22,1,P2M,0
TXN107583,USR0034,831.81,1168.0,0.712,16.7,119.9,12,Chennai,0,DEV_IOS_18,1,79,0,0.26,0,RECHARGE,0
TXN107584,USR0010,4283.04,4508.0,0.95,20.2,34.5,13,Kolkata,0,DEV_IOS_18,0,1438,0,2.01,1,INVESTMENT,0
TXN107585,USR0115,1308.93,1698.0,0.771,11.3,38.6,9,Kolkata,0,DEV_ANDROID_14,1,36,0,1.18,1,P2M,0
TXN107586,USR0062,4065.7,2948.0,1.379,17.1,46.8,12,Mumbai,0,DEV_ANDROID_14,0,256,0,0.24,0,P2P,0
TXN107587,USR0030,3002.36,1476.0,2.034,33.6,116.5,12,Kolkata,0,DEV_ANDROID_14,0,141,0,1.44,1,P2P,0
TXN107588,USR0084,359.09,960.0,0.374,9.5,314.1,17,Chennai,0,DEV_ANDROID_13,0,922,0,0.1,1,P2P,0
TXN107589,USR0140,3425.66,3114.0,1.1,11.9,127.1,15,Delhi,0,DEV_ANDROID_13,0,253,0,0.43,1,BILL_PAYMENT,0
TXN107590,USR0096,1113.39,482.0,2.31,20.4,170.7,12,Chennai,0,DEV_ANDROID_13,0,264,0,0.71,1,P2M,0
TXN107591,USR0134,1971.28,4359.0,0.452,30.0,17.8,16,Chennai,0,DEV_IOS_18,0,243,0,0.15,0,P2P,0
TXN107592,USR0107,1409.14,1116.0,1.263,15.7,264.5,8,Hyderabad,0,DEV_ANDROID_14,0,1039,0,1.79,1,P2P,0
TXN107593,USR0096,771.92,482.0,1.602,23.5,53.0,18,Chennai,0,DEV_ANDROID_13,0,229,0,1.05,1,P2M,0
TXN107594,USR0051,854.72,1265.0,0.676,16.8,254.6,13,Delhi,0,DEV_IOS_18,0,1253,1,0.94,0,P2M,0
TXN107595,USR0036,1464.23,1141.0,1.283,30.9,575.6,13,Bengaluru,0,DEV_ANDROID_13,0,968,0,1.43,1,P2P,0
TXN107596,USR0133,260.89,561.0,0.465,11.1,131.5,22,Mumbai,1,DEV_ANDROID_13,0,1096,0,1.14,1,P2M,0
TXN107597,USR0107,723.98,1116.0,0.649,7.2,264.7,18,Hyderabad,0,DEV_ANDROID_14,0,1032,0,0.22,1,P2M,0
TXN107598,USR0029,1691.35,1672.0,1.012,16.7,71.0,18,Kolkata,0,DEV_ANDROID_14,0,1796,0,2.42,0,P2P,0
TXN107599,USR0064,5408.27,3744.0,1.445,26.6,30.4,22,Hyderabad,0,DEV_ANDROID_13,0,1376,0,0.36,1,P2P,0
TXN107600,USR0048,2650.81,2387.0,1.111,14.2,224.9,12,Chennai,0,DEV_IOS_18,0,1148,0,1.0,1,P2M,0
TXN107601,USR0120,3702.04,3985.0,0.929,18.4,52.6,9,Chennai,0,DEV_IOS_18,0,1172,0,1.06,1,P2M,0
TXN107602,USR0053,10842.94,1779.0,6.095,35.3,18.0,12,Chennai,0,DEV_ANDROID_14,0,1776,0,0.95,1,P2P,0
TXN107603,USR0106,1142.18,1061.0,1.077,35.0,132.1,8,Lucknow,1,DEV_ANDROID_13,0,1717,0,1.08,1,P2P,0
TXN107604,USR0128,1628.94,1765.0,0.923,24.1,9.8,17,Chennai,0,DEV_ANDROID_14,0,1714,0,0.67,1,RECHARGE,0
TXN107605,USR0050,1893.95,2312.0,0.819,26.3,234.3,14,Mumbai,0,DEV_ANDROID_13,0,107,2,0.31,0,ONLINE_SHOPPING,0
TXN107606,USR0074,3037.76,1853.0,1.639,7.6,166.6,16,Hyderabad,0,DEV_IOS_18,0,1399,0,0.15,1,P2P,0
TXN107607,USR0095,2742.42,2387.0,1.149,25.0,129.3,11,Chennai,0,DEV_ANDROID_13,0,1171,0,1.8,1,P2M,0
TXN107608,USR0058,4434.5,3029.0,1.464,21.7,19.0,11,Kolkata,0,DEV_ANDROID_13,1,920,1,0.89,0,INVESTMENT,0
TXN107609,USR0130,1842.17,2863.0,0.643,24.7,39.2,16,Delhi,0,DEV_IOS_18,0,1552,0,0.46,1,P2M,0
TXN107610,USR0146,536.35,803.0,0.668,20.5,35.9,9,Mumbai,0,DEV_ANDROID_13,0,1208,0,0.83,0,P2P,0
TXN107611,USR0056,5406.73,4000.0,1.352,3.2,562.9,10,Bengaluru,0,DEV_WEB_CHROME,1,178,0,1.7,0,P2P,0
TXN107612,USR0014,2297.88,2104.0,1.092,1.0,247.2,19,Mumbai,1,DEV_ANDROID_13,0,867,0,0.88,1,P2P,0
TXN107613,USR0019,4467.42,4271.0,1.046,16.5,58.5,16,Chandigarh,1,DEV_IOS_18,1,1659,0,1.22,1,P2P,0
TXN107614,USR0132,3918.65,3311.0,1.184,7.6,84.8,12,Hyderabad,0,DEV_ANDROID_13,0,580,0,0.77,1,RECHARGE,0
TXN107615,USR0147,2620.37,4639.0,0.565,28.9,103.1,15,Chennai,0,DEV_IOS_18,0,397,1,0.7,1,BILL_PAYMENT,0
TXN107616,USR0015,1915.4,2529.0,0.757,7.9,155.0,20,Chennai,0,DEV_ANDROID_14,0,1282,0,0.71,1,BILL_PAYMENT,0
TXN107617,USR0085,2189.5,3924.0,0.558,22.9,97.2,13,Kolkata,0,DEV_WEB_CHROME,1,818,0,1.44,1,P2P,0
TXN107618,USR0044,322.75,843.0,0.383,20.0,78.9,14,Delhi,0,DEV_ANDROID_14,0,1682,0,2.26,0,BILL_PAYMENT,0
TXN107619,USR0118,1154.97,855.0,1.351,34.0,232.6,8,Kolkata,0,DEV_IOS_18,1,1543,0,0.87,1,P2P,0
TXN107620,USR0068,770.36,1858.0,0.415,17.3,91.9,11,Chennai,0,DEV_ANDROID_13,0,1739,0,2.09,1,P2P,0
TXN107621,USR0024,6434.84,1043.0,6.17,15.7,234.6,10,Hyderabad,0,DEV_ANDROID_14,0,243,0,0.52,1,P2P,0
TXN107622,USR0101,5041.34,4828.0,1.044,28.1,43.1,17,Mumbai,0,DEV_IOS_18,0,502,0,1.66,0,P2M,0
TXN107623,USR0024,1828.71,1043.0,1.753,12.6,278.0,12,Hyderabad,0,DEV_ANDROID_14,0,258,0,1.32,0,P2M,0
TXN107624,USR0100,1115.76,2121.0,0.526,30.0,69.0,7,Bengaluru,0,DEV_ANDROID_14,0,767,0,0.1,1,P2M,0
TXN107625,USR0058,3018.08,3029.0,0.996,29.8,14.2,8,Kolkata,0,DEV_IOS_18,1,903,0,2.18,1,P2M,0
TXN107626,USR0120,10312.59,3985.0,2.588,25.2,72.5,8,Chennai,0,DEV_IOS_18,0,1148,0,1.45,1,P2P,0
TXN107627,USR0081,12009.46,1873.0,6.412,32.1,44.6,16,Delhi,1,DEV_ANDROID_13,0,928,0,1.93,0,P2M,0
TXN107628,USR0086,4139.36,4098.0,1.01,2.1,278.8,10,Delhi,0,DEV_ANDROID_13,0,1317,0,0.1,1,P2P,0
TXN107629,USR0077,5255.49,4759.0,1.104,9.4,155.8,20,Mumbai,0,DEV_ANDROID_13,0,67,0,1.96,1,P2P,0
TXN107630,USR0049,865.42,835.0,1.036,28.3,26.1,8,Lucknow,1,DEV_IOS_18,0,1124,0,0.5,1,BILL_PAYMENT,0
TXN107631,USR0089,563.74,1008.0,0.559,14.2,554.6,9,Kolkata,0,DEV_ANDROID_14,0,944,0,1.93,1,ONLINE_SHOPPING,0
TXN107632,USR0110,2138.32,3119.0,0.686,12.3,55.7,11,Mumbai,0,DEV_IOS_18,0,1278,0,0.81,1,ONLINE_SHOPPING,0
TXN107633,USR0012,723.36,1109.0,0.652,26.3,323.8,12,Mumbai,0,DEV_IOS_18,0,1291,0,2.42,1,ONLINE_SHOPPING,0
TXN107634,USR0039,1570.97,3193.0,0.492,16.6,171.4,8,Chennai,0,DEV_IOS_18,0,1713,0,1.91,1,BILL_PAYMENT,0
TXN107635,USR0076,32154.02,3835.0,8.384,26.0,11.0,2,Ahmedabad,1,DEV_ANDROID_12,1,508,5,7.74,0,INVESTMENT,1
TXN107636,USR0079,6277.53,2089.0,3.005,23.4,88.7,6,Delhi,1,DEV_ANDROID_14,0,1315,0,0.8,0,P2P,0
TXN107637,USR0125,1083.56,1159.0,0.935,16.5,5.0,14,Bengaluru,0,DEV_IOS_18,0,1138,0,0.93,1,P2P,0
TXN107638,USR0130,1817.25,2863.0,0.635,29.1,183.7,9,Delhi,0,DEV_IOS_18,0,1546,1,1.02,1,P2M,0
TXN107639,USR0137,33187.96,4815.0,6.893,35.4,30.2,10,Chennai,0,DEV_ANDROID_14,0,342,0,1.7,0,P2P,0
TXN107640,USR0085,4822.71,3924.0,1.229,15.6,25.5,20,Kolkata,0,DEV_ANDROID_13,0,759,0,2.21,0,P2M,0
TXN107641,USR0100,13613.99,2121.0,6.419,32.1,79.8,16,Bengaluru,0,DEV_ANDROID_14,0,831,0,0.76,0,P2M,0
TXN107642,USR0101,5599.19,4828.0,1.16,30.1,482.3,11,Mumbai,0,DEV_IOS_18,0,531,1,0.55,1,P2M,0
TXN107643,USR0027,826.79,816.0,1.013,25.1,316.9,17,Hyderabad,0,DEV_IOS_18,0,1445,0,1.8,1,P2P,0
TXN107644,USR0046,1556.0,3064.0,0.508,22.4,139.7,20,Delhi,0,DEV_ANDROID_13,0,367,0,1.46,1,P2P,0
TXN107645,USR0019,6181.54,4271.0,1.447,15.1,202.2,23,Bengaluru,0,DEV_ANDROID_13,0,1609,0,2.34,1,BILL_PAYMENT,0
TXN107646,USR0118,2096.36,855.0,2.452,22.0,0.4,14,Delhi,1,DEV_WEB_CHROME,1,1576,2,6.22,0,P2P,1
TXN107647,USR0056,4358.15,4000.0,1.09,1.8,134.9,18,Bengaluru,0,DEV_IOS_18,0,181,0,2.25,1,P2P,0
TXN107648,USR0130,1380.17,2863.0,0.482,34.2,54.5,9,Delhi,0,DEV_IOS_18,0,1515,0,1.4,1,P2P,0
TXN107649,USR0004,4532.79,989.0,4.583,27.0,15.8,18,Chennai,0,DEV_IOS_18,0,833,0,0.61,1,P2M,0
TXN107650,USR0090,4370.68,4795.0,0.912,20.3,35.5,17,Bengaluru,1,DEV_ANDROID_14,0,536,0,1.16,1,P2M,0
TXN107651,USR0033,1870.5,2282.0,0.82,22.5,30.3,14,Kolkata,0,DEV_IOS_18,0,771,0,0.1,0,P2P,0
TXN107652,USR0092,1147.33,3316.0,0.346,28.3,12.3,12,Hyderabad,0,DEV_WEB_CHROME,1,213,0,0.4,1,P2M,0
TXN107653,USR0101,3916.87,4828.0,0.811,20.7,33.9,18,Mumbai,0,DEV_IOS_18,0,542,2,1.72,1,BILL_PAYMENT,0
TXN107654,USR0104,1193.33,706.0,1.69,17.4,210.1,6,Mumbai,0,DEV_ANDROID_13,0,1110,0,1.44,0,P2P,0
TXN107655,USR0074,1487.48,1853.0,0.803,8.9,189.4,15,Hyderabad,0,DEV_IOS_18,0,1448,0,2.03,1,P2P,0
TXN107656,USR0117,806.18,891.0,0.905,1.0,47.9,12,Mumbai,0,DEV_ANDROID_13,0,781,0,1.16,1,INVESTMENT,0
TXN107657,USR0105,906.21,1284.0,0.706,23.7,193.8,16,Bengaluru,0,DEV_ANDROID_14,0,597,0,0.1,1,P2P,0
TXN107658,USR0008,1940.68,4207.0,0.461,13.6,13.0,13,Mumbai,0,DEV_ANDROID_13,0,1187,0,1.83,1,P2P,0
TXN107659,USR0117,531.82,891.0,0.597,3.8,243.4,23,Mumbai,0,DEV_ANDROID_13,0,748,0,0.21,1,P2P,0
TXN107660,USR0030,1788.07,1476.0,1.211,25.7,74.1,18,Kolkata,0,DEV_ANDROID_14,0,183,0,0.51,1,P2P,0
TXN107661,USR0022,23788.8,3458.0,6.879,16.1,196.5,12,Chennai,0,DEV_ANDROID_13,0,1336,0,1.02,1,P2P,0
TXN107662,USR0087,4449.62,4199.0,1.06,5.4,12.7,11,Mumbai,0,DEV_ANDROID_14,1,854,0,1.01,0,P2M,0
TXN107663,USR0118,459.11,855.0,0.537,30.8,41.3,7,Kolkata,0,DEV_ANDROID_13,0,1553,0,0.98,1,P2P,0
TXN107664,USR0107,2840.42,1116.0,2.545,9.6,5.0,10,Hyderabad,0,DEV_ANDROID_14,0,1098,0,1.9,1,P2P,0
TXN107665,USR0036,645.65,1141.0,0.566,28.0,9.2,21,Bengaluru,0,DEV_ANDROID_13,0,971,0,1.4,0,ONLINE_SHOPPING,0
TXN107666,USR0145,9025.71,4287.0,2.105,14.8,116.3,9,Mumbai,0,DEV_ANDROID_13,0,1413,0,1.9,0,P2P,0
TXN107667,USR0012,746.76,1109.0,0.673,30.1,73.9,10,Mumbai,0,DEV_IOS_18,0,1261,0,1.11,1,P2P,0
TXN107668,USR0064,3995.15,3744.0,1.067,38.3,116.2,12,Hyderabad,0,DEV_ANDROID_13,0,1371,0,1.48,1,BILL_PAYMENT,0
TXN107669,USR0108,925.81,931.0,0.994,19.9,390.1,12,Mumbai,0,DEV_IOS_18,0,64,0,1.37,0,P2M,0
TXN107670,USR0083,725.94,1684.0,0.431,8.7,174.0,12,Delhi,0,DEV_ANDROID_14,0,107,0,0.68,1,P2M,0
TXN107671,USR0142,3872.99,3033.0,1.277,19.3,95.5,13,Hyderabad,0,DEV_ANDROID_14,0,891,0,0.5,1,BILL_PAYMENT,0
TXN107672,USR0042,5066.36,4858.0,1.043,11.2,277.5,18,Delhi,0,DEV_ANDROID_13,0,1427,0,1.36,1,P2P,0
TXN107673,USR0117,283.16,891.0,0.318,6.5,15.5,8,Mumbai,0,DEV_ANDROID_13,0,755,0,0.5,1,P2M,0
TXN107674,USR0075,1486.21,2287.0,0.65,15.2,209.0,7,Hyderabad,1,DEV_WEB_CHROME,1,1642,0,1.97,1,RECHARGE,0
TXN107675,USR0145,5496.81,4287.0,1.282,10.0,59.1,11,Mumbai,0,DEV_ANDROID_13,0,1443,0,1.08,0,P2M,0
TXN107676,USR0036,1636.65,1141.0,1.434,29.6,538.0,17,Bengaluru,0,DEV_ANDROID_13,0,948,0,3.06,1,BILL_PAYMENT,0
TXN107677,USR0142,2328.43,3033.0,0.768,16.8,92.0,13,Hyderabad,0,DEV_ANDROID_14,0,835,0,1.54,1,P2P,0
TXN107678,USR0027,515.51,816.0,0.632,22.0,353.7,15,Hyderabad,0,DEV_IOS_18,0,1484,0,0.77,0,P2P,0
TXN107679,USR0088,6417.05,4666.0,1.375,13.1,43.4,12,Hyderabad,1,DEV_IOS_18,0,736,0,0.8,0,P2M,0
TXN107680,USR0099,3998.62,3865.0,1.035,24.5,91.5,15,Kolkata,0,DEV_ANDROID_13,0,584,0,0.64,1,P2M,0
TXN107681,USR0011,1276.37,2073.0,0.616,21.6,281.5,17,Chennai,0,DEV_ANDROID_14,0,936,0,1.18,1,RECHARGE,0
TXN107682,USR0061,318.75,445.0,0.716,29.5,42.5,16,Bengaluru,0,DEV_ANDROID_13,0,1018,0,1.37,1,ONLINE_SHOPPING,0
TXN107683,USR0109,825.32,1296.0,0.637,5.5,164.8,9,Chennai,0,DEV_ANDROID_14,0,1524,0,0.37,0,P2P,0
TXN107684,USR0097,1125.46,1552.0,0.725,31.6,175.7,10,Delhi,0,DEV_ANDROID_13,0,834,0,1.11,1,P2P,0
TXN107685,USR0047,2114.09,489.0,4.323,21.0,219.0,2,Kochi,1,DEV_WEB_CHROME,1,918,2,2.38,0,P2P,1
TXN107686,USR0007,428.8,823.0,0.521,29.8,392.6,9,Lucknow,1,DEV_ANDROID_14,0,1620,0,0.86,1,P2P,0
TXN107687,USR0103,3678.87,4267.0,0.862,27.5,215.9,12,Kolkata,0,DEV_ANDROID_13,0,1776,0,0.25,1,P2P,0
TXN107688,USR0053,3750.42,1779.0,2.108,36.9,190.1,8,Chennai,0,DEV_ANDROID_14,0,1840,0,0.55,0,P2P,0
TXN107689,USR0148,2816.76,1934.0,1.456,23.5,249.4,12,Chennai,0,DEV_ANDROID_13,0,1628,0,1.08,1,P2P,0
TXN107690,USR0095,4353.86,2387.0,1.824,21.9,272.2,18,Chennai,0,DEV_ANDROID_13,0,1143,0,1.03,1,RECHARGE,0
TXN107691,USR0029,1529.93,1672.0,0.915,17.4,285.7,13,Kolkata,0,DEV_ANDROID_14,0,1816,0,1.45,0,P2M,0
TXN107692,USR0070,6047.3,4705.0,1.285,9.0,57.4,11,Delhi,0,DEV_ANDROID_13,0,355,0,1.5,1,INVESTMENT,0
TXN107693,USR0150,3004.44,1846.0,1.628,11.1,307.6,12,Delhi,1,DEV_IOS_18,0,331,0,0.31,1,P2M,0
TXN107694,USR0130,23787.06,2863.0,8.308,16.0,22.2,0,Mumbai,1,DEV_UNKNOWN,1,1538,6,6.67,0,INVESTMENT,1
TXN107695,USR0016,5344.39,1443.0,3.704,21.5,140.7,9,Bengaluru,0,DEV_ANDROID_14,0,1238,0,1.05,0,P2P,0
TXN107696,USR0113,1947.36,2668.0,0.73,8.3,58.9,9,Hyderabad,0,DEV_ANDROID_14,0,1611,2,1.35,1,BILL_PAYMENT,0
TXN107697,USR0105,967.64,1284.0,0.754,27.3,989.9,18,Jaipur,1,DEV_ANDROID_14,0,636,0,1.64,1,P2P,0
TXN107698,USR0064,6755.19,3744.0,1.804,36.9,124.4,9,Hyderabad,0,DEV_ANDROID_13,0,1391,0,1.6,1,P2M,0
TXN107699,USR0052,608.82,875.0,0.696,16.6,38.2,15,Mumbai,0,DEV_WEB_CHROME,1,1083,0,0.14,1,P2P,0
TXN107700,USR0043,30166.38,4029.0,7.487,17.7,86.1,16,Delhi,0,DEV_WEB_CHROME,1,1377,0,1.37,1,P2P,0
TXN107701,USR0017,5096.12,1139.0,4.474,31.0,1.9,1,Jaipur,1,DEV_ANDROID_12,1,1197,2,10.16,0,ONLINE_SHOPPING,1
TXN107702,USR0024,4174.78,1043.0,4.003,11.0,15.5,19,Hyderabad,0,DEV_ANDROID_14,0,247,1,3.83,0,P2P,1
TXN107703,USR0038,12220.75,2152.0,5.679,30.0,189.0,2,Chennai,1,DEV_UNKNOWN,1,565,3,4.78,0,P2P,1
TXN107704,USR0130,1712.77,2863.0,0.598,35.4,518.6,13,Delhi,0,DEV_IOS_18,0,1550,0,1.74,1,RECHARGE,0
TXN107705,USR0035,4705.29,3949.0,1.192,31.4,40.0,10,Mumbai,0,DEV_ANDROID_14,0,1276,0,0.44,1,P2P,0
TXN107706,USR0084,33360.0,960.0,34.75,16.0,28.8,18,Delhi,1,DEV_ANDROID_12,1,973,3,4.24,0,INVESTMENT,1
TXN107707,USR0144,2134.51,2663.0,0.802,15.8,40.3,15,Chennai,0,DEV_IOS_18,0,1149,0,1.11,1,BILL_PAYMENT,0
TXN107708,USR0081,1639.74,1873.0,0.875,33.8,215.1,21,Kolkata,0,DEV_ANDROID_13,0,937,0,0.83,1,ONLINE_SHOPPING,0
TXN107709,USR0066,1994.26,572.0,3.486,5.5,24.4,10,Delhi,0,DEV_ANDROID_14,0,1062,0,1.81,0,P2P,0
TXN107710,USR0015,4456.46,2529.0,1.762,11.1,315.6,13,Pune,1,DEV_ANDROID_14,0,1291,0,1.02,0,ONLINE_SHOPPING,0
TXN107711,USR0100,1432.61,2121.0,0.675,20.6,216.0,9,Bengaluru,0,DEV_ANDROID_14,0,799,0,1.37,1,P2P,0
TXN107712,USR0043,4271.11,4029.0,1.06,18.6,25.0,10,Pune,1,DEV_ANDROID_13,0,1328,0,2.2,1,P2P,0
TXN107713,USR0043,2957.32,4029.0,0.734,18.5,16.6,19,Delhi,0,DEV_ANDROID_13,0,1344,0,1.55,0,P2M,0
TXN107714,USR0043,7455.08,4029.0,1.85,21.1,116.1,10,Ahmedabad,1,DEV_ANDROID_13,0,1385,0,1.34,1,P2M,0
TXN107715,USR0047,431.03,489.0,0.881,35.3,178.7,7,Bengaluru,0,DEV_ANDROID_13,0,890,0,0.78,1,P2P,0
TXN107716,USR0041,2960.28,2677.0,1.106,29.0,126.9,10,Bengaluru,0,DEV_ANDROID_13,0,870,0,1.66,1,P2P,0
TXN107717,USR0059,3194.26,4787.0,0.667,17.9,59.3,14,Chennai,0,DEV_ANDROID_14,0,1049,0,0.68,0,P2P,0
TXN107718,USR0023,2752.76,2955.0,0.932,19.8,49.8,16,Delhi,0,DEV_ANDROID_13,0,951,0,0.1,1,P2M,0
TXN107719,USR0035,4161.84,3949.0,1.054,19.6,169.2,7,Mumbai,0,DEV_ANDROID_14,0,1292,0,1.86,0,P2P,0
TXN107720,USR0122,2488.42,2765.0,0.9,35.5,9.9,13,Jaipur,1,DEV_ANDROID_14,0,1585,0,0.89,1,BILL_PAYMENT,0
TXN107721,USR0056,4066.77,4000.0,1.017,5.3,41.6,18,Bengaluru,0,DEV_IOS_18,0,177,0,1.7,0,P2M,0
TXN107722,USR0141,658.85,1171.0,0.563,9.2,176.2,16,Hyderabad,0,DEV_IOS_18,0,307,0,0.54,1,P2P,0
TXN107723,USR0004,648.6,989.0,0.656,24.3,34.7,7,Chennai,0,DEV_IOS_18,0,869,0,1.89,1,P2M,0
TXN107724,USR0128,5110.93,1765.0,2.896,8.0,43.0,5,Lucknow,1,DEV_ANDROID_14,0,1764,2,4.63,0,P2P,1
TXN107725,USR0085,1791.0,3924.0,0.456,14.8,166.6,12,Kolkata,0,DEV_ANDROID_13,0,767,0,1.64,1,ONLINE_SHOPPING,0
TXN107726,USR0005,1207.99,1239.0,0.975,31.4,373.9,15,Hyderabad,0,DEV_IOS_18,0,1464,0,0.6,1,P2P,0
TXN107727,USR0023,3511.49,2955.0,1.188,17.8,154.9,20,Delhi,0,DEV_ANDROID_14,1,958,0,1.05,0,P2M,0
TXN107728,USR0050,2647.95,2312.0,1.145,27.5,490.5,13,Mumbai,0,DEV_ANDROID_13,0,118,0,0.79,1,P2P,0
TXN107729,USR0135,3121.59,3326.0,0.939,7.1,502.9,15,Chandigarh,1,DEV_IOS_18,0,1155,0,0.46,0,P2M,0
TXN107730,USR0035,3377.55,3949.0,0.855,25.9,131.0,23,Mumbai,0,DEV_ANDROID_14,0,1315,0,1.66,1,P2P,0
TXN107731,USR0066,541.79,572.0,0.947,11.4,21.8,13,Delhi,0,DEV_ANDROID_14,0,995,0,0.52,1,INVESTMENT,0
TXN107732,USR0015,3265.21,2529.0,1.291,13.4,99.3,11,Chennai,0,DEV_ANDROID_14,0,1291,0,1.52,1,P2P,0
TXN107733,USR0070,2829.23,4705.0,0.601,5.1,97.6,13,Delhi,0,DEV_ANDROID_13,0,363,0,1.09,1,BILL_PAYMENT,0
TXN107734,USR0042,5731.76,4858.0,1.18,12.5,393.1,12,Delhi,0,DEV_ANDROID_13,0,1465,0,0.46,1,P2M,0
TXN107735,USR0065,3514.84,3227.0,1.089,26.5,115.7,15,Delhi,0,DEV_ANDROID_14,0,1784,0,0.99,0,ONLINE_SHOPPING,0
TXN107736,USR0076,2271.72,3835.0,0.592,17.8,125.7,9,Mumbai,0,DEV_ANDROID_13,0,528,0,2.62,1,ONLINE_SHOPPING,0
TXN107737,USR0123,3642.24,4007.0,0.909,19.0,265.9,17,Kolkata,0,DEV_IOS_18,0,1229,0,1.31,1,P2P,0
TXN107738,USR0123,2394.48,4007.0,0.598,19.6,45.0,16,Kolkata,0,DEV_IOS_18,0,1274,0,2.28,0,P2P,0
TXN107739,USR0063,572.88,946.0,0.606,12.5,19.3,17,Hyderabad,0,DEV_ANDROID_13,0,498,0,0.92,1,BILL_PAYMENT,0
TXN107740,USR0099,3171.13,3865.0,0.82,22.9,9.5,9,Kolkata,0,DEV_ANDROID_13,0,557,0,1.32,0,ONLINE_SHOPPING,0
TXN107741,USR0134,2644.46,4359.0,0.607,35.7,244.5,15,Chennai,0,DEV_IOS_18,0,312,0,1.74,0,RECHARGE,0
TXN107742,USR0110,7026.42,3119.0,2.253,20.2,61.5,18,Mumbai,0,DEV_IOS_18,0,1271,0,2.23,1,P2M,0
TXN107743,USR0062,4537.74,2948.0,1.539,21.5,285.2,8,Mumbai,0,DEV_ANDROID_14,0,249,0,0.85,1,INVESTMENT,0
TXN107744,USR0022,3025.7,3458.0,0.875,16.0,424.6,21,Chennai,0,DEV_ANDROID_13,0,1297,0,0.97,0,P2M,0
TXN107745,USR0075,14722.1,2287.0,6.437,27.0,17.0,20,Bengaluru,0,DEV_WEB_CHROME,1,1643,3,9.29,0,P2M,1
TXN107746,USR0103,4781.34,4267.0,1.121,33.8,77.1,15,Kolkata,0,DEV_ANDROID_13,0,1766,1,0.41,0,P2P,0
TXN107747,USR0145,2451.2,4287.0,0.572,2.8,286.5,19,Mumbai,0,DEV_ANDROID_13,0,1459,0,0.71,0,P2P,0
TXN107748,USR0041,1129.92,2677.0,0.422,26.4,15.6,13,Bengaluru,0,DEV_ANDROID_13,0,876,0,0.85,1,RECHARGE,0
TXN107749,USR0057,25614.2,3487.0,7.346,26.0,26.0,18,Chennai,1,DEV_IOS_18,0,838,5,3.65,1,P2P,1
TXN107750,USR0019,9157.35,4271.0,2.144,44.0,2.3,14,Mumbai,1,DEV_IOS_18,1,1608,5,8.47,0,P2P,1
TXN107751,USR0118,411.09,855.0,0.481,34.3,117.4,11,Kolkata,0,DEV_ANDROID_13,0,1531,0,2.24,1,P2P,0
TXN107752,USR0004,810.63,989.0,0.82,30.3,83.0,8,Chennai,0,DEV_WEB_CHROME,1,821,0,0.93,1,P2P,0
TXN107753,USR0011,1461.11,2073.0,0.705,19.5,8.0,13,Chennai,0,DEV_ANDROID_14,0,968,0,0.59,0,ONLINE_SHOPPING,0
TXN107754,USR0089,689.21,1008.0,0.684,22.4,38.0,11,Kolkata,0,DEV_ANDROID_14,0,915,0,2.04,0,P2M,0
TXN107755,USR0080,1740.88,1303.0,1.336,13.2,110.4,17,Kolkata,0,DEV_ANDROID_14,0,565,0,1.49,1,P2M,0
TXN107756,USR0056,2674.67,4000.0,0.669,1.7,982.3,19,Bengaluru,0,DEV_IOS_18,0,220,0,0.81,1,ONLINE_SHOPPING,0
TXN107757,USR0140,17393.15,3114.0,5.585,1.0,494.5,9,Pune,1,DEV_ANDROID_13,0,222,0,1.33,1,P2M,0
TXN107758,USR0069,1157.64,3260.0,0.355,17.4,139.1,17,Hyderabad,0,DEV_ANDROID_14,0,1612,0,0.66,1,P2M,0
TXN107759,USR0128,2849.7,1765.0,1.615,28.0,74.4,20,Chennai,0,DEV_ANDROID_14,0,1733,0,1.82,1,P2M,0
TXN107760,USR0141,1607.51,1171.0,1.373,11.6,315.4,13,Hyderabad,0,DEV_IOS_18,0,273,0,1.22,1,BILL_PAYMENT,0
TXN107761,USR0047,3271.09,489.0,6.689,24.9,71.0,20,Jaipur,1,DEV_ANDROID_13,0,937,0,1.54,1,P2P,0
TXN107762,USR0018,2057.26,1836.0,1.121,23.9,28.7,11,Chennai,0,DEV_ANDROID_14,0,1504,0,1.36,0,P2M,0
TXN107763,USR0054,2879.31,1995.0,1.443,23.3,24.5,18,Hyderabad,0,DEV_ANDROID_13,1,1129,0,2.01,0,ONLINE_SHOPPING,0
TXN107764,USR0053,1204.15,1779.0,0.677,35.3,27.5,14,Jaipur,1,DEV_ANDROID_14,0,1821,0,1.35,1,P2M,0
TXN107765,USR0009,6613.82,3622.0,1.826,12.9,123.4,13,Mumbai,0,DEV_ANDROID_13,0,135,0,2.02,1,P2M,0
TXN107766,USR0085,2508.04,3924.0,0.639,29.0,179.6,15,Chennai,1,DEV_ANDROID_13,0,825,0,1.28,0,P2M,0
TXN107767,USR0014,1015.6,2104.0,0.483,7.6,125.8,14,Delhi,0,DEV_ANDROID_13,0,873,0,1.88,1,ONLINE_SHOPPING,0
TXN107768,USR0060,2515.61,2418.0,1.04,16.2,99.0,12,Hyderabad,0,DEV_ANDROID_13,0,81,0,1.68,0,P2P,0
TXN107769,USR0054,6079.0,1995.0,3.047,19.3,317.6,9,Hyderabad,0,DEV_IOS_18,0,1077,1,1.03,0,P2P,0
TXN107770,USR0147,11052.34,4639.0,2.382,32.9,85.2,17,Pune,1,DEV_IOS_18,0,432,0,0.1,1,P2M,0
TXN107771,USR0147,4264.58,4639.0,0.919,26.3,33.6,13,Kolkata,1,DEV_IOS_18,0,385,0,0.85,0,P2P,0
TXN107772,USR0097,3213.25,1552.0,2.07,27.8,112.0,9,Delhi,0,DEV_ANDROID_13,0,899,0,2.07,0,P2M,0
TXN107773,USR0054,1849.36,1995.0,0.927,21.1,247.3,17,Hyderabad,0,DEV_IOS_18,0,1115,1,1.73,0,RECHARGE,0
TXN107774,USR0096,597.08,482.0,1.239,24.3,25.0,15,Chennai,0,DEV_WEB_CHROME,1,223,0,0.1,0,P2M,0
TXN107775,USR0136,763.16,788.0,0.968,17.6,250.6,16,Chennai,0,DEV_IOS_18,0,1745,0,1.71,0,P2P,0
TXN107776,USR0049,1192.92,835.0,1.429,20.0,111.9,12,Mumbai,0,DEV_IOS_18,0,1201,0,1.93,1,P2M,0
TXN107777,USR0098,10501.61,2841.0,3.696,30.0,115.0,2,Delhi,0,DEV_UNKNOWN,1,1150,3,6.74,0,P2P,1
TXN107778,USR0115,9570.33,1698.0,5.636,6.2,97.5,8,Kolkata,0,DEV_IOS_18,0,39,0,0.84,0,BILL_PAYMENT,0
TXN107779,USR0126,2102.3,2090.0,1.006,24.5,432.2,12,Lucknow,1,DEV_IOS_18,0,664,0,0.6,1,ONLINE_SHOPPING,0
TXN107780,USR0089,4098.26,1008.0,4.066,25.0,297.0,5,Chennai,1,DEV_UNKNOWN,1,975,3,7.13,0,P2P,1
TXN107781,USR0145,6868.03,4287.0,1.602,9.6,23.9,20,Mumbai,0,DEV_ANDROID_13,0,1480,0,0.8,1,P2P,0
TXN107782,USR0005,5015.77,1239.0,4.048,28.9,38.1,13,Hyderabad,0,DEV_IOS_18,0,1393,0,1.03,1,ONLINE_SHOPPING,0
TXN107783,USR0073,767.72,1427.0,0.538,33.4,283.9,22,Kolkata,0,DEV_ANDROID_13,0,255,0,0.31,0,P2M,0
TXN107784,USR0063,894.53,946.0,0.946,12.4,96.8,13,Hyderabad,0,DEV_ANDROID_13,0,517,2,2.01,0,P2M,0
TXN107785,USR0040,535.47,942.0,0.568,6.3,84.5,20,Mumbai,0,DEV_IOS_18,0,1716,0,2.39,1,P2M,0
TXN107786,USR0086,3427.52,4098.0,0.836,9.4,143.4,14,Delhi,0,DEV_ANDROID_13,0,1306,0,0.57,1,P2M,0
TXN107787,USR0045,4582.02,3638.0,1.259,16.0,92.2,10,Mumbai,0,DEV_IOS_18,0,1301,0,1.16,1,P2M,0
TXN107788,USR0027,3446.3,816.0,4.223,15.0,23.1,15,Hyderabad,0,DEV_UNKNOWN,1,1451,0,2.87,0,P2P,1
TXN107789,USR0119,1349.19,1503.0,0.898,34.3,54.3,19,Chennai,0,DEV_ANDROID_13,0,589,0,1.51,1,BILL_PAYMENT,0
TXN107790,USR0048,2890.0,2387.0,1.211,16.6,131.4,10,Chennai,0,DEV_IOS_18,0,1142,0,1.06,0,BILL_PAYMENT,0
TXN107791,USR0094,3372.64,3141.0,1.074,9.1,185.8,20,Kolkata,0,DEV_ANDROID_14,0,1721,0,0.25,0,P2P,0
TXN107792,USR0143,5109.36,3747.0,1.364,29.7,128.3,11,Chennai,0,DEV_IOS_18,0,1715,0,0.96,1,P2M,0
TXN107793,USR0128,1832.13,1765.0,1.038,28.8,233.4,13,Chennai,0,DEV_ANDROID_14,0,1730,0,0.1,0,ONLINE_SHOPPING,0
TXN107794,USR0008,3544.44,4207.0,0.843,5.8,76.4,14,Mumbai,0,DEV_ANDROID_13,0,1172,0,1.51,1,P2P,0
TXN107795,USR0146,1245.26,803.0,1.551,20.8,228.2,6,Mumbai,0,DEV_ANDROID_13,0,1182,0,1.59,1,INVESTMENT,0
TXN107796,USR0122,2945.3,2765.0,1.065,38.5,113.8,17,Hyderabad,0,DEV_ANDROID_14,0,1559,1,0.97,1,P2P,0
TXN107797,USR0038,29085.59,2152.0,13.516,42.0,11.5,9,Bengaluru,0,DEV_ANDROID_14,0,601,1,8.69,0,P2P,1
TXN107798,USR0074,1261.43,1853.0,0.681,1.8,67.6,14,Hyderabad,0,DEV_IOS_18,0,1443,0,0.16,0,INVESTMENT,0
TXN107799,USR0104,387.01,706.0,0.548,20.9,297.3,6,Mumbai,0,DEV_WEB_CHROME,1,1080,0,1.18,1,P2M,0
TXN107800,USR0079,878.24,2089.0,0.42,21.1,273.7,11,Chennai,0,DEV_ANDROID_14,0,1334,0,1.3,1,BILL_PAYMENT,0
TXN107801,USR0113,3107.85,2668.0,1.165,12.9,140.2,11,Hyderabad,0,DEV_ANDROID_14,0,1603,0,1.91,1,INVESTMENT,0
TXN107802,USR0099,4330.35,3865.0,1.12,25.5,308.0,22,Kolkata,0,DEV_ANDROID_13,0,575,0,1.4,1,P2P,0
TXN107803,USR0043,4071.81,4029.0,1.011,20.0,266.5,17,Delhi,0,DEV_ANDROID_13,0,1332,0,1.08,1,P2M,0
TXN107804,USR0139,10751.13,4684.0,2.295,33.1,101.7,7,Kolkata,0,DEV_ANDROID_13,0,233,0,0.29,1,P2M,0
TXN107805,USR0079,3229.88,2089.0,1.546,19.9,5.0,16,Chennai,0,DEV_ANDROID_14,0,1325,0,2.65,1,P2P,0
TXN107806,USR0146,1780.5,803.0,2.217,23.1,58.0,12,Kolkata,1,DEV_ANDROID_13,0,1206,0,1.53,1,P2P,0
TXN107807,USR0064,5016.24,3744.0,1.34,36.3,5.0,11,Hyderabad,0,DEV_ANDROID_13,0,1374,0,2.18,1,BILL_PAYMENT,0
TXN107808,USR0110,2366.81,3119.0,0.759,22.8,164.4,16,Mumbai,0,DEV_IOS_18,0,1278,0,1.33,0,P2M,0
TXN107809,USR0115,1491.54,1698.0,0.878,4.9,191.9,16,Kolkata,0,DEV_IOS_18,0,39,1,1.91,0,P2M,0
TXN107810,USR0062,1617.11,2948.0,0.549,13.9,218.6,9,Mumbai,0,DEV_ANDROID_14,0,279,0,1.3,1,RECHARGE,0
TXN107811,USR0033,1590.62,2282.0,0.697,23.7,549.5,16,Chandigarh,1,DEV_IOS_18,0,787,0,1.1,1,P2P,0
TXN107812,USR0047,1404.82,489.0,2.873,21.8,39.3,7,Bengaluru,0,DEV_ANDROID_13,0,912,0,0.52,1,P2P,0
TXN107813,USR0110,2071.57,3119.0,0.664,18.0,693.4,15,Hyderabad,1,DEV_IOS_18,0,1251,0,0.93,0,P2M,0
TXN107814,USR0072,5302.93,4501.0,1.178,2.9,113.8,9,Delhi,1,DEV_ANDROID_14,0,1364,0,0.17,1,BILL_PAYMENT,0
TXN107815,USR0013,1775.15,2086.0,0.851,29.8,100.4,16,Kolkata,0,DEV_ANDROID_13,0,803,0,1.09,1,P2M,0
TXN107816,USR0144,1337.02,2663.0,0.502,13.9,108.0,18,Chennai,0,DEV_IOS_18,0,1111,0,1.33,0,INVESTMENT,0
TXN107817,USR0084,513.05,960.0,0.534,16.7,494.7,16,Chennai,0,DEV_ANDROID_13,0,976,0,1.32,1,P2P,0
TXN107818,USR0054,1255.09,1995.0,0.629,18.7,178.8,13,Hyderabad,0,DEV_IOS_18,0,1073,0,2.19,1,ONLINE_SHOPPING,0
TXN107819,USR0049,1462.41,835.0,1.751,26.3,526.7,9,Mumbai,0,DEV_IOS_18,0,1189,1,1.04,0,P2P,0
TXN107820,USR0017,1193.96,1139.0,1.048,25.3,47.5,11,Kolkata,0,DEV_IOS_18,0,1195,0,0.73,1,ONLINE_SHOPPING,0
TXN107821,USR0035,5435.05,3949.0,1.376,25.4,122.1,21,Mumbai,0,DEV_ANDROID_14,0,1291,0,1.41,1,P2P,0
TXN107822,USR0073,927.73,1427.0,0.65,31.4,258.3,16,Kolkata,0,DEV_ANDROID_13,0,259,0,1.4,1,ONLINE_SHOPPING,0
TXN107823,USR0064,2654.87,3744.0,0.709,32.6,193.8,14,Hyderabad,0,DEV_ANDROID_13,0,1412,0,0.54,0,P2P,0
TXN107824,USR0135,2658.19,3326.0,0.799,10.3,122.1,10,Kolkata,0,DEV_WEB_CHROME,1,1161,0,1.48,1,P2M,0
TXN107825,USR0137,18473.17,4815.0,3.837,37.0,15.2,17,Hyderabad,1,DEV_UNKNOWN,1,352,6,8.45,0,INVESTMENT,1
TXN107826,USR0086,5426.72,4098.0,1.324,1.0,110.3,15,Delhi,0,DEV_ANDROID_13,0,1297,0,1.47,1,INVESTMENT,0
TXN107827,USR0014,2133.92,2104.0,1.014,10.4,87.6,20,Mumbai,1,DEV_ANDROID_13,0,920,0,2.07,0,P2M,0
TXN107828,USR0042,4351.12,4858.0,0.896,13.7,259.5,13,Delhi,0,DEV_ANDROID_13,0,1412,0,1.75,1,P2M,0
TXN107829,USR0119,1320.61,1503.0,0.879,34.2,75.4,15,Chennai,0,DEV_ANDROID_13,0,643,0,1.33,1,P2M,0
TXN107830,USR0123,1922.49,4007.0,0.48,14.6,83.6,9,Kolkata,0,DEV_IOS_18,0,1298,0,1.3,0,P2P,0
TXN107831,USR0017,1540.27,1139.0,1.352,29.3,274.4,11,Kolkata,0,DEV_ANDROID_14,1,1134,0,1.57,0,P2P,0
TXN107832,USR0046,12529.09,3064.0,4.089,24.0,130.8,13,Delhi,0,DEV_ANDROID_13,0,366,0,1.11,1,P2M,0
TXN107833,USR0056,3711.99,4000.0,0.928,9.5,8.1,8,Bengaluru,0,DEV_IOS_18,0,183,0,1.07,1,P2M,0
TXN107834,USR0065,2575.52,3227.0,0.798,37.0,170.4,17,Delhi,0,DEV_ANDROID_14,0,1810,0,1.3,1,BILL_PAYMENT,0
TXN107835,USR0011,1334.62,2073.0,0.644,19.6,85.7,13,Chennai,0,DEV_IOS_18,1,915,0,0.48,0,BILL_PAYMENT,0
TXN107836,USR0110,5564.32,3119.0,1.784,21.1,264.2,17,Mumbai,0,DEV_IOS_18,0,1281,0,2.3,1,BILL_PAYMENT,0
TXN107837,USR0098,3961.44,2841.0,1.394,28.4,81.7,13,Ahmedabad,1,DEV_IOS_18,0,1090,0,0.1,1,ONLINE_SHOPPING,0
TXN107838,USR0108,521.93,931.0,0.561,21.1,394.9,10,Mumbai,0,DEV_IOS_18,0,67,0,1.49,0,P2P,0
TXN107839,USR0072,2329.68,4501.0,0.518,6.9,335.8,11,Kolkata,0,DEV_ANDROID_14,0,1363,0,0.38,1,P2P,0
TXN107840,USR0011,1277.96,2073.0,0.616,22.9,106.9,8,Chennai,0,DEV_ANDROID_14,0,922,0,0.69,1,ONLINE_SHOPPING,0
TXN107841,USR0030,1705.47,1476.0,1.155,31.5,120.3,21,Kolkata,0,DEV_ANDROID_14,0,164,0,1.26,1,P2M,0
TXN107842,USR0134,3780.06,4359.0,0.867,33.0,588.4,17,Chennai,0,DEV_IOS_18,0,318,1,1.06,1,P2P,0
TXN107843,USR0144,3914.66,2663.0,1.47,9.9,57.4,20,Chennai,0,DEV_IOS_18,0,1113,2,0.41,1,P2M,0
TXN107844,USR0074,3302.12,1853.0,1.782,6.9,650.9,21,Hyderabad,0,DEV_IOS_18,0,1440,0,0.94,1,BILL_PAYMENT,0
TXN107845,USR0015,1063.86,2529.0,0.421,6.9,724.8,6,Chennai,0,DEV_ANDROID_14,0,1300,0,1.12,1,ONLINE_SHOPPING,0
TXN107846,USR0110,3945.53,3119.0,1.265,24.8,409.1,14,Mumbai,0,DEV_IOS_18,0,1234,0,0.73,1,P2M,0
TXN107847,USR0103,31706.72,4267.0,7.431,27.0,192.1,15,Kolkata,0,DEV_ANDROID_13,0,1772,0,0.69,1,ONLINE_SHOPPING,0
TXN107848,USR0099,5427.65,3865.0,1.404,18.4,6.0,15,Kolkata,0,DEV_ANDROID_13,0,555,0,2.67,1,P2M,0
TXN107849,USR0139,4748.94,4684.0,1.014,36.8,47.1,17,Kolkata,0,DEV_ANDROID_13,0,247,0,1.36,1,P2M,0
TXN107850,USR0070,27240.26,4705.0,5.79,12.0,276.0,5,Delhi,0,DEV_WEB_CHROME,1,309,3,4.96,0,P2P,1
TXN107851,USR0085,5850.42,3924.0,1.491,21.1,228.7,8,Kolkata,0,DEV_ANDROID_13,0,780,0,1.2,1,BILL_PAYMENT,0
TXN107852,USR0053,2043.28,1779.0,1.149,30.3,257.5,17,Chennai,0,DEV_ANDROID_14,0,1840,0,1.3,1,P2M,0
TXN107853,USR0063,996.33,946.0,1.053,13.3,5.0,16,Hyderabad,0,DEV_ANDROID_13,0,452,0,1.76,1,P2P,0
TXN107854,USR0001,3574.07,3411.0,1.048,16.3,29.2,13,Mumbai,0,DEV_ANDROID_13,0,821,0,1.67,1,BILL_PAYMENT,0
TXN107855,USR0030,2461.44,1476.0,1.668,29.4,25.5,15,Kolkata,0,DEV_ANDROID_14,0,141,0,1.7,0,ONLINE_SHOPPING,0
TXN107856,USR0056,2411.33,4000.0,0.603,10.1,699.1,10,Bengaluru,0,DEV_IOS_18,0,212,0,1.44,1,P2M,0
TXN107857,USR0087,4689.77,4199.0,1.117,13.7,324.8,14,Mumbai,0,DEV_ANDROID_13,0,809,0,1.63,1,P2M,0
TXN107858,USR0074,1717.92,1853.0,0.927,4.7,23.6,9,Hyderabad,0,DEV_IOS_18,0,1406,0,1.44,1,P2M,0
TXN107859,USR0133,400.44,561.0,0.714,14.9,72.3,13,Delhi,0,DEV_ANDROID_13,0,1084,0,1.7,0,P2P,0
TXN107860,USR0148,2203.19,1934.0,1.139,23.9,7.4,21,Chennai,0,DEV_ANDROID_13,0,1625,0,1.44,1,P2P,0
TXN107861,USR0079,1230.27,2089.0,0.589,16.2,24.7,17,Mumbai,1,DEV_ANDROID_14,0,1303,0,1.01,1,BILL_PAYMENT,0
TXN107862,USR0028,342.4,541.0,0.633,10.2,65.4,15,Delhi,0,DEV_IOS_18,0,851,0,0.61,0,BILL_PAYMENT,0
TXN107863,USR0015,3220.22,2529.0,1.273,4.5,107.6,6,Chennai,0,DEV_ANDROID_14,0,1244,0,1.77,0,P2P,0
TXN107864,USR0077,3677.01,4759.0,0.773,14.5,53.6,13,Mumbai,0,DEV_ANDROID_13,0,86,0,2.15,1,ONLINE_SHOPPING,0
TXN107865,USR0004,912.95,989.0,0.923,34.7,119.9,17,Chennai,0,DEV_IOS_18,0,885,0,0.74,1,P2M,0
TXN107866,USR0012,1816.87,1109.0,1.638,19.6,17.4,13,Mumbai,0,DEV_IOS_18,0,1218,0,0.1,0,P2M,0
TXN107867,USR0002,8562.74,3607.0,2.374,9.6,156.4,11,Kolkata,0,DEV_ANDROID_14,0,249,0,1.99,1,P2P,0
TXN107868,USR0123,1971.97,4007.0,0.492,18.9,171.1,10,Kolkata,0,DEV_IOS_18,0,1282,0,0.8,0,INVESTMENT,0
TXN107869,USR0100,2377.94,2121.0,1.121,28.5,75.6,14,Bengaluru,0,DEV_ANDROID_14,0,799,0,0.45,1,P2M,0
TXN107870,USR0149,3752.81,3318.0,1.131,12.7,406.2,14,Chennai,0,DEV_ANDROID_13,0,1477,0,1.1,0,P2P,0
TXN107871,USR0077,9480.17,4759.0,1.992,13.2,100.6,17,Mumbai,0,DEV_ANDROID_13,0,135,0,1.66,1,RECHARGE,0
TXN107872,USR0049,965.93,835.0,1.157,23.9,23.8,14,Mumbai,0,DEV_IOS_18,0,1201,0,1.36,1,P2P,0
TXN107873,USR0149,3446.67,3318.0,1.039,14.0,66.0,7,Chennai,0,DEV_ANDROID_13,0,1495,0,1.39,1,P2M,0
TXN107874,USR0073,2983.53,1427.0,2.091,38.0,137.1,15,Kolkata,0,DEV_ANDROID_13,0,244,0,1.2,1,P2M,0
TXN107875,USR0118,1036.38,855.0,1.212,24.4,153.6,9,Kolkata,0,DEV_ANDROID_13,0,1522,0,2.01,0,P2M,0
TXN107876,USR0106,564.58,1061.0,0.532,29.7,58.6,14,Hyderabad,1,DEV_ANDROID_13,0,1682,1,1.16,1,P2M,0
TXN107877,USR0031,2825.58,4621.0,0.611,15.4,130.9,16,Kolkata,0,DEV_ANDROID_14,0,778,0,0.35,1,P2P,0
TXN107878,USR0101,5136.35,4828.0,1.064,30.0,59.5,15,Mumbai,0,DEV_IOS_18,0,505,0,1.27,0,P2P,0
TXN107879,USR0025,4725.41,3410.0,1.386,15.0,153.2,12,Bengaluru,0,DEV_ANDROID_13,0,1525,0,1.56,1,P2P,0
TXN107880,USR0062,4454.01,2948.0,1.511,16.4,22.6,19,Mumbai,0,DEV_ANDROID_14,0,275,0,1.26,1,INVESTMENT,0
TXN107881,USR0073,2494.0,1427.0,1.748,34.4,69.4,9,Kolkata,0,DEV_ANDROID_13,0,223,0,2.0,0,P2P,0
TXN107882,USR0086,8799.08,4098.0,2.147,10.2,5.0,10,Delhi,0,DEV_ANDROID_13,0,1334,0,0.7,1,P2M,0
TXN107883,USR0059,6417.48,4787.0,1.341,14.9,544.6,17,Chennai,0,DEV_ANDROID_14,0,1048,0,0.78,1,P2M,0
TXN107884,USR0065,2407.66,3227.0,0.746,37.2,108.6,9,Delhi,0,DEV_ANDROID_14,0,1786,0,1.66,1,BILL_PAYMENT,0
TXN107885,USR0146,3650.95,803.0,4.547,36.0,0.3,16,Delhi,1,DEV_ANDROID_14,1,1247,3,8.3,0,ONLINE_SHOPPING,1
TXN107886,USR0132,5046.35,3311.0,1.524,7.0,81.6,12,Hyderabad,0,DEV_ANDROID_13,0,554,0,1.17,1,P2P,0
TXN107887,USR0123,4408.52,4007.0,1.1,12.6,271.1,11,Kolkata,0,DEV_IOS_18,0,1294,0,1.84,1,BILL_PAYMENT,0
TXN107888,USR0006,7897.24,4184.0,1.887,19.1,151.6,11,Hyderabad,0,DEV_IOS_18,0,819,0,1.18,1,P2M,0
TXN107889,USR0006,14012.39,4184.0,3.349,29.0,155.0,5,Hyderabad,0,DEV_IOS_18,0,838,3,5.01,0,P2P,1
TXN107890,USR0118,590.41,855.0,0.691,26.0,466.9,16,Kolkata,0,DEV_ANDROID_13,0,1510,0,0.42,1,P2P,0
TXN107891,USR0116,4165.44,2809.0,1.483,30.3,20.0,7,Delhi,1,DEV_ANDROID_13,0,246,0,0.75,1,RECHARGE,0
TXN107892,USR0134,7902.59,4359.0,1.813,34.3,294.1,20,Chennai,0,DEV_IOS_18,0,253,0,1.09,1,ONLINE_SHOPPING,0
TXN107893,USR0084,631.23,960.0,0.658,13.9,691.5,10,Chennai,0,DEV_ANDROID_13,0,976,0,0.92,1,ONLINE_SHOPPING,0
TXN107894,USR0038,3769.67,2152.0,1.752,11.2,433.6,17,Bengaluru,0,DEV_ANDROID_14,0,577,0,1.24,1,P2M,0
TXN107895,USR0091,2597.24,2696.0,0.963,4.7,144.3,7,Kolkata,0,DEV_ANDROID_13,0,1085,0,1.11,1,P2P,0
TXN107896,USR0026,1894.28,3918.0,0.483,24.0,178.8,16,Hyderabad,0,DEV_ANDROID_14,0,1136,0,0.84,0,P2M,0
TXN107897,USR0003,19102.99,3784.0,5.048,20.3,334.0,17,Hyderabad,0,DEV_WEB_CHROME,1,1317,0,1.39,0,P2P,0
TXN107898,USR0062,1711.04,2948.0,0.58,12.7,81.6,8,Mumbai,0,DEV_ANDROID_14,0,222,0,0.1,1,BILL_PAYMENT,0
TXN107899,USR0091,2596.11,2696.0,0.963,2.6,366.9,17,Kolkata,0,DEV_ANDROID_13,0,1142,0,1.57,0,P2P,0
TXN107900,USR0087,29795.37,4199.0,7.096,12.4,27.1,12,Mumbai,0,DEV_ANDROID_13,0,791,0,1.36,1,BILL_PAYMENT,0
TXN107901,USR0019,3634.23,4271.0,0.851,15.3,239.1,9,Bengaluru,0,DEV_ANDROID_13,0,1617,0,1.57,1,P2M,0
TXN107902,USR0119,2607.37,1503.0,1.735,32.8,42.1,7,Chennai,0,DEV_ANDROID_13,0,591,0,2.04,1,BILL_PAYMENT,0
TXN107903,USR0019,4862.69,4271.0,1.139,16.4,93.8,15,Bengaluru,0,DEV_ANDROID_13,0,1654,0,1.39,1,P2P,0
TXN107904,USR0077,6262.72,4759.0,1.316,14.8,7.4,13,Mumbai,0,DEV_ANDROID_13,0,122,0,1.56,1,P2M,0
TXN107905,USR0028,383.14,541.0,0.708,12.1,194.4,11,Delhi,0,DEV_IOS_18,0,812,2,1.91,1,P2M,0
TXN107906,USR0024,708.6,1043.0,0.679,11.8,259.3,13,Hyderabad,0,DEV_ANDROID_14,0,232,1,0.65,0,P2P,0
TXN107907,USR0002,2483.62,3607.0,0.689,10.6,44.1,15,Kolkata,0,DEV_ANDROID_14,0,200,0,0.1,1,P2P,0
TXN107908,USR0129,2511.19,4329.0,0.58,19.8,858.2,22,Chennai,0,DEV_ANDROID_13,0,1414,0,1.39,0,ONLINE_SHOPPING,0
TXN107909,USR0088,9302.13,4666.0,1.994,1.0,80.4,11,Mumbai,0,DEV_IOS_18,0,761,0,0.52,1,P2P,0
TXN107910,USR0130,16462.45,2863.0,5.75,35.2,6.9,13,Delhi,0,DEV_IOS_18,0,1559,0,2.16,0,ONLINE_SHOPPING,0
TXN107911,USR0106,914.79,1061.0,0.862,27.0,22.9,6,Delhi,0,DEV_ANDROID_13,0,1683,0,0.93,1,ONLINE_SHOPPING,0
TXN107912,USR0121,2973.06,3799.0,0.783,11.5,45.5,15,Hyderabad,0,DEV_ANDROID_13,0,1530,0,1.19,1,P2M,0
TXN107913,USR0123,2966.09,4007.0,0.74,11.5,190.6,21,Kolkata,0,DEV_IOS_18,0,1268,0,0.46,1,P2P,0
TXN107914,USR0022,2702.33,3458.0,0.781,16.2,420.6,16,Chennai,0,DEV_ANDROID_13,0,1258,0,0.88,1,P2M,0
TXN107915,USR0057,3563.5,3487.0,1.022,22.2,297.5,12,Chennai,1,DEV_ANDROID_13,1,806,0,1.21,1,BILL_PAYMENT,0
TXN107916,USR0011,27057.51,2073.0,13.052,29.0,22.6,8,Chennai,0,DEV_ANDROID_14,0,905,4,6.36,0,INVESTMENT,1
TXN107917,USR0019,2695.46,4271.0,0.631,10.6,66.3,8,Bengaluru,0,DEV_ANDROID_13,0,1612,0,0.13,1,P2P,0
TXN107918,USR0023,5702.78,2955.0,1.93,20.4,586.0,11,Delhi,0,DEV_ANDROID_13,0,921,0,1.34,1,P2P,0
TXN107919,USR0077,5462.93,4759.0,1.148,13.3,415.1,11,Mumbai,0,DEV_ANDROID_13,0,141,0,1.06,1,P2P,0
TXN107920,USR0053,13260.71,1779.0,7.454,32.0,136.4,9,Chennai,0,DEV_ANDROID_14,0,1822,0,1.45,1,ONLINE_SHOPPING,0
TXN107921,USR0045,1960.24,3638.0,0.539,13.4,278.9,14,Mumbai,0,DEV_IOS_18,0,1347,0,1.21,1,ONLINE_SHOPPING,0
TXN107922,USR0086,3072.57,4098.0,0.75,16.6,262.8,16,Delhi,0,DEV_ANDROID_13,0,1343,0,1.03,1,P2P,0
TXN107923,USR0148,25283.49,1934.0,13.073,45.0,21.8,6,Pune,1,DEV_WEB_CHROME,1,1617,3,4.76,0,P2M,1
TXN107924,USR0032,1757.99,2962.0,0.594,22.1,623.9,8,Hyderabad,0,DEV_ANDROID_14,0,1416,0,2.69,1,P2M,0
TXN107925,USR0099,5949.28,3865.0,1.539,25.3,223.2,10,Kolkata,0,DEV_WEB_CHROME,1,594,1,1.44,0,ONLINE_SHOPPING,0
TXN107926,USR0126,4304.59,2090.0,2.06,22.9,410.3,23,Delhi,0,DEV_ANDROID_13,1,681,0,1.57,1,P2P,0
TXN107927,USR0079,8261.87,2089.0,3.955,15.7,156.6,19,Chennai,0,DEV_ANDROID_14,0,1347,0,1.29,1,P2M,0
TXN107928,USR0122,3641.28,2765.0,1.317,32.3,71.3,7,Hyderabad,0,DEV_ANDROID_14,0,1561,0,0.1,0,P2M,0
TXN107929,USR0064,7363.86,3744.0,1.967,30.1,624.1,15,Hyderabad,0,DEV_ANDROID_13,0,1411,2,2.16,1,P2M,0
TXN107930,USR0139,7814.62,4684.0,1.668,30.8,393.1,8,Kolkata,0,DEV_ANDROID_13,0,240,0,1.1,0,P2P,0
TXN107931,USR0132,4678.74,3311.0,1.413,2.3,54.3,8,Hyderabad,0,DEV_ANDROID_13,0,552,0,1.95,1,P2P,0
TXN107932,USR0075,1784.07,2287.0,0.78,25.7,9.6,12,Bengaluru,0,DEV_IOS_18,0,1606,0,1.2,1,P2M,0
TXN107933,USR0082,692.32,1061.0,0.653,30.4,33.4,22,Hyderabad,0,DEV_IOS_18,0,95,0,0.57,1,BILL_PAYMENT,0
TXN107934,USR0094,3526.42,3141.0,1.123,8.4,36.6,12,Kolkata,0,DEV_ANDROID_14,0,1677,0,1.51,1,P2M,0
TXN107935,USR0071,1944.64,1774.0,1.096,16.6,287.8,13,Hyderabad,0,DEV_ANDROID_14,0,1801,0,1.67,0,P2P,0
TXN107936,USR0024,524.57,1043.0,0.503,17.4,159.1,10,Hyderabad,0,DEV_ANDROID_13,1,244,0,1.3,1,ONLINE_SHOPPING,0
TXN107937,USR0129,14028.93,4329.0,3.241,45.0,3.0,6,Chennai,0,DEV_WEB_CHROME,1,1416,3,12.18,0,ONLINE_SHOPPING,1
TXN107938,USR0092,2129.81,3316.0,0.642,33.5,84.6,13,Hyderabad,0,DEV_ANDROID_14,0,242,0,1.19,1,P2P,0
TXN107939,USR0033,7873.78,2282.0,3.45,21.3,213.2,21,Kolkata,0,DEV_IOS_18,0,755,0,0.56,1,P2P,0
TXN107940,USR0055,3836.0,1096.0,3.5,32.9,87.0,21,Delhi,0,DEV_WEB_CHROME,1,797,0,0.95,1,P2P,0
TXN107941,USR0116,4312.72,2809.0,1.535,27.4,835.4,20,Bengaluru,0,DEV_ANDROID_13,0,257,0,0.75,1,P2M,0
TXN107942,USR0082,2468.07,1061.0,2.326,28.6,258.5,8,Hyderabad,0,DEV_IOS_18,0,103,0,1.7,0,P2M,0
TXN107943,USR0113,1502.31,2668.0,0.563,10.3,28.6,11,Hyderabad,0,DEV_ANDROID_14,0,1633,0,1.62,1,ONLINE_SHOPPING,0
TXN107944,USR0091,1576.66,2696.0,0.585,6.5,7.1,12,Kolkata,0,DEV_ANDROID_13,0,1066,1,1.58,1,P2P,0
TXN107945,USR0084,559.92,960.0,0.583,2.6,247.3,14,Chennai,0,DEV_ANDROID_13,0,964,0,1.27,1,P2M,0
TXN107946,USR0055,545.23,1096.0,0.497,28.2,69.8,15,Delhi,0,DEV_ANDROID_14,0,779,0,1.73,1,BILL_PAYMENT,0
TXN107947,USR0088,11084.48,4666.0,2.376,7.0,77.3,11,Mumbai,0,DEV_IOS_18,0,762,0,0.71,0,P2P,0
TXN107948,USR0138,3381.78,3130.0,1.08,19.7,35.5,15,Chennai,0,DEV_IOS_18,0,1405,0,1.74,0,BILL_PAYMENT,0
TXN107949,USR0089,736.48,1008.0,0.731,25.3,538.1,10,Kolkata,0,DEV_WEB_CHROME,1,920,0,1.69,1,P2P,0
TXN107950,USR0143,1439.65,3747.0,0.384,33.6,396.8,8,Chennai,0,DEV_IOS_18,0,1687,0,1.19,1,ONLINE_SHOPPING,0
TXN107951,USR0020,3053.62,3539.0,0.863,20.5,514.6,8,Delhi,0,DEV_ANDROID_14,0,294,0,1.29,1,P2M,0
TXN107952,USR0093,3909.04,3844.0,1.017,15.3,156.5,7,Chennai,0,DEV_ANDROID_14,0,56,1,0.21,0,BILL_PAYMENT,0
TXN107953,USR0025,2830.48,3410.0,0.83,21.5,217.0,14,Bengaluru,0,DEV_ANDROID_13,0,1565,0,1.41,1,INVESTMENT,0
TXN107954,USR0057,5386.63,3487.0,1.545,15.9,162.9,18,Delhi,0,DEV_IOS_18,0,857,0,0.49,1,P2P,0
TXN107955,USR0049,1004.98,835.0,1.204,24.6,113.7,19,Mumbai,0,DEV_IOS_18,0,1125,0,1.06,1,ONLINE_SHOPPING,0
TXN107956,USR0051,25841.13,1265.0,20.428,48.0,8.2,17,Delhi,0,DEV_UNKNOWN,1,1203,1,5.36,0,P2P,1
TXN107957,USR0020,3735.6,3539.0,1.056,26.9,455.6,15,Delhi,0,DEV_WEB_CHROME,1,301,0,0.1,1,P2P,0
TXN107958,USR0023,5717.69,2955.0,1.935,28.0,13.2,9,Delhi,0,DEV_ANDROID_13,0,944,1,3.4,0,P2P,1
TXN107959,USR0113,2357.66,2668.0,0.884,12.9,82.7,8,Hyderabad,0,DEV_ANDROID_14,0,1656,0,0.3,1,P2P,0
TXN107960,USR0067,944.88,1825.0,0.518,33.6,300.9,8,Hyderabad,0,DEV_IOS_18,0,887,0,1.17,0,P2P,0
TXN107961,USR0136,1722.31,788.0,2.186,21.3,65.4,17,Chennai,0,DEV_IOS_18,0,1734,0,1.57,1,P2P,0
TXN107962,USR0117,775.3,891.0,0.87,7.1,98.1,11,Mumbai,0,DEV_ANDROID_13,0,798,0,1.81,1,BILL_PAYMENT,0
TXN107963,USR0063,2266.65,946.0,2.396,14.0,142.5,20,Hyderabad,0,DEV_ANDROID_13,0,482,0,1.6,1,P2P,0
TXN107964,USR0130,1631.37,2863.0,0.57,32.2,106.3,9,Delhi,0,DEV_IOS_18,0,1548,0,0.91,1,P2P,0
TXN107965,USR0037,2821.94,2687.0,1.05,27.9,41.5,19,Kolkata,0,DEV_ANDROID_14,0,901,0,0.1,1,BILL_PAYMENT,0
TXN107966,USR0093,3527.6,3844.0,0.918,19.7,47.8,11,Ahmedabad,1,DEV_ANDROID_14,0,98,0,0.96,1,P2P,0
TXN107967,USR0027,570.07,816.0,0.699,18.2,218.1,14,Hyderabad,0,DEV_IOS_18,0,1447,0,0.84,1,P2M,0
TXN107968,USR0042,11091.06,4858.0,2.283,14.4,428.6,23,Delhi,0,DEV_ANDROID_13,0,1438,0,1.5,1,P2P,0
TXN107969,USR0080,625.28,1303.0,0.48,12.2,357.8,15,Chennai,1,DEV_ANDROID_14,0,627,0,1.84,1,P2P,0
TXN107970,USR0147,5371.53,4639.0,1.158,32.4,106.7,15,Chennai,0,DEV_IOS_18,0,421,0,1.55,1,P2P,0
TXN107971,USR0133,591.26,561.0,1.054,11.3,143.1,10,Delhi,0,DEV_IOS_18,1,1092,0,1.37,1,P2P,0
TXN107972,USR0088,20142.23,4666.0,4.317,21.0,242.0,1,Bengaluru,1,DEV_ANDROID_12,1,781,1,5.73,0,P2P,1
TXN107973,USR0138,4143.87,3130.0,1.324,19.7,17.1,14,Chennai,0,DEV_IOS_18,0,1453,0,0.82,1,P2M,0
TXN107974,USR0023,10144.23,2955.0,3.433,16.8,21.4,16,Jaipur,1,DEV_ANDROID_13,0,922,0,1.28,0,P2P,0
TXN107975,USR0010,4934.9,4508.0,1.095,21.7,115.8,10,Kolkata,0,DEV_IOS_18,0,1441,0,1.61,1,P2M,0
TXN107976,USR0094,1865.29,3141.0,0.594,15.5,204.4,20,Hyderabad,1,DEV_ANDROID_14,0,1727,0,0.47,1,P2P,0
TXN107977,USR0093,2037.14,3844.0,0.53,17.0,103.6,14,Chennai,0,DEV_ANDROID_14,0,27,0,0.1,1,P2M,0
TXN107978,USR0050,3655.1,2312.0,1.581,25.4,181.1,18,Mumbai,0,DEV_ANDROID_13,0,151,0,2.16,1,P2M,0
TXN107979,USR0020,3648.83,3539.0,1.031,25.3,73.2,11,Delhi,0,DEV_ANDROID_14,0,260,0,1.93,1,P2P,0
TXN107980,USR0066,433.41,572.0,0.758,15.6,534.9,16,Delhi,0,DEV_ANDROID_14,0,1029,0,1.26,1,BILL_PAYMENT,0
TXN107981,USR0142,4442.9,3033.0,1.465,20.6,168.8,16,Kolkata,1,DEV_ANDROID_14,0,834,0,0.36,1,P2P,0
TXN107982,USR0004,840.29,989.0,0.85,29.0,205.9,13,Chennai,0,DEV_IOS_18,0,862,0,1.28,0,P2P,0
TXN107983,USR0144,892.1,2663.0,0.335,16.6,207.0,18,Chennai,0,DEV_WEB_CHROME,1,1145,0,2.69,1,P2P,0
TXN107984,USR0040,2213.48,942.0,2.35,21.7,361.6,14,Mumbai,0,DEV_IOS_18,0,1739,0,0.87,1,INVESTMENT,0
TXN107985,USR0042,3060.87,4858.0,0.63,14.8,73.1,12,Delhi,0,DEV_ANDROID_13,0,1392,0,1.37,1,BILL_PAYMENT,0
TXN107986,USR0091,4883.55,2696.0,1.811,3.9,198.9,14,Kolkata,0,DEV_ANDROID_13,0,1098,0,1.0,1,ONLINE_SHOPPING,0
TXN107987,USR0095,2603.92,2387.0,1.091,17.6,90.9,12,Chennai,0,DEV_ANDROID_13,0,1205,0,0.94,1,P2P,0
TXN107988,USR0083,1728.31,1684.0,1.026,5.6,52.3,15,Delhi,0,DEV_ANDROID_14,0,71,0,1.74,1,P2P,0
TXN107989,USR0097,891.42,1552.0,0.574,32.1,143.2,8,Delhi,0,DEV_ANDROID_13,0,889,0,2.35,1,BILL_PAYMENT,0
TXN107990,USR0015,2908.67,2529.0,1.15,2.7,78.2,17,Chennai,0,DEV_ANDROID_14,0,1301,0,1.55,1,ONLINE_SHOPPING,0
TXN107991,USR0141,1301.82,1171.0,1.112,7.8,6.8,16,Hyderabad,0,DEV_IOS_18,0,312,0,0.7,0,P2M,0
TXN107992,USR0042,5190.02,4858.0,1.068,10.7,145.3,9,Bengaluru,1,DEV_IOS_18,1,1400,0,1.32,0,P2M,0
TXN107993,USR0005,5555.43,1239.0,4.484,28.0,247.0,1,Hyderabad,0,DEV_WEB_CHROME,1,1459,1,5.48,0,P2P,1
TXN107994,USR0137,8555.96,4815.0,1.777,35.9,58.0,12,Chennai,0,DEV_ANDROID_14,0,364,0,1.35,1,P2M,0
TXN107995,USR0116,2709.91,2809.0,0.965,33.9,12.4,11,Bengaluru,0,DEV_ANDROID_13,0,214,0,0.53,0,P2M,0
TXN107996,USR0016,4176.46,1443.0,2.894,21.9,16.1,12,Bengaluru,0,DEV_ANDROID_14,0,1206,0,0.99,1,RECHARGE,0
TXN107997,USR0128,3564.03,1765.0,2.019,25.7,189.6,9,Chennai,0,DEV_ANDROID_14,0,1752,1,0.13,1,P2P,0
TXN107998,USR0088,5763.26,4666.0,1.235,9.5,79.0,18,Mumbai,0,DEV_IOS_18,0,767,0,1.77,1,BILL_PAYMENT,0
TXN107999,USR0114,951.45,1547.0,0.615,33.4,175.8,10,Delhi,0,DEV_ANDROID_14,0,1095,1,0.59,1,RECHARGE,0
TXN108000,USR0073,1264.01,1427.0,0.886,36.9,109.9,11,Kolkata,0,DEV_ANDROID_14,1,215,2,0.12,1,P2P,0
TXN108001,USR0003,3492.13,3784.0,0.923,32.9,5.0,12,Chennai,1,DEV_ANDROID_13,0,1349,0,0.53,1,P2P,0
TXN108002,USR0005,949.88,1239.0,0.767,27.1,49.0,11,Hyderabad,0,DEV_IOS_18,0,1429,0,0.59,1,P2M,0
TXN108003,USR0129,2836.19,4329.0,0.655,18.0,95.6,16,Chennai,0,DEV_ANDROID_13,0,1428,0,1.07,1,P2M,0
TXN108004,USR0038,1358.56,2152.0,0.631,15.0,46.7,12,Bengaluru,0,DEV_ANDROID_14,0,561,0,2.77,1,P2P,0
TXN108005,USR0146,564.43,803.0,0.703,16.3,88.6,13,Mumbai,0,DEV_ANDROID_13,0,1190,1,0.84,1,P2M,0
TXN108006,USR0011,1280.16,2073.0,0.618,20.4,158.3,16,Chennai,0,DEV_ANDROID_14,0,901,0,0.55,1,P2M,0
TXN108007,USR0090,5062.33,4795.0,1.056,20.2,128.9,22,Hyderabad,0,DEV_ANDROID_14,0,541,0,0.1,1,P2P,0
TXN108008,USR0071,3103.29,1774.0,1.749,18.3,252.7,16,Hyderabad,0,DEV_ANDROID_14,0,1792,0,1.56,1,P2P,0
TXN108009,USR0009,4978.44,3622.0,1.374,16.6,319.0,14,Ahmedabad,1,DEV_ANDROID_13,0,208,0,0.57,1,P2P,0
TXN108010,USR0127,4664.79,2395.0,1.948,17.2,288.1,10,Pune,1,DEV_ANDROID_14,0,382,0,2.12,1,P2M,0
TXN108011,USR0096,535.39,482.0,1.111,28.5,138.6,16,Bengaluru,1,DEV_ANDROID_13,0,218,0,1.72,1,P2M,0
TXN108012,USR0063,745.38,946.0,0.788,14.3,750.7,10,Hyderabad,0,DEV_ANDROID_13,0,495,0,0.32,1,P2M,0
TXN108013,USR0116,3880.42,2809.0,1.381,39.2,50.8,23,Bengaluru,0,DEV_ANDROID_13,0,199,0,0.71,0,P2M,0
TXN108014,USR0144,1980.69,2663.0,0.744,10.4,87.9,7,Chennai,0,DEV_IOS_18,0,1084,0,1.76,0,BILL_PAYMENT,0
TXN108015,USR0060,3092.86,2418.0,1.279,11.8,57.9,9,Hyderabad,0,DEV_ANDROID_13,0,90,0,0.1,1,P2M,0
TXN108016,USR0049,625.0,835.0,0.749,22.4,110.3,11,Mumbai,0,DEV_IOS_18,0,1134,0,0.93,1,P2P,0
TXN108017,USR0129,14191.99,4329.0,3.278,20.1,82.8,8,Lucknow,1,DEV_ANDROID_13,0,1400,0,1.53,1,P2P,0
TXN108018,USR0123,5702.12,4007.0,1.423,20.1,52.6,8,Kolkata,0,DEV_IOS_18,0,1241,0,2.29,1,P2P,0
TXN108019,USR0031,4011.2,4621.0,0.868,17.3,297.3,15,Kolkata,0,DEV_ANDROID_14,0,790,0,1.56,1,P2M,0
TXN108020,USR0107,3906.0,1116.0,3.5,6.6,158.4,8,Hyderabad,0,DEV_ANDROID_14,0,1044,0,1.26,1,P2P,0
TXN108021,USR0107,10104.35,1116.0,9.054,32.0,35.4,10,Bengaluru,1,DEV_UNKNOWN,1,1069,4,3.95,0,P2P,1
TXN108022,USR0079,2210.83,2089.0,1.058,18.9,144.5,14,Chennai,0,DEV_ANDROID_14,0,1359,1,0.93,1,RECHARGE,0
TXN108023,USR0096,523.88,482.0,1.087,24.5,52.0,16,Chennai,0,DEV_ANDROID_13,0,237,0,0.89,1,P2P,0
TXN108024,USR0047,500.63,489.0,1.024,23.2,53.3,9,Bengaluru,0,DEV_ANDROID_13,0,916,0,1.56,0,P2P,0
TXN108025,USR0140,2802.3,3114.0,0.9,5.7,105.1,22,Delhi,0,DEV_ANDROID_13,0,233,0,1.34,0,BILL_PAYMENT,0
TXN108026,USR0026,26117.91,3918.0,6.666,30.0,41.0,4,Mumbai,1,DEV_UNKNOWN,1,1189,5,4.76,0,INVESTMENT,1
TXN108027,USR0111,8537.39,4209.0,2.028,20.3,14.7,10,Chennai,0,DEV_IOS_18,0,1827,0,0.81,1,P2P,0
TXN108028,USR0019,3108.25,4271.0,0.728,10.1,323.7,12,Bengaluru,0,DEV_ANDROID_13,0,1612,0,1.47,1,P2P,0
TXN108029,USR0027,4225.97,816.0,5.179,16.7,714.4,16,Hyderabad,0,DEV_IOS_18,0,1427,0,0.37,1,P2M,0
TXN108030,USR0096,708.37,482.0,1.47,21.2,77.2,16,Chennai,0,DEV_ANDROID_13,0,251,0,1.8,1,P2P,0
TXN108031,USR0069,1138.17,3260.0,0.349,18.8,33.0,15,Hyderabad,0,DEV_WEB_CHROME,1,1667,0,1.6,1,BILL_PAYMENT,0
TXN108032,USR0001,2100.26,3411.0,0.616,16.3,306.5,10,Mumbai,0,DEV_ANDROID_13,0,812,0,1.49,1,P2M,0
TXN108033,USR0131,799.79,1330.0,0.601,29.7,693.2,18,Bengaluru,0,DEV_IOS_18,0,994,0,1.7,1,P2P,0
TXN108034,USR0043,2754.8,4029.0,0.684,9.9,121.0,19,Delhi,0,DEV_ANDROID_13,0,1327,0,1.07,1,P2P,0
TXN108035,USR0034,650.37,1168.0,0.557,12.6,156.7,9,Chennai,0,DEV_ANDROID_14,0,106,0,1.45,1,P2M,0
TXN108036,USR0091,2017.98,2696.0,0.749,8.2,184.0,16,Kolkata,0,DEV_ANDROID_13,0,1066,0,0.92,1,P2P,0
TXN108037,USR0120,4144.38,3985.0,1.04,20.4,82.2,19,Chennai,0,DEV_IOS_18,0,1194,0,1.9,1,P2M,0
TXN108038,USR0083,2024.55,1684.0,1.202,5.0,81.2,12,Delhi,0,DEV_ANDROID_14,0,108,0,1.64,1,P2P,0
TXN108039,USR0028,564.48,541.0,1.043,19.7,515.1,10,Delhi,0,DEV_IOS_18,0,826,0,2.06,0,BILL_PAYMENT,0
TXN108040,USR0126,876.16,2090.0,0.419,17.7,388.3,19,Bengaluru,1,DEV_IOS_18,0,662,2,1.23,1,P2P,0
TXN108041,USR0061,325.19,445.0,0.731,34.6,135.8,11,Kolkata,1,DEV_ANDROID_13,0,984,0,0.8,1,ONLINE_SHOPPING,0
TXN108042,USR0103,8450.99,4267.0,1.981,26.3,1022.7,16,Kolkata,0,DEV_ANDROID_13,0,1757,0,2.39,1,P2M,0
TXN108043,USR0122,1071.08,2765.0,0.387,29.1,251.2,22,Hyderabad,0,DEV_ANDROID_14,0,1576,0,1.43,1,P2M,0
TXN108044,USR0010,4656.23,4508.0,1.033,19.0,74.1,11,Kolkata,0,DEV_IOS_18,0,1417,0,1.24,0,P2P,0
TXN108045,USR0069,9336.4,3260.0,2.864,61.0,0.2,16,Ahmedabad,1,DEV_ANDROID_12,1,1688,1,9.64,0,P2P,1
TXN108046,USR0063,554.06,946.0,0.586,13.8,107.8,12,Hyderabad,0,DEV_ANDROID_13,0,446,0,0.25,1,BILL_PAYMENT,0
TXN108047,USR0141,26553.48,1171.0,22.676,35.0,24.7,20,Chennai,1,DEV_WEB_CHROME,1,263,5,9.47,0,P2M,1
TXN108048,USR0095,1900.29,2387.0,0.796,24.6,107.2,16,Chennai,0,DEV_ANDROID_13,0,1143,0,1.01,0,RECHARGE,0
TXN108049,USR0119,2031.17,1503.0,1.351,34.7,174.6,20,Chennai,0,DEV_ANDROID_13,0,600,0,1.83,0,P2M,0
TXN108050,USR0143,7068.23,3747.0,1.886,25.2,235.8,8,Chennai,0,DEV_IOS_18,0,1651,0,0.13,0,P2M,0
TXN108051,USR0127,8845.43,2395.0,3.693,31.0,19.6,18,Chennai,0,DEV_ANDROID_14,0,334,0,4.86,0,P2P,1
TXN108052,USR0036,33230.45,1141.0,29.124,18.0,6.5,11,Kochi,1,DEV_ANDROID_13,0,975,1,6.21,0,P2M,1
TXN108053,USR0054,2117.12,1995.0,1.061,25.9,27.4,8,Hyderabad,0,DEV_IOS_18,0,1084,0,2.1,1,P2P,0
TXN108054,USR0067,542.91,1825.0,0.297,31.8,493.4,16,Hyderabad,0,DEV_IOS_18,0,891,0,1.1,1,P2P,0
TXN108055,USR0014,2129.74,2104.0,1.012,4.8,57.5,19,Lucknow,1,DEV_ANDROID_13,0,901,0,0.88,1,P2M,0
TXN108056,USR0025,2552.89,3410.0,0.749,22.7,204.7,15,Bengaluru,0,DEV_ANDROID_13,0,1566,0,0.85,1,BILL_PAYMENT,0
TXN108057,USR0047,549.93,489.0,1.125,31.3,39.1,9,Bengaluru,0,DEV_ANDROID_13,0,909,0,0.51,1,P2M,0
TXN108058,USR0046,973.39,3064.0,0.318,22.3,547.4,8,Delhi,0,DEV_ANDROID_13,0,397,0,1.25,1,INVESTMENT,0
TXN108059,USR0069,6327.74,3260.0,1.941,19.5,436.9,12,Hyderabad,0,DEV_ANDROID_14,0,1658,0,0.75,1,P2P,0
TXN108060,USR0105,740.47,1284.0,0.577,25.6,31.3,13,Jaipur,1,DEV_ANDROID_14,0,600,0,1.93,1,P2P,0
TXN108061,USR0082,428.2,1061.0,0.404,37.6,15.1,12,Hyderabad,0,DEV_IOS_18,0,100,0,0.68,1,P2P,0
TXN108062,USR0009,2134.34,3622.0,0.589,11.9,135.2,11,Mumbai,0,DEV_ANDROID_13,0,192,0,0.23,1,P2M,0
TXN108063,USR0146,585.18,803.0,0.729,26.4,555.5,15,Mumbai,0,DEV_ANDROID_13,0,1195,0,1.71,1,P2M,0
TXN108064,USR0048,1810.6,2387.0,0.759,13.1,637.8,14,Pune,1,DEV_IOS_18,0,1198,0,1.52,1,BILL_PAYMENT,0
TXN108065,USR0118,3424.96,855.0,4.006,31.0,133.0,3,Bengaluru,1,DEV_UNKNOWN,1,1523,0,6.05,0,P2P,1
TXN108066,USR0014,991.15,2104.0,0.471,6.6,389.7,8,Delhi,0,DEV_IOS_18,1,918,0,0.49,0,P2P,0
TXN108067,USR0117,861.56,891.0,0.967,7.3,635.4,16,Mumbai,0,DEV_ANDROID_13,0,767,0,1.45,1,P2M,0
TXN108068,USR0078,6621.35,4223.0,1.568,24.7,176.0,9,Mumbai,0,DEV_ANDROID_14,0,331,0,1.11,1,P2P,0
TXN108069,USR0002,1393.78,3607.0,0.386,14.1,114.1,8,Kolkata,0,DEV_ANDROID_14,0,176,0,1.04,1,BILL_PAYMENT,0
TXN108070,USR0077,9434.93,4759.0,1.983,15.2,17.5,12,Mumbai,0,DEV_ANDROID_13,0,82,0,1.65,0,P2M,0
TXN108071,USR0085,13337.76,3924.0,3.399,27.9,547.6,10,Kolkata,0,DEV_ANDROID_13,0,769,0,0.68,1,BILL_PAYMENT,0
TXN108072,USR0076,3094.29,3835.0,0.807,15.5,65.2,18,Mumbai,0,DEV_ANDROID_13,0,517,0,0.1,1,BILL_PAYMENT,0
TXN108073,USR0146,595.28,803.0,0.741,20.8,83.1,11,Mumbai,0,DEV_ANDROID_13,0,1180,0,1.25,0,P2P,0
TXN108074,USR0071,1892.39,1774.0,1.067,18.0,142.9,14,Hyderabad,0,DEV_ANDROID_14,0,1725,0,0.9,1,P2P,0
TXN108075,USR0125,1130.22,1159.0,0.975,18.2,101.2,17,Bengaluru,0,DEV_IOS_18,0,1148,0,1.32,0,ONLINE_SHOPPING,0
TXN108076,USR0107,1540.51,1116.0,1.38,9.3,85.2,13,Hyderabad,0,DEV_ANDROID_14,0,1071,0,1.36,1,ONLINE_SHOPPING,0
TXN108077,USR0101,6651.62,4828.0,1.378,33.7,407.3,13,Mumbai,0,DEV_IOS_18,0,510,0,1.87,0,P2P,0
TXN108078,USR0021,31748.24,4102.0,7.74,40.0,18.5,0,Lucknow,1,DEV_UNKNOWN,1,1443,2,4.1,0,INVESTMENT,1
TXN108079,USR0054,2258.21,1995.0,1.132,17.8,30.4,13,Hyderabad,0,DEV_IOS_18,0,1074,0,1.02,1,P2P,0
TXN108080,USR0035,3639.21,3949.0,0.922,23.5,107.8,9,Mumbai,0,DEV_ANDROID_14,0,1302,0,1.51,1,BILL_PAYMENT,0
TXN108081,USR0092,2327.69,3316.0,0.702,25.6,356.3,18,Hyderabad,0,DEV_ANDROID_14,0,275,0,1.25,1,P2P,0
TXN108082,USR0065,14778.89,3227.0,4.58,48.0,1.9,2,Pune,1,DEV_ANDROID_14,0,1743,2,6.4,0,P2P,1
TXN108083,USR0092,4215.26,3316.0,1.271,33.9,24.3,12,Hyderabad,0,DEV_ANDROID_14,0,233,0,0.56,0,BILL_PAYMENT,0
TXN108084,USR0088,19023.96,4666.0,4.077,9.4,20.7,10,Mumbai,0,DEV_IOS_18,0,745,0,1.01,0,P2P,0
TXN108085,USR0138,19066.17,3130.0,6.091,16.0,51.4,15,Kolkata,1,DEV_UNKNOWN,1,1403,6,6.37,0,P2P,1
TXN108086,USR0022,3722.3,3458.0,1.076,18.2,212.5,15,Chennai,0,DEV_ANDROID_13,0,1273,0,0.18,1,P2P,0
TXN108087,USR0049,1035.98,835.0,1.241,23.8,26.0,15,Mumbai,0,DEV_IOS_18,0,1174,0,1.17,1,P2P,0
TXN108088,USR0053,1331.47,1779.0,0.748,37.8,60.4,12,Chennai,0,DEV_ANDROID_14,0,1761,0,1.61,1,P2P,0
TXN108089,USR0011,1143.28,2073.0,0.552,16.9,77.3,19,Kochi,1,DEV_ANDROID_14,0,944,0,0.97,1,P2P,0
TXN108090,USR0031,4512.29,4621.0,0.976,15.4,63.7,8,Kolkata,0,DEV_ANDROID_14,0,807,0,0.82,0,P2M,0
TXN108091,USR0119,1070.23,1503.0,0.712,30.7,307.0,14,Chennai,0,DEV_ANDROID_13,0,633,0,2.38,1,P2P,0
TXN108092,USR0131,2263.37,1330.0,1.702,26.9,177.5,13,Lucknow,1,DEV_IOS_18,0,1048,0,1.35,1,P2P,0
TXN108093,USR0149,2833.69,3318.0,0.854,8.1,402.2,11,Chennai,0,DEV_ANDROID_13,0,1488,0,1.35,1,P2P,0
TXN108094,USR0139,17906.63,4684.0,3.823,24.0,134.0,5,Kolkata,0,DEV_ANDROID_13,0,221,3,4.26,0,P2P,1
TXN108095,USR0117,761.54,891.0,0.855,11.4,308.6,11,Mumbai,0,DEV_ANDROID_13,0,750,0,1.6,1,P2M,0
TXN108096,USR0025,7637.6,3410.0,2.24,18.9,555.5,12,Bengaluru,0,DEV_ANDROID_13,0,1575,0,2.01,1,P2P,0
TXN108097,USR0050,3657.72,2312.0,1.582,32.3,61.4,18,Lucknow,1,DEV_ANDROID_13,0,106,0,0.17,0,ONLINE_SHOPPING,0
TXN108098,USR0129,1689.64,4329.0,0.39,20.0,328.9,14,Jaipur,1,DEV_ANDROID_13,0,1392,0,1.72,1,P2P,0
TXN108099,USR0131,1329.86,1330.0,1.0,28.6,28.0,17,Bengaluru,0,DEV_IOS_18,0,1044,0,1.51,0,ONLINE_SHOPPING,0
TXN108100,USR0008,2362.5,4207.0,0.562,20.6,525.4,16,Mumbai,0,DEV_ANDROID_13,0,1151,0,1.4,0,P2P,0
TXN108101,USR0007,469.91,823.0,0.571,22.4,270.2,16,Bengaluru,0,DEV_ANDROID_14,0,1599,0,1.1,0,P2P,0
TXN108102,USR0023,2854.11,2955.0,0.966,14.0,236.7,11,Delhi,0,DEV_ANDROID_13,0,911,0,1.11,1,P2P,0
TXN108103,USR0034,984.91,1168.0,0.843,13.2,30.5,9,Chennai,0,DEV_ANDROID_14,0,75,0,1.01,1,ONLINE_SHOPPING,0
TXN108104,USR0100,2132.49,2121.0,1.005,33.7,319.5,17,Bengaluru,0,DEV_ANDROID_14,0,774,0,1.61,0,P2P,0
TXN108105,USR0139,27514.83,4684.0,5.874,34.0,44.7,17,Kolkata,0,DEV_ANDROID_13,0,169,0,0.83,0,P2P,0
TXN108106,USR0013,1591.7,2086.0,0.763,32.5,33.9,10,Kolkata,0,DEV_ANDROID_13,0,775,0,1.07,0,ONLINE_SHOPPING,0
TXN108107,USR0138,3950.38,3130.0,1.262,15.8,35.1,9,Chennai,0,DEV_IOS_18,0,1410,0,0.75,0,P2P,0
TXN108108,USR0021,3874.37,4102.0,0.945,3.1,540.2,20,Chennai,0,DEV_ANDROID_14,0,1444,0,1.25,1,P2P,0
TXN108109,USR0006,6086.96,4184.0,1.455,23.5,61.3,9,Hyderabad,0,DEV_IOS_18,0,801,0,0.21,0,P2P,0
TXN108110,USR0116,2592.95,2809.0,0.923,24.0,76.2,15,Bengaluru,0,DEV_ANDROID_13,0,190,0,0.66,1,BILL_PAYMENT,0
TXN108111,USR0029,1848.37,1672.0,1.105,21.5,317.5,9,Kolkata,0,DEV_ANDROID_14,0,1800,0,1.39,1,P2M,0
TXN108112,USR0061,1028.24,445.0,2.311,38.0,3.2,9,Ahmedabad,1,DEV_ANDROID_13,0,1043,1,8.49,0,P2P,1
TXN108113,USR0039,2284.65,3193.0,0.716,20.0,19.6,13,Chennai,0,DEV_IOS_18,0,1731,0,0.89,0,ONLINE_SHOPPING,0
TXN108114,USR0123,20089.14,4007.0,5.014,29.0,68.0,1,Delhi,1,DEV_IOS_18,0,1296,1,3.2,0,P2P,1
TXN108115,USR0047,460.26,489.0,0.941,28.9,90.7,21,Bengaluru,0,DEV_ANDROID_13,0,895,0,0.13,0,P2P,0
TXN108116,USR0144,3864.93,2663.0,1.451,13.2,75.9,13,Kolkata,1,DEV_IOS_18,0,1075,0,0.71,1,P2P,0
TXN108117,USR0088,4341.57,4666.0,0.93,7.6,30.8,21,Mumbai,0,DEV_IOS_18,0,726,0,1.56,0,P2P,0
TXN108118,USR0077,3889.76,4759.0,0.817,13.0,30.4,14,Mumbai,0,DEV_ANDROID_13,0,80,0,1.36,0,P2P,0
TXN108119,USR0023,1674.14,2955.0,0.567,11.6,277.4,17,Delhi,0,DEV_ANDROID_13,0,931,0,0.79,1,P2P,0
TXN108120,USR0118,934.28,855.0,1.093,34.0,85.2,9,Chandigarh,1,DEV_ANDROID_13,0,1504,0,1.14,1,P2P,0
TXN108121,USR0011,1473.52,2073.0,0.711,20.8,42.6,23,Chennai,0,DEV_ANDROID_14,0,951,0,0.95,1,BILL_PAYMENT,0
TXN108122,USR0138,3372.87,3130.0,1.078,16.7,122.8,14,Chennai,0,DEV_IOS_18,0,1407,0,0.99,1,P2M,0
TXN108123,USR0097,1049.87,1552.0,0.676,31.4,229.5,9,Delhi,0,DEV_ANDROID_13,0,881,0,2.16,0,P2M,0
TXN108124,USR0073,1883.17,1427.0,1.32,30.1,207.1,15,Mumbai,1,DEV_ANDROID_13,0,264,0,0.1,0,P2P,0
TXN108125,USR0055,825.75,1096.0,0.753,31.6,65.8,8,Delhi,0,DEV_ANDROID_14,0,752,0,1.16,1,P2P,0
TXN108126,USR0055,1326.07,1096.0,1.21,31.0,351.1,18,Delhi,0,DEV_ANDROID_14,0,829,0,1.64,1,RECHARGE,0
TXN108127,USR0134,5021.56,4359.0,1.152,27.2,111.8,10,Chennai,0,DEV_IOS_18,0,283,0,1.98,1,P2M,0
TXN108128,USR0073,1368.1,1427.0,0.959,25.4,68.1,17,Kolkata,0,DEV_ANDROID_13,0,272,0,0.99,1,P2P,0
TXN108129,USR0086,11516.0,4098.0,2.81,1.0,442.1,11,Delhi,0,DEV_WEB_CHROME,1,1344,0,2.09,1,P2M,0
TXN108130,USR0038,2077.66,2152.0,0.965,3.4,29.3,14,Bengaluru,0,DEV_ANDROID_14,0,562,0,1.34,0,P2M,0
TXN108131,USR0024,1143.84,1043.0,1.097,17.7,771.4,23,Hyderabad,0,DEV_WEB_CHROME,1,229,0,1.38,1,P2P,0
TXN108132,USR0054,1969.81,1995.0,0.987,21.5,7.1,7,Hyderabad,0,DEV_IOS_18,0,1111,0,1.47,1,P2M,0
TXN108133,USR0093,5057.04,3844.0,1.316,12.8,294.5,21,Chennai,0,DEV_ANDROID_14,0,95,0,1.1,1,BILL_PAYMENT,0
TXN108134,USR0116,3582.24,2809.0,1.275,27.4,16.7,16,Bengaluru,0,DEV_ANDROID_13,0,231,0,1.29,1,P2M,0
TXN108135,USR0130,10167.44,2863.0,3.551,38.0,0.8,5,Delhi,0,DEV_ANDROID_12,1,1565,4,9.99,0,P2P,1
TXN108136,USR0093,3328.36,3844.0,0.866,18.4,235.6,17,Chennai,0,DEV_ANDROID_14,0,30,0,1.6,1,P2P,0
TXN108137,USR0072,3970.42,4501.0,0.882,9.2,91.2,20,Kolkata,0,DEV_ANDROID_14,0,1371,0,1.53,0,P2M,0
TXN108138,USR0150,1119.7,1846.0,0.607,10.2,253.5,13,Bengaluru,0,DEV_IOS_18,0,336,0,0.72,1,P2M,0
TXN108139,USR0056,3294.54,4000.0,0.824,1.0,376.0,10,Bengaluru,0,DEV_IOS_18,0,202,0,1.5,0,RECHARGE,0
TXN108140,USR0020,3356.25,3539.0,0.948,24.0,222.5,13,Delhi,0,DEV_ANDROID_14,0,302,0,1.78,1,P2P,0
TXN108141,USR0133,635.35,561.0,1.133,22.3,121.1,9,Delhi,0,DEV_ANDROID_13,0,1073,0,0.75,0,P2M,0
TXN108142,USR0091,8118.79,2696.0,3.011,28.0,2.0,12,Kochi,1,DEV_ANDROID_14,1,1124,3,7.79,0,P2P,1
TXN108143,USR0056,3178.71,4000.0,0.795,1.9,7.7,15,Bengaluru,0,DEV_IOS_18,0,168,0,0.2,0,P2P,0
TXN108144,USR0137,5621.27,4815.0,1.167,36.7,400.8,10,Chennai,0,DEV_ANDROID_14,0,377,0,1.14,0,P2M,0
TXN108145,USR0029,4816.42,1672.0,2.881,13.1,65.7,18,Lucknow,1,DEV_ANDROID_14,0,1780,0,0.39,1,P2P,0
TXN108146,USR0044,543.05,843.0,0.644,19.3,212.4,17,Delhi,0,DEV_ANDROID_14,0,1620,0,1.39,1,P2P,0
TXN108147,USR0017,965.15,1139.0,0.847,32.9,85.0,15,Kolkata,0,DEV_IOS_18,0,1156,0,0.42,1,P2M,0
TXN108148,USR0111,2376.91,4209.0,0.565,17.6,344.4,11,Chennai,0,DEV_IOS_18,0,1789,0,1.98,0,P2P,0
TXN108149,USR0055,866.19,1096.0,0.79,34.2,98.2,16,Delhi,0,DEV_WEB_CHROME,1,814,0,1.86,1,BILL_PAYMENT,0
TXN108150,USR0009,6875.3,3622.0,1.898,16.5,78.6,14,Mumbai,0,DEV_ANDROID_13,0,168,0,1.41,1,P2M,0
TXN108151,USR0124,1771.79,1625.0,1.09,1.0,18.0,20,Hyderabad,0,DEV_ANDROID_14,0,290,0,0.69,1,RECHARGE,0
TXN108152,USR0074,921.61,1853.0,0.497,4.8,5.9,7,Hyderabad,0,DEV_IOS_18,0,1446,0,1.22,1,P2P,0
TXN108153,USR0134,2686.19,4359.0,0.616,35.1,70.4,13,Chennai,0,DEV_ANDROID_13,1,274,0,0.92,1,P2P,0
TXN108154,USR0089,609.05,1008.0,0.604,20.3,125.8,21,Kolkata,0,DEV_ANDROID_14,0,945,0,0.1,1,P2M,0
TXN108155,USR0056,4310.35,4000.0,1.078,1.6,268.3,10,Bengaluru,0,DEV_IOS_18,0,186,0,1.85,1,P2P,0
TXN108156,USR0001,2260.71,3411.0,0.663,15.1,37.5,18,Mumbai,0,DEV_ANDROID_13,0,824,0,1.08,0,P2P,0
TXN108157,USR0102,1567.34,1540.0,1.018,11.3,281.6,9,Bengaluru,0,DEV_IOS_18,0,435,0,1.48,1,RECHARGE,0
TXN108158,USR0113,1901.59,2668.0,0.713,9.2,62.8,15,Hyderabad,0,DEV_ANDROID_14,0,1653,0,0.1,1,ONLINE_SHOPPING,0
TXN108159,USR0144,1916.32,2663.0,0.72,14.2,34.0,17,Chennai,0,DEV_IOS_18,0,1108,1,0.64,0,ONLINE_SHOPPING,0
TXN108160,USR0122,6056.29,2765.0,2.19,64.0,3.9,17,Pune,1,DEV_WEB_CHROME,1,1583,1,13.5,0,P2P,1
TXN108161,USR0063,33368.19,946.0,35.273,43.0,24.6,2,Ahmedabad,1,DEV_UNKNOWN,1,519,3,7.76,0,INVESTMENT,1
TXN108162,USR0077,7106.34,4759.0,1.493,8.6,44.3,13,Lucknow,1,DEV_ANDROID_13,0,90,2,0.57,0,P2P,0
TXN108163,USR0126,2699.7,2090.0,1.292,14.5,231.5,14,Delhi,0,DEV_IOS_18,0,709,0,0.1,1,P2M,0
TXN108164,USR0005,755.18,1239.0,0.61,31.8,130.4,8,Hyderabad,0,DEV_IOS_18,0,1443,0,0.4,1,P2M,0
TXN108165,USR0029,1163.95,1672.0,0.696,17.4,123.4,8,Mumbai,1,DEV_ANDROID_14,0,1813,0,1.35,1,P2P,0
TXN108166,USR0081,2718.23,1873.0,1.451,29.5,66.3,15,Kolkata,0,DEV_ANDROID_13,0,900,0,2.21,1,P2P,0
TXN108167,USR0083,1741.61,1684.0,1.034,9.0,430.5,8,Delhi,0,DEV_ANDROID_14,0,86,0,1.09,1,P2M,0
TXN108168,USR0066,564.92,572.0,0.988,9.9,21.1,17,Delhi,0,DEV_ANDROID_14,0,1006,0,1.08,1,P2P,0
TXN108169,USR0116,21184.03,2809.0,7.541,18.0,13.0,6,Ahmedabad,1,DEV_WEB_CHROME,1,268,4,6.78,0,P2P,1
TXN108170,USR0047,248.83,489.0,0.509,27.2,141.4,10,Bengaluru,0,DEV_ANDROID_13,0,892,0,0.92,1,BILL_PAYMENT,0
TXN108171,USR0126,1502.83,2090.0,0.719,23.3,309.9,10,Delhi,0,DEV_IOS_18,0,661,0,0.64,0,P2P,0
TXN108172,USR0148,2398.43,1934.0,1.24,27.9,65.1,9,Pune,1,DEV_ANDROID_13,0,1615,0,1.22,1,P2M,0
TXN108173,USR0136,3234.81,788.0,4.105,23.1,64.9,18,Chennai,0,DEV_IOS_18,0,1721,0,1.43,1,P2M,0
TXN108174,USR0012,856.53,1109.0,0.772,27.0,540.7,20,Mumbai,0,DEV_IOS_18,0,1287,0,0.91,0,P2P,0
TXN108175,USR0136,991.78,788.0,1.259,22.3,123.8,18,Chennai,0,DEV_IOS_18,0,1742,0,1.11,1,P2P,0
TXN108176,USR0050,2072.38,2312.0,0.896,24.7,758.9,14,Mumbai,0,DEV_ANDROID_13,0,160,0,1.27,1,P2P,0
TXN108177,USR0122,3576.18,2765.0,1.293,29.2,269.1,17,Hyderabad,0,DEV_ANDROID_14,0,1592,0,1.14,1,BILL_PAYMENT,0
TXN108178,USR0070,11850.0,4705.0,2.519,24.0,0.5,5,Mumbai,1,DEV_ANDROID_13,0,368,5,11.35,0,P2P,1
TXN108179,USR0016,2207.06,1443.0,1.529,25.8,139.4,15,Bengaluru,0,DEV_ANDROID_14,0,1262,0,0.48,1,P2P,0
TXN108180,USR0058,6082.96,3029.0,2.008,27.1,307.8,15,Kolkata,0,DEV_ANDROID_14,0,875,0,1.47,0,P2P,0
TXN108181,USR0075,2096.87,2287.0,0.917,15.3,497.3,14,Bengaluru,0,DEV_IOS_18,0,1592,0,1.72,1,P2P,0
TXN108182,USR0117,1405.1,891.0,1.577,10.6,194.1,17,Mumbai,0,DEV_ANDROID_13,0,766,0,1.58,1,ONLINE_SHOPPING,0
TXN108183,USR0122,3063.6,2765.0,1.108,33.8,151.0,15,Delhi,1,DEV_ANDROID_14,0,1533,0,0.67,1,INVESTMENT,0
TXN108184,USR0057,25246.55,3487.0,7.24,14.8,229.8,17,Delhi,0,DEV_WEB_CHROME,1,792,0,0.58,1,P2P,0
TXN108185,USR0032,3172.62,2962.0,1.071,17.0,81.6,20,Hyderabad,0,DEV_ANDROID_14,0,1412,0,1.74,1,P2P,0
TXN108186,USR0046,2213.05,3064.0,0.722,22.2,10.4,13,Delhi,0,DEV_ANDROID_13,0,324,0,1.36,0,INVESTMENT,0
TXN108187,USR0067,636.14,1825.0,0.349,26.7,260.5,18,Hyderabad,0,DEV_ANDROID_13,1,851,0,1.88,1,P2M,0
TXN108188,USR0035,4096.58,3949.0,1.037,32.2,147.3,14,Mumbai,0,DEV_ANDROID_14,0,1309,0,0.89,1,P2P,0
TXN108189,USR0128,1568.4,1765.0,0.889,26.3,90.8,11,Chennai,0,DEV_ANDROID_14,0,1748,0,1.17,1,P2M,0
TXN108190,USR0050,2798.07,2312.0,1.21,30.7,376.2,12,Mumbai,0,DEV_ANDROID_13,0,94,0,1.93,0,P2M,0
TXN108191,USR0012,2278.09,1109.0,2.054,31.3,604.9,12,Mumbai,0,DEV_IOS_18,0,1232,0,0.73,1,P2M,0
TXN108192,USR0023,4141.75,2955.0,1.402,14.7,252.8,14,Delhi,0,DEV_ANDROID_13,0,926,0,0.84,0,ONLINE_SHOPPING,0
TXN108193,USR0126,2581.81,2090.0,1.235,19.4,560.9,16,Delhi,0,DEV_IOS_18,0,717,0,1.44,1,P2P,0
TXN108194,USR0138,3057.28,3130.0,0.977,19.5,708.2,10,Chennai,0,DEV_IOS_18,0,1455,0,1.53,0,P2P,0
TXN108195,USR0065,4923.34,3227.0,1.526,30.8,32.1,12,Delhi,0,DEV_ANDROID_14,0,1743,0,0.1,1,ONLINE_SHOPPING,0
TXN108196,USR0142,1560.04,3033.0,0.514,19.3,122.5,20,Hyderabad,0,DEV_ANDROID_14,0,857,0,1.26,1,P2P,0
TXN108197,USR0119,1918.62,1503.0,1.277,33.3,151.5,18,Chennai,0,DEV_ANDROID_13,0,631,0,2.19,1,P2M,0
TXN108198,USR0150,1268.47,1846.0,0.687,14.0,405.2,12,Bengaluru,0,DEV_IOS_18,0,359,0,0.14,0,BILL_PAYMENT,0
TXN108199,USR0016,1199.13,1443.0,0.831,18.8,187.8,18,Bengaluru,0,DEV_ANDROID_14,0,1239,1,0.3,1,P2M,0
TXN108200,USR0007,605.66,823.0,0.736,19.8,42.7,12,Bengaluru,0,DEV_ANDROID_14,0,1638,0,2.05,0,ONLINE_SHOPPING,0
TXN108201,USR0115,1599.9,1698.0,0.942,4.5,122.7,12,Kolkata,0,DEV_IOS_18,0,25,0,1.55,0,P2P,0
TXN108202,USR0045,22056.7,3638.0,6.063,8.3,240.2,12,Mumbai,0,DEV_IOS_18,0,1302,0,1.23,1,P2P,0
TXN108203,USR0086,23537.96,4098.0,5.744,6.3,60.7,8,Delhi,0,DEV_ANDROID_13,0,1340,0,0.67,1,P2P,0
TXN108204,USR0053,939.21,1779.0,0.528,33.7,79.6,14,Chennai,0,DEV_ANDROID_14,0,1834,0,1.22,0,P2P,0
TXN108205,USR0030,1748.41,1476.0,1.185,27.8,28.6,11,Kolkata,0,DEV_ANDROID_14,0,156,1,0.58,1,ONLINE_SHOPPING,0
TXN108206,USR0086,27592.04,4098.0,6.733,46.0,30.0,5,Lucknow,1,DEV_UNKNOWN,1,1297,5,9.93,0,P2P,1
TXN108207,USR0068,12386.76,1858.0,6.667,12.1,166.6,8,Chennai,0,DEV_ANDROID_13,0,1719,1,0.1,1,INVESTMENT,0
TXN108208,USR0083,1740.67,1684.0,1.034,15.1,116.1,17,Kochi,1,DEV_ANDROID_14,0,114,0,1.28,0,P2M,0
TXN108209,USR0045,3931.58,3638.0,1.081,7.4,43.6,21,Mumbai,0,DEV_IOS_18,0,1342,0,1.56,1,BILL_PAYMENT,0
TXN108210,USR0045,2148.69,3638.0,0.591,9.1,251.5,16,Mumbai,0,DEV_IOS_18,0,1289,1,1.58,0,P2P,0
TXN108211,USR0130,19480.07,2863.0,6.804,9.0,187.0,3,Delhi,0,DEV_UNKNOWN,1,1528,3,7.41,0,P2P,1
TXN108212,USR0070,4603.48,4705.0,0.978,12.1,224.4,13,Delhi,0,DEV_ANDROID_13,0,322,0,0.82,0,P2P,0
TXN108213,USR0031,3600.48,4621.0,0.779,16.1,9.7,14,Kolkata,0,DEV_ANDROID_14,0,839,0,1.18,1,P2M,0
TXN108214,USR0024,494.62,1043.0,0.474,7.4,97.5,12,Hyderabad,0,DEV_ANDROID_14,0,274,0,1.78,1,P2M,0
TXN108215,USR0017,3320.18,1139.0,2.915,53.0,3.9,7,Ahmedabad,1,DEV_ANDROID_14,1,1163,2,7.63,0,ONLINE_SHOPPING,1
TXN108216,USR0137,1969.72,4815.0,0.409,30.0,140.0,17,Chennai,0,DEV_ANDROID_14,0,326,0,0.31,1,P2P,0
TXN108217,USR0027,3643.06,816.0,4.465,12.0,105.0,3,Kolkata,1,DEV_ANDROID_14,1,1492,2,6.55,0,P2P,1
TXN108218,USR0074,1088.96,1853.0,0.588,4.8,92.9,19,Kolkata,1,DEV_IOS_18,0,1428,0,0.79,1,P2P,0
TXN108219,USR0088,6720.42,4666.0,1.44,7.7,21.7,17,Mumbai,0,DEV_IOS_18,0,731,0,1.84,1,P2P,0
TXN108220,USR0138,4108.94,3130.0,1.313,15.4,69.5,12,Chennai,0,DEV_IOS_18,0,1452,0,1.25,1,P2P,0
TXN108221,USR0117,566.48,891.0,0.636,1.8,230.1,20,Mumbai,0,DEV_ANDROID_13,0,797,0,0.84,0,P2P,0
TXN108222,USR0131,1287.61,1330.0,0.968,23.0,143.1,11,Bengaluru,0,DEV_IOS_18,0,1055,0,1.02,1,ONLINE_SHOPPING,0
TXN108223,USR0144,4812.13,2663.0,1.807,10.9,94.6,10,Chennai,0,DEV_IOS_18,0,1097,0,2.16,1,P2P,0
TXN108224,USR0139,8347.8,4684.0,1.782,33.5,76.0,11,Kolkata,0,DEV_ANDROID_13,0,248,0,1.28,1,P2P,0
TXN108225,USR0029,3135.88,1672.0,1.876,22.5,231.9,8,Kolkata,0,DEV_ANDROID_14,0,1816,0,1.14,1,P2P,0
TXN108226,USR0120,5500.07,3985.0,1.38,21.3,80.5,7,Chennai,0,DEV_IOS_18,0,1176,0,0.51,0,P2M,0
TXN108227,USR0016,1576.85,1443.0,1.093,13.3,35.0,12,Bengaluru,0,DEV_ANDROID_14,0,1264,1,1.46,1,P2M,0
TXN108228,USR0045,5410.63,3638.0,1.487,11.6,625.6,12,Mumbai,0,DEV_IOS_18,0,1358,0,2.04,1,RECHARGE,0
TXN108229,USR0029,2311.39,1672.0,1.382,9.2,160.6,14,Kolkata,0,DEV_ANDROID_14,0,1819,0,2.2,0,P2M,0
TXN108230,USR0133,520.02,561.0,0.927,12.3,632.1,15,Delhi,0,DEV_ANDROID_13,0,1070,0,1.57,0,P2P,0
TXN108231,USR0120,6758.89,3985.0,1.696,17.4,101.4,20,Chennai,0,DEV_IOS_18,0,1205,0,0.36,1,P2M,0
TXN108232,USR0008,3714.21,4207.0,0.883,18.3,73.0,14,Mumbai,0,DEV_ANDROID_13,0,1175,0,0.73,1,P2M,0
TXN108233,USR0008,6388.46,4207.0,1.519,11.7,6.9,11,Mumbai,0,DEV_ANDROID_13,0,1146,0,1.48,1,BILL_PAYMENT,0
TXN108234,USR0102,5878.93,1540.0,3.817,12.4,91.3,13,Bengaluru,0,DEV_IOS_18,0,502,1,1.76,1,ONLINE_SHOPPING,0
TXN108235,USR0148,8086.16,1934.0,4.181,24.0,0.4,5,Jaipur,1,DEV_ANDROID_12,1,1614,4,12.72,0,P2P,1
TXN108236,USR0076,26430.06,3835.0,6.892,17.0,62.8,16,Mumbai,0,DEV_ANDROID_13,0,523,0,0.36,1,P2P,0
TXN108237,USR0048,5332.18,2387.0,2.234,16.1,127.2,19,Chennai,0,DEV_IOS_18,0,1156,0,0.91,1,P2M,0
TXN108238,USR0122,1764.19,2765.0,0.638,34.0,251.2,6,Hyderabad,0,DEV_ANDROID_14,0,1566,0,0.87,1,P2M,0
TXN108239,USR0082,1168.6,1061.0,1.101,29.5,567.1,15,Hyderabad,0,DEV_IOS_18,0,84,0,1.91,1,P2P,0
TXN108240,USR0106,6230.18,1061.0,5.872,48.0,41.4,9,Lucknow,1,DEV_UNKNOWN,1,1694,3,4.3,0,INVESTMENT,1
TXN108241,USR0069,3479.08,3260.0,1.067,15.2,54.0,7,Hyderabad,0,DEV_ANDROID_13,1,1647,0,1.23,1,P2P,0
TXN108242,USR0104,448.26,706.0,0.635,17.9,174.3,17,Mumbai,0,DEV_ANDROID_13,0,1113,0,1.27,1,P2P,0
TXN108243,USR0021,4227.8,4102.0,1.031,9.2,78.4,8,Chennai,0,DEV_ANDROID_14,0,1447,0,2.3,1,BILL_PAYMENT,0
TXN108244,USR0111,1828.49,4209.0,0.434,8.0,20.4,13,Chennai,0,DEV_IOS_18,0,1758,0,1.74,0,P2P,0
TXN108245,USR0092,1862.69,3316.0,0.562,30.3,226.0,12,Hyderabad,0,DEV_ANDROID_14,0,208,0,0.85,1,ONLINE_SHOPPING,0
TXN108246,USR0001,4245.67,3411.0,1.245,13.5,217.6,19,Mumbai,0,DEV_ANDROID_13,0,848,0,1.86,1,P2M,0
TXN108247,USR0121,6972.52,3799.0,1.835,9.7,323.8,12,Hyderabad,0,DEV_ANDROID_13,0,1493,0,0.43,1,P2M,0
TXN108248,USR0088,6108.68,4666.0,1.309,11.8,59.4,11,Chandigarh,1,DEV_IOS_18,0,720,0,0.84,1,ONLINE_SHOPPING,0
TXN108249,USR0022,3359.59,3458.0,0.972,25.1,28.1,11,Chennai,0,DEV_ANDROID_13,0,1298,0,0.54,0,P2M,0
TXN108250,USR0037,5543.17,2687.0,2.063,27.8,571.5,14,Kolkata,0,DEV_ANDROID_14,0,930,0,1.71,1,P2M,0
TXN108251,USR0132,5457.76,3311.0,1.648,1.0,81.3,10,Mumbai,1,DEV_ANDROID_13,0,564,0,1.94,1,P2P,0
TXN108252,USR0113,12337.73,2668.0,4.624,11.5,34.3,17,Hyderabad,0,DEV_ANDROID_14,0,1613,0,1.27,1,P2M,0
TXN108253,USR0060,2464.96,2418.0,1.019,7.3,15.2,13,Hyderabad,0,DEV_ANDROID_13,0,61,0,0.94,1,P2P,0
TXN108254,USR0012,1281.1,1109.0,1.155,23.7,164.9,18,Mumbai,0,DEV_IOS_18,0,1231,0,0.87,1,P2P,0
TXN108255,USR0031,5480.84,4621.0,1.186,11.0,322.0,22,Kolkata,0,DEV_ANDROID_14,0,808,0,2.11,0,P2M,0
TXN108256,USR0100,824.58,2121.0,0.389,22.1,10.8,19,Bengaluru,0,DEV_ANDROID_14,0,804,0,1.43,1,P2P,0
TXN108257,USR0127,1631.73,2395.0,0.681,12.0,448.0,19,Chennai,0,DEV_ANDROID_14,0,382,0,1.45,1,P2P,0
TXN108258,USR0082,1229.97,1061.0,1.159,36.4,253.1,13,Hyderabad,0,DEV_IOS_18,0,103,0,0.1,1,P2M,0
TXN108259,USR0009,8188.85,3622.0,2.261,16.1,227.7,12,Mumbai,0,DEV_ANDROID_14,1,159,0,0.86,1,P2P,0
TXN108260,USR0092,8295.66,3316.0,2.502,36.5,62.8,16,Hyderabad,0,DEV_ANDROID_14,0,274,0,0.99,0,P2M,0
TXN108261,USR0020,5028.0,3539.0,1.421,33.8,42.7,9,Delhi,0,DEV_ANDROID_14,0,270,0,1.49,1,P2P,0
TXN108262,USR0014,2631.71,2104.0,1.251,9.6,385.5,17,Delhi,0,DEV_ANDROID_13,0,884,0,0.42,1,P2M,0
TXN108263,USR0060,1508.48,2418.0,0.624,17.8,36.2,13,Hyderabad,0,DEV_ANDROID_13,0,98,0,0.41,1,P2P,0
TXN108264,USR0105,593.75,1284.0,0.462,32.7,79.5,12,Bengaluru,0,DEV_ANDROID_14,0,605,0,0.87,0,P2M,0
TXN108265,USR0087,14189.54,4199.0,3.379,10.0,280.0,5,Delhi,1,DEV_WEB_CHROME,1,849,1,6.87,0,P2P,1
TXN108266,USR0037,8607.29,2687.0,3.203,28.0,39.5,17,Kolkata,0,DEV_ANDROID_14,0,888,0,1.4,0,P2P,0
TXN108267,USR0053,1111.57,1779.0,0.625,32.9,329.3,17,Bengaluru,1,DEV_ANDROID_14,0,1834,0,2.16,0,P2P,0
TXN108268,USR0084,827.2,960.0,0.862,13.0,11.8,9,Chennai,0,DEV_ANDROID_13,0,980,0,1.42,1,P2M,0
TXN108269,USR0077,4356.79,4759.0,0.915,12.3,338.5,14,Mumbai,0,DEV_ANDROID_13,0,112,0,1.77,1,P2P,0
TXN108270,USR0108,622.58,931.0,0.669,24.3,95.3,10,Mumbai,0,DEV_IOS_18,0,97,0,1.21,1,P2P,0
TXN108271,USR0024,5874.56,1043.0,5.632,12.7,63.2,15,Hyderabad,0,DEV_ANDROID_14,0,268,0,1.96,1,P2P,0
TXN108272,USR0134,4689.56,4359.0,1.076,31.6,175.7,17,Chennai,0,DEV_IOS_18,0,272,0,1.38,0,P2M,0
TXN108273,USR0082,679.97,1061.0,0.641,29.6,142.4,12,Hyderabad,0,DEV_IOS_18,0,38,0,0.68,1,BILL_PAYMENT,0
TXN108274,USR0094,2190.08,3141.0,0.697,8.2,402.7,11,Kochi,1,DEV_ANDROID_14,0,1736,0,1.12,1,P2P,0
TXN108275,USR0107,852.13,1116.0,0.764,15.1,9.0,9,Chennai,1,DEV_ANDROID_14,0,1075,0,1.34,0,P2M,0
TXN108276,USR0112,3648.19,4425.0,0.824,26.3,10.6,11,Hyderabad,0,DEV_ANDROID_13,0,1530,0,1.24,1,BILL_PAYMENT,0
TXN108277,USR0082,936.49,1061.0,0.883,37.8,510.1,11,Hyderabad,0,DEV_IOS_18,0,111,0,2.25,1,BILL_PAYMENT,0
TXN108278,USR0039,14223.2,3193.0,4.454,16.7,458.5,7,Chennai,0,DEV_IOS_18,0,1776,0,0.88,1,P2M,0
TXN108279,USR0075,3168.24,2287.0,1.385,16.7,182.6,18,Bengaluru,0,DEV_IOS_18,0,1609,0,0.1,1,P2P,0
TXN108280,USR0082,1838.04,1061.0,1.732,35.8,295.3,21,Chandigarh,1,DEV_IOS_18,0,58,0,1.21,1,P2M,0
TXN108281,USR0120,3228.34,3985.0,0.81,22.0,51.0,9,Chennai,0,DEV_IOS_18,0,1157,0,0.22,0,P2P,0
TXN108282,USR0139,3152.81,4684.0,0.673,39.1,404.2,16,Kolkata,0,DEV_ANDROID_13,0,200,1,2.13,1,P2M,0
TXN108283,USR0117,3915.0,891.0,4.394,32.0,0.6,3,Hyderabad,1,DEV_UNKNOWN,1,755,4,12.76,0,ONLINE_SHOPPING,1
TXN108284,USR0030,2323.98,1476.0,1.575,27.7,239.5,9,Kolkata,0,DEV_WEB_CHROME,1,169,0,0.4,1,P2P,0
TXN108285,USR0115,2020.39,1698.0,1.19,5.6,112.0,7,Kolkata,0,DEV_IOS_18,0,88,0,0.67,0,P2M,0
TXN108286,USR0123,2097.2,4007.0,0.523,9.5,33.9,8,Kolkata,0,DEV_IOS_18,0,1249,0,2.26,0,RECHARGE,0
TXN108287,USR0109,1057.03,1296.0,0.816,11.7,220.4,15,Chennai,0,DEV_ANDROID_14,0,1515,0,1.35,1,P2M,0
TXN108288,USR0141,643.34,1171.0,0.549,13.1,283.6,13,Hyderabad,0,DEV_IOS_18,0,270,0,0.78,0,P2P,0
TXN108289,USR0100,1337.88,2121.0,0.631,28.1,43.3,18,Chandigarh,1,DEV_ANDROID_14,0,791,0,1.78,1,P2M,0
TXN108290,USR0077,2902.94,4759.0,0.61,5.9,104.0,11,Mumbai,0,DEV_ANDROID_13,0,131,0,0.12,1,BILL_PAYMENT,0
TXN108291,USR0114,1804.51,1547.0,1.166,32.5,177.1,15,Delhi,0,DEV_ANDROID_14,0,1051,0,1.08,1,P2P,0
TXN108292,USR0001,2795.61,3411.0,0.82,11.2,230.4,13,Mumbai,0,DEV_ANDROID_13,0,800,0,1.12,1,P2P,0
TXN108293,USR0025,15087.5,3410.0,4.424,42.0,53.3,5,Hyderabad,1,DEV_UNKNOWN,1,1580,5,9.01,0,INVESTMENT,1
TXN108294,USR0095,3038.09,2387.0,1.273,16.4,24.9,18,Pune,1,DEV_ANDROID_13,0,1162,0,0.94,1,P2P,0
TXN108295,USR0078,3285.7,4223.0,0.778,32.0,703.2,15,Mumbai,0,DEV_ANDROID_14,0,335,0,0.25,1,BILL_PAYMENT,0
TXN108296,USR0017,1348.74,1139.0,1.184,21.6,173.6,12,Kolkata,0,DEV_IOS_18,0,1152,0,1.04,1,RECHARGE,0
TXN108297,USR0079,5500.83,2089.0,2.633,19.2,115.2,17,Chennai,0,DEV_ANDROID_14,0,1354,0,1.2,0,ONLINE_SHOPPING,0
TXN108298,USR0123,11548.79,4007.0,2.882,11.0,94.5,13,Kolkata,0,DEV_IOS_18,0,1248,0,2.34,1,ONLINE_SHOPPING,0
TXN108299,USR0142,3605.33,3033.0,1.189,18.7,514.7,13,Hyderabad,0,DEV_ANDROID_14,0,851,0,1.04,0,P2M,0
TXN108300,USR0033,2642.06,2282.0,1.158,21.9,93.5,14,Kolkata,0,DEV_IOS_18,0,770,0,0.93,0,P2P,0
TXN108301,USR0040,877.44,942.0,0.931,16.6,65.7,6,Mumbai,0,DEV_IOS_18,0,1736,0,1.55,1,P2P,0
TXN108302,USR0017,1630.31,1139.0,1.431,28.8,240.4,13,Kolkata,0,DEV_WEB_CHROME,1,1189,0,0.69,1,BILL_PAYMENT,0
TXN108303,USR0002,1832.61,3607.0,0.508,6.6,195.0,16,Kolkata,0,DEV_ANDROID_14,0,234,0,1.49,1,P2M,0
TXN108304,USR0052,3651.78,875.0,4.173,13.7,12.3,10,Mumbai,0,DEV_ANDROID_13,0,1085,0,1.51,1,P2P,0
TXN108305,USR0127,1505.0,2395.0,0.628,12.0,61.4,16,Chennai,0,DEV_ANDROID_14,0,357,0,1.79,1,P2P,0
TXN108306,USR0056,2123.53,4000.0,0.531,3.7,357.5,15,Bengaluru,0,DEV_IOS_18,0,164,1,0.57,1,P2M,0
TXN108307,USR0115,6972.86,1698.0,4.107,27.0,13.2,21,Kolkata,0,DEV_IOS_18,0,82,0,5.06,0,P2P,1
TXN108308,USR0070,5276.95,4705.0,1.122,10.0,66.6,14,Delhi,0,DEV_ANDROID_13,0,341,0,1.67,1,P2P,0
TXN108309,USR0079,28355.9,2089.0,13.574,14.0,24.6,19,Kolkata,1,DEV_ANDROID_12,1,1356,3,4.38,0,P2P,1
TXN108310,USR0104,522.97,706.0,0.741,18.3,157.8,13,Mumbai,0,DEV_ANDROID_13,0,1107,0,0.78,1,BILL_PAYMENT,0
TXN108311,USR0103,2513.74,4267.0,0.589,26.8,600.3,7,Kolkata,0,DEV_ANDROID_13,0,1734,1,0.17,1,P2P,0
TXN108312,USR0140,2264.23,3114.0,0.727,9.5,20.1,11,Delhi,0,DEV_ANDROID_13,0,215,0,2.05,0,P2P,0
TXN108313,USR0112,4488.3,4425.0,1.014,32.3,71.2,10,Hyderabad,0,DEV_ANDROID_13,0,1568,0,1.45,1,ONLINE_SHOPPING,0
TXN108314,USR0086,1659.51,4098.0,0.405,1.6,342.6,16,Delhi,0,DEV_ANDROID_13,0,1345,0,1.83,1,P2P,0
TXN108315,USR0050,1609.06,2312.0,0.696,25.5,14.3,15,Mumbai,0,DEV_ANDROID_13,0,93,0,0.94,1,P2M,0
TXN108316,USR0133,1081.18,561.0,1.927,7.9,402.7,19,Delhi,0,DEV_ANDROID_13,0,1144,0,1.58,0,BILL_PAYMENT,0
TXN108317,USR0122,5257.3,2765.0,1.901,35.3,249.4,9,Hyderabad,0,DEV_ANDROID_14,0,1535,0,0.63,0,BILL_PAYMENT,0
TXN108318,USR0079,1843.23,2089.0,0.882,20.8,361.1,19,Chennai,0,DEV_ANDROID_14,0,1316,0,1.28,1,P2M,0
TXN108319,USR0026,4895.58,3918.0,1.25,22.2,467.0,14,Hyderabad,0,DEV_ANDROID_14,0,1171,0,0.8,1,ONLINE_SHOPPING,0
TXN108320,USR0028,273.38,541.0,0.505,11.7,142.3,18,Delhi,0,DEV_IOS_18,0,817,0,0.51,1,P2M,0
TXN108321,USR0055,1473.92,1096.0,1.345,33.6,5.1,14,Delhi,0,DEV_ANDROID_14,0,763,0,1.93,1,P2P,0
TXN108322,USR0112,23968.63,4425.0,5.417,16.0,193.0,2,Jaipur,1,DEV_UNKNOWN,1,1592,3,6.45,0,P2P,1
TXN108323,USR0018,1217.28,1836.0,0.663,25.9,36.8,14,Chennai,0,DEV_ANDROID_14,0,1502,0,1.77,1,BILL_PAYMENT,0
TXN108324,USR0106,618.87,1061.0,0.583,29.4,389.9,14,Delhi,0,DEV_ANDROID_13,0,1707,0,0.15,1,P2P,0
TXN108325,USR0025,4445.05,3410.0,1.304,19.3,139.0,14,Bengaluru,0,DEV_ANDROID_13,0,1578,0,1.69,0,INVESTMENT,0
TXN108326,USR0088,4459.86,4666.0,0.956,4.0,393.7,17,Mumbai,0,DEV_IOS_18,0,788,0,1.13,1,P2M,0
TXN108327,USR0091,2343.06,2696.0,0.869,5.8,23.2,15,Kolkata,0,DEV_ANDROID_13,0,1066,0,0.19,0,P2P,0
TXN108328,USR0124,991.53,1625.0,0.61,8.3,9.9,12,Hyderabad,0,DEV_ANDROID_14,0,278,0,0.41,1,P2M,0
TXN108329,USR0114,2526.48,1547.0,1.633,26.4,6.6,17,Jaipur,1,DEV_ANDROID_14,0,1069,0,1.78,1,P2P,0
TXN108330,USR0017,1094.15,1139.0,0.961,31.6,47.0,16,Kolkata,0,DEV_IOS_18,0,1193,0,1.08,0,P2M,0
TXN108331,USR0048,1702.6,2387.0,0.713,18.8,65.3,23,Chennai,0,DEV_IOS_18,0,1166,0,0.99,1,P2M,0
TXN108332,USR0009,3682.19,3622.0,1.017,12.9,39.2,13,Mumbai,0,DEV_IOS_18,1,131,0,1.74,1,P2M,0
TXN108333,USR0100,2272.08,2121.0,1.071,32.0,555.3,17,Bengaluru,0,DEV_ANDROID_14,0,825,0,1.74,1,BILL_PAYMENT,0
TXN108334,USR0077,6240.29,4759.0,1.311,13.7,348.0,18,Delhi,1,DEV_ANDROID_13,0,101,0,1.2,1,P2M,0
TXN108335,USR0100,1386.62,2121.0,0.654,31.0,153.9,12,Bengaluru,0,DEV_ANDROID_14,0,826,0,0.66,0,P2M,0
TXN108336,USR0076,29553.7,3835.0,7.706,47.0,42.0,8,Chennai,1,DEV_UNKNOWN,1,490,3,6.44,0,P2P,1
TXN108337,USR0014,1320.27,2104.0,0.628,2.6,104.3,7,Delhi,0,DEV_ANDROID_13,0,906,0,2.47,1,RECHARGE,0
TXN108338,USR0128,2112.77,1765.0,1.197,28.0,24.7,14,Chennai,0,DEV_ANDROID_14,0,1740,0,1.18,1,P2M,0
TXN108339,USR0141,1140.88,1171.0,0.974,9.5,117.5,7,Hyderabad,0,DEV_IOS_18,0,304,0,1.04,0,P2P,0
TXN108340,USR0027,5546.87,816.0,6.798,22.3,140.1,11,Hyderabad,0,DEV_IOS_18,0,1470,0,1.6,1,P2M,0
TXN108341,USR0126,8139.39,2090.0,3.894,9.0,72.0,1,Delhi,0,DEV_UNKNOWN,1,702,0,2.57,0,P2P,1
TXN108342,USR0144,8985.75,2663.0,3.374,33.0,19.9,11,Chennai,0,DEV_IOS_18,0,1113,0,3.3,0,P2P,1
TXN108343,USR0013,1922.39,2086.0,0.922,34.6,425.7,17,Kolkata,0,DEV_ANDROID_13,0,751,0,1.75,1,P2P,0
TXN108344,USR0054,1297.9,1995.0,0.651,25.7,24.8,17,Hyderabad,0,DEV_IOS_18,0,1104,0,0.6,1,P2M,0
TXN108345,USR0013,1548.03,2086.0,0.742,34.9,255.9,18,Kolkata,0,DEV_ANDROID_13,0,765,0,1.14,1,P2P,0
TXN108346,USR0041,3480.14,2677.0,1.3,20.6,551.7,7,Bengaluru,0,DEV_ANDROID_13,0,832,1,0.61,0,P2P,0
TXN108347,USR0133,1390.21,561.0,2.478,42.0,2.5,12,Pune,1,DEV_ANDROID_12,1,1109,2,11.04,0,P2P,1
TXN108348,USR0016,1412.77,1443.0,0.979,17.1,206.8,17,Chennai,1,DEV_ANDROID_14,0,1249,0,2.14,1,P2M,0
TXN108349,USR0094,1756.7,3141.0,0.559,1.7,75.6,9,Kolkata,0,DEV_ANDROID_14,0,1688,0,0.42,0,P2M,0
TXN108350,USR0027,952.23,816.0,1.167,22.1,349.8,8,Hyderabad,0,DEV_IOS_18,0,1418,0,0.93,1,P2P,0
TXN108351,USR0004,1180.09,989.0,1.193,32.5,301.3,6,Chennai,0,DEV_IOS_18,0,838,0,1.05,0,P2P,0
TXN108352,USR0053,1020.58,1779.0,0.574,30.6,63.4,13,Chennai,0,DEV_ANDROID_14,0,1827,0,1.1,1,BILL_PAYMENT,0
TXN108353,USR0052,3464.48,875.0,3.959,11.2,8.0,19,Mumbai,0,DEV_ANDROID_13,0,1112,0,1.21,1,P2P,0
TXN108354,USR0127,3424.09,2395.0,1.43,18.5,501.4,23,Chennai,0,DEV_ANDROID_14,0,367,0,0.57,1,P2P,0
TXN108355,USR0022,1604.0,3458.0,0.464,26.8,302.9,13,Hyderabad,1,DEV_ANDROID_13,0,1324,0,2.08,1,P2P,0
TXN108356,USR0135,2045.52,3326.0,0.615,13.9,198.1,18,Delhi,1,DEV_IOS_18,0,1138,0,0.52,1,RECHARGE,0
TXN108357,USR0071,2961.43,1774.0,1.669,19.1,637.6,16,Hyderabad,0,DEV_ANDROID_14,0,1799,0,0.83,1,P2M,0
TXN108358,USR0104,4062.08,706.0,5.754,20.7,158.0,11,Mumbai,0,DEV_ANDROID_13,0,1140,0,1.12,1,P2P,0
TXN108359,USR0090,4518.48,4795.0,0.942,23.9,107.2,6,Hyderabad,0,DEV_ANDROID_14,0,565,0,0.64,1,P2P,0
TXN108360,USR0042,3576.49,4858.0,0.736,12.4,62.9,8,Delhi,0,DEV_ANDROID_13,0,1398,0,0.71,0,P2P,0
TXN108361,USR0106,820.05,1061.0,0.773,26.0,100.4,10,Delhi,0,DEV_ANDROID_13,0,1652,0,0.64,1,P2P,0
TXN108362,USR0014,4906.19,2104.0,2.332,22.0,0.6,3,Jaipur,1,DEV_UNKNOWN,1,849,1,9.64,1,ONLINE_SHOPPING,1
TXN108363,USR0070,1776.19,4705.0,0.378,7.0,229.5,15,Delhi,0,DEV_ANDROID_13,0,377,1,1.77,1,P2P,0
TXN108364,USR0116,3288.07,2809.0,1.171,30.3,226.6,14,Bengaluru,0,DEV_ANDROID_13,0,262,0,0.79,1,P2M,0
TXN108365,USR0008,5846.81,4207.0,1.39,12.5,536.9,15,Mumbai,0,DEV_ANDROID_13,0,1178,0,2.62,1,P2P,0
TXN108366,USR0026,5596.05,3918.0,1.428,19.4,237.2,12,Hyderabad,0,DEV_ANDROID_14,0,1133,0,1.44,1,P2P,0
TXN108367,USR0145,2952.33,4287.0,0.689,7.1,292.4,10,Mumbai,0,DEV_ANDROID_13,0,1445,0,0.2,1,RECHARGE,0
TXN108368,USR0145,35847.33,4287.0,8.362,20.0,54.9,2,Jaipur,1,DEV_UNKNOWN,1,1470,5,5.73,0,P2P,1
TXN108369,USR0135,6901.48,3326.0,2.075,10.0,141.2,19,Kolkata,0,DEV_IOS_18,0,1113,0,1.97,1,P2P,0
TXN108370,USR0063,3011.79,946.0,3.184,26.0,12.2,16,Hyderabad,0,DEV_UNKNOWN,1,491,0,4.08,0,P2P,1
TXN108371,USR0019,1496.71,4271.0,0.35,16.5,136.5,10,Bengaluru,0,DEV_ANDROID_13,0,1603,0,0.79,1,BILL_PAYMENT,0
TXN108372,USR0026,1584.93,3918.0,0.405,14.5,262.6,14,Hyderabad,0,DEV_ANDROID_14,0,1157,0,1.19,1,P2M,0
TXN108373,USR0051,1788.57,1265.0,1.414,9.2,174.0,16,Bengaluru,1,DEV_IOS_18,0,1179,0,1.09,1,P2P,0
TXN108374,USR0044,582.08,843.0,0.69,23.2,29.5,7,Delhi,0,DEV_ANDROID_14,0,1662,0,2.05,0,P2M,0
TXN108375,USR0149,3618.48,3318.0,1.091,8.8,54.0,11,Chennai,0,DEV_ANDROID_13,0,1428,0,1.8,0,RECHARGE,0
TXN108376,USR0082,1541.3,1061.0,1.453,36.8,148.8,16,Hyderabad,0,DEV_IOS_18,0,101,0,0.68,1,P2M,0
TXN108377,USR0077,3029.14,4759.0,0.637,11.2,319.5,13,Mumbai,0,DEV_ANDROID_13,0,67,0,2.71,0,P2P,0
TXN108378,USR0042,3430.96,4858.0,0.706,13.0,532.7,8,Delhi,0,DEV_ANDROID_13,0,1460,0,1.1,1,P2P,0
TXN108379,USR0125,1048.19,1159.0,0.904,12.5,177.5,15,Bengaluru,0,DEV_IOS_18,0,1155,0,0.81,1,P2P,0
TXN108380,USR0076,34021.95,3835.0,8.871,21.0,25.0,20,Mumbai,0,DEV_ANDROID_12,1,532,1,4.19,0,P2P,1
TXN108381,USR0052,557.47,875.0,0.637,11.6,46.8,20,Mumbai,0,DEV_ANDROID_13,0,1095,0,2.18,1,P2M,0
TXN108382,USR0043,14632.58,4029.0,3.632,17.3,274.5,15,Delhi,0,DEV_ANDROID_13,0,1355,0,1.6,1,P2P,0
TXN108383,USR0026,21029.02,3918.0,5.367,45.0,55.7,6,Jaipur,1,DEV_UNKNOWN,1,1207,6,8.84,0,P2P,1
TXN108384,USR0126,2832.47,2090.0,1.355,18.9,385.1,11,Delhi,0,DEV_IOS_18,0,688,0,0.99,1,BILL_PAYMENT,0
TXN108385,USR0140,2104.28,3114.0,0.676,2.2,364.3,11,Delhi,0,DEV_ANDROID_13,0,218,0,0.39,1,ONLINE_SHOPPING,0
TXN108386,USR0084,4528.14,960.0,4.717,25.0,36.3,21,Jaipur,1,DEV_UNKNOWN,1,913,5,5.12,0,P2P,1
TXN108387,USR0150,2100.51,1846.0,1.138,14.2,247.5,13,Bengaluru,0,DEV_IOS_18,0,317,0,1.39,1,P2M,0
TXN108388,USR0034,800.1,1168.0,0.685,11.8,278.7,16,Chennai,0,DEV_ANDROID_14,0,112,0,2.2,1,INVESTMENT,0
TXN108389,USR0034,1151.57,1168.0,0.986,10.9,200.2,18,Chennai,0,DEV_ANDROID_14,0,96,0,1.0,1,P2P,0
TXN108390,USR0055,753.87,1096.0,0.688,33.0,11.4,12,Delhi,0,DEV_ANDROID_14,0,758,0,1.64,1,P2P,0
TXN108391,USR0094,2464.07,3141.0,0.784,13.3,304.3,10,Kolkata,0,DEV_ANDROID_14,0,1718,0,1.03,1,P2M,0
TXN108392,USR0029,1208.46,1672.0,0.723,17.6,73.0,14,Kolkata,0,DEV_ANDROID_14,0,1768,0,1.37,1,ONLINE_SHOPPING,0
TXN108393,USR0011,1973.4,2073.0,0.952,23.0,381.7,13,Chennai,0,DEV_ANDROID_14,0,910,0,1.18,1,P2M,0
TXN108394,USR0057,12204.5,3487.0,3.5,16.0,5.0,17,Delhi,0,DEV_IOS_18,0,815,0,1.0,1,P2M,0
TXN108395,USR0100,1577.02,2121.0,0.744,28.3,242.2,12,Mumbai,1,DEV_ANDROID_14,0,804,0,1.21,1,INVESTMENT,0
TXN108396,USR0120,4534.62,3985.0,1.138,22.2,186.2,10,Chennai,0,DEV_ANDROID_14,1,1204,0,0.76,0,P2P,0
TXN108397,USR0120,7273.36,3985.0,1.825,23.5,79.6,10,Chennai,0,DEV_IOS_18,0,1157,1,2.19,1,BILL_PAYMENT,0
TXN108398,USR0131,931.59,1330.0,0.7,32.2,8.5,17,Bengaluru,0,DEV_IOS_18,0,1058,0,0.61,1,INVESTMENT,0
TXN108399,USR0090,4881.4,4795.0,1.018,19.6,5.0,23,Hyderabad,0,DEV_ANDROID_14,0,537,0,0.55,1,P2M,0
TXN108400,USR0021,1959.08,4102.0,0.478,2.7,111.5,12,Chennai,0,DEV_WEB_CHROME,1,1462,0,1.0,0,P2M,0
TXN108401,USR0016,10118.42,1443.0,7.012,14.7,147.1,12,Bengaluru,0,DEV_ANDROID_14,0,1266,0,1.63,1,P2P,0
TXN108402,USR0081,3849.16,1873.0,2.055,29.5,13.2,15,Kolkata,0,DEV_ANDROID_13,0,930,0,2.47,1,P2P,0
TXN108403,USR0076,3212.16,3835.0,0.838,19.2,250.3,8,Chennai,1,DEV_ANDROID_13,0,503,0,0.74,0,P2P,0
TXN108404,USR0057,1966.06,3487.0,0.564,16.7,11.7,12,Delhi,0,DEV_IOS_18,0,819,0,0.94,1,P2M,0
TXN108405,USR0053,1408.14,1779.0,0.792,25.3,21.7,12,Chennai,0,DEV_ANDROID_14,0,1816,0,0.1,0,P2M,0
TXN108406,USR0132,3691.82,3311.0,1.115,6.1,184.5,15,Bengaluru,1,DEV_ANDROID_13,0,574,0,1.25,1,BILL_PAYMENT,0
TXN108407,USR0132,4802.13,3311.0,1.45,12.1,5.0,10,Ahmedabad,1,DEV_WEB_CHROME,1,537,0,1.26,1,P2P,0
TXN108408,USR0056,3053.42,4000.0,0.763,1.0,281.2,15,Bengaluru,0,DEV_IOS_18,0,233,0,1.38,0,ONLINE_SHOPPING,0
TXN108409,USR0072,3000.06,4501.0,0.667,5.9,102.2,13,Kolkata,0,DEV_ANDROID_14,0,1344,0,1.26,1,P2P,0
TXN108410,USR0026,5812.1,3918.0,1.483,23.3,172.4,8,Hyderabad,0,DEV_ANDROID_14,0,1147,0,2.38,1,P2P,0
TXN108411,USR0031,2387.91,4621.0,0.517,16.8,52.7,13,Kolkata,0,DEV_ANDROID_14,0,856,0,1.06,0,P2M,0
TXN108412,USR0057,8081.77,3487.0,2.318,60.0,0.8,0,Chandigarh,1,DEV_ANDROID_14,1,797,1,9.41,0,P2P,1
TXN108413,USR0126,2161.75,2090.0,1.034,22.7,111.0,9,Delhi,0,DEV_IOS_18,0,676,0,2.09,1,BILL_PAYMENT,0
TXN108414,USR0060,3893.77,2418.0,1.61,14.9,189.2,9,Hyderabad,0,DEV_ANDROID_13,0,99,0,1.4,1,P2M,0
TXN108415,USR0116,15019.12,2809.0,5.347,31.9,5.0,8,Chandigarh,1,DEV_ANDROID_13,0,205,0,1.11,1,P2M,0
TXN108416,USR0150,10106.58,1846.0,5.475,18.0,52.5,17,Mumbai,1,DEV_UNKNOWN,1,329,6,9.16,0,P2P,1
TXN108417,USR0083,2884.07,1684.0,1.713,1.0,5.0,10,Delhi,0,DEV_ANDROID_14,0,69,0,1.37,1,INVESTMENT,0
TXN108418,USR0045,10395.42,3638.0,2.857,38.0,3.4,6,Kochi,1,DEV_WEB_CHROME,1,1304,4,8.93,0,P2P,1
TXN108419,USR0120,5645.05,3985.0,1.417,21.0,60.1,13,Chennai,0,DEV_IOS_18,0,1202,0,1.13,0,P2P,0
TXN108420,USR0147,4121.88,4639.0,0.889,26.8,66.9,11,Chennai,0,DEV_ANDROID_13,1,383,0,0.15,1,P2M,0
TXN108421,USR0062,1904.08,2948.0,0.646,13.7,39.8,9,Mumbai,0,DEV_ANDROID_14,0,220,1,0.47,1,P2P,0
TXN108422,USR0129,6392.94,4329.0,1.477,10.3,131.7,14,Chennai,0,DEV_ANDROID_13,0,1441,0,0.84,1,P2P,0
TXN108423,USR0080,627.96,1303.0,0.482,15.2,146.2,17,Lucknow,1,DEV_ANDROID_14,0,636,0,0.98,1,BILL_PAYMENT,0
TXN108424,USR0126,1907.6,2090.0,0.913,16.2,288.0,13,Delhi,0,DEV_IOS_18,0,665,0,1.05,1,P2M,0
TXN108425,USR0141,7931.89,1171.0,6.774,9.8,35.5,17,Hyderabad,0,DEV_IOS_18,0,260,0,1.63,1,P2P,0
TXN108426,USR0077,4627.47,4759.0,0.972,8.9,10.0,11,Mumbai,0,DEV_ANDROID_13,0,82,0,1.64,1,P2M,0
TXN108427,USR0014,1528.59,2104.0,0.727,6.8,88.5,11,Delhi,0,DEV_ANDROID_14,1,863,0,1.82,1,P2P,0
TXN108428,USR0065,4106.1,3227.0,1.272,34.5,258.4,8,Delhi,0,DEV_ANDROID_14,0,1761,0,1.39,1,P2P,0
TXN108429,USR0058,4574.19,3029.0,1.51,17.3,72.6,15,Kolkata,0,DEV_ANDROID_14,0,875,0,0.25,0,INVESTMENT,0
TXN108430,USR0021,2075.75,4102.0,0.506,9.1,226.9,11,Chennai,0,DEV_ANDROID_14,0,1441,0,1.09,0,P2M,0
TXN108431,USR0146,423.82,803.0,0.528,19.9,62.5,8,Kochi,1,DEV_ANDROID_13,0,1189,0,1.92,0,P2P,0
TXN108432,USR0126,3819.36,2090.0,1.827,16.1,241.6,10,Delhi,0,DEV_IOS_18,0,734,0,0.67,0,P2M,0
TXN108433,USR0055,1336.78,1096.0,1.22,33.3,284.9,8,Delhi,0,DEV_ANDROID_14,0,808,0,0.91,1,P2P,0
TXN108434,USR0083,2312.55,1684.0,1.373,7.0,174.5,10,Delhi,0,DEV_ANDROID_14,0,52,0,1.05,1,P2P,0
TXN108435,USR0050,19322.93,2312.0,8.358,54.0,42.2,7,Kolkata,1,DEV_UNKNOWN,1,123,7,4.8,0,INVESTMENT,1
TXN108436,USR0125,757.86,1159.0,0.654,12.3,295.5,9,Bengaluru,0,DEV_IOS_18,0,1114,0,2.04,0,P2P,0
TXN108437,USR0021,10585.27,4102.0,2.581,13.5,142.5,13,Chennai,0,DEV_ANDROID_14,0,1477,0,0.92,1,P2P,0
TXN108438,USR0065,4289.01,3227.0,1.329,29.9,517.1,14,Pune,1,DEV_ANDROID_14,0,1771,0,0.34,0,P2M,0
TXN108439,USR0085,3864.83,3924.0,0.985,19.3,166.7,9,Kolkata,0,DEV_ANDROID_13,0,786,0,1.58,1,P2M,0
TXN108440,USR0055,1445.56,1096.0,1.319,33.7,39.1,19,Delhi,0,DEV_ANDROID_14,0,822,0,1.45,1,ONLINE_SHOPPING,0
TXN108441,USR0088,4680.83,4666.0,1.003,9.2,5.0,16,Mumbai,0,DEV_IOS_18,0,742,0,0.24,1,P2P,0
TXN108442,USR0120,2363.25,3985.0,0.593,20.1,673.1,10,Chennai,0,DEV_IOS_18,0,1152,0,2.43,0,P2M,0
TXN108443,USR0033,14467.21,2282.0,6.34,21.0,29.6,2,Mumbai,1,DEV_IOS_18,0,827,1,4.08,0,P2M,1
TXN108444,USR0120,1848.81,3985.0,0.464,19.3,220.6,13,Chennai,0,DEV_IOS_18,0,1211,0,1.27,1,P2P,0
TXN108445,USR0028,343.5,541.0,0.635,11.8,189.2,15,Delhi,0,DEV_IOS_18,0,795,0,1.38,1,P2M,0
TXN108446,USR0091,3726.87,2696.0,1.382,5.7,420.7,14,Kolkata,0,DEV_ANDROID_13,0,1080,0,1.12,1,BILL_PAYMENT,0
TXN108447,USR0123,3708.48,4007.0,0.925,12.6,816.0,15,Kolkata,0,DEV_IOS_18,0,1296,0,0.65,1,P2M,0
TXN108448,USR0078,8409.64,4223.0,1.991,26.7,20.2,6,Mumbai,0,DEV_ANDROID_14,0,328,0,1.88,0,P2P,0
TXN108449,USR0106,1274.08,1061.0,1.201,26.7,292.2,7,Delhi,0,DEV_ANDROID_13,0,1691,0,1.72,0,P2M,0
TXN108450,USR0071,1317.1,1774.0,0.742,14.7,334.0,15,Hyderabad,0,DEV_ANDROID_14,0,1786,0,1.42,0,BILL_PAYMENT,0
TXN108451,USR0150,4514.31,1846.0,2.445,12.8,19.4,14,Bengaluru,0,DEV_IOS_18,0,326,0,1.05,1,ONLINE_SHOPPING,0
TXN108452,USR0022,2339.93,3458.0,0.677,27.1,115.0,11,Hyderabad,1,DEV_ANDROID_13,0,1320,0,1.76,0,P2P,0
TXN108453,USR0085,3313.58,3924.0,0.844,23.2,12.4,8,Chandigarh,1,DEV_ANDROID_13,0,791,0,0.54,1,P2P,0
TXN108454,USR0125,24419.09,1159.0,21.069,46.0,12.4,20,Chandigarh,1,DEV_UNKNOWN,1,1116,1,7.34,0,P2P,1
TXN108455,USR0003,2971.38,3784.0,0.785,26.7,121.6,15,Kolkata,1,DEV_ANDROID_13,0,1338,0,0.73,1,P2P,0
TXN108456,USR0031,9794.18,4621.0,2.119,10.2,319.0,8,Chandigarh,1,DEV_ANDROID_14,0,811,0,0.6,1,P2M,0
TXN108457,USR0067,3130.02,1825.0,1.715,34.3,63.2,7,Hyderabad,0,DEV_ANDROID_14,1,826,0,2.02,1,BILL_PAYMENT,0
TXN108458,USR0099,3187.39,3865.0,0.825,25.4,45.6,12,Chennai,1,DEV_ANDROID_13,0,524,0,1.95,1,BILL_PAYMENT,0
TXN108459,USR0122,2563.7,2765.0,0.927,36.8,101.8,9,Hyderabad,0,DEV_ANDROID_14,0,1569,0,1.38,1,ONLINE_SHOPPING,0
TXN108460,USR0034,904.77,1168.0,0.775,16.8,21.6,7,Chennai,0,DEV_ANDROID_14,0,70,0,1.68,1,P2M,0
TXN108461,USR0059,13824.93,4787.0,2.888,38.0,20.0,18,Chennai,0,DEV_UNKNOWN,1,1027,1,3.99,0,P2P,1
TXN108462,USR0128,3160.68,1765.0,1.791,19.0,876.7,8,Chennai,0,DEV_ANDROID_14,0,1712,0,0.19,1,P2M,0
TXN108463,USR0097,1480.53,1552.0,0.954,31.6,439.3,16,Delhi,0,DEV_ANDROID_13,0,857,0,0.94,1,BILL_PAYMENT,0
TXN108464,USR0018,904.2,1836.0,0.492,27.7,367.4,15,Chennai,0,DEV_ANDROID_14,0,1515,0,1.68,0,INVESTMENT,0
TXN108465,USR0054,1491.92,1995.0,0.748,21.4,348.9,9,Hyderabad,0,DEV_IOS_18,0,1063,0,1.29,1,BILL_PAYMENT,0
TXN108466,USR0022,2809.35,3458.0,0.812,22.3,83.5,8,Delhi,1,DEV_ANDROID_13,0,1263,0,0.46,1,P2M,0
TXN108467,USR0143,3751.01,3747.0,1.001,23.3,158.6,13,Chennai,0,DEV_IOS_18,0,1661,0,1.07,1,P2M,0
TXN108468,USR0118,1242.75,855.0,1.454,26.2,60.3,14,Kochi,1,DEV_IOS_18,1,1514,0,0.88,1,P2P,0
TXN108469,USR0146,795.67,803.0,0.991,15.1,81.9,19,Mumbai,0,DEV_ANDROID_13,0,1181,0,1.04,0,P2P,0
TXN108470,USR0052,981.74,875.0,1.122,12.6,231.3,13,Mumbai,0,DEV_ANDROID_13,0,1081,0,1.53,1,INVESTMENT,0
TXN108471,USR0060,8348.15,2418.0,3.453,15.0,85.9,11,Hyderabad,0,DEV_ANDROID_13,0,121,0,2.22,1,P2P,0
TXN108472,USR0021,4005.9,4102.0,0.977,8.2,70.9,9,Kochi,1,DEV_ANDROID_13,1,1469,0,0.66,1,P2P,0
TXN108473,USR0090,4379.63,4795.0,0.913,21.7,7.6,12,Hyderabad,0,DEV_ANDROID_14,0,596,0,2.89,1,P2P,0
TXN108474,USR0011,5025.51,2073.0,2.424,38.0,0.7,0,Kochi,1,DEV_ANDROID_12,1,916,3,10.73,0,ONLINE_SHOPPING,1
TXN108475,USR0016,1524.01,1443.0,1.056,25.2,234.5,9,Bengaluru,0,DEV_ANDROID_14,0,1205,0,1.54,1,P2M,0
TXN108476,USR0097,943.71,1552.0,0.608,28.0,113.5,16,Delhi,0,DEV_ANDROID_13,0,854,0,1.85,0,P2M,0
TXN108477,USR0137,3818.15,4815.0,0.793,34.7,13.9,7,Chennai,0,DEV_ANDROID_14,0,340,0,0.74,0,P2P,0
TXN108478,USR0074,2039.9,1853.0,1.101,11.7,64.6,9,Hyderabad,0,DEV_IOS_18,0,1402,0,1.48,1,P2P,0
TXN108479,USR0010,5142.2,4508.0,1.141,26.0,23.2,12,Kolkata,0,DEV_IOS_18,0,1387,0,0.92,1,P2P,0
TXN108480,USR0059,15100.9,4787.0,3.155,12.0,17.8,21,Chennai,0,DEV_ANDROID_14,0,991,1,3.65,0,P2P,1
TXN108481,USR0143,4840.63,3747.0,1.292,26.3,187.3,17,Chennai,0,DEV_IOS_18,0,1659,0,2.62,1,P2M,0
TXN108482,USR0003,3488.5,3784.0,0.922,33.8,561.6,22,Hyderabad,0,DEV_ANDROID_14,1,1335,0,1.78,0,P2P,0
TXN108483,USR0029,972.18,1672.0,0.581,19.6,189.7,10,Kolkata,0,DEV_ANDROID_14,0,1801,1,1.17,1,P2M,0
TXN108484,USR0015,2997.81,2529.0,1.185,13.0,328.8,19,Chennai,0,DEV_ANDROID_14,0,1244,0,1.41,1,P2P,0
TXN108485,USR0105,1247.59,1284.0,0.972,34.3,74.0,12,Bengaluru,0,DEV_ANDROID_14,0,598,0,0.97,1,INVESTMENT,0
TXN108486,USR0122,3742.02,2765.0,1.353,36.4,259.1,9,Hyderabad,0,DEV_ANDROID_14,0,1550,0,1.03,1,ONLINE_SHOPPING,0
TXN108487,USR0146,506.76,803.0,0.631,25.7,25.6,10,Mumbai,0,DEV_ANDROID_13,0,1232,0,1.29,1,RECHARGE,0
TXN108488,USR0134,7468.99,4359.0,1.713,29.0,20.5,18,Chennai,0,DEV_IOS_18,0,319,0,1.11,0,ONLINE_SHOPPING,0
TXN108489,USR0036,1232.72,1141.0,1.08,32.0,268.9,11,Bengaluru,0,DEV_IOS_18,1,927,0,0.84,0,ONLINE_SHOPPING,0
TXN108490,USR0100,1161.37,2121.0,0.548,34.9,406.5,12,Bengaluru,0,DEV_ANDROID_14,0,778,0,1.55,0,P2M,0
TXN108491,USR0019,5358.16,4271.0,1.255,18.1,114.4,12,Bengaluru,0,DEV_ANDROID_13,0,1662,0,2.36,1,INVESTMENT,0
TXN108492,USR0133,985.25,561.0,1.756,6.2,157.4,10,Delhi,0,DEV_ANDROID_13,0,1071,0,1.16,1,P2M,0
TXN108493,USR0045,2433.04,3638.0,0.669,10.6,140.7,11,Mumbai,0,DEV_IOS_18,0,1325,0,0.93,1,BILL_PAYMENT,0
TXN108494,USR0093,5273.91,3844.0,1.372,19.8,7.6,12,Chennai,0,DEV_ANDROID_14,0,34,0,0.16,1,P2M,0
TXN108495,USR0015,12390.33,2529.0,4.899,5.2,334.8,12,Chennai,0,DEV_ANDROID_14,0,1260,0,0.1,0,RECHARGE,0
TXN108496,USR0059,4351.38,4787.0,0.909,17.1,320.6,22,Chennai,0,DEV_ANDROID_14,0,1029,0,2.15,1,P2M,0
TXN108497,USR0043,2821.49,4029.0,0.7,13.7,491.5,15,Delhi,0,DEV_ANDROID_13,0,1383,0,1.68,1,ONLINE_SHOPPING,0
TXN108498,USR0006,13348.58,4184.0,3.19,19.3,12.7,12,Hyderabad,0,DEV_IOS_18,0,832,0,1.63,1,P2M,0
TXN108499,USR0106,3379.07,1061.0,3.185,29.6,64.7,8,Delhi,0,DEV_ANDROID_13,0,1702,0,1.65,0,P2M,0
TXN108500,USR0104,415.36,706.0,0.588,8.4,306.2,15,Mumbai,0,DEV_ANDROID_13,0,1138,0,1.29,1,P2P,0
TXN108501,USR0148,2277.54,1934.0,1.178,27.1,430.4,13,Chennai,0,DEV_ANDROID_13,0,1603,0,1.89,1,P2P,0
TXN108502,USR0086,2119.42,4098.0,0.517,1.6,232.7,8,Delhi,0,DEV_ANDROID_13,0,1329,0,1.01,1,RECHARGE,0
TXN108503,USR0086,4104.07,4098.0,1.001,5.3,52.2,18,Delhi,0,DEV_ANDROID_13,0,1305,0,2.09,0,P2P,0
TXN108504,USR0127,4043.72,2395.0,1.688,17.1,343.1,15,Chennai,0,DEV_ANDROID_14,0,369,0,1.9,1,P2M,0
TXN108505,USR0095,5036.1,2387.0,2.11,16.7,107.8,8,Chennai,0,DEV_WEB_CHROME,1,1152,0,2.37,1,P2M,0
TXN108506,USR0076,3752.93,3835.0,0.979,20.0,238.9,17,Kochi,1,DEV_ANDROID_13,0,513,0,1.37,1,ONLINE_SHOPPING,0
TXN108507,USR0124,7616.89,1625.0,4.687,14.0,30.8,20,Hyderabad,0,DEV_ANDROID_14,0,329,0,1.0,1,INVESTMENT,0
TXN108508,USR0079,2252.5,2089.0,1.078,19.0,138.4,11,Chennai,0,DEV_ANDROID_14,0,1313,0,1.17,1,P2M,0
TXN108509,USR0065,2398.35,3227.0,0.743,29.0,54.5,16,Delhi,0,DEV_ANDROID_14,0,1801,0,1.4,1,ONLINE_SHOPPING,0
TXN108510,USR0124,1404.28,1625.0,0.864,4.8,330.5,9,Hyderabad,0,DEV_ANDROID_14,0,317,0,1.47,1,BILL_PAYMENT,0
TXN108511,USR0147,4212.25,4639.0,0.908,28.1,746.2,18,Hyderabad,1,DEV_IOS_18,0,415,0,1.17,1,ONLINE_SHOPPING,0
TXN108512,USR0050,3009.6,2312.0,1.302,31.1,68.2,16,Mumbai,0,DEV_ANDROID_13,0,104,0,2.08,1,P2P,0
TXN108513,USR0101,5229.56,4828.0,1.083,35.8,60.1,14,Mumbai,0,DEV_IOS_18,0,528,0,1.58,1,P2M,0
TXN108514,USR0054,2004.5,1995.0,1.005,23.1,48.9,8,Hyderabad,0,DEV_IOS_18,0,1057,0,2.13,1,P2P,0
TXN108515,USR0001,12338.75,3411.0,3.617,26.0,6.9,14,Mumbai,0,DEV_ANDROID_13,0,802,0,3.7,0,P2P,1
TXN108516,USR0138,1854.68,3130.0,0.593,11.4,11.4,7,Chennai,0,DEV_IOS_18,0,1460,0,0.63,1,P2P,0
TXN108517,USR0091,2518.72,2696.0,0.934,1.0,82.0,22,Kolkata,0,DEV_ANDROID_13,0,1104,0,1.18,1,P2P,0
TXN108518,USR0030,1720.19,1476.0,1.165,30.3,188.7,14,Kolkata,0,DEV_ANDROID_14,0,170,0,1.18,1,ONLINE_SHOPPING,0
TXN108519,USR0028,563.77,541.0,1.042,10.0,38.3,13,Jaipur,1,DEV_IOS_18,0,805,0,0.82,1,P2M,0
TXN108520,USR0040,618.43,942.0,0.657,16.8,607.9,8,Mumbai,0,DEV_IOS_18,0,1778,0,0.78,1,P2P,0
TXN108521,USR0086,12006.5,4098.0,2.93,1.0,206.5,16,Delhi,0,DEV_ANDROID_13,0,1345,0,1.41,0,P2P,0
TXN108522,USR0027,6866.81,816.0,8.415,34.0,17.4,2,Kochi,1,DEV_UNKNOWN,1,1474,3,3.79,0,P2P,1
TXN108523,USR0144,1066.16,2663.0,0.4,9.0,5.0,10,Mumbai,1,DEV_IOS_18,0,1097,0,0.77,1,P2P,0
TXN108524,USR0075,1956.3,2287.0,0.855,11.9,73.8,13,Bengaluru,0,DEV_IOS_18,0,1620,0,0.98,1,P2M,0
TXN108525,USR0105,503.8,1284.0,0.392,31.6,46.1,20,Bengaluru,0,DEV_ANDROID_14,0,632,0,1.77,1,BILL_PAYMENT,0
TXN108526,USR0011,1740.61,2073.0,0.84,23.5,417.3,18,Chennai,0,DEV_ANDROID_14,0,907,0,1.01,1,P2P,0
TXN108527,USR0144,3562.3,2663.0,1.338,14.2,64.7,8,Chennai,0,DEV_IOS_18,0,1105,0,0.72,1,P2P,0
TXN108528,USR0090,3400.63,4795.0,0.709,19.9,584.3,16,Hyderabad,0,DEV_ANDROID_14,0,572,0,1.35,1,BILL_PAYMENT,0
TXN108529,USR0113,4584.52,2668.0,1.718,15.3,62.4,13,Hyderabad,0,DEV_ANDROID_14,0,1622,0,0.84,0,P2M,0
TXN108530,USR0046,2617.42,3064.0,0.854,25.8,188.4,22,Delhi,0,DEV_ANDROID_13,0,361,0,1.22,1,P2M,0
TXN108531,USR0073,7724.71,1427.0,5.413,24.0,10.6,22,Lucknow,1,DEV_UNKNOWN,1,277,4,6.95,0,INVESTMENT,1
TXN108532,USR0018,9515.15,1836.0,5.183,21.9,255.9,17,Chennai,0,DEV_ANDROID_14,0,1558,0,0.32,1,INVESTMENT,0
TXN108533,USR0103,5135.53,4267.0,1.204,33.1,642.0,12,Kolkata,0,DEV_ANDROID_13,0,1775,1,0.41,1,P2M,0
TXN108534,USR0134,5016.62,4359.0,1.151,30.2,234.4,15,Chennai,0,DEV_IOS_18,0,248,0,1.54,1,P2P,0
TXN108535,USR0020,3987.09,3539.0,1.127,24.2,47.3,18,Delhi,0,DEV_ANDROID_14,0,284,0,1.62,1,ONLINE_SHOPPING,0
TXN108536,USR0069,4957.69,3260.0,1.521,18.8,14.7,16,Hyderabad,0,DEV_ANDROID_14,0,1670,0,1.02,0,BILL_PAYMENT,0
TXN108537,USR0031,33946.12,4621.0,7.346,10.8,344.4,12,Kolkata,0,DEV_ANDROID_14,0,797,0,1.76,1,P2P,0
TXN108538,USR0074,13689.88,1853.0,7.388,1.9,40.9,15,Hyderabad,0,DEV_IOS_18,0,1382,0,1.69,1,P2P,0
TXN108539,USR0133,2772.72,561.0,4.942,12.3,20.7,10,Delhi,0,DEV_ANDROID_13,0,1073,0,0.43,0,P2P,0
TXN108540,USR0043,3100.24,4029.0,0.769,16.6,111.6,8,Delhi,0,DEV_ANDROID_13,0,1393,0,1.74,0,P2P,0
TXN108541,USR0050,4595.0,2312.0,1.987,28.4,17.3,16,Mumbai,0,DEV_IOS_18,1,124,0,0.7,1,ONLINE_SHOPPING,0
TXN108542,USR0052,814.15,875.0,0.93,5.5,67.7,11,Bengaluru,1,DEV_ANDROID_13,0,1107,0,1.1,1,P2P,0
TXN108543,USR0034,1539.81,1168.0,1.318,15.6,650.3,15,Chennai,0,DEV_ANDROID_14,0,119,0,2.09,0,P2M,0
TXN108544,USR0057,7698.08,3487.0,2.208,21.6,44.5,21,Delhi,0,DEV_IOS_18,0,843,0,2.29,0,BILL_PAYMENT,0
TXN108545,USR0092,5681.2,3316.0,1.713,38.2,337.2,8,Hyderabad,0,DEV_ANDROID_14,0,268,0,0.23,1,P2M,0
TXN108546,USR0092,2907.68,3316.0,0.877,29.1,31.9,14,Hyderabad,0,DEV_ANDROID_14,0,208,0,0.61,1,P2M,0
TXN108547,USR0083,2684.92,1684.0,1.594,8.6,104.7,15,Kochi,1,DEV_ANDROID_13,1,79,0,2.29,0,P2P,0
TXN108548,USR0101,9418.69,4828.0,1.951,39.0,659.0,8,Mumbai,0,DEV_IOS_18,0,520,0,1.09,0,P2P,0
TXN108549,USR0092,4445.6,3316.0,1.341,31.1,179.4,9,Mumbai,1,DEV_ANDROID_14,0,272,0,1.11,1,P2P,0
TXN108550,USR0065,4974.49,3227.0,1.542,27.3,662.5,13,Delhi,0,DEV_ANDROID_14,0,1747,0,0.95,1,ONLINE_SHOPPING,0
TXN108551,USR0011,2041.0,2073.0,0.985,15.8,61.6,9,Chennai,0,DEV_ANDROID_14,0,941,0,0.45,0,BILL_PAYMENT,0
TXN108552,USR0117,1752.21,891.0,1.967,13.0,12.0,21,Mumbai,0,DEV_ANDROID_13,0,797,1,3.71,0,P2P,1
TXN108553,USR0137,4987.79,4815.0,1.036,31.7,50.3,17,Chennai,0,DEV_ANDROID_14,0,370,0,0.74,1,P2M,0
TXN108554,USR0146,718.94,803.0,0.895,22.8,186.2,21,Mumbai,0,DEV_ANDROID_13,0,1238,0,1.24,1,ONLINE_SHOPPING,0
TXN108555,USR0093,4139.75,3844.0,1.077,10.6,113.0,13,Chennai,0,DEV_ANDROID_14,0,87,0,1.06,0,BILL_PAYMENT,0
TXN108556,USR0021,5409.03,4102.0,1.319,1.6,231.8,14,Chennai,0,DEV_ANDROID_14,0,1489,0,1.9,1,P2P,0
TXN108557,USR0067,1272.71,1825.0,0.697,33.2,118.1,12,Hyderabad,0,DEV_WEB_CHROME,1,838,0,1.16,0,P2M,0
TXN108558,USR0078,6087.03,4223.0,1.441,36.7,232.5,16,Mumbai,0,DEV_ANDROID_14,0,335,0,0.77,1,RECHARGE,0
TXN108559,USR0143,1885.7,3747.0,0.503,22.7,271.1,16,Chennai,0,DEV_IOS_18,0,1696,1,1.2,1,P2P,0
TXN108560,USR0039,1802.42,3193.0,0.564,18.3,59.1,12,Chennai,0,DEV_IOS_18,0,1719,0,0.59,1,P2P,0
TXN108561,USR0044,4188.03,843.0,4.968,16.0,295.0,1,Delhi,0,DEV_UNKNOWN,1,1664,1,6.77,0,P2P,1
TXN108562,USR0061,446.21,445.0,1.003,28.9,265.6,22,Bengaluru,0,DEV_ANDROID_13,0,975,0,1.48,0,P2P,0
TXN108563,USR0060,4972.25,2418.0,2.056,18.3,421.8,17,Hyderabad,0,DEV_ANDROID_14,1,122,0,0.72,1,ONLINE_SHOPPING,0
TXN108564,USR0040,765.56,942.0,0.813,13.2,151.8,15,Mumbai,0,DEV_IOS_18,0,1749,0,2.07,1,P2P,0
TXN108565,USR0114,3066.21,1547.0,1.982,27.0,52.2,15,Delhi,0,DEV_ANDROID_14,0,1062,0,1.31,1,ONLINE_SHOPPING,0
TXN108566,USR0085,14792.08,3924.0,3.77,17.0,174.0,4,Chennai,1,DEV_UNKNOWN,1,786,0,5.65,0,P2P,1
TXN108567,USR0118,390.42,855.0,0.457,33.1,28.7,8,Kolkata,0,DEV_ANDROID_13,0,1558,0,1.49,1,P2P,0
TXN108568,USR0113,1238.51,2668.0,0.464,10.2,122.9,13,Hyderabad,0,DEV_ANDROID_14,0,1619,0,0.93,1,BILL_PAYMENT,0
TXN108569,USR0074,3010.95,1853.0,1.625,4.6,216.5,9,Hyderabad,0,DEV_IOS_18,0,1452,0,1.86,0,P2P,0
TXN108570,USR0067,1418.26,1825.0,0.777,25.2,50.7,12,Hyderabad,0,DEV_IOS_18,0,867,0,1.27,1,BILL_PAYMENT,0
TXN108571,USR0054,3314.32,1995.0,1.661,24.6,300.9,17,Hyderabad,0,DEV_IOS_18,0,1084,0,1.72,1,P2M,0
TXN108572,USR0074,4372.87,1853.0,2.36,1.0,66.3,11,Hyderabad,0,DEV_IOS_18,0,1422,2,1.32,1,P2M,0
TXN108573,USR0094,3803.33,3141.0,1.211,9.2,443.1,13,Kolkata,0,DEV_ANDROID_14,0,1724,0,0.66,1,RECHARGE,0
TXN108574,USR0121,8216.53,3799.0,2.163,4.0,99.4,13,Hyderabad,0,DEV_ANDROID_13,0,1489,0,0.71,1,P2M,0
TXN108575,USR0076,2024.04,3835.0,0.528,12.7,139.7,17,Mumbai,0,DEV_ANDROID_13,0,550,0,0.88,0,P2M,0
TXN108576,USR0134,2439.13,4359.0,0.56,37.6,148.8,11,Chennai,0,DEV_IOS_18,0,290,0,1.48,1,ONLINE_SHOPPING,0
TXN108577,USR0060,1517.62,2418.0,0.628,14.7,257.1,10,Hyderabad,0,DEV_ANDROID_13,0,110,0,0.98,1,P2P,0
TXN108578,USR0017,954.74,1139.0,0.838,26.4,334.1,13,Kolkata,0,DEV_IOS_18,0,1150,0,0.54,0,RECHARGE,0
TXN108579,USR0017,1476.5,1139.0,1.296,21.1,5.0,15,Kochi,1,DEV_IOS_18,0,1174,0,2.29,1,BILL_PAYMENT,0
TXN108580,USR0055,1570.91,1096.0,1.433,36.8,550.7,9,Delhi,0,DEV_ANDROID_14,0,822,0,1.97,1,P2M,0
TXN108581,USR0010,27768.21,4508.0,6.16,16.0,6.0,19,Jaipur,1,DEV_UNKNOWN,1,1392,6,8.32,0,INVESTMENT,1
TXN108582,USR0087,2575.19,4199.0,0.613,8.5,56.4,16,Mumbai,0,DEV_ANDROID_13,0,837,0,0.27,1,P2M,0
TXN108583,USR0100,4279.51,2121.0,2.018,32.6,501.2,8,Bengaluru,0,DEV_ANDROID_14,0,775,0,1.02,1,P2M,0
TXN108584,USR0134,17645.88,4359.0,4.048,34.6,311.7,14,Hyderabad,1,DEV_IOS_18,0,267,0,2.22,1,P2P,0
TXN108585,USR0111,3637.78,4209.0,0.864,17.2,47.9,10,Chennai,0,DEV_IOS_18,0,1822,0,1.31,0,P2P,0
TXN108586,USR0022,4295.52,3458.0,1.242,21.4,54.0,11,Chennai,0,DEV_ANDROID_13,0,1302,0,1.48,1,BILL_PAYMENT,0
TXN108587,USR0065,2220.4,3227.0,0.688,30.4,30.6,10,Delhi,0,DEV_ANDROID_14,0,1785,0,1.94,0,P2P,0
TXN108588,USR0011,2919.76,2073.0,1.408,19.5,45.1,16,Chennai,0,DEV_ANDROID_14,0,905,0,1.07,1,RECHARGE,0
TXN108589,USR0026,24171.98,3918.0,6.169,47.0,40.3,8,Lucknow,1,DEV_UNKNOWN,1,1157,6,10.72,0,P2P,1
TXN108590,USR0046,6136.24,3064.0,2.003,25.5,118.0,16,Delhi,0,DEV_ANDROID_13,0,326,0,1.24,1,P2P,0
TXN108591,USR0138,3485.07,3130.0,1.113,18.6,117.0,19,Chennai,0,DEV_IOS_18,0,1436,1,1.82,1,P2P,0
TXN108592,USR0039,18059.85,3193.0,5.656,13.8,63.5,16,Chennai,0,DEV_IOS_18,0,1718,0,0.53,1,P2M,0
TXN108593,USR0037,3214.17,2687.0,1.196,22.9,556.9,16,Kolkata,0,DEV_ANDROID_14,0,955,0,1.71,1,P2M,0
TXN108594,USR0010,8451.58,4508.0,1.875,30.6,153.0,14,Kolkata,0,DEV_ANDROID_14,1,1428,0,1.37,1,BILL_PAYMENT,0
TXN108595,USR0045,4773.81,3638.0,1.312,12.4,132.9,12,Kolkata,1,DEV_IOS_18,0,1321,0,0.4,1,P2P,0
TXN108596,USR0057,3630.57,3487.0,1.041,13.0,49.8,7,Delhi,0,DEV_ANDROID_13,1,820,0,1.12,1,P2P,0
TXN108597,USR0001,3287.48,3411.0,0.964,15.8,136.6,8,Mumbai,0,DEV_ANDROID_13,0,835,0,1.2,0,P2M,0
TXN108598,USR0017,886.33,1139.0,0.778,27.1,74.4,12,Kolkata,0,DEV_IOS_18,0,1127,0,0.68,1,P2P,0
TXN108599,USR0018,1097.67,1836.0,0.598,27.6,80.0,8,Chennai,0,DEV_ANDROID_14,0,1553,0,0.73,1,BILL_PAYMENT,0
TXN108600,USR0086,3378.68,4098.0,0.824,11.6,536.8,15,Lucknow,1,DEV_ANDROID_13,0,1304,0,1.72,0,P2P,0
TXN108601,USR0148,1885.05,1934.0,0.975,21.8,17.1,9,Hyderabad,1,DEV_ANDROID_13,0,1639,0,1.64,1,P2P,0
TXN108602,USR0098,3084.21,2841.0,1.086,28.9,621.0,12,Delhi,0,DEV_IOS_18,0,1090,0,1.7,1,P2M,0
TXN108603,USR0143,3220.21,3747.0,0.859,23.9,85.0,15,Kochi,1,DEV_IOS_18,0,1674,0,1.59,1,BILL_PAYMENT,0
TXN108604,USR0146,2080.07,803.0,2.59,14.9,147.3,21,Lucknow,1,DEV_ANDROID_13,0,1193,0,1.19,1,BILL_PAYMENT,0
TXN108605,USR0005,2047.03,1239.0,1.652,26.5,53.7,17,Hyderabad,0,DEV_IOS_18,0,1421,0,1.07,1,P2P,0
TXN108606,USR0020,2958.24,3539.0,0.836,27.2,304.2,17,Delhi,0,DEV_ANDROID_14,0,314,0,2.59,0,P2P,0
TXN108607,USR0030,2972.37,1476.0,2.014,35.7,657.1,10,Mumbai,1,DEV_ANDROID_14,0,185,0,0.1,1,P2P,0
TXN108608,USR0099,8821.69,3865.0,2.282,23.1,133.5,21,Kolkata,0,DEV_ANDROID_13,0,573,0,1.43,1,P2P,0
TXN108609,USR0018,2118.55,1836.0,1.154,32.2,46.1,14,Chennai,0,DEV_ANDROID_14,0,1524,0,2.3,1,ONLINE_SHOPPING,0
TXN108610,USR0051,662.1,1265.0,0.523,17.0,157.9,17,Delhi,0,DEV_ANDROID_14,1,1210,0,1.39,1,ONLINE_SHOPPING,0
TXN108611,USR0135,4764.44,3326.0,1.432,14.3,62.3,6,Kolkata,0,DEV_WEB_CHROME,1,1165,0,0.21,1,BILL_PAYMENT,0
TXN108612,USR0056,28040.26,4000.0,7.01,9.1,136.7,10,Bengaluru,0,DEV_IOS_18,0,156,0,1.96,0,P2P,0
TXN108613,USR0090,7617.65,4795.0,1.589,20.3,248.0,15,Hyderabad,0,DEV_ANDROID_14,0,573,0,1.0,0,P2M,0
TXN108614,USR0136,1564.82,788.0,1.986,21.2,356.7,15,Lucknow,1,DEV_IOS_18,0,1677,0,1.4,1,BILL_PAYMENT,0
TXN108615,USR0035,3919.47,3949.0,0.993,19.6,152.9,14,Mumbai,0,DEV_ANDROID_14,0,1265,0,0.86,0,P2M,0
TXN108616,USR0065,3674.2,3227.0,1.139,29.8,118.6,10,Delhi,0,DEV_ANDROID_14,0,1766,0,1.38,1,P2M,0
TXN108617,USR0070,5003.12,4705.0,1.063,9.1,5.0,10,Delhi,0,DEV_ANDROID_14,1,355,0,1.58,0,P2P,0
TXN108618,USR0141,2265.39,1171.0,1.935,8.3,275.6,17,Kolkata,1,DEV_IOS_18,0,315,0,1.91,0,P2P,0
TXN108619,USR0121,2443.12,3799.0,0.643,9.4,53.4,7,Hyderabad,0,DEV_ANDROID_13,0,1502,0,0.76,1,P2P,0
TXN108620,USR0067,1881.71,1825.0,1.031,24.4,200.0,15,Hyderabad,0,DEV_IOS_18,0,901,0,1.07,0,P2M,0
TXN108621,USR0070,5777.34,4705.0,1.228,15.8,77.2,16,Kochi,1,DEV_ANDROID_13,0,322,0,1.13,0,P2M,0
TXN108622,USR0063,1377.95,946.0,1.457,19.8,55.7,10,Hyderabad,0,DEV_ANDROID_13,0,493,0,0.83,1,P2P,0
TXN108623,USR0127,4585.63,2395.0,1.915,14.9,115.2,11,Chennai,0,DEV_ANDROID_14,0,383,0,0.78,1,P2P,0
TXN108624,USR0014,3225.89,2104.0,1.533,3.3,286.6,12,Delhi,0,DEV_ANDROID_13,0,875,0,0.79,1,P2P,0
TXN108625,USR0093,3523.86,3844.0,0.917,21.7,63.4,7,Chennai,0,DEV_ANDROID_14,0,79,0,0.47,0,P2P,0
TXN108626,USR0094,1721.62,3141.0,0.548,9.3,19.9,14,Kolkata,0,DEV_ANDROID_14,0,1678,0,2.54,0,P2P,0
TXN108627,USR0090,4159.56,4795.0,0.867,22.4,117.9,16,Hyderabad,0,DEV_ANDROID_14,0,595,0,0.33,0,P2P,0
TXN108628,USR0150,1450.02,1846.0,0.785,14.0,290.7,10,Bengaluru,0,DEV_IOS_18,0,302,0,1.36,1,P2P,0
TXN108629,USR0096,373.66,482.0,0.775,26.1,113.1,22,Pune,1,DEV_ANDROID_13,0,205,0,1.52,0,P2P,0
TXN108630,USR0116,1987.34,2809.0,0.707,25.3,28.8,9,Bengaluru,0,DEV_ANDROID_13,0,251,0,0.98,1,P2M,0
TXN108631,USR0017,833.72,1139.0,0.732,32.2,29.8,9,Kolkata,0,DEV_IOS_18,0,1187,0,1.12,0,P2M,0
TXN108632,USR0138,3099.36,3130.0,0.99,21.4,471.8,8,Delhi,1,DEV_IOS_18,0,1454,0,0.58,0,BILL_PAYMENT,0
TXN108633,USR0070,32963.59,4705.0,7.006,42.0,17.6,10,Kochi,1,DEV_ANDROID_13,0,322,4,6.36,0,P2P,1
TXN108634,USR0144,10680.43,2663.0,4.011,38.0,1.7,9,Kochi,1,DEV_UNKNOWN,1,1146,1,5.14,0,P2P,1
TXN108635,USR0139,5091.69,4684.0,1.087,37.6,37.7,9,Kolkata,0,DEV_ANDROID_13,0,175,0,0.97,1,RECHARGE,0
TXN108636,USR0138,1917.0,3130.0,0.612,14.3,9.3,12,Chennai,0,DEV_IOS_18,0,1403,0,0.19,1,P2P,0
TXN108637,USR0033,8873.87,2282.0,3.889,29.0,14.4,9,Kolkata,0,DEV_UNKNOWN,1,808,2,4.07,0,P2P,1
TXN108638,USR0069,6177.43,3260.0,1.895,56.0,1.0,15,Lucknow,1,DEV_ANDROID_13,1,1643,4,12.32,0,ONLINE_SHOPPING,1
TXN108639,USR0036,999.48,1141.0,0.876,30.9,9.4,8,Bengaluru,0,DEV_ANDROID_13,0,963,0,0.34,1,P2P,0
TXN108640,USR0021,3689.59,4102.0,0.899,3.9,9.9,12,Chennai,0,DEV_ANDROID_14,0,1466,2,1.06,1,BILL_PAYMENT,0
TXN108641,USR0059,3503.08,4787.0,0.732,8.9,219.5,12,Chennai,0,DEV_ANDROID_14,0,1028,0,1.49,1,P2M,0
TXN108642,USR0099,3569.51,3865.0,0.924,16.0,11.0,11,Kolkata,0,DEV_ANDROID_13,0,593,0,1.44,0,P2P,0
TXN108643,USR0016,822.25,1443.0,0.57,18.2,14.6,9,Bengaluru,0,DEV_ANDROID_14,0,1274,0,2.12,1,P2P,0
TXN108644,USR0136,4614.16,788.0,5.856,32.0,282.0,1,Hyderabad,1,DEV_UNKNOWN,1,1731,2,4.14,0,P2P,1
TXN108645,USR0072,2011.44,4501.0,0.447,12.9,49.2,9,Kolkata,0,DEV_ANDROID_14,0,1337,0,1.72,0,P2P,0
TXN108646,USR0018,1280.12,1836.0,0.697,22.4,71.7,13,Chennai,0,DEV_ANDROID_14,0,1485,0,0.91,1,BILL_PAYMENT,0
TXN108647,USR0012,697.27,1109.0,0.629,28.3,89.8,18,Mumbai,0,DEV_IOS_18,0,1238,0,0.52,1,P2M,0
TXN108648,USR0003,2847.17,3784.0,0.752,28.9,413.9,14,Hyderabad,0,DEV_ANDROID_13,0,1301,0,0.27,1,P2P,0
TXN108649,USR0036,3140.96,1141.0,2.753,32.6,12.0,9,Bengaluru,0,DEV_ANDROID_13,0,974,0,1.2,1,P2P,0
TXN108650,USR0128,1363.64,1765.0,0.773,28.6,127.7,13,Chennai,0,DEV_ANDROID_14,0,1719,0,2.02,1,P2P,0
TXN108651,USR0095,2939.0,2387.0,1.231,16.0,31.0,16,Chennai,0,DEV_ANDROID_13,0,1167,0,0.72,1,P2M,0
TXN108652,USR0008,4601.18,4207.0,1.094,12.4,190.1,10,Mumbai,0,DEV_ANDROID_13,0,1135,0,1.35,1,P2P,0
TXN108653,USR0132,2590.42,3311.0,0.782,6.0,96.5,19,Hyderabad,0,DEV_ANDROID_13,0,533,0,1.53,1,BILL_PAYMENT,0
TXN108654,USR0009,6623.06,3622.0,1.829,11.3,67.5,18,Mumbai,0,DEV_ANDROID_13,0,133,0,0.87,0,P2P,0
TXN108655,USR0025,28768.6,3410.0,8.437,35.0,31.7,1,Ahmedabad,1,DEV_UNKNOWN,1,1586,5,10.96,0,INVESTMENT,1
TXN108656,USR0093,3252.48,3844.0,0.846,13.2,713.0,12,Chennai,0,DEV_ANDROID_14,0,64,0,1.73,1,P2M,0
TXN108657,USR0038,1607.69,2152.0,0.747,13.1,15.0,11,Bengaluru,0,DEV_ANDROID_14,0,550,0,0.1,1,P2M,0
TXN108658,USR0031,11940.85,4621.0,2.584,18.0,8.2,9,Kolkata,0,DEV_UNKNOWN,1,782,1,4.74,0,P2P,1
TXN108659,USR0125,1192.59,1159.0,1.029,15.1,155.5,14,Lucknow,1,DEV_IOS_18,0,1118,0,1.12,1,P2M,0
TXN108660,USR0001,2531.94,3411.0,0.742,16.4,34.5,18,Mumbai,0,DEV_ANDROID_13,0,823,0,2.52,1,P2P,0
TXN108661,USR0026,5227.44,3918.0,1.334,26.3,642.1,18,Hyderabad,0,DEV_ANDROID_14,0,1203,0,1.44,1,P2P,0
TXN108662,USR0018,1795.22,1836.0,0.978,30.7,48.1,16,Chennai,0,DEV_ANDROID_14,0,1513,0,0.35,1,ONLINE_SHOPPING,0
TXN108663,USR0005,1260.6,1239.0,1.017,25.1,161.2,14,Hyderabad,0,DEV_IOS_18,0,1458,0,0.49,0,P2P,0
TXN108664,USR0053,2996.3,1779.0,1.684,32.4,102.6,23,Chennai,0,DEV_ANDROID_14,0,1828,0,0.87,1,P2P,0
TXN108665,USR0046,2657.14,3064.0,0.867,28.3,290.0,11,Delhi,0,DEV_ANDROID_13,0,393,0,0.79,1,P2P,0
TXN108666,USR0036,1322.47,1141.0,1.159,27.7,9.9,12,Bengaluru,0,DEV_ANDROID_13,0,955,0,0.75,1,P2M,0
TXN108667,USR0140,1706.54,3114.0,0.548,1.8,151.6,15,Delhi,0,DEV_ANDROID_13,0,218,0,1.16,1,P2P,0
TXN108668,USR0094,10606.54,3141.0,3.377,50.0,2.5,16,Lucknow,1,DEV_ANDROID_12,1,1738,3,7.2,0,P2P,1
TXN108669,USR0108,756.75,931.0,0.813,21.7,15.9,9,Mumbai,0,DEV_IOS_18,0,75,1,1.15,1,P2M,0
TXN108670,USR0091,804.3,2696.0,0.298,1.0,99.4,18,Kolkata,0,DEV_ANDROID_13,0,1088,0,1.19,1,P2P,0
TXN108671,USR0063,1309.82,946.0,1.385,7.5,131.0,18,Hyderabad,0,DEV_ANDROID_13,0,450,0,2.69,1,BILL_PAYMENT,0
TXN108672,USR0023,1862.08,2955.0,0.63,20.5,686.3,11,Delhi,0,DEV_ANDROID_13,0,949,0,0.87,1,P2M,0
TXN108673,USR0145,4784.94,4287.0,1.116,15.3,16.9,16,Mumbai,0,DEV_ANDROID_14,1,1441,0,0.93,1,P2P,0
TXN108674,USR0119,2005.82,1503.0,1.335,31.6,181.5,7,Ahmedabad,1,DEV_ANDROID_13,0,627,0,1.14,1,P2P,0
TXN108675,USR0010,11634.39,4508.0,2.581,52.0,3.7,20,Jaipur,1,DEV_IOS_18,0,1459,5,5.84,0,ONLINE_SHOPPING,1
TXN108676,USR0131,3247.49,1330.0,2.442,30.6,95.4,10,Bengaluru,0,DEV_IOS_18,0,1024,0,1.17,1,P2P,0
TXN108677,USR0011,8822.71,2073.0,4.256,37.0,6.4,12,Lucknow,1,DEV_UNKNOWN,1,941,7,9.81,0,INVESTMENT,1
TXN108678,USR0096,2635.39,482.0,5.468,21.5,5.0,17,Chennai,0,DEV_ANDROID_13,0,265,0,1.04,1,P2M,0
TXN108679,USR0104,938.47,706.0,1.329,17.2,91.0,15,Mumbai,0,DEV_ANDROID_13,0,1132,0,1.32,0,P2P,0
TXN108680,USR0143,5336.02,3747.0,1.424,28.4,31.7,22,Chennai,0,DEV_IOS_18,0,1649,0,1.52,1,P2P,0
TXN108681,USR0090,5435.35,4795.0,1.134,15.9,102.1,14,Hyderabad,0,DEV_ANDROID_14,0,589,0,0.59,1,P2P,0
TXN108682,USR0006,2908.63,4184.0,0.695,22.6,50.6,13,Hyderabad,0,DEV_IOS_18,0,796,1,1.27,1,P2P,0
TXN108683,USR0026,4897.87,3918.0,1.25,27.7,128.8,11,Hyderabad,0,DEV_ANDROID_14,0,1178,0,2.39,1,P2P,0
TXN108684,USR0147,5686.45,4639.0,1.226,32.1,125.0,8,Chennai,0,DEV_IOS_18,0,411,0,1.77,0,ONLINE_SHOPPING,0
TXN108685,USR0080,4560.5,1303.0,3.5,15.0,73.3,21,Kolkata,0,DEV_ANDROID_14,0,573,0,1.08,1,BILL_PAYMENT,0
TXN108686,USR0120,3156.46,3985.0,0.792,16.2,17.1,15,Chennai,0,DEV_IOS_18,0,1176,0,1.92,1,INVESTMENT,0
TXN108687,USR0014,2549.65,2104.0,1.212,11.7,127.2,10,Delhi,0,DEV_ANDROID_13,0,908,0,1.07,1,P2P,0
TXN108688,USR0115,1107.59,1698.0,0.652,1.5,28.2,14,Kolkata,0,DEV_IOS_18,0,98,0,0.87,1,P2P,0
TXN108689,USR0137,5705.53,4815.0,1.185,33.8,238.8,14,Chennai,0,DEV_ANDROID_14,0,342,0,0.56,1,P2P,0
TXN108690,USR0033,2019.97,2282.0,0.885,11.2,184.1,20,Kolkata,0,DEV_IOS_18,0,823,0,0.67,1,P2P,0
TXN108691,USR0081,1670.86,1873.0,0.892,35.5,96.3,19,Kolkata,0,DEV_ANDROID_13,0,925,1,1.73,1,BILL_PAYMENT,0
TXN108692,USR0132,4098.7,3311.0,1.238,12.0,107.9,18,Hyderabad,0,DEV_ANDROID_13,0,597,0,1.84,1,P2M,0
TXN108693,USR0066,2002.0,572.0,3.5,6.9,32.2,9,Delhi,0,DEV_ANDROID_14,0,1060,0,0.64,1,P2P,0
TXN108694,USR0089,759.2,1008.0,0.753,25.3,582.2,23,Kolkata,0,DEV_ANDROID_14,0,972,0,1.73,1,ONLINE_SHOPPING,0
TXN108695,USR0148,6586.42,1934.0,3.406,23.2,95.9,8,Chennai,0,DEV_ANDROID_13,0,1626,0,1.95,0,P2M,0
TXN108696,USR0050,1870.76,2312.0,0.809,31.2,125.1,18,Mumbai,0,DEV_ANDROID_13,0,89,0,1.2,1,BILL_PAYMENT,0
TXN108697,USR0087,6285.82,4199.0,1.497,10.7,294.5,10,Mumbai,0,DEV_ANDROID_13,0,829,0,0.8,1,P2P,0
TXN108698,USR0087,2348.58,4199.0,0.559,9.3,111.9,9,Mumbai,0,DEV_ANDROID_13,0,790,0,2.09,1,ONLINE_SHOPPING,0
TXN108699,USR0028,3348.88,541.0,6.19,32.0,149.0,1,Kolkata,1,DEV_UNKNOWN,1,853,0,4.13,0,P2P,1
TXN108700,USR0011,6098.19,2073.0,2.942,23.0,13.6,20,Pune,1,DEV_UNKNOWN,1,966,2,4.69,0,P2P,1
TXN108701,USR0073,1084.85,1427.0,0.76,35.5,197.3,12,Kolkata,0,DEV_ANDROID_13,0,261,0,2.04,1,P2P,0
TXN108702,USR0098,3092.19,2841.0,1.088,28.6,132.4,7,Bengaluru,1,DEV_IOS_18,0,1088,0,0.84,1,P2P,0
TXN108703,USR0129,3353.91,4329.0,0.775,17.0,22.1,18,Chennai,0,DEV_ANDROID_13,0,1428,0,1.31,1,P2M,0
TXN108704,USR0149,4275.12,3318.0,1.288,17.1,32.6,10,Chennai,0,DEV_ANDROID_13,0,1441,0,1.45,0,P2P,0
TXN108705,USR0075,4206.94,2287.0,1.84,18.9,66.6,13,Delhi,1,DEV_IOS_18,0,1629,0,0.3,1,P2M,0
TXN108706,USR0028,342.98,541.0,0.634,5.2,90.7,11,Bengaluru,1,DEV_IOS_18,0,845,0,0.1,1,BILL_PAYMENT,0
TXN108707,USR0030,717.75,1476.0,0.486,26.0,201.9,22,Kolkata,0,DEV_ANDROID_14,0,190,0,0.61,1,P2M,0
TXN108708,USR0110,2175.12,3119.0,0.697,18.2,104.2,9,Mumbai,0,DEV_IOS_18,0,1284,0,1.63,1,P2M,0
TXN108709,USR0103,17735.66,4267.0,4.156,44.0,3.1,7,Chennai,1,DEV_IOS_18,1,1753,2,13.46,0,P2P,1
TXN108710,USR0056,5105.87,4000.0,1.276,7.2,66.2,11,Bengaluru,0,DEV_IOS_18,0,193,0,1.94,1,P2M,0
TXN108711,USR0020,4180.61,3539.0,1.181,28.0,26.0,18,Delhi,0,DEV_ANDROID_14,0,327,0,0.97,1,P2M,0
TXN108712,USR0129,30766.0,4329.0,7.107,15.8,334.4,9,Chennai,0,DEV_ANDROID_13,0,1378,0,1.84,1,P2P,0
TXN108713,USR0125,7013.82,1159.0,6.052,14.2,10.9,17,Bengaluru,0,DEV_IOS_18,0,1154,0,1.89,1,P2M,0
TXN108714,USR0008,27252.94,4207.0,6.478,7.3,35.7,13,Mumbai,0,DEV_ANDROID_13,0,1206,0,1.11,1,P2P,0
TXN108715,USR0089,1563.08,1008.0,1.551,29.0,2.8,2,Pune,1,DEV_IOS_18,1,953,3,6.18,0,ONLINE_SHOPPING,1
TXN108716,USR0145,4349.91,4287.0,1.015,6.6,5.0,6,Mumbai,0,DEV_ANDROID_13,0,1469,0,1.84,1,P2P,0
TXN108717,USR0036,24518.71,1141.0,21.489,36.0,18.5,4,Chandigarh,1,DEV_UNKNOWN,1,928,3,6.24,0,INVESTMENT,1
TXN108718,USR0032,2033.21,2962.0,0.686,25.6,69.1,9,Hyderabad,0,DEV_ANDROID_14,0,1460,0,1.79,0,P2M,0
TXN108719,USR0079,1146.66,2089.0,0.549,20.4,51.5,13,Chennai,0,DEV_ANDROID_14,0,1327,1,0.61,1,P2P,0
TXN108720,USR0135,1817.54,3326.0,0.546,5.9,42.8,8,Kolkata,0,DEV_IOS_18,0,1187,0,1.77,0,P2P,0
TXN108721,USR0091,4235.8,2696.0,1.571,2.6,58.3,6,Kolkata,0,DEV_ANDROID_13,0,1132,0,1.4,1,P2P,0
TXN108722,USR0048,2027.73,2387.0,0.849,11.8,38.0,12,Chennai,0,DEV_WEB_CHROME,1,1175,0,1.51,0,P2P,0
TXN108723,USR0128,1692.12,1765.0,0.959,38.2,176.3,8,Chennai,0,DEV_ANDROID_14,0,1739,0,0.27,0,P2M,0
TXN108724,USR0103,3639.5,4267.0,0.853,22.3,230.8,13,Kolkata,0,DEV_ANDROID_13,0,1773,0,1.56,1,P2M,0
TXN108725,USR0137,2975.3,4815.0,0.618,33.7,153.7,15,Chennai,0,DEV_ANDROID_14,0,346,0,1.21,1,BILL_PAYMENT,0
TXN108726,USR0009,4703.33,3622.0,1.299,17.7,320.6,17,Mumbai,0,DEV_ANDROID_13,0,167,0,1.34,1,P2M,0
TXN108727,USR0058,3341.48,3029.0,1.103,21.2,75.4,16,Kolkata,0,DEV_ANDROID_14,0,890,0,0.41,1,ONLINE_SHOPPING,0
TXN108728,USR0038,2922.18,2152.0,1.358,2.3,90.2,16,Bengaluru,0,DEV_ANDROID_14,0,558,0,2.42,1,P2M,0
TXN108729,USR0127,3578.16,2395.0,1.494,18.1,205.8,14,Chennai,0,DEV_ANDROID_14,0,354,0,1.41,1,P2P,0
TXN108730,USR0043,3882.69,4029.0,0.964,14.4,359.7,15,Delhi,0,DEV_ANDROID_13,0,1331,0,0.98,1,INVESTMENT,0
TXN108731,USR0017,5301.61,1139.0,4.655,52.0,2.6,9,Kochi,1,DEV_IOS_18,0,1159,4,7.89,0,P2P,1
TXN108732,USR0037,4138.82,2687.0,1.54,27.7,143.1,16,Kolkata,0,DEV_ANDROID_14,0,932,0,1.99,0,P2M,0
TXN108733,USR0113,1985.71,2668.0,0.744,10.9,36.6,10,Hyderabad,0,DEV_ANDROID_14,0,1629,0,1.44,1,P2P,0
TXN108734,USR0041,3791.62,2677.0,1.416,22.9,46.3,13,Bengaluru,0,DEV_ANDROID_13,0,876,0,0.64,1,P2P,0
TXN108735,USR0113,2643.7,2668.0,0.991,7.6,223.4,17,Hyderabad,0,DEV_ANDROID_14,0,1634,0,1.12,1,ONLINE_SHOPPING,0
TXN108736,USR0119,2721.57,1503.0,1.811,32.9,166.9,23,Chandigarh,1,DEV_ANDROID_13,0,620,0,1.39,1,P2M,0
TXN108737,USR0143,2019.86,3747.0,0.539,24.9,88.7,18,Chennai,0,DEV_ANDROID_14,1,1674,0,1.34,1,P2P,0
TXN108738,USR0088,5430.36,4666.0,1.164,10.5,56.8,13,Mumbai,0,DEV_IOS_18,0,775,0,1.41,1,P2P,0
TXN108739,USR0093,2729.39,3844.0,0.71,19.4,53.1,21,Chennai,0,DEV_ANDROID_14,0,59,0,1.94,1,P2P,0
TXN108740,USR0012,1129.19,1109.0,1.018,22.6,33.5,10,Mumbai,0,DEV_IOS_18,0,1241,0,1.27,0,P2P,0
TXN108741,USR0082,2726.91,1061.0,2.57,34.1,361.4,11,Hyderabad,0,DEV_IOS_18,0,44,0,1.27,1,BILL_PAYMENT,0
TXN108742,USR0020,5268.44,3539.0,1.489,30.7,79.6,14,Delhi,0,DEV_ANDROID_14,0,327,0,1.12,0,P2M,0
TXN108743,USR0123,4406.67,4007.0,1.1,9.1,222.0,13,Kolkata,0,DEV_IOS_18,0,1230,0,1.03,1,P2M,0
TXN108744,USR0058,2230.15,3029.0,0.736,21.7,94.6,11,Kolkata,0,DEV_ANDROID_14,0,887,0,0.51,0,P2M,0
TXN108745,USR0014,1593.36,2104.0,0.757,1.0,70.2,17,Delhi,0,DEV_ANDROID_13,0,875,0,0.66,0,P2P,0
TXN108746,USR0050,3698.53,2312.0,1.6,24.3,501.7,17,Ahmedabad,1,DEV_ANDROID_13,0,142,0,1.44,1,P2P,0
TXN108747,USR0031,2955.89,4621.0,0.64,10.3,121.7,15,Hyderabad,1,DEV_ANDROID_14,0,805,0,1.34,0,P2P,0
TXN108748,USR0036,7409.56,1141.0,6.494,20.0,212.0,3,Lucknow,1,DEV_ANDROID_14,1,905,2,6.95,0,P2P,1
TXN108749,USR0142,18859.03,3033.0,6.218,22.0,68.1,14,Hyderabad,0,DEV_ANDROID_14,0,907,0,2.43,1,P2P,0
TXN108750,USR0050,2376.41,2312.0,1.028,31.9,184.2,11,Kolkata,1,DEV_IOS_18,1,87,0,1.61,1,P2P,0
TXN108751,USR0050,21028.71,2312.0,9.095,45.0,22.3,3,Lucknow,1,DEV_ANDROID_13,0,161,4,6.62,0,INVESTMENT,1
TXN108752,USR0031,27744.18,4621.0,6.004,16.0,244.0,5,Hyderabad,1,DEV_UNKNOWN,1,852,2,7.05,0,P2P,1
TXN108753,USR0059,5108.74,4787.0,1.067,7.6,343.3,21,Chennai,0,DEV_ANDROID_13,1,1039,0,1.19,0,P2P,0
TXN108754,USR0096,12150.42,482.0,25.208,32.0,15.3,22,Kochi,1,DEV_UNKNOWN,1,217,4,5.54,1,INVESTMENT,1
TXN108755,USR0028,655.0,541.0,1.211,24.1,157.7,22,Delhi,0,DEV_IOS_18,0,785,0,0.91,0,BILL_PAYMENT,0
TXN108756,USR0065,2765.04,3227.0,0.857,30.4,97.6,10,Delhi,0,DEV_ANDROID_14,0,1740,0,0.79,0,ONLINE_SHOPPING,0
TXN108757,USR0025,3392.62,3410.0,0.995,17.2,126.4,15,Bengaluru,0,DEV_ANDROID_13,0,1573,0,2.11,1,P2P,0
TXN108758,USR0060,2524.85,2418.0,1.044,11.3,131.2,10,Hyderabad,0,DEV_ANDROID_13,0,97,0,2.64,0,P2M,0
TXN108759,USR0096,328.75,482.0,0.682,26.7,123.2,10,Chennai,0,DEV_ANDROID_13,0,227,0,1.86,0,BILL_PAYMENT,0
TXN108760,USR0001,1511.76,3411.0,0.443,15.8,127.3,10,Mumbai,0,DEV_ANDROID_13,0,835,0,1.24,0,P2M,0
TXN108761,USR0079,2292.48,2089.0,1.097,21.6,187.4,11,Chennai,0,DEV_ANDROID_14,0,1326,0,1.19,0,P2M,0
TXN108762,USR0101,1893.15,4828.0,0.392,27.6,90.2,16,Mumbai,0,DEV_IOS_18,0,550,0,1.08,0,BILL_PAYMENT,0
TXN108763,USR0102,1279.53,1540.0,0.831,11.0,242.4,20,Bengaluru,0,DEV_IOS_18,0,498,0,2.0,1,P2P,0
TXN108764,USR0127,2487.66,2395.0,1.039,10.7,383.8,9,Chennai,0,DEV_ANDROID_14,0,397,0,1.36,1,INVESTMENT,0
TXN108765,USR0055,1467.51,1096.0,1.339,33.0,78.9,6,Delhi,0,DEV_ANDROID_14,0,759,0,1.2,1,INVESTMENT,0
TXN108766,USR0147,12532.08,4639.0,2.701,27.0,5.6,21,Hyderabad,1,DEV_IOS_18,0,448,1,3.43,0,P2P,1
TXN108767,USR0034,1287.24,1168.0,1.102,16.8,215.3,13,Chennai,0,DEV_ANDROID_14,0,109,0,1.78,0,P2P,0
TXN108768,USR0097,971.41,1552.0,0.626,31.2,304.9,20,Delhi,0,DEV_ANDROID_13,0,836,0,1.55,0,ONLINE_SHOPPING,0
TXN108769,USR0096,409.93,482.0,0.85,23.3,72.4,17,Chennai,0,DEV_ANDROID_13,0,234,0,1.18,1,P2P,0
TXN108770,USR0037,3516.34,2687.0,1.309,29.6,397.9,15,Kolkata,0,DEV_ANDROID_14,0,947,0,1.94,0,ONLINE_SHOPPING,0
TXN108771,USR0065,3050.34,3227.0,0.945,29.7,155.2,9,Lucknow,1,DEV_ANDROID_14,0,1760,0,2.57,1,P2M,0
TXN108772,USR0074,1218.16,1853.0,0.657,3.0,44.0,15,Hyderabad,0,DEV_IOS_18,0,1399,0,2.19,1,P2P,0
TXN108773,USR0097,1227.95,1552.0,0.791,33.1,88.2,16,Delhi,0,DEV_ANDROID_13,0,851,0,0.78,1,ONLINE_SHOPPING,0
TXN108774,USR0071,8864.77,1774.0,4.997,23.8,10.4,17,Hyderabad,0,DEV_ANDROID_14,0,1802,0,1.21,1,P2P,0
TXN108775,USR0141,3712.12,1171.0,3.17,19.0,163.0,1,Ahmedabad,1,DEV_ANDROID_12,1,301,1,3.22,0,P2P,1
TXN108776,USR0141,1153.28,1171.0,0.985,9.3,486.9,7,Hyderabad,0,DEV_IOS_18,0,260,0,1.02,1,P2M,0
TXN108777,USR0130,2296.91,2863.0,0.802,29.9,392.8,19,Delhi,0,DEV_IOS_18,0,1560,0,0.52,1,P2P,0
TXN108778,USR0090,3773.74,4795.0,0.787,20.2,8.6,15,Hyderabad,0,DEV_ANDROID_14,0,564,0,1.64,1,P2M,0
TXN108779,USR0026,15127.01,3918.0,3.861,61.0,0.3,2,Pune,1,DEV_ANDROID_13,1,1180,4,12.75,0,ONLINE_SHOPPING,1
TXN108780,USR0106,910.38,1061.0,0.858,33.2,985.3,7,Delhi,0,DEV_ANDROID_13,0,1658,0,2.07,1,P2M,0
TXN108781,USR0118,396.91,855.0,0.464,31.8,879.7,18,Kolkata,0,DEV_ANDROID_13,0,1527,0,1.85,0,P2P,0
TXN108782,USR0108,482.82,931.0,0.519,23.5,50.2,9,Pune,1,DEV_IOS_18,0,49,0,1.22,1,P2P,0
TXN108783,USR0061,177.13,445.0,0.398,27.6,339.2,13,Bengaluru,0,DEV_ANDROID_13,0,1022,0,1.2,1,P2P,0
TXN108784,USR0089,19136.7,1008.0,18.985,21.0,23.2,0,Kolkata,0,DEV_ANDROID_14,0,914,4,6.37,0,P2P,1
TXN108785,USR0029,5290.94,1672.0,3.164,19.0,143.2,18,Kolkata,0,DEV_ANDROID_14,0,1812,0,1.16,1,P2P,0
TXN108786,USR0002,5716.25,3607.0,1.585,14.2,46.2,11,Kolkata,0,DEV_ANDROID_14,0,200,0,1.38,0,P2P,0
TXN108787,USR0067,12005.48,1825.0,6.578,39.0,19.4,16,Pune,1,DEV_UNKNOWN,1,847,5,4.99,0,P2M,1
TXN108788,USR0031,5859.0,4621.0,1.268,14.0,665.9,9,Kolkata,0,DEV_ANDROID_14,0,850,0,1.22,1,P2M,0
TXN108789,USR0033,3232.27,2282.0,1.416,18.0,10.0,14,Kolkata,0,DEV_IOS_18,0,808,0,1.08,0,ONLINE_SHOPPING,0
TXN108790,USR0034,2266.69,1168.0,1.941,17.5,284.3,9,Chennai,0,DEV_ANDROID_14,0,99,0,1.13,1,P2P,0
TXN108791,USR0121,44735.94,3799.0,11.776,30.0,6.0,8,Mumbai,1,DEV_UNKNOWN,1,1499,3,4.4,0,P2P,1
TXN108792,USR0103,4069.37,4267.0,0.954,26.6,360.8,15,Kolkata,0,DEV_ANDROID_13,0,1775,0,0.99,1,BILL_PAYMENT,0
TXN108793,USR0081,3197.58,1873.0,1.707,35.0,144.0,15,Mumbai,1,DEV_ANDROID_13,0,921,0,0.93,1,P2P,0
TXN108794,USR0046,2862.56,3064.0,0.934,16.0,72.2,16,Delhi,0,DEV_IOS_18,1,397,0,1.29,1,P2P,0
TXN108795,USR0020,1314.06,3539.0,0.371,28.2,359.1,8,Delhi,0,DEV_ANDROID_14,0,298,0,1.93,1,P2P,0
TXN108796,USR0119,991.51,1503.0,0.66,31.0,116.9,8,Chennai,0,DEV_ANDROID_13,0,595,0,0.1,0,P2P,0
TXN108797,USR0027,666.25,816.0,0.816,22.4,122.5,21,Hyderabad,0,DEV_IOS_18,0,1468,0,1.88,1,P2M,0
TXN108798,USR0140,3241.01,3114.0,1.041,4.0,195.1,23,Lucknow,1,DEV_ANDROID_13,0,228,0,0.69,1,P2P,0
TXN108799,USR0128,872.45,1765.0,0.494,28.4,5.0,18,Chennai,0,DEV_ANDROID_14,0,1756,0,1.56,0,P2M,0
TXN108800,USR0019,9213.55,4271.0,2.157,13.7,234.1,10,Bengaluru,0,DEV_ANDROID_13,0,1662,0,2.14,0,P2P,0
TXN108801,USR0028,516.39,541.0,0.955,17.3,391.1,20,Delhi,0,DEV_IOS_18,0,821,0,0.82,1,P2P,0
TXN108802,USR0137,5052.71,4815.0,1.049,34.3,583.6,13,Chennai,0,DEV_ANDROID_14,0,334,0,1.53,1,BILL_PAYMENT,0
TXN108803,USR0049,539.71,835.0,0.646,25.6,48.3,21,Mumbai,0,DEV_IOS_18,0,1157,0,1.81,1,RECHARGE,0
TXN108804,USR0143,3886.86,3747.0,1.037,21.0,202.4,7,Chennai,0,DEV_IOS_18,0,1655,2,1.81,1,P2M,0
TXN108805,USR0016,1997.65,1443.0,1.384,18.8,231.4,10,Ahmedabad,1,DEV_IOS_18,1,1216,0,1.54,1,P2M,0
TXN108806,USR0053,1760.58,1779.0,0.99,30.0,257.0,16,Chennai,0,DEV_ANDROID_14,0,1765,0,0.21,1,ONLINE_SHOPPING,0
TXN108807,USR0098,2375.43,2841.0,0.836,26.7,232.9,6,Delhi,0,DEV_IOS_18,0,1093,1,1.21,1,P2P,0
TXN108808,USR0007,1131.5,823.0,1.375,22.2,248.1,23,Bengaluru,0,DEV_ANDROID_13,1,1633,0,1.91,1,P2M,0
TXN108809,USR0123,2675.03,4007.0,0.668,11.2,366.0,13,Kolkata,0,DEV_IOS_18,0,1237,0,0.68,1,INVESTMENT,0
TXN108810,USR0103,5352.45,4267.0,1.254,27.6,132.4,15,Kolkata,0,DEV_ANDROID_13,0,1734,0,0.31,1,P2P,0
TXN108811,USR0053,1604.59,1779.0,0.902,35.5,47.1,17,Lucknow,1,DEV_ANDROID_14,0,1838,0,1.48,0,P2M,0
TXN108812,USR0138,1805.67,3130.0,0.577,16.3,49.5,12,Chennai,0,DEV_IOS_18,0,1401,0,1.0,1,INVESTMENT,0
TXN108813,USR0015,1533.88,2529.0,0.607,4.6,101.7,13,Chennai,0,DEV_ANDROID_14,0,1258,0,1.37,0,RECHARGE,0
TXN108814,USR0029,968.34,1672.0,0.579,15.2,130.0,17,Kolkata,0,DEV_ANDROID_14,0,1773,0,1.35,1,P2P,0
TXN108815,USR0137,29338.29,4815.0,6.093,45.0,10.7,2,Delhi,1,DEV_UNKNOWN,1,371,4,6.29,0,P2P,1
TXN108816,USR0027,1181.34,816.0,1.448,22.9,16.3,22,Hyderabad,0,DEV_IOS_18,0,1471,0,1.47,1,P2P,0
TXN108817,USR0119,2740.13,1503.0,1.823,36.6,78.3,16,Chennai,0,DEV_ANDROID_13,0,613,0,0.47,1,BILL_PAYMENT,0
TXN108818,USR0019,4223.73,4271.0,0.989,17.6,53.1,9,Bengaluru,0,DEV_ANDROID_13,0,1608,0,1.3,1,BILL_PAYMENT,0
TXN108819,USR0080,2101.91,1303.0,1.613,20.4,47.3,18,Kolkata,0,DEV_ANDROID_14,0,578,0,2.08,0,P2M,0
TXN108820,USR0086,4173.87,4098.0,1.019,2.0,14.6,13,Delhi,0,DEV_ANDROID_14,1,1346,0,1.18,0,P2M,0
TXN108821,USR0033,1905.85,2282.0,0.835,19.0,291.8,7,Kolkata,0,DEV_IOS_18,0,775,2,1.91,1,P2P,0
TXN108822,USR0064,4172.74,3744.0,1.115,31.6,123.3,12,Lucknow,1,DEV_ANDROID_13,0,1381,0,1.34,1,BILL_PAYMENT,0
TXN108823,USR0083,6131.49,1684.0,3.641,1.0,74.9,15,Delhi,0,DEV_ANDROID_14,0,89,0,0.87,0,P2M,0
TXN108824,USR0040,555.15,942.0,0.589,14.5,116.0,12,Mumbai,0,DEV_IOS_18,0,1783,0,0.1,1,P2P,0
TXN108825,USR0130,4328.28,2863.0,1.512,32.3,43.6,14,Bengaluru,1,DEV_IOS_18,0,1557,0,1.64,0,P2P,0
TXN108826,USR0081,1689.15,1873.0,0.902,34.4,51.4,15,Jaipur,1,DEV_ANDROID_13,0,896,0,0.62,1,INVESTMENT,0
TXN108827,USR0099,1694.65,3865.0,0.438,26.2,38.9,18,Bengaluru,1,DEV_ANDROID_13,0,548,0,0.99,1,P2M,0
TXN108828,USR0009,7467.13,3622.0,2.062,16.6,402.7,8,Chennai,1,DEV_ANDROID_13,0,143,0,0.25,1,BILL_PAYMENT,0
TXN108829,USR0016,1758.74,1443.0,1.219,17.5,253.8,18,Bengaluru,0,DEV_ANDROID_14,0,1258,0,1.52,1,P2M,0
TXN108830,USR0036,34603.37,1141.0,30.327,17.0,15.5,4,Bengaluru,0,DEV_UNKNOWN,1,924,5,6.63,0,INVESTMENT,1
TXN108831,USR0073,2113.67,1427.0,1.481,37.1,156.3,14,Kolkata,0,DEV_ANDROID_13,0,280,0,2.99,1,BILL_PAYMENT,0
TXN108832,USR0091,2718.57,2696.0,1.008,1.0,49.6,15,Kolkata,0,DEV_ANDROID_13,0,1137,0,0.78,1,P2P,0
TXN108833,USR0126,2358.36,2090.0,1.128,23.2,267.1,14,Delhi,0,DEV_IOS_18,0,716,0,1.23,0,P2M,0
TXN108834,USR0145,2235.91,4287.0,0.522,8.6,198.8,9,Mumbai,0,DEV_ANDROID_13,0,1472,0,1.33,1,ONLINE_SHOPPING,0
TXN108835,USR0037,2448.17,2687.0,0.911,22.7,22.2,13,Kolkata,0,DEV_ANDROID_14,0,921,0,0.77,1,BILL_PAYMENT,0
TXN108836,USR0048,1523.28,2387.0,0.638,13.9,53.8,13,Chennai,0,DEV_IOS_18,0,1187,0,1.41,0,P2M,0
TXN108837,USR0112,3584.89,4425.0,0.81,20.3,23.4,11,Hyderabad,0,DEV_ANDROID_13,0,1543,0,1.83,1,P2M,0
TXN108838,USR0072,4083.45,4501.0,0.907,8.1,87.4,10,Kolkata,0,DEV_ANDROID_14,0,1371,0,0.31,1,P2M,0
TXN108839,USR0050,1665.63,2312.0,0.72,27.2,136.2,11,Mumbai,0,DEV_ANDROID_13,0,115,1,2.01,1,P2P,0
TXN108840,USR0074,652.81,1853.0,0.352,7.8,553.9,7,Hyderabad,0,DEV_IOS_18,0,1434,0,1.09,1,P2M,0
TXN108841,USR0078,2690.56,4223.0,0.637,28.8,184.5,18,Hyderabad,1,DEV_ANDROID_14,0,338,0,0.85,1,ONLINE_SHOPPING,0
TXN108842,USR0055,3740.86,1096.0,3.413,20.0,233.0,3,Hyderabad,1,DEV_ANDROID_14,0,781,2,5.39,0,P2P,1
TXN108843,USR0092,6051.13,3316.0,1.825,37.0,551.1,16,Delhi,1,DEV_ANDROID_14,0,261,0,2.09,1,BILL_PAYMENT,0
TXN108844,USR0006,2504.96,4184.0,0.599,27.4,71.5,13,Hyderabad,0,DEV_IOS_18,0,843,0,1.46,1,P2M,0
TXN108845,USR0005,1180.99,1239.0,0.953,29.7,106.4,16,Hyderabad,0,DEV_IOS_18,0,1431,0,1.1,1,ONLINE_SHOPPING,0
TXN108846,USR0044,711.67,843.0,0.844,19.9,211.2,13,Bengaluru,1,DEV_ANDROID_14,0,1646,0,1.78,1,P2M,0
TXN108847,USR0107,547.41,1116.0,0.491,11.6,110.9,8,Hyderabad,0,DEV_ANDROID_14,0,1084,0,1.73,0,P2P,0
TXN108848,USR0045,3028.44,3638.0,0.832,11.7,36.6,11,Mumbai,0,DEV_IOS_18,0,1321,0,1.11,1,P2M,0
TXN108849,USR0103,2715.29,4267.0,0.636,25.0,335.7,15,Kolkata,0,DEV_ANDROID_13,0,1710,0,0.55,0,P2P,0
TXN108850,USR0040,527.1,942.0,0.56,9.1,171.7,10,Mumbai,0,DEV_IOS_18,0,1770,0,1.14,0,P2M,0
TXN108851,USR0137,6362.88,4815.0,1.321,30.6,150.9,14,Chennai,0,DEV_ANDROID_14,0,351,0,0.47,1,BILL_PAYMENT,0
TXN108852,USR0142,5753.61,3033.0,1.897,18.7,21.0,13,Hyderabad,0,DEV_ANDROID_14,0,888,0,1.94,1,P2P,0
TXN108853,USR0061,497.58,445.0,1.118,33.3,573.4,14,Bengaluru,0,DEV_ANDROID_13,0,972,0,0.62,1,P2P,0
TXN108854,USR0027,703.27,816.0,0.862,18.9,136.8,12,Hyderabad,0,DEV_IOS_18,0,1434,0,1.55,0,P2P,0
TXN108855,USR0130,6781.43,2863.0,2.369,33.0,24.6,10,Delhi,0,DEV_IOS_18,0,1563,0,1.42,1,P2P,0
TXN108856,USR0050,1795.08,2312.0,0.776,40.3,220.1,9,Mumbai,0,DEV_ANDROID_13,0,99,0,0.8,1,P2P,0
TXN108857,USR0096,3410.1,482.0,7.075,23.5,331.8,14,Chennai,0,DEV_ANDROID_13,0,278,0,1.84,1,BILL_PAYMENT,0
TXN108858,USR0058,1890.2,3029.0,0.624,22.7,112.2,11,Kolkata,0,DEV_ANDROID_14,0,898,0,1.32,0,P2M,0
TXN108859,USR0113,2336.81,2668.0,0.876,8.5,264.5,14,Hyderabad,0,DEV_WEB_CHROME,1,1628,0,1.57,0,P2P,0
TXN108860,USR0052,839.75,875.0,0.96,18.3,83.2,22,Kochi,1,DEV_ANDROID_13,0,1061,0,1.53,0,P2M,0
TXN108861,USR0020,1921.22,3539.0,0.543,31.6,140.7,12,Delhi,0,DEV_ANDROID_14,0,316,0,1.12,1,P2P,0
TXN108862,USR0051,7749.61,1265.0,6.126,16.0,29.0,3,Delhi,0,DEV_ANDROID_14,1,1194,1,4.02,0,P2P,1
TXN108863,USR0061,533.54,445.0,1.199,30.3,262.8,10,Bengaluru,0,DEV_ANDROID_13,0,977,0,1.02,0,BILL_PAYMENT,0
TXN108864,USR0063,1102.85,946.0,1.166,10.7,20.2,17,Bengaluru,1,DEV_ANDROID_13,0,464,0,1.94,1,P2M,0
TXN108865,USR0070,2517.6,4705.0,0.535,5.3,223.1,13,Delhi,0,DEV_ANDROID_13,0,335,0,1.93,1,P2P,0
TXN108866,USR0035,3786.66,3949.0,0.959,31.4,246.4,23,Mumbai,0,DEV_ANDROID_14,0,1256,0,1.15,0,RECHARGE,0
TXN108867,USR0007,904.45,823.0,1.099,20.2,124.6,12,Bengaluru,0,DEV_ANDROID_14,0,1631,0,0.8,0,P2M,0
TXN108868,USR0140,14545.07,3114.0,4.671,3.0,19.6,20,Delhi,0,DEV_ANDROID_14,1,233,0,0.48,0,ONLINE_SHOPPING,0
TXN108869,USR0106,1431.89,1061.0,1.35,29.3,180.9,16,Delhi,0,DEV_ANDROID_13,0,1692,0,1.46,0,P2M,0
TXN108870,USR0132,1720.35,3311.0,0.52,7.9,40.4,9,Hyderabad,0,DEV_ANDROID_14,1,552,1,0.87,1,P2P,0
TXN108871,USR0150,1708.69,1846.0,0.926,10.6,99.3,12,Bengaluru,0,DEV_IOS_18,0,334,0,1.68,1,P2M,0
TXN108872,USR0126,1449.65,2090.0,0.694,21.5,294.8,7,Delhi,0,DEV_IOS_18,0,701,0,0.15,1,P2P,0
TXN108873,USR0117,951.84,891.0,1.068,5.3,66.1,8,Mumbai,0,DEV_ANDROID_13,0,779,0,1.21,1,INVESTMENT,0
TXN108874,USR0027,3056.81,816.0,3.746,43.0,9.2,8,Pune,1,DEV_UNKNOWN,1,1484,6,6.85,0,P2P,1
TXN108875,USR0074,1936.18,1853.0,1.045,2.2,224.5,18,Hyderabad,0,DEV_IOS_18,0,1380,0,1.74,1,ONLINE_SHOPPING,0
TXN108876,USR0133,1013.85,561.0,1.807,9.6,14.3,19,Pune,1,DEV_WEB_CHROME,1,1108,0,1.52,0,P2P,0
TXN108877,USR0050,3265.31,2312.0,1.412,25.8,190.3,12,Chennai,1,DEV_ANDROID_13,0,117,0,1.09,1,BILL_PAYMENT,0
TXN108878,USR0058,3307.76,3029.0,1.092,21.0,62.4,8,Kolkata,0,DEV_ANDROID_14,0,912,0,0.87,1,BILL_PAYMENT,0
TXN108879,USR0053,2044.07,1779.0,1.149,29.6,490.4,7,Chennai,0,DEV_ANDROID_14,0,1795,1,1.27,1,P2M,0
TXN108880,USR0072,4037.49,4501.0,0.897,10.0,68.3,16,Kolkata,0,DEV_ANDROID_14,0,1379,0,1.82,0,P2P,0
TXN108881,USR0091,1628.34,2696.0,0.604,6.3,365.7,17,Kolkata,0,DEV_ANDROID_13,0,1133,1,2.38,0,P2M,0
TXN108882,USR0118,3068.79,855.0,3.589,10.0,9.3,14,Kolkata,0,DEV_UNKNOWN,1,1557,1,6.15,0,P2P,1
TXN108883,USR0015,5061.0,2529.0,2.001,9.2,276.5,11,Chennai,0,DEV_ANDROID_14,0,1246,0,0.58,1,P2P,0
TXN108884,USR0116,3178.17,2809.0,1.131,30.5,425.1,13,Bengaluru,0,DEV_ANDROID_13,0,263,1,0.83,1,P2P,0
TXN108885,USR0085,37016.26,3924.0,9.433,21.0,38.0,21,Chandigarh,1,DEV_UNKNOWN,1,794,5,4.64,0,P2M,1
TXN108886,USR0064,8959.14,3744.0,2.393,27.0,1.8,17,Bengaluru,1,DEV_WEB_CHROME,1,1406,1,10.63,0,ONLINE_SHOPPING,1
TXN108887,USR0044,538.35,843.0,0.639,13.8,241.9,17,Delhi,0,DEV_ANDROID_14,0,1658,0,2.42,1,P2P,0
TXN108888,USR0089,726.85,1008.0,0.721,18.3,93.9,18,Mumbai,1,DEV_ANDROID_14,0,926,0,1.76,0,P2P,0
TXN108889,USR0145,7734.39,4287.0,1.804,8.0,894.2,9,Mumbai,0,DEV_ANDROID_13,0,1414,0,0.86,0,P2M,0
TXN108890,USR0037,3170.44,2687.0,1.18,32.6,301.9,16,Kolkata,0,DEV_ANDROID_14,0,921,0,1.32,1,P2M,0
TXN108891,USR0132,2419.24,3311.0,0.731,5.1,144.2,14,Hyderabad,0,DEV_ANDROID_13,0,537,0,0.38,1,BILL_PAYMENT,0
TXN108892,USR0104,652.87,706.0,0.925,22.8,16.8,7,Mumbai,0,DEV_ANDROID_13,0,1093,0,1.17,1,INVESTMENT,0
TXN108893,USR0026,3532.75,3918.0,0.902,20.3,224.6,9,Hyderabad,0,DEV_ANDROID_14,0,1143,0,0.97,0,P2M,0
TXN108894,USR0095,3528.04,2387.0,1.478,16.0,316.2,10,Chennai,0,DEV_ANDROID_14,1,1179,1,0.1,1,P2P,0
TXN108895,USR0059,2630.82,4787.0,0.55,16.3,52.9,12,Chennai,0,DEV_ANDROID_14,0,1006,0,0.93,1,P2P,0
TXN108896,USR0062,3500.11,2948.0,1.187,14.0,31.4,17,Mumbai,0,DEV_ANDROID_14,0,221,0,1.38,1,BILL_PAYMENT,0
TXN108897,USR0100,2145.6,2121.0,1.012,31.4,18.7,11,Bengaluru,0,DEV_ANDROID_14,0,807,0,2.49,1,P2M,0
TXN108898,USR0040,1124.57,942.0,1.194,13.6,208.5,10,Mumbai,0,DEV_IOS_18,0,1781,0,0.72,1,P2M,0
TXN108899,USR0137,8092.36,4815.0,1.681,27.6,23.3,16,Chennai,0,DEV_ANDROID_14,0,320,0,1.77,1,P2P,0
TXN108900,USR0033,1728.67,2282.0,0.758,12.1,15.0,13,Kolkata,0,DEV_IOS_18,0,760,0,1.57,0,ONLINE_SHOPPING,0
TXN108901,USR0081,3214.6,1873.0,1.716,39.1,42.3,11,Kolkata,0,DEV_ANDROID_13,0,939,0,2.04,1,P2M,0
TXN108902,USR0010,8950.42,4508.0,1.985,25.9,213.0,11,Kolkata,0,DEV_IOS_18,0,1404,0,0.75,1,P2M,0
TXN108903,USR0033,8728.63,2282.0,3.825,8.0,97.0,4,Lucknow,1,DEV_UNKNOWN,1,817,0,4.85,0,P2P,1
TXN108904,USR0149,3767.46,3318.0,1.135,18.3,63.7,13,Chennai,0,DEV_ANDROID_13,0,1483,0,2.15,1,RECHARGE,0
TXN108905,USR0030,619.19,1476.0,0.42,25.2,106.6,17,Kolkata,0,DEV_ANDROID_14,0,180,0,2.02,0,P2P,0
TXN108906,USR0132,3405.81,3311.0,1.029,7.7,256.2,18,Hyderabad,0,DEV_ANDROID_13,0,529,0,0.96,0,P2P,0
TXN108907,USR0084,1465.49,960.0,1.527,12.8,1006.2,8,Chennai,0,DEV_ANDROID_13,0,984,0,0.93,1,P2P,0
TXN108908,USR0038,16550.91,2152.0,7.691,35.0,36.6,12,Jaipur,1,DEV_UNKNOWN,1,560,5,9.23,0,INVESTMENT,1
TXN108909,USR0063,1459.64,946.0,1.543,15.2,46.5,20,Hyderabad,0,DEV_ANDROID_13,0,500,0,0.9,1,P2M,0
TXN108910,USR0047,389.98,489.0,0.797,26.9,9.9,9,Bengaluru,0,DEV_ANDROID_13,0,924,0,2.34,1,P2M,0
TXN108911,USR0112,4188.07,4425.0,0.946,23.7,41.3,9,Hyderabad,0,DEV_ANDROID_13,0,1558,0,1.77,1,ONLINE_SHOPPING,0
TXN108912,USR0029,3192.93,1672.0,1.91,15.7,135.2,15,Kolkata,0,DEV_ANDROID_14,0,1839,0,0.29,0,P2M,0
TXN108913,USR0147,8600.41,4639.0,1.854,48.0,3.9,19,Mumbai,1,DEV_ANDROID_13,1,406,4,5.78,1,P2P,1
TXN108914,USR0116,1835.69,2809.0,0.654,35.0,360.0,16,Bengaluru,0,DEV_ANDROID_13,0,247,1,1.1,1,P2M,0
TXN108915,USR0062,4074.07,2948.0,1.382,17.7,382.2,12,Mumbai,0,DEV_ANDROID_14,0,246,0,2.19,1,ONLINE_SHOPPING,0
TXN108916,USR0120,3490.39,3985.0,0.876,22.1,179.0,12,Chennai,0,DEV_IOS_18,0,1152,0,1.42,1,P2M,0
TXN108917,USR0039,10296.8,3193.0,3.225,23.0,2.2,0,Ahmedabad,1,DEV_ANDROID_12,1,1767,2,7.37,0,ONLINE_SHOPPING,1
TXN108918,USR0077,3588.05,4759.0,0.754,11.6,490.7,8,Mumbai,0,DEV_ANDROID_13,0,131,0,0.49,0,P2P,0
TXN108919,USR0071,1636.56,1774.0,0.923,16.8,108.1,12,Hyderabad,0,DEV_ANDROID_13,1,1729,0,1.23,0,P2M,0
TXN108920,USR0110,1540.5,3119.0,0.494,20.9,661.5,11,Mumbai,0,DEV_IOS_18,0,1216,0,0.6,1,BILL_PAYMENT,0
TXN108921,USR0131,658.56,1330.0,0.495,33.1,649.6,14,Bengaluru,0,DEV_IOS_18,0,1030,0,1.41,1,P2P,0
TXN108922,USR0111,5240.48,4209.0,1.245,9.4,57.1,15,Chennai,0,DEV_IOS_18,0,1756,0,0.35,1,P2P,0
TXN108923,USR0026,5080.01,3918.0,1.297,16.8,45.2,15,Hyderabad,0,DEV_ANDROID_14,0,1149,0,0.44,1,BILL_PAYMENT,0
TXN108924,USR0094,3561.76,3141.0,1.134,11.1,90.7,16,Kolkata,0,DEV_ANDROID_14,0,1683,0,1.53,1,P2M,0
TXN108925,USR0150,7254.76,1846.0,3.93,14.0,9.7,13,Bengaluru,0,DEV_IOS_18,0,356,1,2.61,0,P2P,1
TXN108926,USR0029,1506.42,1672.0,0.901,15.2,149.8,18,Kolkata,0,DEV_ANDROID_14,0,1815,0,2.13,1,P2P,0
TXN108927,USR0083,5007.55,1684.0,2.974,3.8,13.6,16,Delhi,0,DEV_IOS_18,1,85,0,0.43,0,P2M,0
TXN108928,USR0079,2778.28,2089.0,1.33,22.6,5.0,8,Delhi,1,DEV_ANDROID_14,0,1339,1,0.82,1,BILL_PAYMENT,0
TXN108929,USR0129,4296.42,4329.0,0.992,16.9,485.3,12,Chennai,0,DEV_ANDROID_13,0,1402,0,0.17,1,P2P,0
TXN108930,USR0005,903.36,1239.0,0.729,24.7,275.7,17,Hyderabad,0,DEV_IOS_18,0,1426,0,1.57,1,ONLINE_SHOPPING,0
TXN108931,USR0149,2799.19,3318.0,0.844,12.7,331.0,21,Chennai,0,DEV_ANDROID_13,0,1442,0,1.29,1,P2P,0
TXN108932,USR0136,4618.75,788.0,5.861,52.0,14.7,14,Delhi,1,DEV_UNKNOWN,1,1710,7,10.76,0,P2P,1
TXN108933,USR0016,891.76,1443.0,0.618,22.0,45.8,7,Bengaluru,0,DEV_ANDROID_14,0,1261,0,0.1,1,P2P,0
TXN108934,USR0043,7506.87,4029.0,1.863,15.4,124.9,11,Kochi,1,DEV_ANDROID_13,0,1392,0,1.02,0,P2M,0
TXN108935,USR0099,1881.72,3865.0,0.487,21.1,63.1,15,Kolkata,0,DEV_ANDROID_13,0,535,0,1.89,0,P2P,0
TXN108936,USR0140,4551.57,3114.0,1.462,1.0,78.5,13,Delhi,0,DEV_ANDROID_13,0,218,0,0.1,0,P2P,0
TXN108937,USR0149,3564.49,3318.0,1.074,8.3,100.5,6,Jaipur,1,DEV_ANDROID_13,0,1464,0,2.24,1,ONLINE_SHOPPING,0
TXN108938,USR0033,1042.07,2282.0,0.457,18.9,481.6,10,Kolkata,0,DEV_IOS_18,0,787,0,1.2,1,P2M,0
TXN108939,USR0082,4616.04,1061.0,4.351,29.0,286.0,4,Delhi,1,DEV_UNKNOWN,1,46,2,6.94,0,P2P,1
TXN108940,USR0036,1216.9,1141.0,1.067,33.8,48.7,7,Bengaluru,0,DEV_ANDROID_13,0,955,0,0.9,1,RECHARGE,0
TXN108941,USR0094,22394.25,3141.0,7.13,23.0,54.9,6,Jaipur,1,DEV_UNKNOWN,1,1710,7,4.3,0,INVESTMENT,1
TXN108942,USR0060,5414.48,2418.0,2.239,9.2,367.0,18,Hyderabad,0,DEV_ANDROID_13,0,55,0,0.78,0,P2P,0
TXN108943,USR0085,6062.46,3924.0,1.545,25.9,18.9,12,Kolkata,0,DEV_ANDROID_13,0,768,0,1.41,1,P2P,0
TXN108944,USR0031,5669.13,4621.0,1.227,11.2,681.3,19,Kolkata,0,DEV_ANDROID_14,0,849,0,1.13,1,P2M,0
TXN108945,USR0064,5212.62,3744.0,1.392,29.3,750.2,16,Hyderabad,0,DEV_ANDROID_13,0,1393,0,0.66,0,P2M,0
TXN108946,USR0015,3968.56,2529.0,1.569,8.3,26.2,13,Chennai,0,DEV_ANDROID_14,0,1274,1,1.77,1,P2P,0
TXN108947,USR0116,4424.94,2809.0,1.575,28.5,939.6,23,Bengaluru,0,DEV_ANDROID_13,0,200,0,1.4,1,P2P,0
TXN108948,USR0012,570.09,1109.0,0.514,30.9,163.8,10,Mumbai,0,DEV_IOS_18,0,1249,0,0.34,1,P2M,0
TXN108949,USR0094,2871.2,3141.0,0.914,10.7,320.6,12,Kolkata,0,DEV_ANDROID_14,0,1735,0,0.76,1,P2M,0
TXN108950,USR0052,625.62,875.0,0.715,16.9,139.6,19,Mumbai,0,DEV_ANDROID_13,0,1058,0,0.4,0,P2P,0
TXN108951,USR0090,4116.71,4795.0,0.859,18.8,88.2,14,Hyderabad,0,DEV_ANDROID_14,0,587,0,0.66,1,P2P,0
TXN108952,USR0037,950.13,2687.0,0.354,30.7,129.3,13,Kolkata,0,DEV_ANDROID_14,0,966,0,1.65,1,P2P,0
TXN108953,USR0003,7880.89,3784.0,2.083,33.6,24.9,10,Hyderabad,0,DEV_ANDROID_13,0,1323,0,0.95,1,P2M,0
TXN108954,USR0023,18733.07,2955.0,6.339,28.0,12.8,16,Kolkata,1,DEV_UNKNOWN,1,954,7,8.69,0,P2P,1
TXN108955,USR0145,7752.26,4287.0,1.808,6.9,264.0,9,Mumbai,0,DEV_ANDROID_13,0,1449,0,1.52,0,P2M,0
TXN108956,USR0069,2801.24,3260.0,0.859,21.1,35.4,18,Hyderabad,0,DEV_ANDROID_14,0,1688,0,0.68,1,P2M,0
TXN108957,USR0060,2463.76,2418.0,1.019,9.8,205.7,14,Hyderabad,0,DEV_ANDROID_13,0,125,0,1.69,0,P2P,0
TXN108958,USR0011,1287.32,2073.0,0.621,25.3,395.0,23,Chennai,0,DEV_ANDROID_14,0,961,0,0.57,1,P2P,0
TXN108959,USR0138,2153.45,3130.0,0.688,17.1,163.0,13,Chennai,0,DEV_IOS_18,0,1402,0,1.13,0,P2P,0
TXN108960,USR0056,5974.15,4000.0,1.494,3.2,5.0,6,Bengaluru,0,DEV_IOS_18,0,220,0,1.91,1,P2P,0
TXN108961,USR0011,2166.97,2073.0,1.045,14.7,247.0,10,Mumbai,1,DEV_ANDROID_14,0,894,0,2.47,1,P2P,0
TXN108962,USR0145,22631.89,4287.0,5.279,18.0,53.7,13,Hyderabad,1,DEV_UNKNOWN,1,1451,7,6.12,0,P2P,1
TXN108963,USR0131,764.55,1330.0,0.575,32.1,33.6,6,Bengaluru,0,DEV_IOS_18,0,1002,0,1.3,1,P2P,0
TXN108964,USR0079,4283.09,2089.0,2.05,23.3,66.2,7,Chennai,0,DEV_ANDROID_14,0,1334,0,1.38,1,P2M,0
TXN108965,USR0111,4533.2,4209.0,1.077,16.0,63.5,9,Chennai,0,DEV_IOS_18,0,1820,0,0.77,1,BILL_PAYMENT,0
TXN108966,USR0139,5006.52,4684.0,1.069,33.1,307.3,9,Chandigarh,1,DEV_ANDROID_13,0,236,0,2.56,1,P2P,0
TXN108967,USR0035,5821.42,3949.0,1.474,27.4,454.0,18,Mumbai,0,DEV_IOS_18,1,1294,0,0.1,1,RECHARGE,0
TXN108968,USR0004,2120.96,989.0,2.145,30.7,76.4,10,Chennai,0,DEV_IOS_18,0,874,0,0.88,0,BILL_PAYMENT,0
TXN108969,USR0097,2673.67,1552.0,1.723,24.5,306.6,20,Delhi,0,DEV_ANDROID_13,0,902,0,1.03,1,BILL_PAYMENT,0
TXN108970,USR0006,3118.46,4184.0,0.745,26.8,204.6,19,Hyderabad,0,DEV_IOS_18,0,850,0,1.01,1,P2P,0
TXN108971,USR0064,6022.25,3744.0,1.609,24.2,416.9,16,Chandigarh,1,DEV_ANDROID_13,0,1443,0,1.26,1,P2P,0
TXN108972,USR0069,7240.27,3260.0,2.221,24.2,41.4,9,Delhi,1,DEV_ANDROID_14,0,1642,0,1.81,0,P2P,0
TXN108973,USR0038,13707.28,2152.0,6.37,16.0,42.6,23,Lucknow,1,DEV_UNKNOWN,1,593,7,5.3,0,INVESTMENT,1
TXN108974,USR0017,949.44,1139.0,0.834,25.9,76.0,7,Kolkata,0,DEV_IOS_18,0,1128,0,0.49,1,P2P,0
TXN108975,USR0063,1069.81,946.0,1.131,13.8,56.5,8,Hyderabad,0,DEV_ANDROID_14,1,447,0,2.28,1,P2P,0
TXN108976,USR0127,1216.15,2395.0,0.508,16.0,104.4,12,Chennai,0,DEV_ANDROID_14,0,353,0,1.47,1,P2M,0
TXN108977,USR0094,3965.21,3141.0,1.262,10.5,227.3,15,Kolkata,0,DEV_ANDROID_14,0,1694,0,0.53,1,BILL_PAYMENT,0
TXN108978,USR0134,6493.04,4359.0,1.49,33.1,224.2,17,Chennai,0,DEV_IOS_18,0,280,0,0.25,1,P2M,0
TXN108979,USR0052,619.01,875.0,0.707,1.5,158.3,10,Mumbai,0,DEV_ANDROID_13,0,1116,0,1.29,1,P2P,0
TXN108980,USR0082,1102.23,1061.0,1.039,32.6,5.0,15,Hyderabad,0,DEV_IOS_18,0,104,0,0.77,1,P2M,0
TXN108981,USR0056,9742.56,4000.0,2.436,40.0,0.5,12,Lucknow,1,DEV_ANDROID_13,1,220,4,8.54,0,ONLINE_SHOPPING,1
TXN108982,USR0014,1980.52,2104.0,0.941,8.8,213.6,11,Delhi,0,DEV_ANDROID_13,0,873,0,1.24,1,P2P,0
TXN108983,USR0016,1368.17,1443.0,0.948,18.5,179.2,9,Bengaluru,0,DEV_ANDROID_14,0,1237,0,0.21,0,P2P,0
TXN108984,USR0140,4344.75,3114.0,1.395,6.9,313.1,16,Delhi,0,DEV_ANDROID_13,0,235,0,1.34,1,P2M,0
TXN108985,USR0010,6911.87,4508.0,1.533,19.4,51.9,12,Jaipur,1,DEV_IOS_18,0,1391,0,1.41,1,P2M,0
TXN108986,USR0052,791.33,875.0,0.904,10.8,121.7,16,Mumbai,0,DEV_ANDROID_13,0,1129,0,0.69,1,P2P,0
TXN108987,USR0080,1366.56,1303.0,1.049,16.0,85.3,17,Kolkata,0,DEV_ANDROID_14,0,596,0,2.12,1,P2P,0
TXN108988,USR0098,3246.28,2841.0,1.143,19.9,182.3,17,Delhi,0,DEV_IOS_18,0,1123,0,0.28,1,P2M,0
TXN108989,USR0058,2428.93,3029.0,0.802,24.3,647.1,18,Pune,1,DEV_ANDROID_14,0,923,0,1.98,0,P2P,0
TXN108990,USR0036,1297.81,1141.0,1.137,29.8,254.3,9,Bengaluru,0,DEV_ANDROID_13,0,944,0,1.57,0,P2P,0
TXN108991,USR0097,946.44,1552.0,0.61,24.8,365.0,9,Delhi,0,DEV_ANDROID_13,0,831,0,0.61,1,P2P,0
TXN108992,USR0052,853.89,875.0,0.976,3.9,24.0,12,Mumbai,0,DEV_ANDROID_13,0,1084,0,1.61,1,P2P,0
TXN108993,USR0137,5876.13,4815.0,1.22,32.6,441.2,14,Chennai,0,DEV_ANDROID_14,0,359,0,1.47,1,INVESTMENT,0
TXN108994,USR0108,831.06,931.0,0.893,18.0,225.1,21,Ahmedabad,1,DEV_IOS_18,0,77,0,0.48,0,P2M,0
TXN108995,USR0139,6527.81,4684.0,1.394,30.6,150.3,19,Kolkata,0,DEV_ANDROID_13,0,177,0,1.11,0,P2P,0
TXN108996,USR0102,6496.18,1540.0,4.218,19.0,24.7,10,Kochi,1,DEV_UNKNOWN,1,476,1,5.25,0,P2P,1
TXN108997,USR0029,1328.76,1672.0,0.795,15.4,309.1,9,Kolkata,0,DEV_ANDROID_14,0,1812,0,1.31,1,P2M,0
TXN108998,USR0142,6182.9,3033.0,2.039,17.0,121.5,9,Hyderabad,0,DEV_ANDROID_14,0,881,0,1.8,1,P2M,0
TXN108999,USR0029,5751.4,1672.0,3.44,27.0,21.5,17,Pune,1,DEV_UNKNOWN,1,1839,2,4.14,0,P2P,1
TXN109000,USR0088,11223.29,4666.0,2.405,5.0,46.1,9,Mumbai,0,DEV_IOS_18,0,777,0,0.4,1,INVESTMENT,0
TXN109001,USR0106,988.41,1061.0,0.932,35.5,100.2,17,Delhi,0,DEV_ANDROID_13,0,1650,0,1.73,0,P2M,0
TXN109002,USR0069,2255.63,3260.0,0.692,17.0,186.6,15,Hyderabad,0,DEV_ANDROID_14,0,1662,0,0.9,1,P2M,0
TXN109003,USR0015,2698.5,2529.0,1.067,8.9,295.1,14,Mumbai,1,DEV_ANDROID_14,0,1293,0,0.46,1,P2P,0
TXN109004,USR0117,2353.68,891.0,2.642,13.8,55.8,17,Mumbai,0,DEV_ANDROID_13,0,753,1,0.62,1,BILL_PAYMENT,0
TXN109005,USR0014,1869.43,2104.0,0.889,3.0,70.7,12,Delhi,0,DEV_ANDROID_13,0,897,0,2.8,0,P2M,0
TXN109006,USR0115,1177.83,1698.0,0.694,2.1,353.3,16,Kolkata,0,DEV_IOS_18,0,41,0,0.79,1,P2P,0
TXN109007,USR0019,3379.54,4271.0,0.791,17.9,64.9,8,Bengaluru,0,DEV_ANDROID_13,0,1645,0,1.68,0,P2P,0
TXN109008,USR0139,4985.94,4684.0,1.064,31.1,250.0,14,Kolkata,0,DEV_ANDROID_13,0,207,0,0.77,1,P2P,0
TXN109009,USR0104,265.09,706.0,0.375,15.0,118.0,20,Mumbai,0,DEV_ANDROID_13,0,1125,0,0.96,0,P2M,0
TXN109010,USR0127,1518.32,2395.0,0.634,18.8,107.1,18,Ahmedabad,1,DEV_ANDROID_14,0,339,0,1.93,1,P2P,0
TXN109011,USR0104,508.14,706.0,0.72,18.3,5.0,17,Mumbai,0,DEV_ANDROID_13,0,1100,2,0.24,0,P2P,0
TXN109012,USR0007,919.78,823.0,1.118,18.7,207.9,19,Bengaluru,0,DEV_ANDROID_14,0,1626,0,0.65,1,P2P,0
TXN109013,USR0119,1159.09,1503.0,0.771,37.1,88.8,15,Chennai,0,DEV_ANDROID_13,0,606,1,1.28,1,P2P,0
TXN109014,USR0087,7709.05,4199.0,1.836,6.7,36.5,17,Mumbai,0,DEV_ANDROID_13,0,851,0,2.25,1,P2P,0
TXN109015,USR0054,1733.91,1995.0,0.869,18.8,123.7,17,Hyderabad,0,DEV_IOS_18,0,1083,2,1.4,1,P2P,0
TXN109016,USR0129,2111.83,4329.0,0.488,19.6,105.9,18,Chennai,0,DEV_ANDROID_13,0,1428,0,0.98,1,P2M,0
TXN109017,USR0104,665.62,706.0,0.943,17.3,248.2,18,Mumbai,0,DEV_ANDROID_13,0,1095,0,0.5,1,P2M,0
TXN109018,USR0007,929.81,823.0,1.13,17.5,212.0,10,Bengaluru,0,DEV_ANDROID_14,0,1606,0,1.37,0,P2M,0
TXN109019,USR0124,1071.53,1625.0,0.659,3.8,425.4,12,Hyderabad,0,DEV_ANDROID_14,0,307,0,0.87,1,P2M,0
TXN109020,USR0034,1052.41,1168.0,0.901,15.0,183.9,20,Chennai,0,DEV_ANDROID_14,0,129,0,1.11,1,ONLINE_SHOPPING,0
TXN109021,USR0062,2733.17,2948.0,0.927,12.9,5.0,18,Mumbai,0,DEV_ANDROID_14,0,202,0,1.15,1,P2M,0
TXN109022,USR0092,3207.14,3316.0,0.967,28.1,67.9,19,Hyderabad,0,DEV_ANDROID_14,0,252,0,0.1,0,P2M,0
TXN109023,USR0089,1320.84,1008.0,1.31,22.0,259.7,17,Kolkata,0,DEV_ANDROID_14,0,976,0,1.41,1,BILL_PAYMENT,0
TXN109024,USR0004,1869.84,989.0,1.891,30.7,574.5,8,Chennai,0,DEV_IOS_18,0,866,0,1.73,1,P2P,0
TXN109025,USR0002,4004.68,3607.0,1.11,12.4,565.6,12,Ahmedabad,1,DEV_ANDROID_14,0,221,0,0.25,0,P2P,0
TXN109026,USR0016,1156.62,1443.0,0.802,24.4,108.8,15,Bengaluru,0,DEV_ANDROID_14,0,1222,0,0.95,1,P2M,0
TXN109027,USR0109,1059.14,1296.0,0.817,10.1,252.1,17,Jaipur,1,DEV_IOS_18,1,1502,0,0.1,1,P2P,0
TXN109028,USR0138,5129.54,3130.0,1.639,17.7,665.5,18,Chennai,0,DEV_IOS_18,0,1439,0,0.51,1,P2M,0
TXN109029,USR0099,4136.42,3865.0,1.07,18.0,62.0,10,Kolkata,0,DEV_ANDROID_13,0,542,0,1.77,1,BILL_PAYMENT,0
TXN109030,USR0080,7890.66,1303.0,6.056,43.0,58.2,21,Mumbai,1,DEV_UNKNOWN,1,584,4,10.18,0,INVESTMENT,1
TXN109031,USR0078,2837.55,4223.0,0.672,28.5,283.8,18,Mumbai,0,DEV_ANDROID_14,0,314,0,1.49,1,P2M,0
TXN109032,USR0137,7216.86,4815.0,1.499,30.6,13.5,12,Hyderabad,1,DEV_WEB_CHROME,1,377,0,1.73,1,P2M,0
TXN109033,USR0030,1862.29,1476.0,1.262,29.3,137.3,9,Kolkata,0,DEV_ANDROID_14,0,136,0,0.37,0,ONLINE_SHOPPING,0
TXN109034,USR0018,3538.91,1836.0,1.928,28.4,443.7,17,Hyderabad,1,DEV_ANDROID_14,0,1556,0,0.76,0,P2P,0
TXN109035,USR0148,2013.13,1934.0,1.041,31.6,152.0,12,Kochi,1,DEV_ANDROID_13,0,1605,0,0.18,1,P2M,0
TXN109036,USR0084,4972.09,960.0,5.179,12.6,174.5,12,Chennai,0,DEV_ANDROID_13,0,978,0,0.55,1,P2M,0
TXN109037,USR0127,2085.14,2395.0,0.871,17.1,101.1,9,Chennai,0,DEV_ANDROID_14,0,375,0,0.24,1,P2M,0
TXN109038,USR0038,1627.89,2152.0,0.756,14.0,53.2,20,Bengaluru,0,DEV_ANDROID_14,0,561,0,1.55,0,P2M,0
TXN109039,USR0104,510.17,706.0,0.723,22.9,81.2,13,Mumbai,0,DEV_ANDROID_13,0,1093,0,0.18,1,P2P,0
TXN109040,USR0029,1855.3,1672.0,1.11,17.9,52.8,12,Kolkata,0,DEV_IOS_18,1,1841,0,1.1,1,P2P,0
TXN109041,USR0052,13923.69,875.0,15.913,30.0,40.9,13,Bengaluru,1,DEV_ANDROID_13,0,1105,4,6.14,0,P2P,1
TXN109042,USR0094,1474.78,3141.0,0.47,9.1,5.0,20,Kolkata,0,DEV_ANDROID_14,0,1692,0,1.43,1,P2M,0
TXN109043,USR0114,4647.87,1547.0,3.004,25.0,16.6,7,Delhi,0,DEV_WEB_CHROME,1,1042,0,0.42,1,P2P,0
TXN109044,USR0075,8432.16,2287.0,3.687,25.0,212.0,5,Kochi,1,DEV_UNKNOWN,1,1627,3,2.86,0,P2P,1
TXN109045,USR0055,1033.1,1096.0,0.943,35.1,225.5,20,Delhi,0,DEV_ANDROID_14,0,778,0,0.65,1,ONLINE_SHOPPING,0
TXN109046,USR0012,1383.38,1109.0,1.247,30.0,85.4,14,Mumbai,0,DEV_IOS_18,0,1247,0,1.08,1,RECHARGE,0
TXN109047,USR0017,534.01,1139.0,0.469,26.2,140.9,13,Kolkata,0,DEV_IOS_18,0,1162,0,1.68,1,P2P,0
TXN109048,USR0018,2151.09,1836.0,1.172,20.0,74.0,15,Chennai,0,DEV_IOS_18,1,1545,0,1.18,1,INVESTMENT,0
TXN109049,USR0081,844.59,1873.0,0.451,30.9,103.4,17,Kolkata,0,DEV_ANDROID_13,0,952,0,1.52,0,P2P,0
TXN109050,USR0005,1282.11,1239.0,1.035,33.6,606.3,15,Kochi,1,DEV_IOS_18,0,1398,0,0.65,0,INVESTMENT,0
TXN109051,USR0118,1089.72,855.0,1.275,34.9,5.0,12,Pune,1,DEV_ANDROID_13,0,1509,0,0.16,1,P2P,0
TXN109052,USR0041,4310.43,2677.0,1.61,22.0,19.1,9,Bengaluru,0,DEV_ANDROID_13,0,878,0,2.19,0,P2P,0
TXN109053,USR0110,1933.77,3119.0,0.62,17.3,298.4,10,Mumbai,0,DEV_IOS_18,0,1281,0,0.21,1,P2P,0
TXN109054,USR0018,3010.61,1836.0,1.64,29.8,141.8,19,Chennai,0,DEV_ANDROID_14,0,1534,0,0.94,1,P2P,0
TXN109055,USR0006,4759.12,4184.0,1.137,18.3,30.9,12,Hyderabad,0,DEV_IOS_18,0,820,0,0.7,1,P2M,0
TXN109056,USR0026,1397.57,3918.0,0.357,23.9,110.5,11,Hyderabad,0,DEV_ANDROID_14,0,1179,0,1.31,1,P2M,0
TXN109057,USR0090,3295.09,4795.0,0.687,25.3,284.6,14,Hyderabad,0,DEV_ANDROID_14,0,540,0,1.85,1,P2P,0
TXN109058,USR0132,7171.35,3311.0,2.166,6.9,78.4,10,Hyderabad,0,DEV_ANDROID_13,0,588,2,0.72,0,P2M,0
TXN109059,USR0049,963.03,835.0,1.153,29.8,275.4,15,Mumbai,0,DEV_IOS_18,0,1197,0,1.17,1,BILL_PAYMENT,0
TXN109060,USR0008,2233.85,4207.0,0.531,21.6,125.5,8,Mumbai,0,DEV_ANDROID_13,0,1130,0,0.63,1,P2M,0
TXN109061,USR0144,2273.91,2663.0,0.854,9.5,5.0,17,Chennai,0,DEV_IOS_18,0,1142,0,1.97,0,P2M,0
TXN109062,USR0084,959.19,960.0,0.999,16.7,69.7,13,Chennai,0,DEV_WEB_CHROME,1,939,0,0.57,0,P2M,0
TXN109063,USR0149,3993.36,3318.0,1.204,13.1,99.3,14,Chandigarh,1,DEV_ANDROID_13,0,1441,0,2.6,1,P2M,0
TXN109064,USR0116,1950.94,2809.0,0.695,37.3,267.6,17,Bengaluru,0,DEV_ANDROID_13,0,216,0,1.33,1,P2P,0
TXN109065,USR0033,1859.94,2282.0,0.815,20.8,371.4,12,Kolkata,0,DEV_IOS_18,0,768,0,1.32,1,ONLINE_SHOPPING,0
TXN109066,USR0004,677.51,989.0,0.685,39.2,57.7,19,Chennai,0,DEV_IOS_18,0,869,0,1.93,1,P2M,0
TXN109067,USR0044,5159.03,843.0,6.12,15.8,64.7,8,Kolkata,1,DEV_ANDROID_14,0,1649,0,0.45,1,ONLINE_SHOPPING,0
TXN109068,USR0075,3305.92,2287.0,1.446,18.7,382.0,19,Bengaluru,0,DEV_IOS_18,0,1586,0,1.08,0,P2P,0
TXN109069,USR0068,3912.18,1858.0,2.106,3.9,59.0,7,Chennai,0,DEV_ANDROID_13,0,1737,0,1.39,1,BILL_PAYMENT,0
TXN109070,USR0107,1126.49,1116.0,1.009,11.8,333.1,18,Hyderabad,0,DEV_ANDROID_14,0,1056,0,1.38,1,P2P,0
TXN109071,USR0022,5055.44,3458.0,1.462,11.8,34.7,20,Chennai,0,DEV_ANDROID_13,0,1324,0,0.89,1,P2M,0
TXN109072,USR0098,2961.65,2841.0,1.042,27.7,32.8,10,Lucknow,1,DEV_IOS_18,0,1096,0,0.97,1,P2P,0
TXN109073,USR0122,1656.6,2765.0,0.599,41.1,89.8,23,Kochi,1,DEV_ANDROID_14,0,1527,0,0.39,1,P2M,0
TXN109074,USR0108,589.78,931.0,0.633,21.4,182.2,16,Mumbai,0,DEV_IOS_18,0,71,0,0.26,1,P2P,0
TXN109075,USR0134,24715.94,4359.0,5.67,33.0,53.8,17,Chennai,0,DEV_IOS_18,0,303,0,1.48,1,P2P,0
TXN109076,USR0015,2314.1,2529.0,0.915,4.8,110.9,21,Chennai,0,DEV_ANDROID_14,0,1297,1,0.58,1,P2P,0
TXN109077,USR0006,3371.27,4184.0,0.806,22.6,5.0,19,Kolkata,1,DEV_ANDROID_14,1,796,0,2.11,1,BILL_PAYMENT,0
TXN109078,USR0009,3202.83,3622.0,0.884,10.6,101.5,9,Mumbai,0,DEV_ANDROID_13,0,146,0,2.02,1,P2P,0
TXN109079,USR0068,3308.72,1858.0,1.781,11.0,66.3,17,Chennai,0,DEV_WEB_CHROME,1,1716,0,0.37,0,P2P,0
TXN109080,USR0085,18067.31,3924.0,4.604,39.0,8.7,10,Ahmedabad,1,DEV_UNKNOWN,1,792,6,9.72,0,P2P,1
TXN109081,USR0007,516.81,823.0,0.628,16.2,230.2,14,Bengaluru,0,DEV_ANDROID_14,0,1604,0,1.01,0,P2P,0
TXN109082,USR0047,406.33,489.0,0.831,24.0,210.5,13,Bengaluru,0,DEV_ANDROID_13,0,903,0,0.7,1,BILL_PAYMENT,0
TXN109083,USR0021,29618.88,4102.0,7.221,52.0,40.8,4,Pune,1,DEV_UNKNOWN,1,1426,5,9.54,0,P2P,1
TXN109084,USR0029,5265.58,1672.0,3.149,17.9,39.6,8,Kolkata,0,DEV_ANDROID_14,0,1778,0,1.78,1,P2P,0
TXN109085,USR0051,1876.54,1265.0,1.483,11.6,97.7,10,Delhi,0,DEV_IOS_18,0,1215,0,0.83,1,P2P,0
TXN109086,USR0034,1281.03,1168.0,1.097,15.1,185.0,15,Chennai,0,DEV_ANDROID_14,0,97,0,1.71,0,P2P,0
TXN109087,USR0130,2038.69,2863.0,0.712,33.6,87.8,13,Delhi,0,DEV_IOS_18,0,1537,0,1.27,1,P2M,0
TXN109088,USR0125,1165.93,1159.0,1.006,19.2,130.7,16,Bengaluru,0,DEV_IOS_18,0,1079,0,0.83,1,P2M,0
TXN109089,USR0148,4256.45,1934.0,2.201,31.3,71.9,15,Chennai,0,DEV_ANDROID_13,0,1660,0,1.37,1,P2P,0
TXN109090,USR0002,3812.87,3607.0,1.057,13.5,88.6,11,Kolkata,0,DEV_ANDROID_14,0,202,0,1.23,0,P2P,0
TXN109091,USR0102,1349.39,1540.0,0.876,13.4,198.6,12,Kochi,1,DEV_IOS_18,0,501,0,1.17,1,P2P,0
TXN109092,USR0001,26700.72,3411.0,7.828,22.0,5.4,6,Pune,1,DEV_ANDROID_13,0,777,5,6.99,0,P2P,1
TXN109093,USR0045,3850.76,3638.0,1.058,12.1,246.5,16,Mumbai,0,DEV_IOS_18,0,1353,0,0.77,1,P2P,0
TXN109094,USR0047,509.93,489.0,1.043,28.5,251.7,9,Bengaluru,0,DEV_ANDROID_13,0,960,0,0.95,1,BILL_PAYMENT,0
TXN109095,USR0034,2894.02,1168.0,2.478,15.8,149.8,15,Ahmedabad,1,DEV_ANDROID_13,1,73,0,0.42,1,P2M,0
TXN109096,USR0091,1010.23,2696.0,0.375,3.4,43.8,11,Delhi,1,DEV_ANDROID_14,1,1098,0,0.54,1,P2M,0
TXN109097,USR0130,2418.89,2863.0,0.845,37.9,5.0,8,Delhi,0,DEV_IOS_18,0,1526,0,1.8,1,P2M,0
TXN109098,USR0058,3073.15,3029.0,1.015,25.1,133.9,13,Kolkata,0,DEV_ANDROID_14,0,923,0,0.57,1,P2P,0
TXN109099,USR0020,2493.55,3539.0,0.705,24.9,24.3,9,Delhi,0,DEV_IOS_18,1,321,2,1.43,0,RECHARGE,0
TXN109100,USR0057,4391.56,3487.0,1.259,17.0,5.0,19,Delhi,0,DEV_IOS_18,0,827,0,0.66,1,INVESTMENT,0
TXN109101,USR0016,8741.04,1443.0,6.058,37.0,5.5,18,Kolkata,1,DEV_UNKNOWN,1,1270,7,6.47,0,P2P,1
TXN109102,USR0037,1517.54,2687.0,0.565,23.3,253.2,9,Kolkata,0,DEV_ANDROID_14,0,926,0,1.03,1,P2P,0
TXN109103,USR0037,3540.33,2687.0,1.318,22.2,52.9,16,Kolkata,0,DEV_ANDROID_14,0,916,0,1.35,0,P2M,0
TXN109104,USR0014,1704.92,2104.0,0.81,11.8,9.2,18,Delhi,0,DEV_WEB_CHROME,1,884,0,0.85,1,P2P,0
TXN109105,USR0026,2282.34,3918.0,0.583,23.9,114.3,14,Hyderabad,0,DEV_ANDROID_14,0,1148,2,1.69,1,P2P,0
TXN109106,USR0081,2138.63,1873.0,1.142,32.6,231.5,10,Kolkata,0,DEV_ANDROID_13,0,918,0,1.6,1,P2P,0
TXN109107,USR0108,1533.55,931.0,1.647,24.8,105.6,15,Mumbai,0,DEV_IOS_18,0,121,0,0.92,1,P2P,0
TXN109108,USR0058,11113.88,3029.0,3.669,17.0,8.6,21,Chennai,1,DEV_ANDROID_14,0,857,1,3.01,0,P2P,1
TXN109109,USR0019,5188.33,4271.0,1.215,25.9,90.3,8,Bengaluru,0,DEV_ANDROID_13,0,1645,0,1.09,1,P2M,0
TXN109110,USR0077,9176.92,4759.0,1.928,12.3,196.1,22,Mumbai,0,DEV_ANDROID_13,0,98,0,0.67,1,RECHARGE,0
TXN109111,USR0030,8436.83,1476.0,5.716,25.4,550.5,16,Kolkata,0,DEV_ANDROID_14,0,129,0,0.64,0,P2P,0
TXN109112,USR0093,3979.16,3844.0,1.035,19.4,372.4,11,Chennai,0,DEV_ANDROID_14,0,22,0,1.4,1,P2P,0
TXN109113,USR0010,4890.48,4508.0,1.085,29.4,38.3,17,Kolkata,0,DEV_IOS_18,0,1429,0,1.66,1,ONLINE_SHOPPING,0
TXN109114,USR0102,1456.63,1540.0,0.946,10.2,135.9,17,Bengaluru,0,DEV_IOS_18,0,493,0,0.96,1,P2P,0
TXN109115,USR0073,30383.35,1427.0,21.292,16.0,33.7,10,Kolkata,0,DEV_UNKNOWN,1,251,4,8.43,0,P2M,1
TXN109116,USR0070,17170.69,4705.0,3.649,19.7,183.5,8,Delhi,0,DEV_ANDROID_13,0,349,0,1.17,1,BILL_PAYMENT,0
TXN109117,USR0024,595.98,1043.0,0.571,11.4,106.4,21,Hyderabad,0,DEV_ANDROID_14,0,253,0,0.71,1,P2P,0
TXN109118,USR0001,2113.39,3411.0,0.62,18.6,181.8,7,Mumbai,0,DEV_ANDROID_13,0,838,0,0.56,0,P2P,0
TXN109119,USR0115,983.75,1698.0,0.579,1.4,212.0,10,Kolkata,0,DEV_IOS_18,0,69,0,0.92,1,P2M,0
TXN109120,USR0014,15130.34,2104.0,7.191,31.0,54.3,5,Jaipur,1,DEV_UNKNOWN,1,873,5,4.12,0,INVESTMENT,1
TXN109121,USR0064,23316.36,3744.0,6.228,39.0,23.1,22,Pune,1,DEV_UNKNOWN,1,1419,5,9.08,0,P2P,1
TXN109122,USR0041,13659.03,2677.0,5.102,47.0,17.1,13,Chennai,1,DEV_WEB_CHROME,1,853,3,7.15,0,P2P,1
TXN109123,USR0124,2018.64,1625.0,1.242,2.7,399.2,17,Ahmedabad,1,DEV_ANDROID_14,0,267,0,1.51,1,P2P,0
TXN109124,USR0093,3028.73,3844.0,0.788,18.6,623.5,16,Chennai,0,DEV_ANDROID_14,0,84,0,1.73,1,ONLINE_SHOPPING,0
TXN109125,USR0006,5495.45,4184.0,1.313,25.2,8.5,17,Hyderabad,0,DEV_IOS_18,0,806,0,1.1,1,P2P,0
TXN109126,USR0030,1182.56,1476.0,0.801,33.5,571.1,6,Kolkata,0,DEV_ANDROID_14,0,117,0,1.12,1,P2M,0
TXN109127,USR0102,5999.98,1540.0,3.896,23.0,2.5,8,Pune,1,DEV_UNKNOWN,1,466,4,9.47,0,ONLINE_SHOPPING,1
TXN109128,USR0065,2682.16,3227.0,0.831,36.4,45.4,7,Kochi,1,DEV_ANDROID_14,0,1770,0,0.33,1,P2P,0
TXN109129,USR0109,1187.44,1296.0,0.916,11.9,695.5,8,Chennai,0,DEV_ANDROID_14,0,1534,0,1.44,1,BILL_PAYMENT,0
TXN109130,USR0150,3546.02,1846.0,1.921,21.5,18.9,10,Bengaluru,0,DEV_IOS_18,0,345,0,1.07,1,P2P,0
TXN109131,USR0109,1838.9,1296.0,1.419,14.3,156.5,20,Chennai,0,DEV_ANDROID_14,0,1507,0,0.67,1,BILL_PAYMENT,0
TXN109132,USR0094,4776.42,3141.0,1.521,6.8,283.3,8,Kolkata,0,DEV_ANDROID_14,0,1698,0,0.74,1,P2M,0
TXN109133,USR0018,746.61,1836.0,0.407,22.1,515.7,9,Chennai,0,DEV_ANDROID_14,0,1509,0,0.81,1,P2P,0
TXN109134,USR0145,2391.93,4287.0,0.558,7.8,457.6,18,Chennai,1,DEV_ANDROID_13,0,1458,0,2.27,1,P2P,0
TXN109135,USR0120,11775.33,3985.0,2.955,19.5,501.4,18,Chennai,0,DEV_IOS_18,0,1186,0,1.44,0,P2P,0
TXN109136,USR0003,23815.74,3784.0,6.294,26.8,48.3,16,Hyderabad,0,DEV_ANDROID_13,0,1322,0,1.38,0,P2M,0
TXN109137,USR0122,1992.35,2765.0,0.721,36.0,225.9,12,Hyderabad,0,DEV_ANDROID_14,0,1581,0,1.09,1,P2M,0
TXN109138,USR0049,1323.29,835.0,1.585,24.7,12.0,7,Delhi,1,DEV_IOS_18,0,1177,0,0.25,1,BILL_PAYMENT,0
TXN109139,USR0012,717.77,1109.0,0.647,30.9,48.1,12,Mumbai,0,DEV_IOS_18,0,1266,0,0.28,0,P2P,0
TXN109140,USR0137,5516.13,4815.0,1.146,29.6,225.5,15,Chennai,0,DEV_ANDROID_14,0,319,0,1.69,1,RECHARGE,0
TXN109141,USR0083,7243.65,1684.0,4.301,35.0,1.2,13,Delhi,0,DEV_ANDROID_14,0,100,1,4.17,0,P2P,1
TXN109142,USR0081,6135.57,1873.0,3.276,26.0,2.9,0,Kochi,1,DEV_ANDROID_14,1,965,3,5.66,0,ONLINE_SHOPPING,1
TXN109143,USR0010,5527.27,4508.0,1.226,20.9,37.1,17,Kolkata,0,DEV_IOS_18,0,1403,0,0.81,1,P2P,0
TXN109144,USR0039,2429.17,3193.0,0.761,20.1,130.1,18,Chennai,0,DEV_IOS_18,0,1755,0,1.93,0,BILL_PAYMENT,0
TXN109145,USR0116,13583.53,2809.0,4.836,47.0,3.2,15,Kolkata,1,DEV_IOS_18,1,218,1,9.28,0,ONLINE_SHOPPING,1
TXN109146,USR0098,1685.49,2841.0,0.593,24.7,50.0,20,Delhi,0,DEV_IOS_18,0,1142,0,1.01,1,ONLINE_SHOPPING,0
TXN109147,USR0099,8031.16,3865.0,2.078,25.2,44.0,21,Kolkata,0,DEV_ANDROID_14,1,584,0,1.56,1,P2M,0
TXN109148,USR0073,2148.46,1427.0,1.506,37.3,35.8,16,Kolkata,0,DEV_ANDROID_13,0,239,0,1.21,1,P2M,0
TXN109149,USR0055,589.04,1096.0,0.537,31.5,228.0,15,Delhi,0,DEV_ANDROID_14,0,823,0,0.72,1,P2P,0
TXN109150,USR0108,3858.32,931.0,4.144,22.0,24.7,19,Mumbai,0,DEV_IOS_18,0,84,2,4.26,0,P2P,1
TXN109151,USR0075,9807.17,2287.0,4.288,18.4,152.7,15,Bengaluru,0,DEV_IOS_18,0,1611,0,0.78,1,BILL_PAYMENT,0
TXN109152,USR0032,1644.97,2962.0,0.555,18.8,257.4,10,Hyderabad,0,DEV_ANDROID_14,0,1429,0,0.84,1,ONLINE_SHOPPING,0
TXN109153,USR0054,4114.64,1995.0,2.062,21.5,163.8,19,Hyderabad,0,DEV_IOS_18,0,1065,0,1.46,1,P2P,0
TXN109154,USR0027,1643.08,816.0,2.014,17.1,332.4,8,Hyderabad,0,DEV_IOS_18,0,1464,0,1.58,1,P2P,0
TXN109155,USR0087,5492.32,4199.0,1.308,8.5,5.8,15,Mumbai,0,DEV_ANDROID_13,0,832,0,0.11,1,P2P,0
TXN109156,USR0142,4154.03,3033.0,1.37,17.3,209.2,16,Hyderabad,0,DEV_ANDROID_14,0,905,0,2.14,0,P2M,0
TXN109157,USR0043,27315.85,4029.0,6.78,31.0,36.9,2,Pune,1,DEV_UNKNOWN,1,1329,6,6.48,0,P2P,1
TXN109158,USR0010,6241.78,4508.0,1.385,21.1,53.8,11,Lucknow,1,DEV_IOS_18,0,1456,0,1.09,1,P2P,0
TXN109159,USR0027,923.2,816.0,1.131,22.2,164.1,17,Hyderabad,0,DEV_IOS_18,0,1441,0,1.17,0,BILL_PAYMENT,0
TXN109160,USR0081,4126.93,1873.0,2.203,33.4,361.5,8,Kolkata,0,DEV_ANDROID_13,0,912,0,0.1,1,P2M,0
TXN109161,USR0142,2793.82,3033.0,0.921,22.9,5.0,13,Hyderabad,0,DEV_ANDROID_14,0,853,0,0.33,0,P2M,0
TXN109162,USR0086,3430.92,4098.0,0.837,1.0,98.4,18,Delhi,0,DEV_IOS_18,1,1279,0,0.99,1,BILL_PAYMENT,0
TXN109163,USR0102,1514.11,1540.0,0.983,15.4,135.2,8,Bengaluru,0,DEV_IOS_18,0,480,0,1.73,1,P2M,0
TXN109164,USR0002,2882.83,3607.0,0.799,10.1,72.7,10,Kolkata,0,DEV_ANDROID_14,0,234,0,2.55,0,P2M,0
TXN109165,USR0072,5744.66,4501.0,1.276,7.3,657.8,13,Hyderabad,1,DEV_ANDROID_14,0,1376,0,1.15,1,BILL_PAYMENT,0
TXN109166,USR0034,1852.22,1168.0,1.586,24.9,30.3,11,Chennai,0,DEV_ANDROID_14,0,123,0,1.26,1,P2P,0
TXN109167,USR0054,14599.05,1995.0,7.318,46.0,48.0,17,Bengaluru,1,DEV_UNKNOWN,1,1101,4,10.61,0,INVESTMENT,1
TXN109168,USR0107,2276.84,1116.0,2.04,16.0,36.5,16,Bengaluru,1,DEV_ANDROID_14,0,1093,0,1.29,1,P2P,0
TXN109169,USR0106,7003.31,1061.0,6.601,47.0,42.3,2,Bengaluru,1,DEV_UNKNOWN,1,1699,6,5.77,0,INVESTMENT,1
TXN109170,USR0089,913.7,1008.0,0.906,23.3,34.4,14,Pune,1,DEV_ANDROID_14,0,952,0,0.98,1,RECHARGE,0
TXN109171,USR0138,6505.15,3130.0,2.078,20.4,39.8,16,Ahmedabad,1,DEV_IOS_18,0,1466,0,1.02,1,P2P,0
TXN109172,USR0004,1230.87,989.0,1.245,32.5,67.7,11,Lucknow,1,DEV_IOS_18,0,841,0,0.68,1,ONLINE_SHOPPING,0
TXN109173,USR0121,23764.37,3799.0,6.255,19.0,276.0,5,Ahmedabad,1,DEV_UNKNOWN,1,1546,1,2.93,0,P2P,1
TXN109174,USR0060,2116.68,2418.0,0.875,11.1,337.0,10,Hyderabad,0,DEV_ANDROID_13,0,56,0,0.73,0,P2M,0
TXN109175,USR0123,9226.53,4007.0,2.303,20.5,176.9,17,Kolkata,0,DEV_IOS_18,0,1230,0,2.23,1,BILL_PAYMENT,0
TXN109176,USR0076,1770.57,3835.0,0.462,11.4,123.1,13,Mumbai,0,DEV_ANDROID_13,0,510,0,1.95,1,P2M,0
TXN109177,USR0001,3536.21,3411.0,1.037,20.9,287.2,9,Mumbai,0,DEV_ANDROID_13,0,847,0,1.35,0,P2P,0
TXN109178,USR0133,531.33,561.0,0.947,10.9,64.8,12,Delhi,0,DEV_ANDROID_13,0,1126,0,1.77,1,P2P,0
TXN109179,USR0094,2059.69,3141.0,0.656,7.6,180.1,16,Kolkata,0,DEV_ANDROID_14,0,1665,0,0.51,1,P2M,0
TXN109180,USR0090,8462.28,4795.0,1.765,15.2,27.1,12,Hyderabad,0,DEV_ANDROID_14,0,531,0,2.16,1,P2M,0
TXN109181,USR0120,18784.31,3985.0,4.714,23.0,137.6,10,Chennai,0,DEV_IOS_18,0,1178,0,1.15,1,P2P,0
TXN109182,USR0047,3656.73,489.0,7.478,15.0,48.0,3,Ahmedabad,1,DEV_UNKNOWN,1,927,7,8.77,0,INVESTMENT,1
TXN109183,USR0107,948.08,1116.0,0.85,16.3,217.3,11,Hyderabad,0,DEV_ANDROID_14,0,1051,0,1.51,1,ONLINE_SHOPPING,0
TXN109184,USR0056,3971.27,4000.0,0.993,6.6,9.8,10,Bengaluru,0,DEV_IOS_18,0,177,0,1.17,1,BILL_PAYMENT,0
TXN109185,USR0065,8751.91,3227.0,2.712,32.5,12.6,13,Delhi,0,DEV_ANDROID_14,0,1738,0,1.58,1,P2P,0
TXN109186,USR0046,3872.43,3064.0,1.264,16.0,70.3,15,Kochi,1,DEV_ANDROID_13,0,377,0,0.4,1,P2M,0
TXN109187,USR0050,2473.1,2312.0,1.07,31.6,96.7,9,Lucknow,1,DEV_ANDROID_13,0,136,0,0.1,1,ONLINE_SHOPPING,0
TXN109188,USR0048,2027.65,2387.0,0.849,10.3,217.6,14,Chennai,0,DEV_IOS_18,0,1157,0,1.09,1,BILL_PAYMENT,0
TXN109189,USR0105,1080.92,1284.0,0.842,30.7,5.0,13,Bengaluru,0,DEV_ANDROID_14,0,641,1,0.56,1,BILL_PAYMENT,0
TXN109190,USR0132,3631.97,3311.0,1.097,9.3,21.0,13,Hyderabad,0,DEV_ANDROID_13,0,568,0,1.81,1,P2M,0
TXN109191,USR0013,5914.37,2086.0,2.835,31.5,8.8,9,Kolkata,0,DEV_ANDROID_13,0,739,0,1.55,1,P2P,0
TXN109192,USR0133,237.24,561.0,0.423,6.6,374.1,12,Delhi,0,DEV_ANDROID_13,0,1130,0,1.89,1,BILL_PAYMENT,0
TXN109193,USR0030,9035.01,1476.0,6.121,35.0,44.8,10,Delhi,1,DEV_UNKNOWN,1,135,6,9.15,0,INVESTMENT,1
TXN109194,USR0027,2203.45,816.0,2.7,21.8,198.9,15,Hyderabad,0,DEV_IOS_18,0,1420,0,1.04,1,RECHARGE,0
TXN109195,USR0058,1076.21,3029.0,0.355,27.9,153.8,8,Kolkata,0,DEV_ANDROID_14,0,911,0,1.21,0,BILL_PAYMENT,0
TXN109196,USR0041,1603.05,2677.0,0.599,27.6,117.0,13,Kochi,1,DEV_ANDROID_13,0,863,0,1.63,0,P2M,0
TXN109197,USR0125,852.43,1159.0,0.735,22.5,446.1,7,Bengaluru,0,DEV_IOS_18,0,1141,0,0.85,0,P2P,0
TXN109198,USR0121,3249.87,3799.0,0.855,10.4,531.6,12,Hyderabad,0,DEV_ANDROID_13,0,1510,0,1.63,0,P2M,0
TXN109199,USR0138,2836.7,3130.0,0.906,17.5,92.1,14,Chennai,0,DEV_IOS_18,0,1398,0,1.48,1,ONLINE_SHOPPING,0
TXN109200,USR0024,18117.46,1043.0,17.371,46.0,16.8,15,Chennai,1,DEV_UNKNOWN,1,259,5,5.67,0,INVESTMENT,1
TXN109201,USR0005,1771.75,1239.0,1.43,33.5,38.4,10,Hyderabad,0,DEV_IOS_18,0,1416,0,1.34,0,BILL_PAYMENT,0
TXN109202,USR0084,863.86,960.0,0.9,9.1,33.8,11,Chennai,0,DEV_ANDROID_13,0,907,0,0.47,1,BILL_PAYMENT,0
TXN109203,USR0020,12162.49,3539.0,3.437,39.0,13.6,16,Delhi,0,DEV_ANDROID_14,0,304,2,6.21,0,P2P,1
TXN109204,USR0054,4003.63,1995.0,2.007,21.1,129.4,11,Hyderabad,0,DEV_IOS_18,0,1085,0,1.35,1,BILL_PAYMENT,0
TXN109205,USR0119,880.4,1503.0,0.586,35.4,57.3,14,Chennai,0,DEV_ANDROID_13,0,609,0,0.38,0,P2M,0
TXN109206,USR0082,3888.13,1061.0,3.665,13.0,6.6,14,Hyderabad,0,DEV_UNKNOWN,1,68,1,6.07,0,P2P,1
TXN109207,USR0043,2446.45,4029.0,0.607,19.0,76.1,12,Delhi,0,DEV_ANDROID_13,0,1330,0,1.37,1,ONLINE_SHOPPING,0
TXN109208,USR0065,2052.17,3227.0,0.636,30.7,10.1,11,Delhi,0,DEV_ANDROID_14,0,1767,0,2.16,0,P2M,0
TXN109209,USR0012,4397.41,1109.0,3.965,24.8,278.7,9,Mumbai,0,DEV_IOS_18,0,1219,0,0.69,1,P2P,0
TXN109210,USR0139,44055.43,4684.0,9.406,34.0,4.0,0,Kolkata,0,DEV_ANDROID_12,1,193,3,7.82,0,P2M,1
TXN109211,USR0030,4465.19,1476.0,3.025,26.7,294.1,8,Kolkata,0,DEV_ANDROID_14,0,175,0,1.86,1,P2P,0
TXN109212,USR0108,376.17,931.0,0.404,23.4,11.7,6,Mumbai,0,DEV_IOS_18,0,94,0,2.51,1,ONLINE_SHOPPING,0
TXN109213,USR0019,3300.46,4271.0,0.773,11.5,163.0,6,Bengaluru,0,DEV_ANDROID_13,0,1674,0,1.03,1,ONLINE_SHOPPING,0
TXN109214,USR0066,381.0,572.0,0.666,9.7,286.0,10,Delhi,0,DEV_ANDROID_14,0,1059,0,2.66,1,P2P,0
TXN109215,USR0096,2258.16,482.0,4.685,18.3,211.9,11,Chennai,0,DEV_ANDROID_13,0,238,0,0.91,1,ONLINE_SHOPPING,0
TXN109216,USR0106,766.07,1061.0,0.722,41.6,307.4,14,Lucknow,1,DEV_ANDROID_13,0,1665,0,1.3,0,P2M,0
TXN109217,USR0112,4525.66,4425.0,1.023,27.1,251.4,20,Hyderabad,0,DEV_ANDROID_13,0,1569,0,1.52,1,P2M,0
TXN109218,USR0145,6849.06,4287.0,1.598,4.4,44.6,17,Mumbai,0,DEV_ANDROID_13,0,1480,0,0.66,1,P2M,0
TXN109219,USR0067,932.5,1825.0,0.511,31.8,113.4,18,Hyderabad,0,DEV_IOS_18,0,861,0,1.25,1,BILL_PAYMENT,0
TXN109220,USR0116,2352.07,2809.0,0.837,34.0,140.2,14,Bengaluru,0,DEV_ANDROID_13,0,227,0,1.24,1,BILL_PAYMENT,0
TXN109221,USR0039,3899.83,3193.0,1.221,18.3,537.5,14,Chennai,0,DEV_IOS_18,0,1728,0,1.05,1,P2M,0
TXN109222,USR0093,10435.88,3844.0,2.715,38.0,19.4,13,Chennai,0,DEV_UNKNOWN,1,51,1,3.42,0,P2P,1
TXN109223,USR0119,1478.23,1503.0,0.984,29.9,278.4,13,Chennai,0,DEV_ANDROID_13,0,618,0,2.61,1,P2P,0
TXN109224,USR0030,1062.3,1476.0,0.72,30.6,156.8,10,Kolkata,0,DEV_ANDROID_14,0,158,0,1.28,1,P2M,0
TXN109225,USR0096,405.61,482.0,0.842,28.5,14.0,19,Chennai,0,DEV_ANDROID_13,0,257,0,2.89,1,P2P,0
TXN109226,USR0129,6960.17,4329.0,1.608,16.7,188.8,11,Chennai,0,DEV_ANDROID_13,0,1429,0,0.92,1,P2P,0
TXN109227,USR0056,6225.05,4000.0,1.556,3.6,361.0,10,Bengaluru,0,DEV_IOS_18,0,174,0,1.84,1,P2M,0
TXN109228,USR0085,3084.76,3924.0,0.786,18.2,65.0,11,Kolkata,0,DEV_ANDROID_13,0,789,0,1.14,0,P2M,0
TXN109229,USR0102,2840.42,1540.0,1.844,8.7,35.1,13,Bengaluru,0,DEV_ANDROID_13,1,461,0,0.72,1,P2P,0
TXN109230,USR0130,6650.77,2863.0,2.323,34.0,15.4,21,Delhi,0,DEV_IOS_18,0,1566,2,3.39,0,P2P,1
TXN109231,USR0129,4987.09,4329.0,1.152,19.3,114.1,19,Jaipur,1,DEV_ANDROID_13,0,1402,0,0.19,1,BILL_PAYMENT,0
TXN109232,USR0033,1668.08,2282.0,0.731,17.7,154.8,9,Kolkata,0,DEV_WEB_CHROME,1,779,0,1.94,0,P2P,0
TXN109233,USR0149,5405.46,3318.0,1.629,15.1,384.4,14,Chennai,0,DEV_ANDROID_13,0,1494,0,0.71,0,P2P,0
TXN109234,USR0026,2748.08,3918.0,0.701,19.2,92.4,20,Hyderabad,0,DEV_IOS_18,1,1202,0,1.43,1,P2M,0
TXN109235,USR0010,6434.17,4508.0,1.427,25.1,100.2,18,Kolkata,0,DEV_IOS_18,0,1453,0,1.09,1,P2P,0
TXN109236,USR0008,2453.14,4207.0,0.583,13.0,16.6,10,Jaipur,1,DEV_ANDROID_13,0,1139,0,1.37,1,P2M,0
TXN109237,USR0054,4048.88,1995.0,2.03,22.7,128.6,8,Hyderabad,0,DEV_IOS_18,0,1059,0,2.15,1,P2M,0
TXN109238,USR0048,2119.83,2387.0,0.888,15.1,93.5,17,Chennai,0,DEV_IOS_18,0,1172,0,1.94,1,P2P,0
TXN109239,USR0077,3094.06,4759.0,0.65,8.4,286.6,11,Mumbai,0,DEV_ANDROID_13,0,133,0,1.74,1,P2P,0
TXN109240,USR0052,783.22,875.0,0.895,8.3,31.3,15,Mumbai,0,DEV_ANDROID_13,0,1063,2,1.61,1,P2M,0
TXN109241,USR0084,587.45,960.0,0.612,11.9,272.2,14,Chennai,0,DEV_ANDROID_13,0,978,0,1.18,1,BILL_PAYMENT,0
TXN109242,USR0071,865.26,1774.0,0.488,11.3,9.6,17,Hyderabad,0,DEV_ANDROID_14,0,1755,0,1.98,1,INVESTMENT,0
TXN109243,USR0060,1517.26,2418.0,0.627,10.8,82.0,15,Hyderabad,0,DEV_ANDROID_13,0,76,0,1.0,1,P2M,0
TXN109244,USR0100,2905.12,2121.0,1.37,28.3,98.4,17,Bengaluru,0,DEV_ANDROID_14,0,837,1,1.75,0,BILL_PAYMENT,0
TXN109245,USR0092,1375.93,3316.0,0.415,36.3,620.6,18,Hyderabad,0,DEV_ANDROID_14,0,226,0,1.2,1,P2M,0
TXN109246,USR0097,3948.35,1552.0,2.544,27.1,95.9,23,Delhi,0,DEV_ANDROID_13,0,877,0,0.13,0,P2P,0
TXN109247,USR0011,1847.57,2073.0,0.891,22.0,466.5,19,Chennai,0,DEV_ANDROID_14,0,942,0,1.32,1,P2M,0
TXN109248,USR0054,1141.05,1995.0,0.572,21.4,196.3,9,Hyderabad,0,DEV_IOS_18,0,1123,0,1.58,1,P2M,0
TXN109249,USR0038,3403.42,2152.0,1.582,14.3,171.2,23,Bengaluru,0,DEV_ANDROID_14,0,558,0,1.86,1,P2M,0
TXN109250,USR0010,4714.25,4508.0,1.046,20.6,77.5,13,Kolkata,0,DEV_IOS_18,0,1397,1,0.46,1,P2M,0
TXN109251,USR0128,1656.83,1765.0,0.939,29.2,322.6,14,Chennai,0,DEV_ANDROID_14,0,1744,0,1.32,1,BILL_PAYMENT,0
TXN109252,USR0140,4148.11,3114.0,1.332,4.7,503.2,11,Delhi,0,DEV_ANDROID_13,0,235,0,1.44,0,P2P,0
TXN109253,USR0062,4272.31,2948.0,1.449,10.1,49.3,15,Mumbai,0,DEV_ANDROID_14,0,273,0,0.87,1,P2P,0
TXN109254,USR0078,1203.64,4223.0,0.285,37.2,123.5,15,Mumbai,0,DEV_ANDROID_14,0,320,0,0.91,1,P2M,0
TXN109255,USR0033,4350.32,2282.0,1.906,18.8,440.4,8,Kolkata,0,DEV_IOS_18,0,794,0,0.84,1,RECHARGE,0
TXN109256,USR0019,14948.5,4271.0,3.5,13.8,15.1,20,Bengaluru,0,DEV_ANDROID_13,0,1672,0,1.75,0,P2P,0
TXN109257,USR0132,4488.23,3311.0,1.356,9.8,37.0,8,Hyderabad,0,DEV_ANDROID_13,0,540,0,1.38,1,P2P,0
TXN109258,USR0117,601.19,891.0,0.675,8.9,49.6,14,Mumbai,0,DEV_ANDROID_13,0,734,0,1.56,1,P2P,0
TXN109259,USR0024,1454.91,1043.0,1.395,3.3,196.4,19,Hyderabad,0,DEV_ANDROID_14,0,224,0,1.75,1,P2M,0
TXN109260,USR0063,716.2,946.0,0.757,16.1,69.4,11,Hyderabad,0,DEV_ANDROID_14,1,500,0,1.21,1,BILL_PAYMENT,0
TXN109261,USR0124,1300.28,1625.0,0.8,1.0,35.2,9,Hyderabad,0,DEV_ANDROID_14,0,258,0,1.28,0,P2P,0
TXN109262,USR0120,4594.2,3985.0,1.153,26.6,90.4,10,Chennai,0,DEV_IOS_18,0,1166,0,1.35,1,P2P,0
TXN109263,USR0002,10474.05,3607.0,2.904,15.2,10.9,17,Kolkata,0,DEV_ANDROID_13,1,238,0,0.76,0,P2M,0
TXN109264,USR0073,2594.59,1427.0,1.818,30.7,277.4,12,Kolkata,0,DEV_ANDROID_13,0,243,0,0.88,1,ONLINE_SHOPPING,0
TXN109265,USR0118,958.72,855.0,1.121,27.6,182.0,7,Kolkata,0,DEV_ANDROID_13,0,1509,0,1.13,1,P2P,0
TXN109266,USR0091,2462.73,2696.0,0.913,5.3,117.3,12,Kolkata,0,DEV_ANDROID_13,0,1073,0,1.13,1,P2M,0
TXN109267,USR0020,7712.68,3539.0,2.179,29.2,63.9,9,Delhi,0,DEV_ANDROID_14,0,263,0,1.23,1,P2P,0
TXN109268,USR0088,7546.7,4666.0,1.617,3.8,202.6,12,Mumbai,0,DEV_IOS_18,0,760,0,0.58,1,BILL_PAYMENT,0
TXN109269,USR0104,359.76,706.0,0.51,18.2,429.1,8,Mumbai,0,DEV_ANDROID_13,0,1127,0,0.85,1,BILL_PAYMENT,0
TXN109270,USR0096,1221.66,482.0,2.535,26.4,54.5,8,Chennai,0,DEV_ANDROID_13,0,243,0,0.14,1,P2P,0
TXN109271,USR0026,1786.02,3918.0,0.456,23.9,10.6,10,Hyderabad,0,DEV_ANDROID_14,0,1166,0,0.23,0,P2M,0
TXN109272,USR0115,1628.48,1698.0,0.959,6.8,120.4,10,Kolkata,0,DEV_IOS_18,0,100,0,0.61,1,P2P,0
TXN109273,USR0139,5005.62,4684.0,1.069,33.1,248.8,12,Kolkata,0,DEV_ANDROID_13,0,223,0,0.59,1,ONLINE_SHOPPING,0
TXN109274,USR0006,2706.39,4184.0,0.647,18.6,71.3,21,Hyderabad,0,DEV_IOS_18,0,850,0,0.1,1,INVESTMENT,0
TXN109275,USR0113,1439.92,2668.0,0.54,10.2,112.9,13,Hyderabad,0,DEV_ANDROID_13,1,1621,0,1.17,0,ONLINE_SHOPPING,0
TXN109276,USR0139,4177.18,4684.0,0.892,37.9,74.3,14,Kolkata,0,DEV_WEB_CHROME,1,201,0,1.19,1,BILL_PAYMENT,0
TXN109277,USR0126,4143.82,2090.0,1.983,18.5,84.0,11,Delhi,0,DEV_IOS_18,0,680,0,1.56,0,BILL_PAYMENT,0
TXN109278,USR0047,434.3,489.0,0.888,19.4,374.1,13,Bengaluru,0,DEV_ANDROID_13,0,906,0,1.83,1,P2P,0
TXN109279,USR0034,1279.17,1168.0,1.095,11.6,107.1,7,Chennai,0,DEV_ANDROID_14,0,60,0,1.05,0,P2P,0
TXN109280,USR0111,7875.41,4209.0,1.871,31.0,0.5,16,Chennai,0,DEV_ANDROID_12,1,1821,4,10.37,0,P2P,1
TXN109281,USR0141,4147.79,1171.0,3.542,47.0,1.1,12,Kolkata,1,DEV_UNKNOWN,1,294,3,10.61,1,P2P,1
TXN109282,USR0126,6917.36,2090.0,3.31,16.0,126.5,7,Delhi,0,DEV_IOS_18,0,689,0,2.05,0,P2P,0
TXN109283,USR0117,1280.55,891.0,1.437,8.0,22.8,16,Mumbai,0,DEV_ANDROID_13,0,773,1,1.4,1,P2M,0
TXN109284,USR0096,1126.58,482.0,2.337,27.8,99.9,12,Chennai,0,DEV_ANDROID_13,0,209,0,0.51,1,P2M,0
TXN109285,USR0093,1327.0,3844.0,0.345,16.3,107.0,15,Chennai,0,DEV_ANDROID_14,0,80,0,1.22,1,P2M,0
TXN109286,USR0107,1020.35,1116.0,0.914,10.8,139.1,23,Hyderabad,0,DEV_ANDROID_14,0,1108,0,0.27,1,P2P,0
TXN109287,USR0140,1952.39,3114.0,0.627,5.5,41.4,16,Delhi,0,DEV_ANDROID_13,0,189,0,0.93,1,RECHARGE,0
TXN109288,USR0079,2419.98,2089.0,1.158,21.4,222.5,9,Chennai,0,DEV_ANDROID_14,0,1290,1,1.89,1,P2M,0
TXN109289,USR0100,1883.55,2121.0,0.888,34.0,175.1,16,Bengaluru,0,DEV_ANDROID_14,0,790,0,1.95,1,BILL_PAYMENT,0
TXN109290,USR0093,24579.8,3844.0,6.394,17.6,94.8,12,Chennai,0,DEV_ANDROID_14,0,48,0,1.32,1,P2P,0
TXN109291,USR0148,1508.97,1934.0,0.78,25.9,277.6,20,Chennai,0,DEV_ANDROID_13,0,1612,0,1.06,1,P2M,0
TXN109292,USR0132,11129.91,3311.0,3.361,4.6,119.0,16,Delhi,1,DEV_ANDROID_13,0,555,0,2.07,1,BILL_PAYMENT,0
TXN109293,USR0128,5371.97,1765.0,3.044,32.0,22.6,9,Chandigarh,1,DEV_UNKNOWN,1,1761,1,5.8,0,P2P,1
TXN109294,USR0072,3092.11,4501.0,0.687,2.1,333.5,16,Kolkata,0,DEV_ANDROID_14,0,1335,0,0.7,0,P2P,0
TXN109295,USR0073,4663.14,1427.0,3.268,29.2,423.3,14,Kolkata,0,DEV_ANDROID_13,0,244,0,1.02,0,P2P,0
TXN109296,USR0046,1722.68,3064.0,0.562,21.1,131.3,11,Kolkata,1,DEV_ANDROID_13,0,333,0,0.69,0,P2P,0
TXN109297,USR0013,1204.82,2086.0,0.578,35.2,702.5,10,Kolkata,0,DEV_ANDROID_13,0,784,0,1.23,0,P2P,0
TXN109298,USR0060,1814.1,2418.0,0.75,9.5,231.5,10,Hyderabad,0,DEV_ANDROID_13,0,56,0,1.92,0,P2M,0
TXN109299,USR0031,3156.83,4621.0,0.683,19.0,100.1,7,Kolkata,0,DEV_ANDROID_14,0,782,0,1.2,1,P2M,0
TXN109300,USR0136,504.83,788.0,0.641,16.1,353.5,19,Chennai,0,DEV_WEB_CHROME,1,1716,0,0.1,0,P2P,0
TXN109301,USR0052,668.01,875.0,0.763,9.3,26.2,13,Mumbai,0,DEV_ANDROID_13,0,1056,0,1.53,1,P2M,0
TXN109302,USR0014,3822.69,2104.0,1.817,3.0,22.0,21,Delhi,0,DEV_ANDROID_13,0,901,0,1.2,1,ONLINE_SHOPPING,0
TXN109303,USR0077,3137.21,4759.0,0.659,14.3,208.3,18,Kochi,1,DEV_ANDROID_13,0,137,0,1.39,1,P2P,0
TXN109304,USR0137,2955.89,4815.0,0.614,36.5,17.3,10,Chennai,0,DEV_ANDROID_14,0,317,0,0.9,1,ONLINE_SHOPPING,0
TXN109305,USR0033,2985.96,2282.0,1.308,15.2,178.9,10,Kolkata,0,DEV_IOS_18,0,782,1,0.42,1,P2M,0
TXN109306,USR0137,4462.61,4815.0,0.927,42.4,380.7,11,Chennai,0,DEV_WEB_CHROME,1,360,0,1.07,1,P2P,0
TXN109307,USR0014,4658.37,2104.0,2.214,46.0,3.8,18,Kochi,1,DEV_UNKNOWN,1,858,2,10.14,0,P2P,1
TXN109308,USR0066,391.15,572.0,0.684,7.6,75.6,22,Delhi,0,DEV_ANDROID_14,0,1065,0,1.58,1,ONLINE_SHOPPING,0
TXN109309,USR0068,3124.19,1858.0,1.681,6.0,23.9,23,Chennai,0,DEV_ANDROID_13,0,1753,0,0.77,1,P2P,0
TXN109310,USR0095,2848.24,2387.0,1.193,16.8,139.8,11,Chennai,0,DEV_ANDROID_13,0,1183,0,0.78,1,P2P,0
TXN109311,USR0030,1832.8,1476.0,1.242,25.2,28.9,15,Kolkata,0,DEV_ANDROID_14,0,146,0,1.6,1,P2M,0
TXN109312,USR0004,995.0,989.0,1.006,33.0,73.1,19,Chennai,0,DEV_IOS_18,0,853,0,0.1,0,BILL_PAYMENT,0
TXN109313,USR0052,785.77,875.0,0.898,5.7,201.0,22,Mumbai,0,DEV_ANDROID_13,0,1108,0,0.87,1,P2P,0
TXN109314,USR0082,1438.14,1061.0,1.355,32.7,563.6,19,Hyderabad,0,DEV_IOS_18,0,106,0,1.33,1,ONLINE_SHOPPING,0
TXN109315,USR0007,1768.61,823.0,2.149,34.0,1.2,19,Bengaluru,0,DEV_ANDROID_12,1,1621,2,8.79,0,ONLINE_SHOPPING,1
TXN109316,USR0105,1247.58,1284.0,0.972,27.7,273.8,7,Bengaluru,0,DEV_ANDROID_14,0,628,2,0.95,1,P2M,0
TXN109317,USR0123,12840.49,4007.0,3.205,23.0,3.4,19,Mumbai,1,DEV_WEB_CHROME,1,1282,1,13.35,1,P2P,1
TXN109318,USR0061,275.26,445.0,0.619,32.9,12.1,14,Bengaluru,0,DEV_WEB_CHROME,1,1035,0,0.78,1,P2P,0
TXN109319,USR0148,7647.08,1934.0,3.954,27.9,50.0,18,Chennai,0,DEV_ANDROID_13,0,1646,0,0.4,1,P2P,0
TXN109320,USR0036,3066.5,1141.0,2.688,33.9,197.9,9,Bengaluru,0,DEV_WEB_CHROME,1,929,0,1.06,0,P2P,0
TXN109321,USR0008,2818.57,4207.0,0.67,12.3,25.5,18,Mumbai,0,DEV_ANDROID_13,0,1185,0,1.09,1,P2M,0
TXN109322,USR0095,1982.09,2387.0,0.83,17.9,62.4,13,Chennai,0,DEV_ANDROID_13,0,1205,0,1.61,0,P2P,0
TXN109323,USR0004,2872.58,989.0,2.905,12.0,247.0,1,Bengaluru,1,DEV_ANDROID_14,1,847,3,3.02,0,P2P,1
TXN109324,USR0104,811.05,706.0,1.149,20.7,88.0,9,Mumbai,0,DEV_ANDROID_13,0,1133,0,0.6,1,P2P,0
TXN109325,USR0028,487.15,541.0,0.9,20.2,438.9,7,Delhi,0,DEV_IOS_18,0,782,0,1.26,1,P2P,0
TXN109326,USR0102,1096.06,1540.0,0.712,17.5,140.9,13,Bengaluru,0,DEV_IOS_18,0,437,0,0.18,0,RECHARGE,0
TXN109327,USR0090,5190.23,4795.0,1.082,23.2,54.1,12,Hyderabad,0,DEV_ANDROID_14,0,594,0,2.28,0,P2M,0
TXN109328,USR0063,751.16,946.0,0.794,11.3,170.6,11,Hyderabad,0,DEV_ANDROID_13,0,475,0,2.01,1,P2M,0
TXN109329,USR0033,1239.55,2282.0,0.543,17.7,142.3,20,Kolkata,0,DEV_IOS_18,0,803,0,0.66,0,P2P,0
TXN109330,USR0055,1518.7,1096.0,1.386,35.3,719.3,11,Delhi,0,DEV_ANDROID_14,0,806,0,0.8,1,P2P,0
TXN109331,USR0018,14336.38,1836.0,7.808,24.0,43.1,2,Kolkata,1,DEV_UNKNOWN,1,1533,6,7.11,0,P2P,1
TXN109332,USR0037,8506.11,2687.0,3.166,25.3,36.9,16,Kolkata,0,DEV_ANDROID_14,0,898,0,0.1,1,ONLINE_SHOPPING,0
TXN109333,USR0005,3122.06,1239.0,2.52,29.0,48.9,17,Hyderabad,0,DEV_IOS_18,0,1464,0,1.01,0,P2P,0
TXN109334,USR0006,2567.72,4184.0,0.614,16.4,604.5,17,Hyderabad,0,DEV_IOS_18,0,862,0,0.1,0,P2M,0
TXN109335,USR0024,34414.83,1043.0,32.996,39.0,19.9,15,Delhi,1,DEV_WEB_CHROME,1,280,5,8.68,0,INVESTMENT,1
TXN109336,USR0118,694.83,855.0,0.813,27.2,24.3,14,Kolkata,0,DEV_ANDROID_13,0,1560,0,1.88,1,P2P,0
TXN109337,USR0129,2683.86,4329.0,0.62,19.4,260.5,18,Chennai,0,DEV_ANDROID_13,0,1446,0,1.55,1,P2M,0
TXN109338,USR0068,1955.58,1858.0,1.053,5.3,153.6,14,Chennai,0,DEV_ANDROID_13,0,1706,0,1.45,1,P2M,0
TXN109339,USR0079,1118.41,2089.0,0.535,22.0,32.8,20,Chennai,0,DEV_ANDROID_14,0,1357,0,1.18,0,P2M,0
TXN109340,USR0018,7381.63,1836.0,4.02,31.0,3.9,3,Kochi,1,DEV_WEB_CHROME,1,1553,1,9.4,0,P2P,1
TXN109341,USR0095,13088.04,2387.0,5.483,32.0,59.1,20,Delhi,1,DEV_UNKNOWN,1,1210,7,10.53,0,P2P,1
TXN109342,USR0130,3697.0,2863.0,1.291,33.0,386.7,15,Delhi,0,DEV_IOS_18,0,1551,0,0.87,1,P2M,0
TXN109343,USR0008,5134.69,4207.0,1.221,14.0,285.1,8,Mumbai,0,DEV_ANDROID_13,0,1152,0,0.56,1,BILL_PAYMENT,0
TXN109344,USR0088,3390.41,4666.0,0.727,7.7,450.8,15,Mumbai,0,DEV_WEB_CHROME,1,742,2,0.43,0,P2P,0
TXN109345,USR0062,3265.89,2948.0,1.108,9.3,9.9,7,Mumbai,0,DEV_ANDROID_14,0,261,0,1.49,1,P2P,0
TXN109346,USR0077,7381.41,4759.0,1.551,21.5,154.9,13,Pune,1,DEV_ANDROID_13,0,106,0,0.1,1,P2M,0
TXN109347,USR0029,1506.26,1672.0,0.901,13.6,277.7,11,Kolkata,0,DEV_ANDROID_14,0,1836,0,1.25,1,ONLINE_SHOPPING,0
TXN109348,USR0112,3507.22,4425.0,0.793,24.5,237.1,14,Hyderabad,0,DEV_ANDROID_13,0,1589,0,0.68,1,P2M,0
TXN109349,USR0062,2375.5,2948.0,0.806,9.0,20.1,22,Mumbai,0,DEV_ANDROID_14,0,272,0,1.23,1,P2M,0
TXN109350,USR0016,1407.34,1443.0,0.975,21.9,371.3,12,Bengaluru,0,DEV_ANDROID_14,0,1210,0,0.4,1,P2P,0
TXN109351,USR0087,5145.41,4199.0,1.225,8.4,141.8,10,Mumbai,0,DEV_ANDROID_13,0,814,0,1.82,1,P2M,0
TXN109352,USR0063,5228.87,946.0,5.527,24.0,58.4,2,Delhi,1,DEV_UNKNOWN,1,509,5,7.98,0,INVESTMENT,1
TXN109353,USR0107,729.58,1116.0,0.654,12.9,230.7,13,Hyderabad,0,DEV_ANDROID_14,0,1101,0,1.47,1,P2P,0
TXN109354,USR0092,3083.8,3316.0,0.93,33.7,176.7,14,Hyderabad,0,DEV_ANDROID_14,0,231,0,1.79,1,P2M,0
TXN109355,USR0099,4340.69,3865.0,1.123,26.9,68.2,19,Kolkata,0,DEV_ANDROID_13,0,532,0,1.96,1,P2P,0
TXN109356,USR0111,4778.6,4209.0,1.135,19.3,685.3,11,Chennai,0,DEV_IOS_18,0,1812,0,1.3,0,P2M,0
TXN109357,USR0111,4564.65,4209.0,1.084,7.7,100.2,17,Chennai,0,DEV_IOS_18,0,1790,0,0.69,1,INVESTMENT,0
TXN109358,USR0003,6382.23,3784.0,1.687,24.8,244.9,14,Hyderabad,0,DEV_ANDROID_13,0,1328,0,0.46,1,P2P,0
TXN109359,USR0120,16310.8,3985.0,4.093,35.0,15.5,16,Chennai,0,DEV_IOS_18,0,1161,2,5.0,0,P2P,1
TXN109360,USR0034,730.29,1168.0,0.625,23.4,290.6,15,Chennai,0,DEV_ANDROID_14,0,120,0,0.54,0,P2P,0
TXN109361,USR0037,17821.15,2687.0,6.632,42.0,11.3,10,Ahmedabad,1,DEV_UNKNOWN,1,916,7,6.43,0,P2P,1
TXN109362,USR0093,3771.65,3844.0,0.981,20.1,5.0,7,Chennai,0,DEV_ANDROID_14,0,48,0,0.81,1,ONLINE_SHOPPING,0
TXN109363,USR0059,3226.54,4787.0,0.674,14.5,107.1,9,Chennai,0,DEV_ANDROID_14,0,978,0,0.7,1,P2P,0
TXN109364,USR0001,3069.88,3411.0,0.9,16.6,243.4,12,Mumbai,0,DEV_IOS_18,1,809,0,1.26,0,P2P,0
TXN109365,USR0009,3344.02,3622.0,0.923,15.9,205.6,8,Mumbai,0,DEV_ANDROID_13,0,157,0,1.85,1,P2M,0
TXN109366,USR0065,4449.57,3227.0,1.379,32.5,84.0,11,Delhi,0,DEV_ANDROID_14,0,1737,0,1.71,0,P2M,0
TXN109367,USR0111,2943.21,4209.0,0.699,19.8,249.2,15,Chennai,0,DEV_ANDROID_13,1,1757,0,0.53,1,P2M,0
TXN109368,USR0061,485.69,445.0,1.091,31.9,316.4,14,Bengaluru,0,DEV_ANDROID_13,0,996,0,1.95,1,P2M,0
TXN109369,USR0052,2198.4,875.0,2.512,17.8,349.4,9,Lucknow,1,DEV_ANDROID_13,0,1095,0,2.1,1,P2P,0
TXN109370,USR0090,7091.54,4795.0,1.479,15.2,179.0,17,Hyderabad,0,DEV_ANDROID_14,0,575,0,2.63,1,P2M,0
TXN109371,USR0004,758.78,989.0,0.767,28.3,63.5,14,Chennai,0,DEV_IOS_18,0,811,0,1.19,1,P2P,0
TXN109372,USR0123,3360.2,4007.0,0.839,18.1,5.0,15,Kolkata,0,DEV_IOS_18,0,1248,0,0.82,0,P2P,0
TXN109373,USR0026,3286.7,3918.0,0.839,21.1,177.7,12,Hyderabad,0,DEV_ANDROID_14,0,1212,0,0.37,1,P2P,0
TXN109374,USR0117,768.41,891.0,0.862,10.2,336.4,9,Mumbai,0,DEV_ANDROID_13,0,799,0,0.78,1,P2P,0
TXN109375,USR0075,2164.32,2287.0,0.946,19.4,230.4,13,Bengaluru,0,DEV_IOS_18,0,1617,0,2.56,1,BILL_PAYMENT,0
TXN109376,USR0007,12805.26,823.0,15.559,46.0,41.9,12,Kolkata,1,DEV_ANDROID_12,1,1642,1,8.28,0,INVESTMENT,1
TXN109377,USR0003,18876.59,3784.0,4.989,37.0,2.4,10,Chennai,1,DEV_ANDROID_13,0,1334,5,7.57,1,ONLINE_SHOPPING,1
TXN109378,USR0119,1648.41,1503.0,1.097,34.7,5.0,16,Chennai,0,DEV_ANDROID_13,0,586,0,0.88,1,ONLINE_SHOPPING,0
TXN109379,USR0106,1133.74,1061.0,1.069,29.0,43.0,16,Delhi,0,DEV_ANDROID_13,0,1698,0,1.01,1,P2P,0
TXN109380,USR0053,1053.69,1779.0,0.592,33.5,276.6,11,Chennai,0,DEV_ANDROID_14,0,1832,0,1.27,1,P2P,0
TXN109381,USR0068,4030.94,1858.0,2.17,18.9,122.7,15,Chennai,0,DEV_ANDROID_13,0,1755,1,1.78,1,P2M,0
TXN109382,USR0076,7228.04,3835.0,1.885,19.2,15.9,18,Mumbai,0,DEV_ANDROID_13,0,520,0,0.13,1,P2P,0
TXN109383,USR0010,3532.75,4508.0,0.784,22.8,91.5,11,Kolkata,0,DEV_IOS_18,0,1436,0,1.02,1,P2P,0
TXN109384,USR0083,2333.8,1684.0,1.386,9.4,700.6,17,Kolkata,1,DEV_ANDROID_14,0,71,0,2.52,1,ONLINE_SHOPPING,0
TXN109385,USR0040,1122.93,942.0,1.192,15.6,162.6,15,Mumbai,0,DEV_IOS_18,0,1725,0,0.67,0,BILL_PAYMENT,0
TXN109386,USR0124,1031.61,1625.0,0.635,11.8,341.7,14,Hyderabad,0,DEV_ANDROID_14,0,292,0,0.66,1,P2M,0
TXN109387,USR0048,1821.0,2387.0,0.763,17.9,20.4,13,Chennai,0,DEV_IOS_18,0,1198,0,0.68,1,RECHARGE,0
TXN109388,USR0109,1536.7,1296.0,1.186,12.5,300.9,17,Chennai,0,DEV_ANDROID_14,0,1550,0,0.7,1,ONLINE_SHOPPING,0
TXN109389,USR0018,1847.9,1836.0,1.006,26.7,182.6,6,Chennai,0,DEV_ANDROID_14,0,1524,0,0.91,0,P2P,0
TXN109390,USR0045,3751.96,3638.0,1.031,14.9,138.9,21,Mumbai,0,DEV_IOS_18,0,1298,0,2.26,0,P2M,0
TXN109391,USR0104,1103.05,706.0,1.562,22.2,38.0,22,Mumbai,0,DEV_ANDROID_13,0,1096,0,0.85,1,P2P,0
TXN109392,USR0057,4997.48,3487.0,1.433,14.2,246.7,12,Delhi,0,DEV_IOS_18,0,869,0,1.53,1,BILL_PAYMENT,0
TXN109393,USR0124,1524.45,1625.0,0.938,4.9,278.5,12,Hyderabad,0,DEV_ANDROID_14,0,258,0,1.55,1,P2P,0
TXN109394,USR0131,1301.32,1330.0,0.978,33.1,127.6,8,Bengaluru,0,DEV_IOS_18,0,1011,0,1.73,1,P2M,0
TXN109395,USR0110,3118.09,3119.0,1.0,23.6,113.9,9,Mumbai,0,DEV_IOS_18,0,1231,0,1.76,1,P2M,0
TXN109396,USR0057,5579.12,3487.0,1.6,25.6,239.7,16,Delhi,0,DEV_IOS_18,0,792,0,1.65,1,P2P,0
TXN109397,USR0137,1995.97,4815.0,0.415,35.1,109.2,9,Chennai,0,DEV_ANDROID_14,0,322,0,2.06,1,P2P,0
TXN109398,USR0028,292.13,541.0,0.54,14.1,16.9,13,Delhi,0,DEV_IOS_18,0,816,0,1.16,1,P2M,0
TXN109399,USR0107,884.4,1116.0,0.792,7.5,66.2,15,Hyderabad,0,DEV_ANDROID_14,0,1088,0,0.62,0,P2M,0
TXN109400,USR0086,4634.49,4098.0,1.131,1.0,44.2,9,Delhi,0,DEV_ANDROID_13,0,1320,0,0.89,1,P2M,0
TXN109401,USR0018,2446.0,1836.0,1.332,26.5,231.7,12,Chennai,0,DEV_ANDROID_14,0,1508,0,2.83,0,P2P,0
TXN109402,USR0034,2823.81,1168.0,2.418,29.0,4.5,11,Chennai,0,DEV_UNKNOWN,1,115,1,3.68,0,P2P,1
TXN109403,USR0144,3947.29,2663.0,1.482,9.1,18.4,21,Chennai,0,DEV_IOS_18,0,1143,0,0.13,0,P2M,0
TXN109404,USR0007,19522.77,823.0,23.721,19.0,17.0,13,Chennai,1,DEV_ANDROID_12,1,1629,2,4.6,0,INVESTMENT,1
TXN109405,USR0021,4863.16,4102.0,1.186,1.8,95.6,7,Chennai,0,DEV_ANDROID_14,0,1451,0,1.15,1,P2P,0
TXN109406,USR0015,5146.1,2529.0,2.035,14.0,23.8,9,Delhi,1,DEV_UNKNOWN,1,1247,2,3.35,0,P2P,1
TXN109407,USR0137,8191.7,4815.0,1.701,39.3,51.1,17,Chennai,0,DEV_ANDROID_14,0,342,0,1.44,1,P2P,0
TXN109408,USR0041,2192.87,2677.0,0.819,25.9,62.2,17,Bengaluru,0,DEV_ANDROID_13,0,877,1,1.26,0,P2P,0
TXN109409,USR0071,994.01,1774.0,0.56,15.9,42.5,9,Hyderabad,0,DEV_ANDROID_14,0,1760,1,1.6,0,P2M,0
TXN109410,USR0076,12567.85,3835.0,3.277,16.0,43.5,17,Mumbai,0,DEV_ANDROID_13,0,527,0,1.03,1,RECHARGE,0
TXN109411,USR0109,7412.07,1296.0,5.719,21.0,14.4,13,Chennai,0,DEV_UNKNOWN,1,1512,3,3.84,0,P2M,1
TXN109412,USR0080,556.72,1303.0,0.427,10.2,64.6,9,Kolkata,0,DEV_ANDROID_14,0,613,0,0.84,1,P2M,0
TXN109413,USR0121,5485.08,3799.0,1.444,9.8,24.0,15,Hyderabad,0,DEV_ANDROID_13,0,1504,0,1.56,1,P2M,0
TXN109414,USR0028,304.6,541.0,0.563,15.7,362.9,14,Delhi,0,DEV_IOS_18,0,852,0,0.77,0,P2P,0
TXN109415,USR0010,6052.02,4508.0,1.343,27.2,63.9,10,Kolkata,0,DEV_ANDROID_13,1,1459,0,1.28,0,P2M,0
TXN109416,USR0002,3101.04,3607.0,0.86,6.3,42.1,9,Jaipur,1,DEV_ANDROID_14,0,186,0,1.25,0,P2P,0
TXN109417,USR0086,4236.37,4098.0,1.034,8.0,49.3,12,Bengaluru,1,DEV_ANDROID_13,0,1310,0,0.1,1,P2M,0
TXN109418,USR0099,2537.5,3865.0,0.657,20.9,111.3,11,Kolkata,0,DEV_ANDROID_14,1,595,2,0.91,1,P2P,0
TXN109419,USR0008,1273.76,4207.0,0.303,17.8,311.4,12,Mumbai,0,DEV_ANDROID_13,0,1201,0,1.54,0,P2P,0
TXN109420,USR0134,1481.62,4359.0,0.34,29.5,18.7,15,Chennai,0,DEV_IOS_18,0,314,0,0.1,0,P2P,0
TXN109421,USR0121,1863.31,3799.0,0.49,7.5,310.2,10,Hyderabad,0,DEV_ANDROID_13,0,1496,0,1.81,1,P2M,0
TXN109422,USR0103,2432.72,4267.0,0.57,24.7,400.3,17,Jaipur,1,DEV_ANDROID_13,0,1712,1,1.22,1,BILL_PAYMENT,0
TXN109423,USR0133,873.15,561.0,1.556,11.2,259.5,16,Ahmedabad,1,DEV_WEB_CHROME,1,1105,0,1.1,1,ONLINE_SHOPPING,0
TXN109424,USR0123,4818.21,4007.0,1.202,17.2,128.7,15,Kolkata,0,DEV_IOS_18,0,1298,0,0.9,0,P2M,0
TXN109425,USR0089,1210.61,1008.0,1.201,17.4,15.8,8,Kolkata,0,DEV_ANDROID_14,0,984,0,0.67,1,P2M,0
TXN109426,USR0099,2633.89,3865.0,0.681,18.8,102.0,9,Kolkata,0,DEV_ANDROID_13,0,570,0,1.13,1,P2P,0
TXN109427,USR0111,2158.62,4209.0,0.513,14.9,189.7,16,Chennai,0,DEV_IOS_18,0,1813,0,1.07,1,P2P,0
TXN109428,USR0133,830.92,561.0,1.481,8.0,8.5,18,Delhi,0,DEV_ANDROID_13,0,1080,0,1.15,1,P2P,0
TXN109429,USR0077,3952.73,4759.0,0.831,18.9,493.0,11,Mumbai,0,DEV_ANDROID_13,0,134,0,1.36,1,BILL_PAYMENT,0
TXN109430,USR0149,1852.99,3318.0,0.558,13.1,48.1,12,Chennai,0,DEV_ANDROID_13,0,1426,0,1.89,1,P2M,0
TXN109431,USR0079,2127.75,2089.0,1.019,26.6,104.9,10,Chennai,0,DEV_ANDROID_14,0,1329,0,2.33,1,INVESTMENT,0
TXN109432,USR0094,7760.57,3141.0,2.471,8.8,27.5,15,Kolkata,0,DEV_ANDROID_14,0,1731,1,1.07,1,P2M,0
TXN109433,USR0111,4095.7,4209.0,0.973,14.9,39.8,15,Chennai,0,DEV_IOS_18,0,1780,0,1.58,0,P2P,0
TXN109434,USR0036,603.82,1141.0,0.529,34.5,24.7,11,Bengaluru,0,DEV_ANDROID_13,0,957,0,1.17,1,P2M,0
TXN109435,USR0022,14439.04,3458.0,4.176,54.0,6.0,5,Kolkata,1,DEV_UNKNOWN,1,1267,6,8.98,0,P2P,1
TXN109436,USR0107,875.2,1116.0,0.784,13.9,426.5,14,Hyderabad,0,DEV_ANDROID_14,0,1094,0,1.19,1,P2P,0
TXN109437,USR0066,685.24,572.0,1.198,8.5,161.4,8,Delhi,0,DEV_ANDROID_14,0,1031,0,1.78,0,BILL_PAYMENT,0
TXN109438,USR0146,860.36,803.0,1.071,19.7,74.2,14,Mumbai,0,DEV_ANDROID_13,0,1234,0,0.46,1,P2M,0
TXN109439,USR0008,4083.56,4207.0,0.971,9.3,21.3,16,Bengaluru,1,DEV_ANDROID_13,0,1197,0,0.91,1,BILL_PAYMENT,0
TXN109440,USR0146,748.18,803.0,0.932,20.0,76.4,7,Mumbai,0,DEV_ANDROID_13,0,1190,0,0.55,1,P2M,0
TXN109441,USR0119,10567.16,1503.0,7.031,31.0,82.2,12,Chennai,0,DEV_ANDROID_13,0,656,0,1.29,1,P2P,0
TXN109442,USR0049,623.31,835.0,0.746,26.0,290.2,8,Lucknow,1,DEV_IOS_18,0,1176,0,0.49,1,P2M,0
TXN109443,USR0060,2309.16,2418.0,0.955,12.7,208.4,8,Hyderabad,0,DEV_ANDROID_13,0,77,0,1.13,0,P2M,0
TXN109444,USR0104,772.11,706.0,1.094,18.3,177.7,8,Mumbai,0,DEV_ANDROID_13,0,1080,0,0.53,0,P2P,0
TXN109445,USR0030,433.2,1476.0,0.293,31.4,30.6,18,Kolkata,0,DEV_ANDROID_14,0,173,0,1.05,1,ONLINE_SHOPPING,0
TXN109446,USR0122,3334.67,2765.0,1.206,32.5,58.5,10,Hyderabad,0,DEV_ANDROID_14,0,1558,0,1.63,1,P2P,0
TXN109447,USR0037,14267.56,2687.0,5.31,24.0,50.4,2,Kochi,1,DEV_UNKNOWN,1,922,4,9.71,0,INVESTMENT,1
TXN109448,USR0083,3360.35,1684.0,1.995,12.5,242.0,16,Delhi,0,DEV_ANDROID_14,0,91,0,0.83,1,P2P,0
TXN109449,USR0103,5981.7,4267.0,1.402,25.7,125.1,8,Kolkata,0,DEV_ANDROID_13,0,1735,0,0.83,1,P2M,0
TXN109450,USR0143,13859.54,3747.0,3.699,18.0,111.0,5,Chennai,0,DEV_UNKNOWN,1,1692,3,6.51,0,P2P,1
TXN109451,USR0067,1729.94,1825.0,0.948,34.8,132.2,11,Hyderabad,0,DEV_IOS_18,0,841,0,1.25,1,INVESTMENT,0
TXN109452,USR0019,6360.49,4271.0,1.489,16.1,48.4,18,Bengaluru,0,DEV_ANDROID_13,0,1601,0,0.79,1,P2P,0
TXN109453,USR0069,3192.6,3260.0,0.979,17.4,31.1,11,Hyderabad,0,DEV_ANDROID_14,0,1688,0,0.12,1,P2P,0
TXN109454,USR0011,1950.18,2073.0,0.941,20.7,242.0,20,Chennai,0,DEV_ANDROID_14,0,909,0,1.02,1,P2P,0
TXN109455,USR0038,4808.86,2152.0,2.235,15.0,198.7,9,Bengaluru,0,DEV_ANDROID_14,0,568,0,1.15,0,P2P,0
TXN109456,USR0050,1862.25,2312.0,0.805,28.5,5.0,23,Mumbai,0,DEV_ANDROID_13,0,146,0,0.51,1,P2M,0
TXN109457,USR0058,3354.54,3029.0,1.107,16.5,353.8,8,Kolkata,0,DEV_ANDROID_14,0,890,0,1.19,1,P2P,0
TXN109458,USR0131,1217.66,1330.0,0.916,33.5,369.7,12,Lucknow,1,DEV_IOS_18,0,1028,0,0.1,1,P2P,0
TXN109459,USR0035,2936.45,3949.0,0.744,26.1,238.6,15,Mumbai,0,DEV_ANDROID_14,0,1311,0,0.34,0,P2M,0
TXN109460,USR0058,2743.08,3029.0,0.906,19.6,237.7,11,Kolkata,0,DEV_ANDROID_14,0,861,0,0.89,1,ONLINE_SHOPPING,0
TXN109461,USR0102,1246.18,1540.0,0.809,16.0,304.1,10,Bengaluru,0,DEV_IOS_18,0,496,0,0.97,1,P2P,0
TXN109462,USR0041,4103.41,2677.0,1.533,25.7,690.5,8,Bengaluru,0,DEV_ANDROID_13,0,882,0,1.98,1,P2M,0
TXN109463,USR0033,2772.15,2282.0,1.215,22.2,126.0,17,Chandigarh,1,DEV_IOS_18,0,761,0,1.08,1,P2P,0
TXN109464,USR0144,3773.15,2663.0,1.417,18.2,266.4,9,Chennai,0,DEV_IOS_18,0,1140,0,1.46,1,P2M,0
TXN109465,USR0141,3432.36,1171.0,2.931,8.6,250.3,17,Hyderabad,0,DEV_IOS_18,0,310,0,1.68,0,P2M,0
TXN109466,USR0144,2897.15,2663.0,1.088,7.5,175.3,9,Chennai,0,DEV_IOS_18,0,1085,0,0.12,1,P2M,0
TXN109467,USR0086,5284.87,4098.0,1.29,2.1,122.7,15,Delhi,0,DEV_WEB_CHROME,1,1324,0,0.1,1,P2P,0
TXN109468,USR0063,3416.77,946.0,3.612,25.0,200.0,1,Chennai,1,DEV_UNKNOWN,1,450,1,2.46,0,P2P,1
TXN109469,USR0021,4619.91,4102.0,1.126,1.6,586.9,14,Jaipur,1,DEV_ANDROID_14,0,1472,0,0.65,0,P2M,0
TXN109470,USR0055,725.01,1096.0,0.662,28.0,419.9,11,Delhi,0,DEV_IOS_18,1,802,0,0.57,1,P2M,0
TXN109471,USR0115,2643.8,1698.0,1.557,17.1,1006.4,13,Ahmedabad,1,DEV_IOS_18,0,36,0,0.94,0,P2P,0
TXN109472,USR0144,6243.86,2663.0,2.345,12.9,141.0,14,Bengaluru,1,DEV_IOS_18,0,1073,0,1.1,1,ONLINE_SHOPPING,0
TXN109473,USR0131,1567.89,1330.0,1.179,29.7,25.1,8,Bengaluru,0,DEV_IOS_18,0,1043,2,1.39,1,ONLINE_SHOPPING,0
TXN109474,USR0008,7633.58,4207.0,1.814,10.8,93.2,7,Mumbai,0,DEV_ANDROID_13,0,1197,0,0.89,1,P2P,0
TXN109475,USR0121,3122.39,3799.0,0.822,9.3,66.4,16,Hyderabad,0,DEV_ANDROID_13,0,1550,0,1.37,1,P2M,0
TXN109476,USR0038,1967.7,2152.0,0.914,13.0,42.2,8,Bengaluru,0,DEV_ANDROID_14,0,593,0,1.05,1,P2P,0
TXN109477,USR0011,3269.52,2073.0,1.577,26.4,18.2,18,Chennai,0,DEV_ANDROID_14,0,959,0,0.79,1,P2M,0
TXN109478,USR0119,1274.89,1503.0,0.848,33.5,32.9,18,Chennai,0,DEV_ANDROID_13,0,617,0,0.44,0,P2M,0
TXN109479,USR0049,569.34,835.0,0.682,25.8,174.8,14,Chennai,1,DEV_IOS_18,0,1132,0,0.94,1,P2P,0
TXN109480,USR0128,8187.64,1765.0,4.639,20.0,106.0,1,Jaipur,1,DEV_UNKNOWN,1,1754,2,6.07,0,P2P,1
TXN109481,USR0111,28462.02,4209.0,6.762,10.0,136.0,1,Chennai,0,DEV_UNKNOWN,1,1798,2,6.01,0,P2P,1
TXN109482,USR0079,3676.92,2089.0,1.76,18.6,125.6,10,Chennai,0,DEV_ANDROID_14,0,1333,0,1.27,1,ONLINE_SHOPPING,0
TXN109483,USR0034,1694.64,1168.0,1.451,13.3,11.9,10,Chennai,0,DEV_ANDROID_14,0,69,0,1.62,1,P2M,0
TXN109484,USR0070,3469.61,4705.0,0.737,9.0,43.2,17,Delhi,0,DEV_ANDROID_13,0,314,0,0.61,1,P2P,0
TXN109485,USR0123,4739.79,4007.0,1.183,14.9,281.8,9,Kolkata,0,DEV_IOS_18,0,1296,0,1.57,1,P2M,0
TXN109486,USR0105,976.65,1284.0,0.761,27.9,173.5,14,Bengaluru,0,DEV_ANDROID_14,0,602,0,0.15,0,P2P,0
TXN109487,USR0090,15745.65,4795.0,3.284,14.0,24.2,10,Hyderabad,0,DEV_UNKNOWN,1,545,0,5.95,0,P2P,1
TXN109488,USR0146,1560.25,803.0,1.943,18.2,180.4,20,Bengaluru,1,DEV_ANDROID_13,0,1246,0,0.8,0,P2P,0
TXN109489,USR0126,2054.67,2090.0,0.983,16.9,151.7,10,Delhi,0,DEV_IOS_18,0,661,0,2.09,1,P2M,0
TXN109490,USR0131,25157.26,1330.0,18.915,49.0,44.4,19,Kolkata,1,DEV_IOS_18,0,1023,3,7.36,0,INVESTMENT,1
TXN109491,USR0131,1088.38,1330.0,0.818,30.5,242.2,10,Bengaluru,0,DEV_IOS_18,0,996,0,1.3,1,P2M,0
TXN109492,USR0109,1152.31,1296.0,0.889,10.7,60.4,8,Chennai,0,DEV_IOS_18,1,1545,0,1.77,1,P2M,0
TXN109493,USR0067,2068.72,1825.0,1.134,28.7,270.9,9,Hyderabad,0,DEV_IOS_18,0,836,0,1.63,0,P2P,0
TXN109494,USR0042,4405.55,4858.0,0.907,3.7,259.9,17,Delhi,0,DEV_ANDROID_14,1,1414,0,1.04,1,P2P,0
TXN109495,USR0110,2600.69,3119.0,0.834,20.4,425.8,16,Mumbai,0,DEV_IOS_18,0,1260,0,1.43,0,P2M,0
TXN109496,USR0053,1773.76,1779.0,0.997,33.8,159.7,8,Chennai,0,DEV_ANDROID_14,0,1817,0,1.82,1,P2M,0
TXN109497,USR0023,2549.99,2955.0,0.863,18.5,331.7,12,Delhi,0,DEV_ANDROID_13,0,969,0,1.69,1,INVESTMENT,0
TXN109498,USR0134,3644.43,4359.0,0.836,33.8,155.9,8,Chennai,0,DEV_IOS_18,0,287,0,0.75,1,P2P,0
TXN109499,USR0007,546.32,823.0,0.664,19.9,34.9,14,Bengaluru,0,DEV_ANDROID_14,0,1587,0,2.79,0,P2M,0
TXN109500,USR0010,3924.53,4508.0,0.871,28.0,5.0,11,Kolkata,0,DEV_ANDROID_13,1,1458,0,1.56,1,P2P,0
TXN109501,USR0006,2941.62,4184.0,0.703,19.3,34.3,11,Hyderabad,0,DEV_IOS_18,0,851,0,1.07,1,P2P,0
TXN109502,USR0060,2171.9,2418.0,0.898,15.1,643.7,17,Hyderabad,0,DEV_ANDROID_13,0,106,0,1.04,1,P2M,0
TXN109503,USR0080,1116.75,1303.0,0.857,13.9,35.4,10,Kolkata,0,DEV_ANDROID_14,0,584,0,0.93,0,P2P,0
TXN109504,USR0101,1539.14,4828.0,0.319,34.2,128.9,13,Mumbai,0,DEV_WEB_CHROME,1,508,0,0.87,0,BILL_PAYMENT,0
TXN109505,USR0045,2398.04,3638.0,0.659,16.2,138.9,10,Mumbai,0,DEV_IOS_18,0,1314,0,0.91,1,P2P,0
TXN109506,USR0075,16989.98,2287.0,7.429,15.9,155.4,23,Bengaluru,0,DEV_IOS_18,0,1583,0,1.24,0,P2M,0
TXN109507,USR0093,4180.77,3844.0,1.088,21.5,100.6,21,Chennai,0,DEV_ANDROID_14,0,37,0,2.0,1,RECHARGE,0
TXN109508,USR0099,2056.85,3865.0,0.532,23.4,80.4,13,Kolkata,0,DEV_ANDROID_13,0,588,0,0.1,0,ONLINE_SHOPPING,0
TXN109509,USR0128,2045.53,1765.0,1.159,33.0,81.8,6,Chennai,0,DEV_ANDROID_14,0,1729,0,1.05,1,P2P,0
TXN109510,USR0085,5118.21,3924.0,1.304,24.1,353.8,10,Kolkata,0,DEV_ANDROID_13,0,822,0,1.55,1,P2M,0
TXN109511,USR0123,3493.12,4007.0,0.872,18.3,29.1,19,Pune,1,DEV_ANDROID_14,1,1264,0,2.48,0,P2P,0
TXN109512,USR0067,891.45,1825.0,0.488,24.9,11.6,15,Hyderabad,0,DEV_IOS_18,0,842,0,1.81,1,P2M,0
TXN109513,USR0010,2556.66,4508.0,0.567,26.8,92.2,16,Kolkata,0,DEV_IOS_18,0,1395,0,1.41,1,P2M,0
TXN109514,USR0128,5209.22,1765.0,2.951,13.0,10.6,16,Chennai,0,DEV_UNKNOWN,1,1729,2,5.02,0,P2P,1
TXN109515,USR0061,309.25,445.0,0.695,32.6,115.9,15,Bengaluru,0,DEV_ANDROID_13,0,1049,0,1.81,0,P2M,0
TXN109516,USR0068,2613.35,1858.0,1.407,2.1,109.9,13,Chennai,0,DEV_ANDROID_13,0,1737,0,2.28,0,P2P,0
TXN109517,USR0117,851.81,891.0,0.956,7.3,31.5,16,Mumbai,0,DEV_ANDROID_14,1,797,0,0.31,1,P2P,0
TXN109518,USR0017,1655.94,1139.0,1.454,25.3,52.4,16,Kolkata,0,DEV_IOS_18,0,1191,0,2.26,1,P2M,0
TXN109519,USR0038,1939.3,2152.0,0.901,15.9,87.6,12,Bengaluru,0,DEV_ANDROID_14,0,567,0,0.79,0,P2P,0
TXN109520,USR0008,2286.5,4207.0,0.543,11.6,76.6,16,Mumbai,0,DEV_ANDROID_13,0,1188,0,1.93,1,P2M,0
TXN109521,USR0133,365.12,561.0,0.651,13.1,93.3,8,Delhi,0,DEV_ANDROID_13,0,1120,0,1.4,1,P2P,0
TXN109522,USR0111,7123.92,4209.0,1.693,14.7,564.1,10,Chennai,0,DEV_IOS_18,0,1799,0,0.39,1,P2P,0
TXN109523,USR0090,2736.41,4795.0,0.571,17.3,90.9,16,Hyderabad,0,DEV_ANDROID_14,0,565,0,0.54,1,P2M,0
TXN109524,USR0082,2263.94,1061.0,2.134,36.7,82.5,15,Hyderabad,0,DEV_IOS_18,0,38,0,0.48,1,P2P,0
TXN109525,USR0026,3979.37,3918.0,1.016,22.2,169.3,10,Hyderabad,0,DEV_ANDROID_14,0,1165,0,1.44,1,P2M,0
TXN109526,USR0027,582.21,816.0,0.713,21.7,39.4,7,Bengaluru,1,DEV_IOS_18,0,1472,0,0.14,1,ONLINE_SHOPPING,0
TXN109527,USR0144,2065.61,2663.0,0.776,12.0,301.8,17,Chennai,0,DEV_IOS_18,0,1078,0,1.33,1,P2P,0
TXN109528,USR0046,2580.81,3064.0,0.842,26.0,193.7,12,Delhi,0,DEV_ANDROID_13,0,331,0,1.51,0,BILL_PAYMENT,0
TXN109529,USR0032,5300.58,2962.0,1.79,22.2,32.3,8,Hyderabad,0,DEV_ANDROID_14,0,1397,0,2.38,1,ONLINE_SHOPPING,0
TXN109530,USR0086,6753.4,4098.0,1.648,4.5,649.8,11,Delhi,0,DEV_ANDROID_13,0,1301,0,1.55,1,P2P,0
TXN109531,USR0086,10526.14,4098.0,2.569,3.5,73.0,11,Delhi,0,DEV_ANDROID_13,0,1344,0,0.25,1,P2P,0
TXN109532,USR0140,20563.79,3114.0,6.604,16.0,31.0,1,Delhi,0,DEV_UNKNOWN,1,210,2,6.44,0,P2P,1
TXN109533,USR0083,750.32,1684.0,0.446,11.5,60.2,14,Pune,1,DEV_ANDROID_14,0,64,0,0.64,0,P2M,0
TXN109534,USR0138,3925.95,3130.0,1.254,15.1,43.9,16,Chennai,0,DEV_IOS_18,0,1457,0,1.04,1,P2P,0
TXN109535,USR0047,763.3,489.0,1.561,26.5,32.7,13,Bengaluru,0,DEV_ANDROID_13,0,929,0,2.24,1,P2M,0
TXN109536,USR0128,1824.74,1765.0,1.034,28.5,507.2,15,Chennai,0,DEV_ANDROID_14,0,1737,0,0.69,1,P2P,0
TXN109537,USR0112,9208.37,4425.0,2.081,36.6,143.9,16,Hyderabad,0,DEV_ANDROID_13,0,1578,0,1.11,1,P2P,0
TXN109538,USR0054,10858.52,1995.0,5.443,22.0,13.3,10,Hyderabad,0,DEV_WEB_CHROME,1,1122,0,0.1,1,P2M,0
TXN109539,USR0113,2530.05,2668.0,0.948,13.5,60.9,6,Hyderabad,0,DEV_ANDROID_14,0,1641,0,0.58,1,BILL_PAYMENT,0
TXN109540,USR0140,3601.74,3114.0,1.157,5.4,173.6,19,Delhi,0,DEV_IOS_18,1,198,0,1.0,0,BILL_PAYMENT,0
TXN109541,USR0067,1780.89,1825.0,0.976,29.2,11.3,18,Kolkata,1,DEV_IOS_18,0,844,0,1.89,0,P2P,0
TXN109542,USR0051,1675.63,1265.0,1.325,18.3,148.7,13,Delhi,0,DEV_IOS_18,0,1184,0,0.1,1,P2P,0
TXN109543,USR0068,1327.57,1858.0,0.715,12.4,725.3,13,Chennai,0,DEV_ANDROID_13,0,1700,2,0.27,0,P2M,0
TXN109544,USR0121,1485.18,3799.0,0.391,3.8,163.5,6,Hyderabad,0,DEV_ANDROID_13,0,1531,0,0.97,1,ONLINE_SHOPPING,0
TXN109545,USR0037,3221.51,2687.0,1.199,23.5,22.4,20,Kolkata,0,DEV_WEB_CHROME,1,903,0,1.48,1,P2P,0
TXN109546,USR0035,5533.28,3949.0,1.401,29.2,177.7,16,Mumbai,0,DEV_ANDROID_14,0,1273,0,2.37,1,P2P,0
TXN109547,USR0128,1965.96,1765.0,1.114,26.7,96.9,19,Chennai,0,DEV_ANDROID_14,0,1748,0,1.79,0,P2P,0
TXN109548,USR0072,40419.66,4501.0,8.98,26.0,34.5,15,Lucknow,1,DEV_WEB_CHROME,1,1335,4,8.63,0,P2M,1
TXN109549,USR0104,400.01,706.0,0.567,22.1,251.2,16,Ahmedabad,1,DEV_ANDROID_13,0,1082,0,1.47,1,P2P,0
TXN109550,USR0003,2333.56,3784.0,0.617,29.1,79.1,16,Hyderabad,0,DEV_ANDROID_13,0,1297,0,1.71,1,P2P,0
TXN109551,USR0134,4822.04,4359.0,1.106,27.9,70.4,14,Chennai,0,DEV_ANDROID_14,1,268,0,0.18,1,P2P,0
TXN109552,USR0101,5160.62,4828.0,1.069,32.8,43.0,13,Mumbai,0,DEV_IOS_18,0,558,0,0.1,1,P2P,0
TXN109553,USR0073,883.31,1427.0,0.619,29.6,535.1,16,Kolkata,0,DEV_ANDROID_13,0,251,0,1.14,1,P2P,0
TXN109554,USR0016,1521.52,1443.0,1.054,21.5,344.9,13,Bengaluru,0,DEV_ANDROID_14,0,1200,0,1.56,1,P2P,0
TXN109555,USR0043,4117.3,4029.0,1.022,22.5,112.7,21,Delhi,0,DEV_ANDROID_13,0,1357,0,0.93,1,P2M,0
TXN109556,USR0143,4311.92,3747.0,1.151,33.1,45.2,19,Chennai,0,DEV_IOS_18,0,1654,0,0.97,1,INVESTMENT,0
TXN109557,USR0027,545.01,816.0,0.668,19.8,611.0,15,Hyderabad,0,DEV_IOS_18,0,1419,0,2.39,1,P2M,0
TXN109558,USR0012,8027.91,1109.0,7.239,23.4,54.3,6,Mumbai,0,DEV_IOS_18,0,1270,0,1.57,1,P2M,0
TXN109559,USR0083,6505.74,1684.0,3.863,25.0,24.6,12,Delhi,0,DEV_UNKNOWN,1,106,1,3.36,0,P2P,1
TXN109560,USR0044,1136.82,843.0,1.349,15.9,256.2,7,Delhi,0,DEV_ANDROID_14,0,1667,0,1.22,0,P2P,0
TXN109561,USR0051,4175.21,1265.0,3.301,25.0,48.0,5,Bengaluru,1,DEV_IOS_18,0,1243,1,6.63,0,P2P,1
TXN109562,USR0149,13763.62,3318.0,4.148,52.0,49.8,10,Lucknow,1,DEV_UNKNOWN,1,1447,5,8.32,0,INVESTMENT,1
TXN109563,USR0058,3735.14,3029.0,1.233,23.3,138.1,16,Kolkata,0,DEV_ANDROID_14,0,877,0,0.87,1,ONLINE_SHOPPING,0
TXN109564,USR0024,713.35,1043.0,0.684,11.1,173.8,13,Hyderabad,0,DEV_ANDROID_14,0,214,0,1.01,1,P2M,0
TXN109565,USR0095,915.13,2387.0,0.383,20.1,190.5,14,Chennai,0,DEV_ANDROID_13,0,1158,0,1.34,1,BILL_PAYMENT,0
TXN109566,USR0013,1663.27,2086.0,0.797,30.5,24.0,21,Kolkata,0,DEV_ANDROID_13,0,783,0,0.86,1,P2P,0
TXN109567,USR0038,1723.71,2152.0,0.801,6.7,83.8,15,Bengaluru,0,DEV_ANDROID_14,0,591,0,0.56,1,ONLINE_SHOPPING,0
TXN109568,USR0131,910.17,1330.0,0.684,35.8,120.9,15,Mumbai,1,DEV_IOS_18,0,1014,0,0.2,1,BILL_PAYMENT,0
TXN109569,USR0143,24628.5,3747.0,6.573,29.6,159.8,18,Chennai,0,DEV_IOS_18,0,1708,0,2.16,1,P2P,0
TXN109570,USR0143,3221.34,3747.0,0.86,23.8,134.1,11,Chennai,0,DEV_IOS_18,0,1652,0,1.14,0,P2P,0
TXN109571,USR0050,9683.73,2312.0,4.188,26.0,19.6,20,Mumbai,0,DEV_UNKNOWN,1,160,1,5.25,0,P2P,1
TXN109572,USR0111,1990.62,4209.0,0.473,12.8,286.2,8,Chennai,0,DEV_IOS_18,0,1779,0,1.58,1,P2P,0
TXN109573,USR0099,2261.11,3865.0,0.585,23.0,78.2,10,Kolkata,0,DEV_ANDROID_13,0,582,1,1.44,1,INVESTMENT,0
TXN109574,USR0052,378.87,875.0,0.433,13.9,45.2,14,Mumbai,0,DEV_ANDROID_13,0,1090,0,1.07,1,P2P,0
TXN109575,USR0058,2090.86,3029.0,0.69,25.1,20.7,7,Kolkata,0,DEV_WEB_CHROME,1,850,0,0.6,1,P2P,0
TXN109576,USR0073,1559.7,1427.0,1.093,38.3,453.0,23,Kolkata,0,DEV_ANDROID_13,0,215,0,1.57,1,BILL_PAYMENT,0
TXN109577,USR0141,1784.59,1171.0,1.524,15.8,17.8,16,Hyderabad,0,DEV_IOS_18,0,253,0,0.23,1,P2M,0
TXN109578,USR0054,4205.38,1995.0,2.108,22.0,152.3,8,Kochi,1,DEV_IOS_18,0,1110,0,0.65,1,P2M,0
TXN109579,USR0133,353.11,561.0,0.629,14.6,25.7,18,Delhi,0,DEV_ANDROID_13,0,1076,0,2.05,0,P2P,0
TXN109580,USR0112,8662.15,4425.0,1.958,31.0,66.6,6,Hyderabad,0,DEV_ANDROID_13,0,1534,0,1.43,1,RECHARGE,0
TXN109581,USR0051,2632.67,1265.0,2.081,11.7,40.2,6,Delhi,0,DEV_IOS_18,0,1191,0,1.23,1,BILL_PAYMENT,0
TXN109582,USR0039,3310.06,3193.0,1.037,5.6,53.1,19,Chennai,0,DEV_IOS_18,0,1781,0,1.36,0,P2M,0
TXN109583,USR0059,3891.46,4787.0,0.813,13.6,32.8,16,Chennai,0,DEV_ANDROID_13,1,994,0,2.51,1,P2M,0
TXN109584,USR0037,2870.71,2687.0,1.068,23.9,126.5,13,Kolkata,0,DEV_ANDROID_14,0,903,0,0.45,1,BILL_PAYMENT,0
TXN109585,USR0070,4355.82,4705.0,0.926,16.9,68.0,9,Delhi,0,DEV_ANDROID_13,0,332,0,1.91,1,P2M,0
TXN109586,USR0138,4226.06,3130.0,1.35,17.1,184.6,17,Chennai,0,DEV_IOS_18,0,1408,0,1.19,1,P2M,0
TXN109587,USR0128,2482.19,1765.0,1.406,23.4,183.6,12,Chennai,0,DEV_ANDROID_14,0,1706,0,0.89,1,P2M,0
TXN109588,USR0113,2078.98,2668.0,0.779,7.0,75.4,13,Hyderabad,0,DEV_ANDROID_14,0,1626,0,1.5,1,BILL_PAYMENT,0
TXN109589,USR0108,948.61,931.0,1.019,18.9,65.2,19,Mumbai,0,DEV_ANDROID_14,1,71,0,1.35,1,P2M,0
TXN109590,USR0127,1446.24,2395.0,0.604,18.3,41.2,12,Chennai,0,DEV_ANDROID_14,0,399,0,1.78,0,P2P,0
TXN109591,USR0030,8663.13,1476.0,5.869,20.0,194.0,2,Chennai,1,DEV_UNKNOWN,1,148,1,2.16,0,P2P,1
TXN109592,USR0111,5168.22,4209.0,1.228,13.5,320.1,21,Chennai,0,DEV_IOS_18,0,1769,0,0.79,1,ONLINE_SHOPPING,0
TXN109593,USR0135,3889.13,3326.0,1.169,4.3,57.5,10,Kolkata,0,DEV_IOS_18,0,1163,0,1.3,1,P2M,0
TXN109594,USR0014,2559.75,2104.0,1.217,7.2,18.9,9,Delhi,0,DEV_ANDROID_13,0,872,0,1.7,0,P2M,0
TXN109595,USR0066,4012.36,572.0,7.015,6.2,35.5,14,Delhi,0,DEV_WEB_CHROME,1,992,0,2.14,1,P2M,0
TXN109596,USR0057,1188.64,3487.0,0.341,22.3,12.3,18,Delhi,0,DEV_IOS_18,0,817,0,0.1,1,P2P,0
TXN109597,USR0075,2484.16,2287.0,1.086,16.9,102.7,17,Bengaluru,0,DEV_IOS_18,0,1614,0,1.57,1,P2P,0
TXN109598,USR0116,4456.34,2809.0,1.586,33.0,156.3,15,Bengaluru,0,DEV_ANDROID_13,0,215,0,1.79,0,P2P,0
TXN109599,USR0024,1615.61,1043.0,1.549,13.6,41.1,16,Hyderabad,0,DEV_ANDROID_14,0,235,0,0.98,1,P2M,0
TXN109600,USR0117,915.36,891.0,1.027,10.1,48.9,21,Mumbai,0,DEV_ANDROID_13,0,791,0,0.71,1,BILL_PAYMENT,0
TXN109601,USR0005,657.65,1239.0,0.531,26.5,52.5,16,Hyderabad,0,DEV_IOS_18,0,1453,0,0.96,1,P2P,0
TXN109602,USR0027,1451.48,816.0,1.779,24.1,5.0,10,Hyderabad,0,DEV_IOS_18,0,1432,0,1.29,1,P2P,0
TXN109603,USR0095,1957.6,2387.0,0.82,15.2,131.1,8,Chennai,0,DEV_ANDROID_13,0,1208,0,1.32,0,P2M,0
TXN109604,USR0025,1479.95,3410.0,0.434,18.5,106.8,21,Bengaluru,0,DEV_ANDROID_13,0,1526,0,0.48,1,P2M,0
TXN109605,USR0004,1492.86,989.0,1.509,26.6,151.6,9,Chennai,0,DEV_IOS_18,0,812,0,0.65,1,P2M,0
TXN109606,USR0043,21359.18,4029.0,5.301,10.0,244.0,2,Delhi,0,DEV_UNKNOWN,1,1357,2,6.66,0,P2P,1
TXN109607,USR0119,4010.0,1503.0,2.668,42.0,0.3,14,Chandigarh,1,DEV_UNKNOWN,1,590,1,6.35,0,P2P,1
TXN109608,USR0149,10452.02,3318.0,3.15,10.4,22.4,16,Chennai,0,DEV_ANDROID_13,0,1442,0,1.71,1,P2M,0
TXN109609,USR0112,5722.65,4425.0,1.293,29.6,23.6,16,Hyderabad,0,DEV_ANDROID_13,0,1528,0,0.78,1,P2M,0
TXN109610,USR0036,3299.86,1141.0,2.892,29.8,501.7,15,Bengaluru,0,DEV_ANDROID_13,0,947,0,1.21,1,P2M,0
TXN109611,USR0037,31933.02,2687.0,11.884,35.0,16.0,2,Delhi,1,DEV_WEB_CHROME,1,905,5,9.47,0,P2P,1
TXN109612,USR0136,473.86,788.0,0.601,19.2,403.4,11,Chennai,0,DEV_IOS_18,0,1666,0,1.86,1,P2P,0
TXN109613,USR0017,709.86,1139.0,0.623,29.3,63.5,13,Kolkata,0,DEV_IOS_18,0,1178,0,1.78,1,P2P,0
TXN109614,USR0002,4143.96,3607.0,1.149,16.9,12.1,13,Hyderabad,1,DEV_ANDROID_14,0,221,0,1.16,1,P2P,0
TXN109615,USR0126,3007.95,2090.0,1.439,15.7,5.0,19,Delhi,0,DEV_IOS_18,0,735,0,0.93,1,P2M,0
TXN109616,USR0116,2234.62,2809.0,0.796,31.3,398.2,20,Kochi,1,DEV_ANDROID_13,0,189,0,2.73,0,BILL_PAYMENT,0
TXN109617,USR0080,627.41,1303.0,0.482,4.7,341.1,13,Kolkata,0,DEV_ANDROID_14,0,621,0,0.1,1,P2P,0
TXN109618,USR0107,774.0,1116.0,0.694,10.3,384.9,12,Mumbai,1,DEV_ANDROID_14,0,1034,0,0.43,1,RECHARGE,0
TXN109619,USR0093,6748.32,3844.0,1.756,19.8,45.3,6,Chennai,0,DEV_ANDROID_14,0,32,0,1.7,1,P2M,0
TXN109620,USR0119,1892.22,1503.0,1.259,33.6,235.1,6,Chennai,0,DEV_ANDROID_13,0,639,0,0.79,1,INVESTMENT,0
TXN109621,USR0061,418.73,445.0,0.941,33.8,271.2,11,Bengaluru,0,DEV_ANDROID_13,0,1003,0,0.11,1,ONLINE_SHOPPING,0
TXN109622,USR0070,2483.67,4705.0,0.528,11.3,119.6,17,Delhi,0,DEV_ANDROID_13,0,301,0,0.92,1,P2P,0
TXN109623,USR0088,19584.27,4666.0,4.197,6.1,268.8,17,Mumbai,0,DEV_IOS_18,0,775,0,0.55,0,P2M,0
TXN109624,USR0014,1560.29,2104.0,0.742,9.1,184.9,7,Delhi,0,DEV_ANDROID_13,0,868,0,0.81,1,P2M,0
TXN109625,USR0092,2049.87,3316.0,0.618,35.5,677.8,13,Hyderabad,0,DEV_ANDROID_14,0,276,0,0.18,0,P2P,0
TXN109626,USR0085,1976.37,3924.0,0.504,29.4,161.0,8,Kolkata,0,DEV_ANDROID_13,0,762,0,0.82,0,P2M,0
TXN109627,USR0009,4899.42,3622.0,1.353,21.4,199.2,9,Mumbai,0,DEV_ANDROID_13,0,199,0,2.62,1,P2P,0
TXN109628,USR0080,1128.9,1303.0,0.866,15.2,162.1,13,Kolkata,0,DEV_ANDROID_14,0,567,0,0.67,1,BILL_PAYMENT,0
TXN109629,USR0085,43125.28,3924.0,10.99,45.0,23.9,17,Jaipur,1,DEV_ANDROID_13,0,750,4,3.93,0,P2M,1
TXN109630,USR0004,3038.23,989.0,3.072,36.5,131.6,18,Chennai,0,DEV_ANDROID_14,1,855,0,0.89,1,BILL_PAYMENT,0
TXN109631,USR0031,6043.0,4621.0,1.308,16.1,42.2,14,Kolkata,0,DEV_ANDROID_14,0,842,0,1.33,1,P2P,0
TXN109632,USR0141,1364.72,1171.0,1.165,3.0,53.4,13,Hyderabad,0,DEV_IOS_18,0,251,0,0.98,1,RECHARGE,0
TXN109633,USR0035,7771.61,3949.0,1.968,46.0,1.8,15,Jaipur,1,DEV_IOS_18,1,1296,3,13.75,0,ONLINE_SHOPPING,1
TXN109634,USR0099,5003.71,3865.0,1.295,20.5,79.3,9,Kolkata,0,DEV_ANDROID_13,0,568,0,1.94,1,BILL_PAYMENT,0
TXN109635,USR0121,16545.52,3799.0,4.355,33.0,2.5,10,Kolkata,1,DEV_ANDROID_12,1,1516,1,13.23,1,ONLINE_SHOPPING,1
TXN109636,USR0046,2927.72,3064.0,0.956,20.3,100.5,11,Delhi,0,DEV_ANDROID_13,0,364,0,1.91,1,BILL_PAYMENT,0
TXN109637,USR0083,1429.81,1684.0,0.849,5.8,157.0,7,Delhi,0,DEV_ANDROID_14,0,83,0,0.64,1,P2P,0
TXN109638,USR0047,2168.66,489.0,4.435,27.6,56.2,12,Bengaluru,0,DEV_ANDROID_13,0,898,0,1.49,1,BILL_PAYMENT,0
TXN109639,USR0107,1843.69,1116.0,1.652,13.4,35.2,13,Hyderabad,0,DEV_ANDROID_14,0,1059,0,1.14,1,P2P,0
TXN109640,USR0124,2150.78,1625.0,1.324,9.7,376.5,16,Hyderabad,0,DEV_ANDROID_14,0,323,0,1.33,0,P2M,0
TXN109641,USR0072,3143.18,4501.0,0.698,5.7,208.6,20,Hyderabad,1,DEV_ANDROID_14,0,1371,0,1.06,0,P2P,0
TXN109642,USR0047,546.35,489.0,1.117,29.1,70.7,9,Bengaluru,0,DEV_ANDROID_13,0,890,0,1.91,1,P2M,0
TXN109643,USR0073,14030.82,1427.0,9.832,21.0,39.8,15,Kolkata,0,DEV_WEB_CHROME,1,255,3,3.75,0,P2P,1
TXN109644,USR0085,2445.61,3924.0,0.623,20.8,191.8,12,Kolkata,0,DEV_ANDROID_13,0,769,0,1.88,1,P2M,0
TXN109645,USR0076,4107.72,3835.0,1.071,16.6,137.5,9,Mumbai,0,DEV_ANDROID_13,0,477,0,0.85,0,P2P,0
TXN109646,USR0119,2874.28,1503.0,1.912,32.9,179.0,18,Chennai,0,DEV_ANDROID_13,0,580,0,1.0,0,P2P,0
TXN109647,USR0005,1147.35,1239.0,0.926,29.9,156.4,20,Hyderabad,0,DEV_IOS_18,0,1459,0,0.24,1,P2M,0
TXN109648,USR0100,14437.81,2121.0,6.807,30.0,148.0,1,Bengaluru,0,DEV_UNKNOWN,1,789,0,4.79,0,P2P,1
TXN109649,USR0123,4490.15,4007.0,1.121,6.7,15.7,14,Kolkata,0,DEV_IOS_18,0,1253,0,1.27,1,P2M,0
TXN109650,USR0073,8753.59,1427.0,6.134,22.6,28.1,13,Kolkata,0,DEV_ANDROID_13,0,261,0,0.49,0,P2P,0
TXN109651,USR0115,1549.64,1698.0,0.913,4.0,242.9,7,Kolkata,0,DEV_IOS_18,0,87,0,1.88,1,P2M,0
TXN109652,USR0009,2344.95,3622.0,0.647,17.5,47.1,16,Pune,1,DEV_ANDROID_13,0,147,0,1.37,1,P2M,0
TXN109653,USR0039,2534.12,3193.0,0.794,13.8,31.7,20,Pune,1,DEV_IOS_18,0,1784,0,0.1,1,BILL_PAYMENT,0
TXN109654,USR0070,3678.85,4705.0,0.782,5.4,323.4,22,Delhi,0,DEV_ANDROID_13,0,343,0,1.73,1,P2P,0
TXN109655,USR0034,1148.22,1168.0,0.983,15.2,485.7,12,Hyderabad,1,DEV_IOS_18,1,93,0,1.5,1,BILL_PAYMENT,0
TXN109656,USR0103,1552.17,4267.0,0.364,28.0,574.4,15,Kolkata,0,DEV_ANDROID_13,0,1768,0,0.1,1,P2M,0
TXN109657,USR0035,7102.91,3949.0,1.799,26.5,11.4,10,Mumbai,0,DEV_WEB_CHROME,1,1314,0,1.47,1,P2P,0
TXN109658,USR0052,1433.42,875.0,1.638,12.1,40.5,17,Mumbai,0,DEV_ANDROID_13,0,1084,0,2.21,1,P2P,0
TXN109659,USR0112,31320.87,4425.0,7.078,29.2,140.0,12,Hyderabad,0,DEV_ANDROID_13,0,1548,0,0.66,1,ONLINE_SHOPPING,0
TXN109660,USR0028,11425.23,541.0,21.119,33.0,7.0,9,Lucknow,1,DEV_IOS_18,0,845,4,6.77,0,P2P,1
TXN109661,USR0081,1283.63,1873.0,0.685,36.0,8.4,17,Kolkata,0,DEV_ANDROID_13,0,966,0,1.25,1,BILL_PAYMENT,0
TXN109662,USR0018,1781.28,1836.0,0.97,31.6,67.9,9,Chennai,0,DEV_ANDROID_14,0,1486,0,1.21,0,P2P,0
TXN109663,USR0066,634.97,572.0,1.11,4.4,54.9,15,Delhi,0,DEV_ANDROID_14,0,1060,0,1.96,1,RECHARGE,0
TXN109664,USR0109,611.39,1296.0,0.472,9.1,212.9,6,Chennai,0,DEV_ANDROID_14,0,1486,0,2.56,1,BILL_PAYMENT,0
TXN109665,USR0003,4897.55,3784.0,1.294,31.2,29.5,12,Hyderabad,0,DEV_ANDROID_13,0,1325,0,1.55,1,BILL_PAYMENT,0
TXN109666,USR0052,5446.06,875.0,6.224,17.0,23.6,19,Chennai,1,DEV_UNKNOWN,1,1129,7,10.58,0,P2P,1
TXN109667,USR0119,732.92,1503.0,0.488,29.7,54.6,10,Chennai,0,DEV_ANDROID_13,0,613,0,0.46,1,P2M,0
TXN109668,USR0006,2036.92,4184.0,0.487,21.4,386.1,12,Hyderabad,0,DEV_IOS_18,0,797,0,1.71,1,P2P,0
TXN109669,USR0137,2324.95,4815.0,0.483,39.0,9.4,16,Chennai,0,DEV_WEB_CHROME,1,337,0,1.14,1,P2M,0
TXN109670,USR0041,2784.87,2677.0,1.04,27.7,33.3,15,Bengaluru,0,DEV_ANDROID_13,0,856,0,0.67,1,P2M,0
TXN109671,USR0039,4445.94,3193.0,1.392,9.6,99.4,12,Chennai,0,DEV_IOS_18,0,1787,0,0.94,1,P2M,0
TXN109672,USR0006,6378.46,4184.0,1.524,23.0,129.1,12,Hyderabad,0,DEV_IOS_18,0,864,0,1.18,1,P2M,0
TXN109673,USR0035,2831.48,3949.0,0.717,29.9,489.2,15,Mumbai,0,DEV_ANDROID_14,0,1255,0,1.52,1,P2M,0
TXN109674,USR0140,24965.46,3114.0,8.017,29.0,8.7,22,Bengaluru,1,DEV_UNKNOWN,1,242,3,10.26,0,P2P,1
TXN109675,USR0057,13451.86,3487.0,3.858,62.0,2.8,22,Bengaluru,1,DEV_IOS_18,0,839,2,6.31,0,ONLINE_SHOPPING,1
TXN109676,USR0086,4351.32,4098.0,1.062,5.1,17.3,13,Delhi,0,DEV_ANDROID_13,0,1345,0,0.19,1,P2P,0
TXN109677,USR0053,1960.29,1779.0,1.102,31.1,71.1,17,Chennai,0,DEV_ANDROID_14,0,1823,0,0.93,1,P2M,0
TXN109678,USR0120,5022.13,3985.0,1.26,23.0,168.2,20,Chennai,0,DEV_IOS_18,0,1223,0,1.44,1,ONLINE_SHOPPING,0
TXN109679,USR0064,23510.39,3744.0,6.279,29.0,91.3,10,Hyderabad,0,DEV_ANDROID_13,0,1401,0,1.54,0,P2M,0
TXN109680,USR0148,2776.68,1934.0,1.436,24.1,540.3,19,Chennai,0,DEV_ANDROID_13,0,1613,0,1.14,1,P2P,0
TXN109681,USR0033,4317.35,2282.0,1.892,6.9,145.4,22,Kolkata,0,DEV_IOS_18,0,789,0,1.03,1,P2P,0
TXN109682,USR0032,4155.96,2962.0,1.403,19.0,258.4,12,Hyderabad,0,DEV_ANDROID_14,0,1421,0,1.08,1,P2P,0
TXN109683,USR0021,2421.55,4102.0,0.59,3.1,170.9,18,Chennai,0,DEV_ANDROID_14,0,1492,0,1.67,0,P2P,0
TXN109684,USR0118,965.97,855.0,1.13,34.7,334.3,17,Kolkata,0,DEV_ANDROID_13,0,1556,0,1.29,0,P2P,0
TXN109685,USR0076,2030.88,3835.0,0.53,21.0,11.7,13,Mumbai,0,DEV_ANDROID_13,0,532,0,0.45,1,P2P,0
TXN109686,USR0086,3809.89,4098.0,0.93,1.0,60.5,12,Delhi,0,DEV_ANDROID_13,0,1352,0,1.05,0,P2P,0
TXN109687,USR0106,849.0,1061.0,0.8,31.7,183.3,12,Delhi,0,DEV_ANDROID_13,0,1704,0,1.57,1,BILL_PAYMENT,0
TXN109688,USR0060,21134.42,2418.0,8.74,52.0,59.2,3,Jaipur,1,DEV_UNKNOWN,1,72,6,5.63,0,INVESTMENT,1
TXN109689,USR0139,4582.81,4684.0,0.978,38.6,15.8,11,Kolkata,0,DEV_ANDROID_13,0,189,0,1.3,0,RECHARGE,0
TXN109690,USR0140,3435.79,3114.0,1.103,8.3,96.3,13,Delhi,0,DEV_ANDROID_13,0,194,0,1.31,0,P2M,0
TXN109691,USR0043,7009.21,4029.0,1.74,15.7,230.8,16,Hyderabad,1,DEV_ANDROID_13,0,1385,0,1.23,1,P2M,0
TXN109692,USR0057,8215.98,3487.0,2.356,15.9,5.0,8,Delhi,0,DEV_IOS_18,0,798,0,1.02,1,P2M,0
TXN109693,USR0106,1641.13,1061.0,1.547,36.8,29.7,11,Ahmedabad,1,DEV_ANDROID_13,0,1715,0,1.52,1,P2M,0
TXN109694,USR0040,604.75,942.0,0.642,12.0,70.4,16,Mumbai,0,DEV_IOS_18,0,1764,0,0.44,1,ONLINE_SHOPPING,0
TXN109695,USR0046,4186.4,3064.0,1.366,15.1,121.9,8,Delhi,0,DEV_ANDROID_13,0,375,0,1.92,1,INVESTMENT,0
TXN109696,USR0111,2147.63,4209.0,0.51,10.0,137.3,9,Chennai,0,DEV_IOS_18,0,1784,0,0.96,0,P2M,0
TXN109697,USR0103,16737.87,4267.0,3.923,24.0,3.4,21,Kolkata,0,DEV_UNKNOWN,1,1734,2,4.95,0,P2P,1
TXN109698,USR0085,13634.2,3924.0,3.475,39.0,1.1,1,Hyderabad,1,DEV_ANDROID_12,1,819,1,8.79,0,P2P,1
TXN109699,USR0071,1225.99,1774.0,0.691,22.5,5.0,7,Hyderabad,0,DEV_ANDROID_14,0,1790,0,1.17,1,P2P,0
TXN109700,USR0114,5583.43,1547.0,3.609,24.0,3.4,8,Ahmedabad,1,DEV_ANDROID_14,0,1040,2,11.6,0,ONLINE_SHOPPING,1
TXN109701,USR0039,1948.37,3193.0,0.61,9.1,173.3,8,Chennai,0,DEV_IOS_18,0,1773,0,1.48,1,P2P,0
TXN109702,USR0062,3761.2,2948.0,1.276,14.2,151.3,6,Mumbai,0,DEV_ANDROID_14,0,221,0,1.94,0,BILL_PAYMENT,0
TXN109703,USR0016,1974.5,1443.0,1.368,26.1,69.5,16,Hyderabad,1,DEV_WEB_CHROME,1,1246,0,1.74,1,P2P,0
TXN109704,USR0033,8059.34,2282.0,3.532,17.9,110.6,14,Kolkata,0,DEV_IOS_18,0,804,0,1.15,1,P2M,0
TXN109705,USR0055,931.21,1096.0,0.85,28.0,151.5,16,Delhi,0,DEV_ANDROID_14,0,754,0,0.26,1,P2P,0
TXN109706,USR0112,3995.02,4425.0,0.903,31.7,30.3,14,Hyderabad,0,DEV_ANDROID_13,0,1591,0,1.2,0,P2M,0
TXN109707,USR0017,1826.81,1139.0,1.604,28.7,88.4,13,Kolkata,0,DEV_IOS_18,0,1203,0,1.31,1,P2M,0
TXN109708,USR0009,14840.1,3622.0,4.097,41.0,1.9,12,Hyderabad,1,DEV_ANDROID_14,1,182,4,10.84,0,ONLINE_SHOPPING,1
TXN109709,USR0137,2400.75,4815.0,0.499,35.8,55.0,19,Chennai,0,DEV_ANDROID_14,0,365,0,0.83,1,P2M,0
TXN109710,USR0097,2992.23,1552.0,1.928,32.9,30.9,12,Delhi,0,DEV_ANDROID_13,0,880,0,0.57,1,ONLINE_SHOPPING,0
TXN109711,USR0071,2312.91,1774.0,1.304,19.0,352.8,14,Hyderabad,0,DEV_ANDROID_14,0,1776,0,1.63,1,P2P,0
TXN109712,USR0054,2303.54,1995.0,1.155,22.5,301.7,12,Hyderabad,0,DEV_IOS_18,0,1109,0,1.28,1,P2M,0
TXN109713,USR0092,18297.39,3316.0,5.518,33.0,10.2,7,Pune,1,DEV_UNKNOWN,1,246,5,10.6,0,INVESTMENT,1
TXN109714,USR0063,782.11,946.0,0.827,15.0,303.1,12,Hyderabad,0,DEV_ANDROID_13,0,509,0,2.07,0,P2M,0
TXN109715,USR0054,2415.64,1995.0,1.211,19.7,52.6,14,Hyderabad,0,DEV_ANDROID_14,1,1115,0,0.79,1,P2P,0
TXN109716,USR0144,1612.17,2663.0,0.605,8.8,10.1,6,Chennai,0,DEV_IOS_18,0,1111,0,0.89,1,INVESTMENT,0
TXN109717,USR0085,1911.17,3924.0,0.487,22.6,308.0,13,Kolkata,0,DEV_ANDROID_13,0,814,0,1.73,1,P2M,0
TXN109718,USR0098,3151.54,2841.0,1.109,20.7,79.3,14,Delhi,0,DEV_IOS_18,0,1139,0,0.58,1,ONLINE_SHOPPING,0
TXN109719,USR0067,1255.56,1825.0,0.688,26.3,205.7,10,Hyderabad,0,DEV_ANDROID_13,1,831,0,2.06,1,P2P,0
TXN109720,USR0002,4438.48,3607.0,1.231,8.9,291.3,10,Kolkata,0,DEV_ANDROID_14,0,192,0,2.14,0,P2M,0
TXN109721,USR0116,5291.76,2809.0,1.884,33.3,225.1,13,Bengaluru,0,DEV_ANDROID_13,0,201,0,1.14,1,P2P,0
TXN109722,USR0148,1209.82,1934.0,0.626,25.9,126.0,14,Chennai,0,DEV_ANDROID_13,0,1617,0,0.74,1,P2P,0
TXN109723,USR0110,4613.69,3119.0,1.479,17.0,22.5,17,Mumbai,0,DEV_IOS_18,0,1267,0,1.25,1,RECHARGE,0
TXN109724,USR0091,3565.78,2696.0,1.323,9.5,16.0,22,Bengaluru,1,DEV_ANDROID_13,0,1138,0,0.57,1,P2P,0
TXN109725,USR0018,1704.43,1836.0,0.928,29.4,113.0,23,Chennai,0,DEV_ANDROID_14,0,1498,0,0.7,1,ONLINE_SHOPPING,0
TXN109726,USR0140,2624.91,3114.0,0.843,9.7,25.1,17,Delhi,0,DEV_ANDROID_13,0,200,0,1.41,1,BILL_PAYMENT,0
TXN109727,USR0013,2252.53,2086.0,1.08,38.9,77.1,13,Kolkata,0,DEV_ANDROID_13,0,803,0,2.19,0,P2P,0
TXN109728,USR0016,729.08,1443.0,0.505,22.3,143.0,14,Bengaluru,0,DEV_WEB_CHROME,1,1257,0,1.68,1,P2M,0
TXN109729,USR0130,2816.44,2863.0,0.984,34.4,147.7,18,Delhi,0,DEV_IOS_18,0,1549,0,1.39,1,ONLINE_SHOPPING,0
TXN109730,USR0107,30374.6,1116.0,27.217,33.0,37.2,9,Delhi,1,DEV_ANDROID_14,0,1052,1,8.96,0,P2P,1
TXN109731,USR0145,7077.66,4287.0,1.651,12.5,152.0,12,Mumbai,0,DEV_ANDROID_13,0,1442,0,2.14,0,P2P,0
TXN109732,USR0033,1625.97,2282.0,0.713,17.7,73.8,15,Kolkata,0,DEV_IOS_18,0,821,0,1.22,1,P2P,0
TXN109733,USR0003,7553.69,3784.0,1.996,24.7,112.3,12,Hyderabad,0,DEV_ANDROID_13,0,1306,1,0.1,0,P2M,0
TXN109734,USR0139,4846.21,4684.0,1.035,38.8,126.2,11,Kolkata,0,DEV_ANDROID_13,0,190,0,1.32,0,P2P,0
TXN109735,USR0110,3319.41,3119.0,1.064,17.1,411.1,12,Mumbai,0,DEV_IOS_18,0,1252,0,0.89,1,P2P,0
TXN109736,USR0150,2249.36,1846.0,1.219,13.7,56.8,13,Bengaluru,0,DEV_IOS_18,0,289,0,2.06,1,P2P,0
TXN109737,USR0075,6702.96,2287.0,2.931,46.0,2.7,4,Jaipur,1,DEV_WEB_CHROME,1,1618,2,9.51,0,P2P,1
TXN109738,USR0093,4771.86,3844.0,1.241,18.9,50.1,11,Chennai,0,DEV_ANDROID_14,0,83,0,1.6,0,P2P,0
TXN109739,USR0110,3262.18,3119.0,1.046,23.4,372.9,14,Mumbai,0,DEV_IOS_18,0,1221,0,1.51,1,P2P,0
TXN109740,USR0005,1898.06,1239.0,1.532,31.8,283.6,15,Hyderabad,0,DEV_IOS_18,0,1433,0,1.52,1,P2P,0
TXN109741,USR0015,14268.79,2529.0,5.642,22.0,20.0,2,Chandigarh,1,DEV_UNKNOWN,1,1245,3,6.27,0,P2P,1
TXN109742,USR0016,2104.06,1443.0,1.458,20.7,45.2,9,Bengaluru,0,DEV_ANDROID_14,0,1241,0,1.82,1,P2P,0
TXN109743,USR0038,1182.25,2152.0,0.549,12.0,15.1,17,Bengaluru,0,DEV_ANDROID_14,0,553,0,1.38,0,P2M,0
TXN109744,USR0057,5077.55,3487.0,1.456,14.6,37.5,16,Delhi,0,DEV_IOS_18,0,808,0,1.17,1,P2M,0
TXN109745,USR0138,13967.3,3130.0,4.462,60.0,3.1,4,Chandigarh,1,DEV_ANDROID_14,1,1412,5,8.06,0,ONLINE_SHOPPING,1
TXN109746,USR0041,2820.84,2677.0,1.054,31.0,248.9,8,Chennai,1,DEV_ANDROID_13,0,873,0,0.89,0,ONLINE_SHOPPING,0
TXN109747,USR0113,2967.83,2668.0,1.112,9.1,435.1,10,Hyderabad,0,DEV_ANDROID_14,0,1655,0,1.15,1,BILL_PAYMENT,0
TXN109748,USR0077,5373.04,4759.0,1.129,13.3,144.9,21,Mumbai,0,DEV_ANDROID_13,0,103,0,1.41,0,P2P,0
TXN109749,USR0069,5423.22,3260.0,1.664,18.2,67.0,17,Hyderabad,0,DEV_ANDROID_14,0,1669,0,2.28,0,P2P,0
TXN109750,USR0100,1577.52,2121.0,0.744,35.6,65.0,12,Chandigarh,1,DEV_ANDROID_14,0,808,0,1.61,1,P2M,0
TXN109751,USR0066,3683.38,572.0,6.439,8.1,19.5,14,Jaipur,1,DEV_ANDROID_14,0,1005,0,1.74,1,P2M,0
TXN109752,USR0016,1687.85,1443.0,1.17,19.3,76.9,19,Bengaluru,0,DEV_ANDROID_14,0,1231,0,0.94,0,BILL_PAYMENT,0
TXN109753,USR0150,696.39,1846.0,0.377,13.5,54.7,13,Bengaluru,0,DEV_IOS_18,0,323,2,2.01,1,P2M,0
TXN109754,USR0137,3369.45,4815.0,0.7,32.0,473.6,13,Chennai,0,DEV_ANDROID_14,0,376,0,0.26,0,ONLINE_SHOPPING,0
TXN109755,USR0014,2047.49,2104.0,0.973,14.3,335.2,10,Delhi,0,DEV_ANDROID_13,0,860,0,1.4,1,ONLINE_SHOPPING,0
TXN109756,USR0110,3036.43,3119.0,0.974,22.0,149.2,16,Mumbai,0,DEV_IOS_18,0,1238,0,0.14,1,BILL_PAYMENT,0
TXN109757,USR0049,1873.86,835.0,2.244,16.0,5.2,15,Jaipur,1,DEV_UNKNOWN,1,1198,2,4.54,0,P2P,1
TXN109758,USR0020,1985.78,3539.0,0.561,30.7,22.2,12,Delhi,0,DEV_ANDROID_14,0,261,0,2.24,1,P2M,0
TXN109759,USR0086,4033.21,4098.0,0.984,1.0,26.7,16,Delhi,0,DEV_ANDROID_13,0,1291,0,1.79,1,P2P,0
TXN109760,USR0057,1522.44,3487.0,0.437,16.4,184.4,10,Ahmedabad,1,DEV_IOS_18,0,810,0,0.59,0,P2P,0
TXN109761,USR0076,3362.19,3835.0,0.877,15.1,106.9,16,Mumbai,0,DEV_ANDROID_13,0,533,0,0.92,1,INVESTMENT,0
TXN109762,USR0075,1979.77,2287.0,0.866,22.6,339.0,15,Bengaluru,0,DEV_IOS_18,0,1655,0,1.4,1,P2P,0
TXN109763,USR0004,697.19,989.0,0.705,29.6,62.2,8,Pune,1,DEV_IOS_18,0,848,0,1.71,1,BILL_PAYMENT,0
TXN109764,USR0148,2357.53,1934.0,1.219,23.7,84.6,10,Chennai,0,DEV_ANDROID_13,0,1669,0,0.67,1,P2M,0
TXN109765,USR0125,1584.08,1159.0,1.367,15.9,87.0,7,Delhi,1,DEV_ANDROID_14,1,1106,0,1.08,0,BILL_PAYMENT,0
TXN109766,USR0077,2865.91,4759.0,0.602,9.1,122.6,10,Mumbai,0,DEV_ANDROID_13,0,133,0,1.11,1,P2M,0
TXN109767,USR0071,6403.63,1774.0,3.61,34.0,3.4,14,Bengaluru,1,DEV_ANDROID_13,1,1741,4,12.04,0,ONLINE_SHOPPING,1
TXN109768,USR0147,4601.68,4639.0,0.992,19.4,18.2,11,Chennai,0,DEV_IOS_18,0,384,0,0.57,1,P2M,0
TXN109769,USR0108,1744.81,931.0,1.874,24.4,294.8,17,Mumbai,0,DEV_IOS_18,0,53,0,0.61,0,P2M,0
TXN109770,USR0110,19594.45,3119.0,6.282,19.5,11.9,9,Mumbai,0,DEV_IOS_18,0,1229,0,1.9,1,P2P,0
TXN109771,USR0010,3828.48,4508.0,0.849,24.6,16.1,9,Kolkata,0,DEV_IOS_18,0,1399,0,0.76,1,P2M,0
TXN109772,USR0142,2618.14,3033.0,0.863,13.2,177.4,8,Delhi,1,DEV_ANDROID_14,0,902,0,0.64,1,P2P,0
TXN109773,USR0060,5314.99,2418.0,2.198,9.0,99.1,11,Hyderabad,0,DEV_ANDROID_13,0,110,0,1.76,1,P2P,0
TXN109774,USR0094,29901.36,3141.0,9.52,18.0,32.7,22,Kolkata,0,DEV_UNKNOWN,1,1671,2,5.56,0,P2P,1
TXN109775,USR0057,2718.23,3487.0,0.78,23.3,140.6,15,Delhi,0,DEV_IOS_18,0,855,0,0.72,1,P2M,0
TXN109776,USR0073,1360.26,1427.0,0.953,29.8,23.4,13,Kolkata,0,DEV_ANDROID_13,0,280,0,1.53,1,P2M,0
TXN109777,USR0121,5642.97,3799.0,1.485,9.7,88.6,8,Hyderabad,0,DEV_ANDROID_13,0,1529,0,1.77,0,P2M,0
TXN109778,USR0149,6846.92,3318.0,2.064,12.0,645.3,19,Chennai,0,DEV_ANDROID_13,0,1420,0,0.81,0,P2P,0
TXN109779,USR0010,5617.03,4508.0,1.246,18.8,82.1,15,Kolkata,0,DEV_IOS_18,0,1446,0,3.09,1,P2P,0
TXN109780,USR0086,6826.31,4098.0,1.666,1.0,172.6,12,Delhi,0,DEV_ANDROID_13,0,1339,0,1.19,1,P2P,0
TXN109781,USR0124,891.25,1625.0,0.548,10.5,236.3,8,Hyderabad,0,DEV_ANDROID_14,0,329,0,1.62,1,BILL_PAYMENT,0
TXN109782,USR0120,27710.11,3985.0,6.954,21.4,86.9,9,Chennai,0,DEV_IOS_18,0,1187,0,1.79,0,P2M,0
TXN109783,USR0050,1639.83,2312.0,0.709,27.3,10.5,21,Mumbai,0,DEV_ANDROID_13,0,120,0,1.78,1,P2M,0
TXN109784,USR0076,30067.41,3835.0,7.84,20.0,39.8,23,Kolkata,1,DEV_UNKNOWN,1,488,4,4.77,0,INVESTMENT,1
TXN109785,USR0061,406.83,445.0,0.914,28.3,53.4,16,Bengaluru,0,DEV_ANDROID_13,0,1043,0,0.75,0,P2P,0
TXN109786,USR0033,3885.52,2282.0,1.703,16.8,102.0,14,Kolkata,0,DEV_IOS_18,0,772,1,0.56,0,P2M,0
TXN109787,USR0093,4280.39,3844.0,1.114,16.3,292.0,16,Chennai,0,DEV_ANDROID_14,0,97,0,1.02,1,BILL_PAYMENT,0
TXN109788,USR0056,3543.65,4000.0,0.886,6.3,265.7,11,Bengaluru,0,DEV_IOS_18,0,205,0,1.71,1,BILL_PAYMENT,0
TXN109789,USR0032,2588.96,2962.0,0.874,16.7,213.0,16,Hyderabad,0,DEV_ANDROID_14,0,1414,0,0.93,0,ONLINE_SHOPPING,0
TXN109790,USR0134,3758.6,4359.0,0.862,28.0,770.6,19,Chennai,0,DEV_IOS_18,0,286,0,1.24,0,P2P,0
TXN109791,USR0111,5476.57,4209.0,1.301,16.2,34.5,16,Chennai,0,DEV_IOS_18,0,1769,2,1.71,1,P2M,0
TXN109792,USR0071,1389.21,1774.0,0.783,11.7,14.1,11,Hyderabad,0,DEV_ANDROID_14,0,1758,0,1.62,0,P2P,0
TXN109793,USR0118,892.73,855.0,1.044,31.3,118.6,9,Kolkata,0,DEV_ANDROID_13,0,1515,0,1.92,1,P2M,0
TXN109794,USR0073,895.75,1427.0,0.628,29.0,51.6,11,Kolkata,0,DEV_ANDROID_13,0,282,0,0.82,0,ONLINE_SHOPPING,0
TXN109795,USR0030,3316.25,1476.0,2.247,21.0,91.5,16,Kolkata,0,DEV_ANDROID_14,0,142,0,0.75,1,P2P,0
TXN109796,USR0141,4098.5,1171.0,3.5,10.4,50.2,9,Hyderabad,0,DEV_IOS_18,0,289,0,1.14,0,P2P,0
TXN109797,USR0004,1417.24,989.0,1.433,29.6,10.8,10,Hyderabad,1,DEV_IOS_18,0,843,0,1.63,1,P2P,0
TXN109798,USR0056,4700.84,4000.0,1.175,4.8,404.0,17,Bengaluru,0,DEV_IOS_18,0,180,0,1.88,1,P2P,0
TXN109799,USR0026,20216.85,3918.0,5.16,23.4,276.9,15,Hyderabad,0,DEV_ANDROID_14,0,1200,0,2.66,0,INVESTMENT,0
TXN109800,USR0134,17198.44,4359.0,3.946,34.0,41.0,9,Chandigarh,1,DEV_UNKNOWN,1,292,3,7.6,0,INVESTMENT,1
TXN109801,USR0052,483.86,875.0,0.553,9.6,107.1,11,Mumbai,0,DEV_ANDROID_13,0,1057,1,1.83,0,P2P,0
TXN109802,USR0015,1311.08,2529.0,0.518,5.2,47.3,9,Mumbai,1,DEV_ANDROID_14,0,1273,0,0.98,1,BILL_PAYMENT,0
TXN109803,USR0086,7062.2,4098.0,1.723,2.6,25.9,16,Delhi,0,DEV_ANDROID_13,0,1295,0,1.21,0,P2M,0
TXN109804,USR0124,938.09,1625.0,0.577,7.3,59.2,15,Hyderabad,0,DEV_ANDROID_14,0,268,0,0.6,0,RECHARGE,0
TXN109805,USR0090,6326.96,4795.0,1.319,24.8,651.9,15,Hyderabad,0,DEV_ANDROID_14,0,561,0,0.72,0,P2P,0
TXN109806,USR0094,23668.67,3141.0,7.535,41.0,11.6,17,Hyderabad,1,DEV_UNKNOWN,1,1688,1,9.29,0,INVESTMENT,1
TXN109807,USR0022,9282.92,3458.0,2.684,61.0,3.0,11,Hyderabad,1,DEV_ANDROID_14,1,1329,4,9.48,0,P2P,1
TXN109808,USR0129,25044.1,4329.0,5.785,12.4,457.1,10,Chennai,0,DEV_ANDROID_13,0,1417,0,1.38,0,BILL_PAYMENT,0
TXN109809,USR0092,6102.83,3316.0,1.84,30.4,295.6,8,Hyderabad,0,DEV_WEB_CHROME,1,245,0,1.95,1,P2P,0
TXN109810,USR0041,4622.32,2677.0,1.727,22.3,31.2,12,Bengaluru,0,DEV_ANDROID_13,0,870,0,1.48,1,P2P,0
TXN109811,USR0033,1090.22,2282.0,0.478,16.9,151.0,10,Delhi,1,DEV_IOS_18,0,759,0,1.07,0,P2M,0
TXN109812,USR0041,5607.06,2677.0,2.095,21.0,539.9,12,Bengaluru,0,DEV_ANDROID_13,0,885,1,0.83,1,P2M,0
TXN109813,USR0092,4719.87,3316.0,1.423,29.0,330.4,18,Hyderabad,0,DEV_ANDROID_14,0,237,0,0.8,0,P2P,0
TXN109814,USR0068,1410.56,1858.0,0.759,16.4,116.4,13,Chennai,0,DEV_ANDROID_13,0,1738,0,0.78,1,P2M,0
TXN109815,USR0079,2902.75,2089.0,1.39,22.5,305.6,6,Chennai,0,DEV_ANDROID_14,0,1319,1,2.08,1,RECHARGE,0
TXN109816,USR0091,2920.16,2696.0,1.083,4.3,5.0,12,Kolkata,0,DEV_ANDROID_13,0,1086,0,1.03,1,P2P,0
TXN109817,USR0109,804.59,1296.0,0.621,10.1,5.0,16,Chennai,0,DEV_ANDROID_14,0,1485,0,2.06,0,P2M,0
TXN109818,USR0113,3006.95,2668.0,1.127,11.8,7.1,13,Hyderabad,0,DEV_ANDROID_14,0,1658,0,1.79,0,INVESTMENT,0
TXN109819,USR0139,3694.83,4684.0,0.789,30.8,113.0,15,Lucknow,1,DEV_ANDROID_13,0,224,0,1.36,1,P2P,0
TXN109820,USR0139,7479.31,4684.0,1.597,37.0,245.7,16,Kolkata,0,DEV_ANDROID_13,0,212,0,1.3,0,P2M,0
TXN109821,USR0121,3243.91,3799.0,0.854,8.6,477.5,9,Hyderabad,0,DEV_ANDROID_13,0,1546,1,2.43,1,BILL_PAYMENT,0
TXN109822,USR0029,1939.22,1672.0,1.16,21.2,649.9,14,Kolkata,0,DEV_ANDROID_14,0,1775,0,1.16,0,P2M,0
TXN109823,USR0034,1327.05,1168.0,1.136,12.9,55.3,19,Chennai,0,DEV_ANDROID_14,0,119,0,0.94,1,P2P,0
TXN109824,USR0106,1138.84,1061.0,1.073,32.1,742.0,14,Delhi,0,DEV_ANDROID_13,0,1690,0,0.6,1,P2M,0
TXN109825,USR0062,6129.15,2948.0,2.079,18.5,88.4,19,Mumbai,0,DEV_ANDROID_14,0,209,2,1.02,1,P2P,0
TXN109826,USR0019,3609.7,4271.0,0.845,13.2,175.6,12,Bengaluru,0,DEV_ANDROID_13,0,1669,0,0.71,1,BILL_PAYMENT,0
TXN109827,USR0127,4434.85,2395.0,1.852,14.8,426.7,20,Chennai,0,DEV_ANDROID_14,0,391,0,1.43,1,P2P,0
TXN109828,USR0094,2885.63,3141.0,0.919,11.1,70.0,9,Kolkata,0,DEV_ANDROID_14,0,1706,1,1.51,1,P2P,0
TXN109829,USR0149,2936.67,3318.0,0.885,10.3,74.6,12,Chennai,0,DEV_ANDROID_13,0,1483,0,1.4,1,P2M,0
TXN109830,USR0039,2545.29,3193.0,0.797,18.2,607.9,10,Chennai,0,DEV_IOS_18,0,1756,0,0.66,1,ONLINE_SHOPPING,0
TXN109831,USR0073,1251.83,1427.0,0.877,31.4,140.2,16,Kolkata,0,DEV_ANDROID_13,0,217,0,1.3,0,P2P,0
TXN109832,USR0052,1885.46,875.0,2.155,12.0,661.9,13,Mumbai,0,DEV_ANDROID_13,0,1068,0,0.93,1,P2M,0
TXN109833,USR0098,1926.45,2841.0,0.678,31.4,32.1,15,Delhi,0,DEV_IOS_18,0,1151,0,1.05,1,P2M,0
TXN109834,USR0019,3066.74,4271.0,0.718,9.5,165.2,15,Mumbai,1,DEV_ANDROID_13,0,1619,0,0.63,1,P2M,0
TXN109835,USR0064,2442.23,3744.0,0.652,36.0,33.6,10,Hyderabad,0,DEV_ANDROID_13,0,1410,0,0.57,1,P2P,0
TXN109836,USR0081,2925.45,1873.0,1.562,36.0,209.2,10,Kolkata,0,DEV_ANDROID_13,0,921,0,0.93,0,P2M,0
TXN109837,USR0117,1312.38,891.0,1.473,7.5,194.8,12,Mumbai,0,DEV_ANDROID_13,0,785,0,0.59,1,ONLINE_SHOPPING,0
TXN109838,USR0012,1406.13,1109.0,1.268,38.2,304.2,13,Mumbai,0,DEV_IOS_18,0,1276,0,2.16,1,P2P,0
TXN109839,USR0049,1855.02,835.0,2.222,21.6,76.8,13,Bengaluru,1,DEV_IOS_18,0,1196,0,2.04,1,P2M,0
TXN109840,USR0064,2240.57,3744.0,0.598,31.3,155.4,13,Hyderabad,0,DEV_ANDROID_13,0,1430,0,0.93,1,INVESTMENT,0
TXN109841,USR0137,4473.82,4815.0,0.929,37.3,150.1,10,Chennai,0,DEV_ANDROID_14,0,363,0,0.99,1,P2P,0
TXN109842,USR0044,995.95,843.0,1.181,19.8,234.1,11,Pune,1,DEV_ANDROID_14,0,1644,0,1.39,1,BILL_PAYMENT,0
TXN109843,USR0141,671.31,1171.0,0.573,7.4,5.0,8,Hyderabad,0,DEV_IOS_18,0,254,0,1.64,1,ONLINE_SHOPPING,0
TXN109844,USR0027,875.27,816.0,1.073,23.6,106.2,10,Hyderabad,0,DEV_IOS_18,0,1426,0,1.33,1,P2M,0
TXN109845,USR0083,2715.69,1684.0,1.613,1.1,131.2,12,Delhi,0,DEV_ANDROID_14,0,103,0,2.06,0,INVESTMENT,0
TXN109846,USR0046,3544.05,3064.0,1.157,15.1,354.3,14,Delhi,0,DEV_ANDROID_13,0,397,0,1.52,1,P2M,0
TXN109847,USR0099,3910.42,3865.0,1.012,21.5,76.7,16,Kolkata,0,DEV_ANDROID_13,0,539,0,1.68,0,P2P,0
TXN109848,USR0097,4162.47,1552.0,2.682,27.4,147.0,11,Delhi,0,DEV_ANDROID_13,0,840,0,1.03,0,P2M,0
TXN109849,USR0113,5495.68,2668.0,2.06,6.3,319.8,9,Hyderabad,0,DEV_ANDROID_14,0,1586,0,1.54,1,P2P,0
TXN109850,USR0115,1493.25,1698.0,0.879,12.8,59.1,16,Kolkata,0,DEV_IOS_18,0,54,0,1.85,1,P2P,0
TXN109851,USR0091,2883.88,2696.0,1.07,4.9,195.0,12,Kolkata,0,DEV_ANDROID_13,0,1075,0,0.53,0,P2M,0
TXN109852,USR0083,1598.48,1684.0,0.949,10.0,63.9,15,Delhi,0,DEV_ANDROID_14,0,97,0,0.83,1,P2P,0
TXN109853,USR0144,1926.16,2663.0,0.723,12.9,162.2,15,Chennai,0,DEV_IOS_18,0,1118,0,1.34,1,P2P,0
TXN109854,USR0113,8616.25,2668.0,3.229,14.0,22.1,13,Pune,1,DEV_ANDROID_14,0,1611,1,2.99,0,P2P,1
TXN109855,USR0025,2277.1,3410.0,0.668,19.2,81.0,13,Bengaluru,0,DEV_ANDROID_13,0,1555,0,1.59,1,P2P,0
TXN109856,USR0099,2329.14,3865.0,0.603,28.3,113.9,17,Kolkata,0,DEV_ANDROID_13,0,534,0,1.34,1,P2M,0
TXN109857,USR0148,1663.08,1934.0,0.86,23.6,65.6,8,Chennai,0,DEV_ANDROID_13,0,1647,0,1.01,0,P2M,0
TXN109858,USR0103,1719.76,4267.0,0.403,20.5,110.7,7,Kolkata,0,DEV_ANDROID_13,0,1711,0,1.55,1,P2M,0
TXN109859,USR0098,2967.84,2841.0,1.045,28.4,6.6,14,Delhi,0,DEV_IOS_18,0,1116,0,0.36,0,P2P,0
TXN109860,USR0036,778.14,1141.0,0.682,23.3,156.2,15,Bengaluru,0,DEV_ANDROID_13,0,901,1,0.48,1,P2P,0
TXN109861,USR0023,5815.19,2955.0,1.968,21.2,90.6,12,Pune,1,DEV_ANDROID_13,0,976,0,1.25,1,RECHARGE,0
TXN109862,USR0064,1668.25,3744.0,0.446,31.9,45.1,16,Hyderabad,0,DEV_ANDROID_13,0,1392,0,1.37,0,P2P,0
TXN109863,USR0056,2042.03,4000.0,0.511,2.7,287.0,14,Bengaluru,0,DEV_IOS_18,0,169,0,0.8,0,BILL_PAYMENT,0
TXN109864,USR0003,4180.29,3784.0,1.105,22.0,70.5,13,Hyderabad,0,DEV_ANDROID_13,0,1287,0,1.71,1,BILL_PAYMENT,0
TXN109865,USR0039,13790.82,3193.0,4.319,22.0,5.0,13,Chennai,0,DEV_IOS_18,0,1748,2,3.08,0,P2P,1
TXN109866,USR0023,2969.2,2955.0,1.005,17.8,15.0,15,Delhi,0,DEV_WEB_CHROME,1,964,0,1.89,1,ONLINE_SHOPPING,0
TXN109867,USR0031,2838.42,4621.0,0.614,13.8,5.0,12,Kolkata,0,DEV_ANDROID_14,0,831,0,1.64,0,P2P,0
TXN109868,USR0053,6705.27,1779.0,3.769,34.0,1.2,10,Lucknow,1,DEV_ANDROID_14,0,1798,0,6.21,0,P2P,1
TXN109869,USR0124,1846.71,1625.0,1.136,2.6,5.0,17,Hyderabad,0,DEV_ANDROID_14,0,328,0,0.41,1,P2M,0
TXN109870,USR0093,6103.23,3844.0,1.588,12.8,235.0,15,Chennai,0,DEV_ANDROID_14,0,52,0,0.62,0,P2M,0
TXN109871,USR0133,455.28,561.0,0.812,9.8,20.2,9,Delhi,0,DEV_ANDROID_13,0,1122,0,2.53,0,P2M,0
TXN109872,USR0054,1219.62,1995.0,0.611,24.9,8.3,13,Hyderabad,0,DEV_IOS_18,0,1086,0,0.49,1,P2P,0
TXN109873,USR0083,1772.64,1684.0,1.053,9.9,289.7,6,Delhi,0,DEV_ANDROID_14,0,73,0,1.1,1,P2P,0
TXN109874,USR0020,15775.29,3539.0,4.458,35.0,16.0,8,Delhi,0,DEV_ANDROID_14,0,314,0,4.14,0,P2P,1
TXN109875,USR0134,3745.16,4359.0,0.859,29.9,92.7,16,Chennai,0,DEV_IOS_18,0,307,0,0.75,1,INVESTMENT,0
TXN109876,USR0004,4165.62,989.0,4.212,34.9,380.4,10,Chennai,0,DEV_IOS_18,0,823,0,0.77,0,P2P,0
TXN109877,USR0150,4476.4,1846.0,2.425,14.7,185.0,13,Kolkata,1,DEV_IOS_18,0,303,0,2.36,1,BILL_PAYMENT,0
TXN109878,USR0037,940.18,2687.0,0.35,21.2,527.9,14,Chandigarh,1,DEV_ANDROID_13,1,922,0,0.95,1,P2P,0
TXN109879,USR0132,19422.62,3311.0,5.866,7.4,110.0,12,Chennai,1,DEV_ANDROID_13,0,559,0,1.36,1,P2M,0
TXN109880,USR0018,11357.67,1836.0,6.186,41.0,37.7,1,Bengaluru,1,DEV_UNKNOWN,1,1548,7,5.09,0,INVESTMENT,1
TXN109881,USR0067,2802.05,1825.0,1.535,34.3,154.9,15,Hyderabad,0,DEV_IOS_18,0,873,0,0.64,1,P2P,0
TXN109882,USR0004,1169.46,989.0,1.182,31.9,57.8,7,Chennai,0,DEV_IOS_18,0,855,0,1.63,1,P2P,0
TXN109883,USR0091,2974.67,2696.0,1.103,1.0,46.9,16,Kolkata,0,DEV_ANDROID_13,0,1124,0,1.33,0,BILL_PAYMENT,0
TXN109884,USR0023,1699.75,2955.0,0.575,23.2,78.1,12,Delhi,0,DEV_ANDROID_13,0,924,0,1.37,0,P2P,0
TXN109885,USR0074,12622.4,1853.0,6.812,11.8,148.0,18,Hyderabad,0,DEV_IOS_18,0,1403,0,0.73,1,ONLINE_SHOPPING,0
TXN109886,USR0126,1214.44,2090.0,0.581,19.4,7.2,20,Delhi,0,DEV_IOS_18,0,724,1,1.09,1,P2P,0
TXN109887,USR0047,618.32,489.0,1.264,28.0,62.6,6,Kochi,1,DEV_IOS_18,1,943,0,1.67,0,P2P,0
TXN109888,USR0067,1533.91,1825.0,0.84,31.6,293.7,10,Hyderabad,0,DEV_IOS_18,0,865,0,0.61,1,P2M,0
TXN109889,USR0007,983.42,823.0,1.195,18.7,185.6,10,Bengaluru,0,DEV_ANDROID_14,0,1602,0,1.44,1,P2P,0
TXN109890,USR0029,4425.17,1672.0,2.647,20.4,40.8,17,Kolkata,0,DEV_ANDROID_14,0,1816,0,2.75,1,P2M,0
TXN109891,USR0120,2548.11,3985.0,0.639,26.1,46.8,21,Chennai,0,DEV_IOS_18,0,1183,0,0.41,1,P2P,0
TXN109892,USR0105,1347.8,1284.0,1.05,33.7,219.6,14,Bengaluru,0,DEV_ANDROID_14,0,651,0,0.82,1,P2M,0
TXN109893,USR0115,1451.22,1698.0,0.855,10.0,144.0,13,Kolkata,0,DEV_IOS_18,0,41,0,1.04,1,P2P,0
TXN109894,USR0108,780.58,931.0,0.838,25.5,206.8,15,Mumbai,0,DEV_IOS_18,0,76,0,1.45,1,P2P,0
TXN109895,USR0025,1958.13,3410.0,0.574,13.8,233.3,17,Mumbai,1,DEV_ANDROID_13,0,1525,0,1.61,1,ONLINE_SHOPPING,0
TXN109896,USR0021,20309.56,4102.0,4.951,41.0,1.0,1,Jaipur,1,DEV_ANDROID_13,1,1470,5,8.63,0,ONLINE_SHOPPING,1
TXN109897,USR0076,5115.54,3835.0,1.334,16.1,20.3,13,Mumbai,0,DEV_ANDROID_13,0,486,0,2.14,1,P2M,0
TXN109898,USR0095,2416.36,2387.0,1.012,14.2,457.5,8,Chennai,0,DEV_ANDROID_13,0,1188,0,1.85,0,P2M,0
TXN109899,USR0015,1636.03,2529.0,0.647,11.3,99.0,11,Chennai,0,DEV_ANDROID_14,0,1252,0,1.68,1,P2M,0
TXN109900,USR0076,5645.15,3835.0,1.472,15.6,48.0,8,Hyderabad,1,DEV_ANDROID_13,0,487,0,0.92,1,P2M,0
TXN109901,USR0086,2667.78,4098.0,0.651,5.3,199.2,13,Delhi,0,DEV_ANDROID_13,0,1301,0,0.1,1,P2M,0
TXN109902,USR0099,3636.47,3865.0,0.941,23.0,254.0,17,Kolkata,0,DEV_ANDROID_13,0,599,0,1.59,0,P2P,0
TXN109903,USR0106,2200.19,1061.0,2.074,31.0,1.8,1,Chandigarh,1,DEV_UNKNOWN,1,1676,2,10.09,0,ONLINE_SHOPPING,1
TXN109904,USR0024,1173.15,1043.0,1.125,15.1,19.5,11,Hyderabad,0,DEV_ANDROID_13,1,269,0,0.57,0,P2P,0
TXN109905,USR0032,1903.92,2962.0,0.643,21.4,113.5,14,Bengaluru,1,DEV_ANDROID_14,0,1406,0,0.65,1,P2P,0
TXN109906,USR0109,2867.69,1296.0,2.213,9.7,386.4,15,Chennai,0,DEV_ANDROID_14,0,1501,0,1.59,0,ONLINE_SHOPPING,0
TXN109907,USR0018,7186.78,1836.0,3.914,39.0,2.6,23,Ahmedabad,1,DEV_ANDROID_14,0,1556,1,10.76,0,P2P,1
TXN109908,USR0131,1756.0,1330.0,1.32,27.7,21.6,16,Chennai,1,DEV_IOS_18,0,1059,0,0.85,1,P2M,0
TXN109909,USR0139,2657.0,4684.0,0.567,34.8,83.1,18,Mumbai,1,DEV_ANDROID_13,0,169,0,1.21,1,P2M,0
TXN109910,USR0013,13929.04,2086.0,6.677,31.1,44.9,12,Kolkata,0,DEV_ANDROID_13,0,809,0,0.6,1,P2P,0
TXN109911,USR0141,1463.51,1171.0,1.25,12.7,69.6,7,Hyderabad,0,DEV_IOS_18,0,285,0,2.59,1,P2P,0
TXN109912,USR0089,1098.57,1008.0,1.09,18.8,5.0,15,Bengaluru,1,DEV_ANDROID_14,0,956,0,1.37,1,P2M,0
TXN109913,USR0110,6809.59,3119.0,2.183,19.9,292.3,9,Mumbai,0,DEV_IOS_18,0,1232,0,1.01,1,P2P,0
TXN109914,USR0090,6391.48,4795.0,1.333,14.7,14.3,10,Hyderabad,0,DEV_ANDROID_14,0,587,0,1.0,1,P2P,0
TXN109915,USR0049,283.08,835.0,0.339,27.1,25.4,7,Chennai,1,DEV_IOS_18,0,1152,0,1.41,1,P2P,0
TXN109916,USR0107,1217.54,1116.0,1.091,15.1,308.2,11,Hyderabad,0,DEV_ANDROID_14,0,1055,0,0.85,1,P2M,0
TXN109917,USR0127,2386.32,2395.0,0.996,21.6,40.6,15,Chennai,0,DEV_ANDROID_14,0,368,0,0.85,0,ONLINE_SHOPPING,0
TXN109918,USR0141,991.34,1171.0,0.847,17.5,11.0,8,Hyderabad,0,DEV_IOS_18,0,244,0,0.99,1,P2P,0
TXN109919,USR0027,628.37,816.0,0.77,19.1,29.6,17,Hyderabad,0,DEV_IOS_18,0,1444,0,1.49,0,P2M,0
TXN109920,USR0120,4477.62,3985.0,1.124,21.7,24.5,13,Chennai,0,DEV_ANDROID_14,1,1221,0,0.38,1,P2P,0
TXN109921,USR0135,2454.91,3326.0,0.738,6.0,103.9,10,Delhi,1,DEV_IOS_18,0,1144,0,1.62,0,P2P,0
TXN109922,USR0126,1456.1,2090.0,0.697,20.0,24.2,21,Delhi,0,DEV_IOS_18,0,730,0,0.81,1,P2P,0
TXN109923,USR0117,2278.96,891.0,2.558,62.0,3.6,9,Lucknow,1,DEV_ANDROID_12,1,760,5,10.09,0,P2P,1
TXN109924,USR0049,1682.46,835.0,2.015,24.8,140.2,12,Mumbai,0,DEV_IOS_18,0,1167,0,0.5,1,P2P,0
TXN109925,USR0072,3762.32,4501.0,0.836,6.6,5.4,13,Kolkata,0,DEV_ANDROID_14,0,1400,0,0.73,1,P2M,0
TXN109926,USR0053,12231.05,1779.0,6.875,33.7,328.4,9,Chennai,0,DEV_ANDROID_14,0,1816,0,2.13,0,P2P,0
TXN109927,USR0001,4973.92,3411.0,1.458,14.3,438.6,10,Mumbai,0,DEV_ANDROID_13,0,802,0,1.53,1,BILL_PAYMENT,0
TXN109928,USR0107,745.82,1116.0,0.668,15.1,27.3,11,Kolkata,1,DEV_ANDROID_14,0,1096,0,0.28,1,P2M,0
TXN109929,USR0018,1911.99,1836.0,1.041,24.0,210.1,15,Chennai,0,DEV_ANDROID_14,0,1524,0,1.21,0,RECHARGE,0
TXN109930,USR0150,2298.41,1846.0,1.245,15.6,56.7,12,Bengaluru,0,DEV_IOS_18,0,310,0,0.64,1,P2P,0
TXN109931,USR0116,3906.73,2809.0,1.391,32.8,295.5,10,Bengaluru,0,DEV_ANDROID_13,0,223,0,0.58,1,P2P,0
TXN109932,USR0129,4469.97,4329.0,1.033,23.6,232.0,10,Chennai,0,DEV_ANDROID_13,0,1385,0,0.59,0,P2M,0
TXN109933,USR0034,959.24,1168.0,0.821,12.5,486.7,16,Chennai,0,DEV_ANDROID_14,0,68,0,1.76,1,P2M,0
TXN109934,USR0043,4892.87,4029.0,1.214,14.3,54.2,12,Delhi,0,DEV_ANDROID_13,0,1376,0,0.91,1,ONLINE_SHOPPING,0
TXN109935,USR0124,6278.24,1625.0,3.864,1.0,239.2,12,Hyderabad,0,DEV_ANDROID_14,0,329,0,0.23,1,P2P,0
TXN109936,USR0098,2173.62,2841.0,0.765,31.1,185.2,13,Delhi,0,DEV_IOS_18,0,1126,0,1.67,1,P2M,0
TXN109937,USR0072,2926.25,4501.0,0.65,9.7,5.0,8,Kolkata,0,DEV_ANDROID_14,0,1382,0,2.38,1,P2M,0
TXN109938,USR0073,3085.28,1427.0,2.162,33.2,125.0,8,Kolkata,0,DEV_ANDROID_13,0,245,0,0.1,1,P2M,0
TXN109939,USR0015,2863.11,2529.0,1.132,4.3,196.4,13,Chennai,0,DEV_ANDROID_14,0,1278,0,1.36,1,P2P,0
TXN109940,USR0071,882.35,1774.0,0.497,22.1,291.8,14,Hyderabad,0,DEV_ANDROID_14,0,1755,0,0.53,1,ONLINE_SHOPPING,0
TXN109941,USR0017,1314.6,1139.0,1.154,25.9,111.3,12,Kolkata,0,DEV_IOS_18,0,1137,0,0.83,0,P2P,0
TXN109942,USR0099,2950.87,3865.0,0.763,24.3,74.2,11,Kolkata,0,DEV_ANDROID_14,1,566,0,1.45,1,BILL_PAYMENT,0
TXN109943,USR0005,10280.02,1239.0,8.297,40.0,31.8,5,Delhi,1,DEV_UNKNOWN,1,1427,6,7.34,0,INVESTMENT,1
TXN109944,USR0070,10513.97,4705.0,2.235,7.8,333.9,17,Ahmedabad,1,DEV_ANDROID_13,0,322,0,0.54,1,P2M,0
TXN109945,USR0080,1158.12,1303.0,0.889,9.2,5.0,10,Kolkata,0,DEV_ANDROID_14,0,608,0,1.27,1,P2P,0
TXN109946,USR0066,696.87,572.0,1.218,10.4,126.4,8,Bengaluru,1,DEV_ANDROID_14,0,1006,0,0.83,1,P2P,0
TXN109947,USR0062,30401.11,2948.0,10.312,48.0,24.1,22,Kochi,1,DEV_WEB_CHROME,1,234,3,6.73,0,P2M,1
TXN109948,USR0002,15048.61,3607.0,4.172,14.6,130.3,10,Kolkata,0,DEV_ANDROID_14,0,228,0,0.8,1,P2P,0
TXN109949,USR0055,1468.42,1096.0,1.34,28.2,25.1,13,Delhi,0,DEV_ANDROID_14,0,829,0,0.81,1,BILL_PAYMENT,0
TXN109950,USR0092,3727.11,3316.0,1.124,30.9,89.9,12,Hyderabad,0,DEV_ANDROID_14,0,217,0,1.06,1,ONLINE_SHOPPING,0
TXN109951,USR0061,412.85,445.0,0.928,25.1,6.7,16,Bengaluru,0,DEV_ANDROID_13,0,1009,0,1.64,1,INVESTMENT,0
TXN109952,USR0018,3728.16,1836.0,2.031,35.0,520.3,10,Chennai,0,DEV_ANDROID_14,0,1489,0,0.66,1,P2P,0
TXN109953,USR0110,5680.56,3119.0,1.821,17.1,24.1,19,Mumbai,0,DEV_ANDROID_14,1,1231,0,1.48,0,P2M,0
TXN109954,USR0131,1840.49,1330.0,1.384,36.2,230.1,13,Bengaluru,0,DEV_IOS_18,0,1010,0,1.76,1,P2M,0
TXN109955,USR0119,668.56,1503.0,0.445,34.7,282.4,20,Chennai,0,DEV_ANDROID_13,0,610,0,1.61,0,P2P,0
TXN109956,USR0108,1274.58,931.0,1.369,25.7,404.9,7,Mumbai,0,DEV_IOS_18,0,83,0,1.76,1,P2P,0
TXN109957,USR0096,333.91,482.0,0.693,28.6,112.1,13,Chennai,0,DEV_ANDROID_13,0,224,1,1.34,1,P2P,0
TXN109958,USR0066,939.97,572.0,1.643,8.3,127.7,15,Delhi,0,DEV_ANDROID_14,0,1032,0,1.29,1,P2M,0
TXN109959,USR0114,1455.97,1547.0,0.941,20.9,5.0,8,Delhi,0,DEV_ANDROID_14,0,1034,0,0.96,0,P2M,0
TXN109960,USR0032,20079.84,2962.0,6.779,49.0,50.3,13,Ahmedabad,1,DEV_UNKNOWN,1,1461,7,9.0,0,INVESTMENT,1
TXN109961,USR0004,3170.07,989.0,3.205,27.0,78.5,14,Kochi,1,DEV_IOS_18,0,878,0,1.32,0,P2P,0
TXN109962,USR0007,741.82,823.0,0.901,21.0,220.2,21,Bengaluru,0,DEV_ANDROID_14,0,1633,0,1.56,1,P2M,0
TXN109963,USR0025,2194.79,3410.0,0.644,23.2,103.4,9,Bengaluru,0,DEV_ANDROID_13,0,1568,0,2.2,1,P2P,0
TXN109964,USR0142,1855.7,3033.0,0.612,17.6,160.5,14,Hyderabad,0,DEV_IOS_18,1,902,0,1.78,1,P2P,0
TXN109965,USR0114,1032.68,1547.0,0.668,27.3,332.8,16,Delhi,0,DEV_ANDROID_14,0,1082,0,1.61,1,P2P,0
TXN109966,USR0029,1327.75,1672.0,0.794,20.3,395.5,16,Kolkata,0,DEV_ANDROID_14,0,1787,0,1.85,0,P2M,0
TXN109967,USR0047,460.48,489.0,0.942,23.0,73.3,11,Bengaluru,0,DEV_ANDROID_13,0,944,0,1.22,1,P2M,0
TXN109968,USR0002,5202.1,3607.0,1.442,8.9,258.5,7,Kolkata,0,DEV_ANDROID_14,0,218,0,0.76,1,P2P,0
TXN109969,USR0128,4017.2,1765.0,2.276,47.0,2.8,11,Kolkata,1,DEV_ANDROID_13,1,1726,2,11.32,0,ONLINE_SHOPPING,1
TXN109970,USR0140,6163.81,3114.0,1.979,4.5,291.7,11,Delhi,0,DEV_ANDROID_13,0,249,0,1.8,0,P2P,0
TXN109971,USR0064,4434.9,3744.0,1.185,32.5,31.4,11,Hyderabad,0,DEV_ANDROID_13,0,1404,0,0.46,1,BILL_PAYMENT,0
TXN109972,USR0110,9669.52,3119.0,3.1,19.2,48.9,13,Mumbai,0,DEV_IOS_18,0,1236,0,1.23,1,P2P,0
TXN109973,USR0036,697.11,1141.0,0.611,31.8,165.6,19,Bengaluru,0,DEV_ANDROID_13,0,903,0,1.18,1,P2P,0
TXN109974,USR0099,2655.62,3865.0,0.687,22.2,249.4,19,Kolkata,0,DEV_ANDROID_13,0,557,1,1.8,1,ONLINE_SHOPPING,0
TXN109975,USR0082,490.51,1061.0,0.462,37.6,58.0,17,Hyderabad,0,DEV_ANDROID_13,1,109,0,1.04,1,ONLINE_SHOPPING,0
TXN109976,USR0011,4151.71,2073.0,2.003,22.8,35.4,13,Chennai,0,DEV_ANDROID_14,0,933,0,0.71,1,P2M,0
TXN109977,USR0132,11469.71,3311.0,3.464,5.4,275.9,7,Hyderabad,0,DEV_ANDROID_13,0,567,0,0.64,1,BILL_PAYMENT,0
TXN109978,USR0116,6323.59,2809.0,2.251,31.9,343.6,15,Bengaluru,0,DEV_ANDROID_13,0,262,0,0.71,1,P2M,0
TXN109979,USR0086,5221.0,4098.0,1.274,5.7,20.9,9,Delhi,0,DEV_ANDROID_13,0,1334,0,0.93,1,P2M,0
TXN109980,USR0062,2364.6,2948.0,0.802,15.7,263.3,11,Mumbai,0,DEV_ANDROID_14,0,239,0,0.1,0,P2P,0
TXN109981,USR0075,2980.22,2287.0,1.303,11.8,141.4,12,Bengaluru,0,DEV_IOS_18,0,1598,0,0.98,0,P2P,0
TXN109982,USR0069,1939.32,3260.0,0.595,18.9,130.3,20,Hyderabad,0,DEV_ANDROID_14,0,1648,0,0.97,1,P2P,0
TXN109983,USR0010,2740.87,4508.0,0.608,22.5,27.7,13,Kolkata,0,DEV_IOS_18,0,1463,0,0.67,1,BILL_PAYMENT,0
TXN109984,USR0150,1467.44,1846.0,0.795,12.0,8.8,10,Bengaluru,0,DEV_IOS_18,0,302,0,0.81,1,P2P,0
TXN109985,USR0009,3833.71,3622.0,1.058,14.7,5.0,10,Mumbai,0,DEV_ANDROID_13,0,143,0,1.69,1,P2P,0
TXN109986,USR0100,2811.08,2121.0,1.325,30.4,61.2,10,Kochi,1,DEV_ANDROID_14,0,800,0,1.51,1,P2P,0
TXN109987,USR0103,3821.98,4267.0,0.896,27.9,113.9,16,Kolkata,0,DEV_ANDROID_13,0,1771,0,0.99,1,BILL_PAYMENT,0
TXN109988,USR0085,25887.01,3924.0,6.597,33.0,37.1,0,Delhi,1,DEV_ANDROID_12,1,766,1,4.5,0,P2P,1
TXN109989,USR0030,1674.74,1476.0,1.135,29.1,30.2,16,Kolkata,0,DEV_ANDROID_13,1,147,0,0.66,1,P2M,0
TXN109990,USR0033,16780.24,2282.0,7.353,17.4,17.9,9,Kolkata,0,DEV_IOS_18,0,797,0,0.1,1,ONLINE_SHOPPING,0
TXN109991,USR0010,4497.58,4508.0,0.998,25.7,175.3,8,Kolkata,0,DEV_IOS_18,0,1450,0,0.86,1,RECHARGE,0
TXN109992,USR0086,4551.78,4098.0,1.111,1.0,62.1,9,Delhi,0,DEV_ANDROID_13,0,1318,0,1.62,1,P2M,0
TXN109993,USR0103,6821.95,4267.0,1.599,26.8,117.3,9,Kolkata,0,DEV_ANDROID_13,0,1744,0,1.37,0,P2P,0
TXN109994,USR0101,7725.66,4828.0,1.6,28.5,197.8,10,Mumbai,0,DEV_IOS_18,0,557,0,0.27,0,ONLINE_SHOPPING,0
TXN109995,USR0121,3473.87,3799.0,0.914,6.7,25.6,15,Hyderabad,0,DEV_ANDROID_13,0,1493,0,0.97,1,RECHARGE,0
TXN109996,USR0016,10738.51,1443.0,7.442,25.6,55.6,8,Bengaluru,0,DEV_ANDROID_14,0,1195,0,1.74,1,P2M,0
TXN109997,USR0062,2978.7,2948.0,1.01,9.6,112.8,10,Mumbai,0,DEV_ANDROID_14,0,220,0,1.27,0,P2M,0
TXN109998,USR0045,2679.19,3638.0,0.736,13.4,18.4,14,Mumbai,0,DEV_IOS_18,0,1337,0,1.5,1,BILL_PAYMENT,0
TXN109999,USR0026,4423.33,3918.0,1.129,17.9,261.3,17,Hyderabad,0,DEV_ANDROID_14,0,1184,0,1.05,1,P2M,0
